problem,access,navigate,page_close,video,discussion,wiki
0,2.404889451733241,1.5262349099495227,2.4387439204017474,2.413088436425758,0.3227569588973982,0.0
0.0,2.4659573209491747,0.9182958340544896,2.75,2.75,1.0,0
0.0,3.146439344671015,1.9709505944546688,3.189898095464288,2.6416041678685933,0.9852281360342516,0
0.954434002924965,2.1995812306460647,1.5,1.9502120649147465,1.5,1.0,0
0,0,0,0,0,0,0
0,0,0,0,0,0,0
0,0,0,0,0,0,0
0,0,0,0,0,0,0
0,0,0,0,0,0,0
0,0,0,0,0,0,0
0,0,0,0,0,0,0
