problem,access,navigate,page_close,video,discussion,wiki
0,0,0,0,0,0,0
1.8129452762598801,3.0621303850524164,3.303109366748858,3.063315441685056,1.1488348542809166,2.6263905616209238,1.7218171366000203
0.0,1.432983121056005,2.237397409783102,1.224394445405986,0,1.7771563143584552,0.0
0,0.0,0.0,0.0,0,0.0,0
0,0.0,0.9182958340544896,0.8112781244591328,1.0,0.0,0
0,0.0,1.0,0.0,0,1.2958363892911637,0
0,0,0,0,0,0,0
0,0,0,0,0,0,0
0,0,0,0,0,0,0
0,0,0,0,0,0,0
0,0,0,0,0,0,0
