problem,access,navigate,page_close,video,discussion,wiki
0,0,0,0,0,0,0
0,0,0,0,0,0,0
0,0,0,0,0,0,0
0,0,0,0,0,0,0
0,0,0,0,0,0,0
0.0,0.0,0.0,0.0,0.0,0.0,0
1.8850931455708964,3.088044926294615,2.0,2.816307519224645,2.688721875540867,2.415922063835166,0
0.4394969869215134,2.096679679480545,1.584962500721156,2.219973094021975,1.188721875540867,0.8708644692353644,0
0.0,0.4394969869215134,0.0,0.5435644431995964,0.0,1.0,0
0,0,0,0,0,0,0
0,0,0,0,0,0,0
