problem,access,navigate,page_close,video,discussion,wiki
0,0,0,0,0,0,0
0,0.0,0.0,0.0,0.0,0,0.0
0,2.1908887189090467,1.584962500721156,2.688721875540867,2.6022170014624826,0.9182958340544896,0
0,2.5304930567574826,0.0,2.1709505944546685,2.4677201004744993,1.0,0
0,1.9362600275315274,0.9182958340544896,1.75,0.7219280948873623,0.0,0
0,0.9852281360342516,0.0,1.0,0.8112781244591328,0,0
0,0,0,0,0,0,0
0,0,0,0,0,0,0
0,0,0,0,0,0,0
0,0,0,0,0,0,0
0,0,0,0,0,0,0
