problem,access,navigate,page_close,video,discussion,wiki
0,0,0,0,0,0,0
0,0,0,0,0,0,0
0.0,2.727812587748578,1.4591479170272446,1.3709505944546687,1.7709505944546688,0,0
0,0.0,0,0.0,0.0,0,0
0.9944423248022588,3.54504916398254,1.0,2.0,3.1552215288595122,0,0
0.0,2.8506381558152407,0.9182958340544896,0.9182958340544896,2.1867043459100244,0,0
0,0.9182958340544896,0.8112781244591328,0.8112781244591328,0.0,0.954434002924965,1.0
0,0,0,0,0,0,0
0,0,0,0,0,0,0
0,0,0,0,0,0,0
0,0,0,0,0,0,0
