problem,access,navigate,page_close,video,discussion,wiki
0,0,0,0,0,0,0
0,0,0,0,0,0,0
0,0,0,0,0,0,0
0,0,0,0,0,0,0
0,0,0,0,0,0,0
0.5916727785823275,2.2580603228983556,1.9986525468781666,0.0,0,0.0,0.0
0.0,1.4949188482339508,0.9182958340544896,0.0,0,0.0,0.0
1.086987702339905,2.312477451896512,2.021782221599798,1.0,1.0,0.0,0.0
0.9709505944546686,1.8773870642966133,1.584962500721156,0.0,0.0,0,0
0,0,0,0,0,0,0
0,0,0,0,0,0,0
