problem,access,navigate,page_close,video,discussion,wiki
0,0,0,0,0,0,0
0,0,0,0,0,0,0
2.0,2.525138728153385,1.9219280948873623,2.4740056901088794,1.780672129520887,0,0
0.9709505944546686,3.0812297042541084,2.0,2.481714572986073,1.0,0,0
0.0,0.9798687566511528,0.0,0.9852281360342516,0.0,0,0
0.9182958340544896,1.8496017527145812,1.0,1.9182958340544896,1.5219280948873621,0,0
0.0,1.0,0.0,1.3709505944546687,0.0,0,0
0,0,0,0,0,0,0
0,0,0,0,0,0,0
0,0,0,0,0,0,0
0,0,0,0,0,0,0
