problem,access,navigate,page_close,video,discussion,wiki
0,1.8305196826623953,1.3516441151533924,2.0306390622295662,1.5709505944546684,1.3545857297033712,0.0
0.0,1.9035239700887407,0.0,1.9362600275315274,1.836591668108979,0.0,0
1.0,2.408628265766125,0.9933927290103626,2.4047933024618025,1.561278124459133,0.0,0.0
0.0,1.8448819354293253,1.0,1.854285871987246,1.4056390622295665,0,0
0,0,0,0,0,0,0
0,0,0,0,0,0,0
0,0,0,0,0,0,0
0,0,0,0,0,0,0
0,0,0,0,0,0,0
0,0,0,0,0,0,0
0,0,0,0,0,0,0
