problem,access,navigate,page_close,video,discussion,wiki
0,0,0,0,0,0,0
0,0,0,0,0,0,0
0.0,1.3838077354640828,1.2516291673878228,1.561278124459133,1.5219280948873621,0.0,0.0
0,0.8112781244591328,0.0,1.0,0.0,0,0
0.0,2.0588138903312014,1.9502120649147465,1.7924812503605778,1.5,0.0,0.0
0.0,2.732336998729853,2.2359263506290326,2.8761874142058894,2.582059910580257,0,0
0,2.1180782093497093,0.0,2.1556390622295662,1.9182958340544893,0,0
0,0,0,0,0,0,0
0,0,0,0,0,0,0
0,0,0,0,0,0,0
0,0,0,0,0,0,0
