problem,access,navigate,page_close,video,discussion,wiki
0,0,0,0,0,0,0
0,0,0,0,0,0,0
0.0,1.7170907747498882,1.3787834934861756,0.0,0.0,0.0,0
0.0,0.9886994082884974,0.8112781244591328,0.7219280948873623,0.9182958340544896,0,0
0,0.0,0.0,0.0,0,0,0
0.0,1.4591479170272446,0.0,1.9056390622295665,1.5219280948873621,0,0
0.0,1.5219280948873621,0.9182958340544896,1.5566567074628228,1.5219280948873621,0,0.0
0,0,0,0,0,0,0
0,0,0,0,0,0,0
0,0,0,0,0,0,0
0,0,0,0,0,0,0
