problem,access,navigate,page_close,video,discussion,wiki
0,0,0,0,0,0,0
0,0,0,0,0,0,0
0.0,2.2359263506290326,1.9219280948873623,2.3709505944546687,1.5,0.0,0
0.0,1.4353713907745331,1.0,1.1488348542809166,0.0,0.0,0
0,0.0,0.0,0.0,0,0,0
0.0,1.5219280948873621,1.584962500721156,0.9709505944546686,0.9182958340544896,0,0
0,0.954434002924965,1.0,1.3709505944546687,0.0,0,0
0,0,0,0,0,0,0
0,0,0,0,0,0,0
0,0,0,0,0,0,0
0,0,0,0,0,0,0
