problem,access,navigate,page_close,video,discussion,wiki
0,0,0,0,0,0,0
0,0,0,0,0,0,0
0,0,0,0,0,0,0
0,0,0,0,0,0,0
0.0,2.9170419086581845,2.321928094887362,2.0,2.0,1.5219280948873621,0
0,0.0,0.0,0.0,0,0,0
0.0,2.117492461184755,0.0,0.0,0,0,0
0.8366407419411673,2.9378918813937047,2.747167197306934,2.2516291673878226,0.0,0.0,0
1.580974303899902,2.9365890643792643,2.3789919869000618,1.5,1.5,0.9182958340544896,0.0
0,0,0,0,0,0,0
0,0,0,0,0,0,0
