problem,access,navigate,page_close,video,discussion,wiki
0,0,0,0,0,0,0
0,0,0,0,0,0,0
0,1.2406705316766886,0.8112781244591328,1.1488348542809166,1.5219280948873621,0.0,0.0
0.0,0.9182958340544896,1.0,0.7642045065086203,0.0,0.0,0
0,0.0,0.0,0.0,0,0,0
0.8960382325345575,2.9522792306925574,1.4056390622295665,2.8160641630775047,0,0.0,0
0.8524051786494786,2.0461679499498664,2.0,2.038159681645953,1.4949188482339508,0,0
0,0,0,0,0,0,0
0,0,0,0,0,0,0
0,0,0,0,0,0,0
0,0,0,0,0,0,0
