problem,access,navigate,page_close,video,discussion,wiki
0,0,0,0,0,0,0
0,0,0,0,0,0,0
0,0,0,0,0,0,0
0,0,0,0,0,0,0
1.0,2.3318026736242854,0.7219280948873623,0.0,0,0,0.0
0.0,2.8825887305018334,2.4193819456463714,2.0,0.0,0.0,0.0
0,1.5644050517413437,1.0,0.0,0.0,0,0
0,2.818375827845116,2.299896391167891,1.584962500721156,0,0,0.0
0.9967916319816366,2.459813384441633,1.5,1.0,0,0,0
0,0,0,0,0,0,0
0,0,0,0,0,0,0
