problem,access,navigate,page_close,video,discussion,wiki
0,0,0,0,0,0,0
0,0,0,0,0,0,0
0,0,0,0,0,0,0
0,0,0,0,0,0,0
0.9182958340544896,1.3516441151533924,2.1492799881316267,1.3382689280764646,0.7219280948873623,1.1792766944604327,1.561278124459133
0.0,0.0,0.0,0.0,0,0,0.0
0.0,0.0,0.961236604722876,0.0,0.0,0.0,0.9182958340544896
0,0.8453509366224365,0.8112781244591328,0.863120568566631,0.0,0,0.0
0,0,0,0,0,0,0
0,0,0,0,0,0,0
0,0,0,0,0,0,0
