problem,access,navigate,page_close,video,discussion,wiki
0,0,0,0,0,0,0
0,0,0,0,0,0,0
0,0,0,0,0,0,0
0,0,0,0,0,0,0
0,0.0,1.584962500721156,0.0,0.0,0,0
0,0.0,0.6500224216483541,0.0,0.0,0.0,0.0
0.0,2.6037016960573482,2.1609640474436813,1.584962500721156,1.0,0.0,0.0
0.0,0.0,1.0,0.0,0,0,0
0.5665095065529053,1.419556298571613,1.3709505944546687,0.0,0,0.7642045065086203,0.0
0,0,0,0,0,0,0
0,0,0,0,0,0,0
