problem,access,navigate,page_close,video,discussion,wiki
0,0,0,0,0,0,0
0,0,0,0,0,0,0
0,0,0,0,0,0,0
0,0,0,0,0,0,0
0.0,1.0869877023399053,1.4355205042826666,0,0.0,0.0,0
0.0,0.9182958340544896,1.0,0.8112781244591328,0.0,0,0
0.0,2.5376084244067543,2.0,2.2516291673878226,0.9852281360342516,0,0
0.9940302114769565,1.925236117729761,1.0,0.9182958340544896,0.6500224216483541,0,0
0.0,1.456564762130954,1.5,1.3709505944546687,0.0,0,0
0,0,0,0,0,0,0
0,0,0,0,0,0,0
