problem,access,navigate,page_close,video,discussion,wiki
0,0,0,0,0,0,0
0,0,0,0,0,0,0
0,0,0,0,0,0,0
0,0.0,0.0,0,0,0,0
0.0,2.389556529224005,2.4280729963885093,2.307820398454125,1.584962500721156,0.0,0
0.6500224216483541,2.6286308286925335,2.964194119959551,2.560191632711366,1.5546097612655665,0.9182958340544896,1.5
0.0,1.9315602842833157,2.4692407821722844,0,0,0,0
0.0,1.456564762130954,2.084962500721156,0.0,0.0,0.0,0.0
0,0,0,0,0,0,0
0,0,0,0,0,0,0
0,0,0,0,0,0,0
