problem,access,navigate,page_close,video,discussion,wiki
0,0,0,0,0,0,0
0,0,0,0,0,0,0
0,0,0,0,0,0,0
0,0,0,0,0,0,0
0.0,2.099843897365664,1.2516291673878228,2.2988527261581813,2.2464393446710154,0.0,0.0
0,0.0,0.0,0.0,0,0.0,0
0.0,2.0729055953200564,0.0,2.074164743022575,1.5709505944546687,0,0
0,1.7854752972273342,1.0,1.4516607643577664,0.8453509366224365,0,0
0.7219280948873623,1.446554269396512,1.3709505944546687,1.272905595320056,0.7642045065086203,0,0
0,0,0,0,0,0,0
0,0,0,0,0,0,0
