problem,access,navigate,page_close,video,discussion,wiki
0,0,0,0,0,0,0
0,0,0,0,0,0,0
0.0,2.4666130340903747,1.8910611120726526,2.580972906784841,2.6455933144511468,0.0,0
1.584962500721156,2.206238928653389,1.9219280948873623,2.188721875540867,1.5219280948873621,0.9774178175281716,0
0,0.0,0.0,0.0,0,0,0
0,1.9056390622295665,0.0,1.9502120649147465,1.5219280948873621,0,0
0.0,1.7028195311147831,1.5,1.8339272176418302,1.0,0,0
0,0,0,0,0,0,0
0,0,0,0,0,0,0
0,0,0,0,0,0,0
0,0,0,0,0,0,0
