problem,access,navigate,page_close,video,discussion,wiki
0,0,0,0,0,0,0
0,0,0,0,0,0,0
0,0.0,0.0,0.0,0.0,0.0,0
0.0,2.812609707259714,2.25,2.279653716027057,2.731431053591683,0.0,0
0,0.0,0.0,0.0,0,0,0
0.0,2.023633128944638,2.2359263506290326,1.7829706205553486,1.4854752972273344,0.41381685030363374,0
0.0,2.491250822211118,2.25,2.4685463540765222,2.0904685707328285,0.9819407868640977,1.0
0,0,0,0,0,0,0
0,0,0,0,0,0,0
0,0,0,0,0,0,0
0,0,0,0,0,0,0
