problem,access,navigate,page_close,video,discussion,wiki
0,0,0,0,0,0,0
0,0,0,0,0,0,0
0,0,0,0,0,0,0
0.0,2.147348781633051,1.0,1.0,0,1.3995812306460644,0
1.0,2.155968102145908,0.0,0.0,0,1.7232314287976207,0.0
0.6500224216483541,1.9591479170272446,0,0.0,0,1.755619991914629,0
0,1.3709505944546687,0,0.0,0.0,0.0,0
0.0,1.224394445405986,0.0,0.0,0,0.0,0
0,0,0,0,0,0,0
0,0,0,0,0,0,0
0,0,0,0,0,0,0
