problem,access,navigate,page_close,video,discussion,wiki
0,0,0,0,0,0,0
0,0,0,0,0,0,0
0.9709505944546686,1.6493974703476995,1.1488348542809166,1.0,0.0,0.0,0.0
0.0,0.0,0.0,0.0,0.0,0,0
0,1.5294283316328894,0.6500224216483541,0.0,0.0,0.0,0
0.9182958340544896,1.561278124459133,0.7642045065086203,1.0,0.0,0.0,0.0
0.0,0.0,0.0,0.0,0,0,0
0,0,0,0,0,0,0
0,0,0,0,0,0,0
0,0,0,0,0,0,0
0,0,0,0,0,0,0
