problem,access,navigate,page_close,video,discussion,wiki
0,0,0,0,0,0,0
0,0,0,0,0,0,0
0,0,0,0,0,0,0
0.0,1.8776402831734211,0.8112781244591328,1.0,0,0.0,0.0
0.0,1.409975018822061,1.2607717938967942,1.4355205042826666,0.9182958340544896,0.0,1.0
0.0,0.0,0.0,0.0,0.0,0,0.0
0,0,0,0,0,0,0
0.8112781244591328,2.3180303358642105,2.321928094887362,1.3485878960124222,0.9182958340544896,0,0
0,0,0,0,0,0,0
0,0,0,0,0,0,0
0,0,0,0,0,0,0
