problem,access,navigate,page_close,video,discussion,wiki
0,0,0,0,0,0,0
0,0,0,0,0,0,0
0.0,2.2514320392625153,1.4932133643654213,1.8464393446710154,1.9056390622295665,0.9219280948873623,1.0
0.0,2.1492799881316267,0.9182958340544896,1.9219280948873623,2.584962500721156,0.0,0.0
0,0,0,0,0,0,0
0.0,2.5900331535078904,1.5304930567574826,2.6808518549795144,2.6416041678685933,1.2475562489182659,0.0
0,0.0,0.0,0.0,0,0,0
0,0,0,0,0,0,0
0,0,0,0,0,0,0
0,0,0,0,0,0,0
0,0,0,0,0,0,0
