problem,access,navigate,page_close,video,discussion,wiki
0,0,0,0,0,0,0
0,0,0,0,0,0,0
1.9709505944546686,2.699513850319966,2.0403733936884962,2.615983565581917,2.6455933144511468,1.0,0.7219280948873623
0.9182958340544896,1.9877733714879842,1.584962500721156,2.1180782093497093,1.5,0.0,0.0
0,0,1.4591479170272448,0,0,0,0
0.0,0.7025882405064993,1.75,0.9737837298712213,1.0,0.0,0.0
0,0.0,0.0,0.0,0,0,0
0,0,0,0,0,0,0
0,0,0,0,0,0,0
0,0,0,0,0,0,0
0,0,0,0,0,0,0
