problem,access,navigate,page_close,video,discussion,wiki
0,0,0,0,0,0,0
0,0,0,0,0,0,0
2.0,2.618633046516737,1.9591479170272446,0.0,0.0,0.0,0.0
1.5566567074628228,2.333605474910931,0.9182958340544896,2.47400569010888,1.9182958340544893,0,0
0,0.0,0.0,0.0,0,0,0
1.5566567074628228,2.3936474604335363,2.2359263506290326,1.0,0.0,0.0,0
0.0,1.1411535278793057,0.9182958340544896,0,0,0,0
0,0,0,0,0,0,0
0,0,0,0,0,0,0
0,0,0,0,0,0,0
0,0,0,0,0,0,0
