problem,access,navigate,page_close,video,discussion,wiki
0,2.5243215054903336,2.5366082543915,0.9182958340544896,1.584962500721156,1.9708245055826512,1.584962500721156
0,2.214022152632502,2.4464393446710155,1.0,0.0,0.0,0
0.5916727785823275,2.635864856438812,1.584962500721156,0.0,0,0,0
0.0,2.827469407356287,2.4193819456463714,1.0,1.0,0.7424875695421236,0
0,0.0,0.0,0.0,0.0,0,0
0,0,0,0,0,0,0
0,0,0,0,0,0,0
0,0,0,0,0,0,0
0,0,0,0,0,0,0
0,0,0,0,0,0,0
0,0,0,0,0,0,0
