problem,access,navigate,page_close,video,discussion,wiki
0,0,0,0,0,0,0
0,0,0,0,0,0,0
0,0,0,0,0,0,0
0,0,0,0,0,0,0
0,0,0,0,0,0,0
1.758518335317772,2.9897726728298086,1.995612380839837,3.0560650709219064,2.281424938596677,1.1783577099564693,0.0
0,0.0,0.0,0.0,0,0.0,0
2.904688998828115,3.2707114305180323,1.6879430945989,2.7180801367807326,2.934693951646702,1.8333208226910545,0.0
0,0,0,0,0,0,0
0,1.836591668108979,0.5032583347756457,1.5,0.0,0.0,0.0
0,0,0,0,0,0,0
