problem,access,navigate,page_close,video,discussion,wiki
0,0,0,0,0,0,0
0,0,0,0,0,0,0
0,1.2638091738835462,1.4674579648482995,1.5219280948873621,0.0,0.0,0.9182958340544896
0.0,3.2154197929205033,2.6535442970305687,3.327819531114783,0.0,0.6143694458867568,0
1.224394445405986,2.7048308125733524,1.3709505944546687,2.9109922530150456,1.0,0.0,0
0.0,1.2997367636952524,1.584962500721156,0.0,0,0,0
0,0.0,0.0,0.7219280948873623,0.0,0,0
0,0,0,0,0,0,0
0,0,0,0,0,0,0
0,0,0,0,0,0,0
0,0,0,0,0,0,0
