problem,access,navigate,page_close,video,discussion,wiki
0,0,0,0,0,0,0
0,0,0,0,0,0,0
0,0,0,0,0,0,0
0,0,0,0,0,0,0
0,0,0,0,0,0,0
0.0,0.8112781244591328,0.0,1.0,1.0,0.0,0.0
0,0.0,0.0,0.0,0,0,0
0,0.0,0.0,0.0,0.0,0,0
1.584962500721156,1.9528195311147831,0.8112781244591328,0.0,1.9219280948873623,1.1488348542809166,0
1.5566567074628228,2.346819311165902,0.9219280948873623,0.0,1.5,0.9182958340544896,0
0,0,0,0,0,0,0
