problem,access,navigate,page_close,video,discussion,wiki
0,0,0,0,0,0,0
0,0,0,0,0,0,0
0,0.0,0.9709505944546686,0,0,0.0,0.0
0,2.8408255021937237,2.599581230646065,1.584962500721156,2.321928094887362,0.9709505944546686,1.0
0.0,0.0,0.0,0.0,0.0,0.0,0
0,2.2762304639800943,0.0,0.0,1.867633890971212,0,0
0,1.5726236638951638,0.0,0.9182958340544896,1.0,0.0,0
0,0,0,0,0,0,0
0,0,0,0,0,0,0
0,0,0,0,0,0,0
0,0,0,0,0,0,0
