problem,access,navigate,page_close,video,discussion,wiki
0,0,0,0,0,0,0
0,0,0,0,0,0,0
0.0,1.4263445470433744,1.2516291673878228,1.8423709931771084,1.5219280948873621,0.5032583347756457,0.0
0.9182958340544896,2.584331650840277,2.4056390622295662,2.6062389286533896,1.4056390622295665,1.0,0
0,0,0.0,0,0,0,0
0.0,1.836591668108979,1.5,1.6577427265048887,0.7219280948873623,0.0,0
0.0,1.0529815751302694,0.0,0.0,0.0,0.0,0
0,0,0,0,0,0,0
0,0,0,0,0,0,0
0,0,0,0,0,0,0
0,0,0,0,0,0,0
