problem,access,navigate,page_close,video,discussion,wiki
0,0.0,0.0,0,0,0.0,0.0
0,1.9056390622295665,1.6644977792004614,1.2987949406953985,0.8112781244591328,0.9910760598382222,0.0
0,0.9182958340544896,0.6500224216483541,0,0,0,0.0
0.954434002924965,3.1756081122623816,0.6500224216483541,3.007196489685618,2.5654483718208256,0.0,0.0
0.9709505944546686,1.991076059838222,0.0,2.125,2.5219280948873624,0,0
0,0,0,0,0,0,0
0,0,0,0,0,0,0
0,0,0,0,0,0,0
0,0,0,0,0,0,0
0,0,0,0,0,0,0
0,0,0,0,0,0,0
