problem,access,navigate,page_close,video,discussion,wiki
0,0,0,0,0,0,0
0,0,0,0,0,0,0
0,0,0,0,0,0,0
0,0,0,0,0,0,0
0,1.5,0.5435644431995964,1.8553885422075338,1.2516291673878228,0.0,0.0
0.0,1.360964047443681,1.0,1.5219280948873621,0,0,0
0.0,3.00637841869486,2.807354922057604,3.2650179885610595,2.4989295636909357,0.0,0
0.0,2.765138205967707,2.584962500721156,2.6684930703645584,0,0.0,0
0,1.5566567074628228,1.5,1.5,0,0,0
0,0,0,0,0,0,0
0,0,0,0,0,0,0
