problem,access,navigate,page_close,video,discussion,wiki
0,0,0,0,0,0,0
0,0,0,0,0,0,0
1.3381280379269256,1.9690255736436506,1.0577422381270596,1.9784845935086515,1.855388542207534,1.5,0.6500224216483541
0,0,0,0,0,0,0
0.0,1.3609640474436813,1.360964047443681,1.75,1.7924812503605778,0.0,0.0
1.4591479170272446,2.4294945204514447,1.8423709931771084,2.452819531114783,2.1971597234241496,0,0
0,0.0,0.0,0.0,0.0,0.0,0
0,0,0,0,0,0,0
0,0,0,0,0,0,0
0,0,0,0,0,0,0
0,0,0,0,0,0,0
