problem,access,navigate,page_close,video,discussion,wiki
0,0,0,0,0,0,0
0,0,0,0,0,0,0
0,0,0,0,0,0,0
0,0,0,0,0,0,0
0,0,0,0,0,0,0
0.6500224216483541,1.872935039619369,1.7295739585136223,1.836591668108979,1.7884504573082896,0.9709505944546686,0
0.0,1.076297625725199,1.584962500721156,1.0,1.2516291673878228,1.0,0
0.0,1.4400876246432754,1.0,0.0,1.3995812306460644,0.0,0
0.0,1.3821022532543101,1.0,0.0,1.7609640474436812,0.0,0
0,0,0,0,0,0,0
0,0,0,0,0,0,0
