problem,access,navigate,page_close,video,discussion,wiki
0,0,0,0,0,0,0
0,0,0,0,0,0,0
0,0,0,0,0,0,0
0.0,2.072905595320056,2.1219280948873624,2.188721875540867,1.8423709931771086,0.0,0.0
0.0,2.2312702546075758,1.2516291673878228,2.128085278891394,1.0,0.0,0
0,0,0,0,0,0,0
0.0,1.8250112108241772,1.5,1.3709505944546687,0.6500224216483541,0.49418293484978865,0
0.0,2.520244207153756,1.584962500721156,1.9591479170272446,1.5219280948873621,0.0,0
0,0,0,0,0,0,0
0,0,0,0,0,0,0
0,0,0,0,0,0,0
