problem,access,navigate,page_close,video,discussion,wiki
0,0,0,0,0,0,0
0,0,0,0,0,0,0
0,0,0,0,0,0,0
0,0,0,0,0,0,0
0,0.0,0.8112781244591328,0,0,0,0
0,0.9852281360342516,1.4833557549816876,1.2516291673878228,0.0,1.0,0.0
0.0,1.5546097612655667,0.0,0.9182958340544896,0.0,0,0
0.0,0.9980008838722996,0.8112781244591328,0.8112781244591328,0.9182958340544896,0.0,0.0
0,1.6854752972273344,0.0,0.0,1.0,0.0,0
0,0,0,0,0,0,0
0,0,0,0,0,0,0
