problem,access,navigate,page_close,video,discussion,wiki
0,0,0,0,0,0,0
0,0,0,0,0,0,0
0,0,0,0,0,0,0
0,0,0,0,0,0,0
0.0,1.0529407605626346,1.1567796494470395,0.0,0.8960382325345575,0.0,0.0
0.0,1.5537631144722452,0.0,0,1.2987949406953985,0.0,0
0,2.1622242557679536,1.9219280948873623,1.584962500721156,2.0,0.0,0
0,1.0,1.0,0,0,0.0,0
0.7219280948873623,1.5530900835303276,0.7219280948873623,0,1.9500637564362098,0.0,0
0,0,0,0,0,0,0
0,0,0,0,0,0,0
