problem,access,navigate,page_close,video,discussion,wiki
0,0,0,0,0,0,0
0,0,0,0,0,0,0
0,0,0,0,0,0,0
1.4056390622295665,2.7278279775131806,1.3709505944546687,2.8555390005526533,2.4116022179746714,1.9039678130877662,0.0
0.0,1.4353713907745331,0.0,1.224394445405986,0.7219280948873623,0.0,0
0.0,0.0,0.0,0.0,0.0,0.8112781244591328,0
0,1.0,0.8112781244591328,0.9852281360342516,0.9182958340544896,0.0,0.0
0,0,0,0,0,0,0
0,0,0,0,0,0,0
0,0,0,0,0,0,0
0,0,0,0,0,0,0
