problem,access,navigate,page_close,video,discussion,wiki
0,0,0,0,0,0,0
0,0,0,0,0,0,0
0,0,0,0,0,0,0
0,0,0,0,0,0,0
0,1.6577427265048887,0.8112781244591328,1.9219280948873623,0.0,0.0,0.0
0.0,2.2269608142719166,2.321928094887362,2.084962500721156,1.3709505944546687,0,0
0.0,1.6692462556711996,1.5,1.6258145836939115,1.4591479170272448,0,0
0.9819407868640977,2.1853358784462764,1.0,2.0,1.7232314287976207,0,0
0,0.0,0.0,0.0,0,0,0
0,0,0,0,0,0,0
0,0,0,0,0,0,0
