problem,access,navigate,page_close,video,discussion,wiki
0,0,0,0,0,0,0
0,0,0,0,0,0,0
0,0,0,0,0,0,0
0,0,0,0,0,0,0
0.6193821946787638,2.5974948854266957,2.5073801024236357,1.5,1.0,0.8960382325345575,0.0
0,1.789929075309999,1.8423709931771084,2.0,1.0,1.0,0
0,1.561278124459133,1.75,1.0,0.0,0.6840384356390417,0
0.0,1.9328045775391223,1.9056390622295665,1.5,0.9182958340544896,0.0,0
0.0,1.0,1.0,1.0,0,0,0
0,0,0,0,0,0,0
0,0,0,0,0,0,0
