problem,access,navigate,page_close,video,discussion,wiki
0,0,0,0,0,0,0
0,0,0,0,0,0,0
0,0,0,0,0,0,0
0,0,0,0,0,0,0
0,0,0,0,0,0,0
0,0,0,0,0,0,0
0,1.0,2.2312702546075758,0.0,0.0,0,0.0
2.0340516898612635,2.8411350948540823,2.0588138903312014,0.0,2.2359263506290326,0.0,0.0
0.840969448105702,1.8399229603149936,0.9182958340544896,0,1.2987949406953985,0.0,0
0.710676853856123,1.1852762498937135,0.9182958340544896,0.0,1.0,0.863120568566631,0.0
0,0,0,0,0,0,0
