problem,access,navigate,page_close,video,discussion,wiki
0,0,0,0,0,0,0
0,0,0,0,0,0,0
0,0,0,0,0,0,0
0,0,0,0,0,0,0
0,0.0,0.0,0.0,0,0.0,0.0
0.0,2.312758850319434,1.9808259362290785,1.584962500721156,0.0,1.3162753437218198,0.4770713062193297
0.9132829641650988,2.5631865133804363,3.01342268702814,1.5,1.0,2.4892143737053254,1.158938532350277
0.0,1.8301509499142814,2.084962500721156,0,0,1.8703655072694572,1.0
0,0,0,0,0,0,0
0,0,0,0,0,0,0
0,0,0,0,0,0,0
