problem,access,navigate,page_close,video,discussion,wiki
0,0,0,0,0,0,0
0,0,0,0,0,0,0
0,0,0,0,0,0,0
0,0,0,0,0,0,0
0,0,0,0,0,0,0
0.9709505944546686,2.791552913293851,2.55700273142711,2.8453509366224363,2.235926350629032,2.1174924611847548,0
0.0,2.5905848121450132,2.321928094887362,2.502598068247261,2.5,0.6500224216483541,0.0
0.0,0.0,1.0,0.0,0.0,0,0
0.0,2.0137330863650442,1.6644977792004614,1.5219280948873621,1.584962500721156,0.0,0
0,0,0,0,0,0,0
0,0,0,0,0,0,0
