problem,access,navigate,page_close,video,discussion,wiki
0,0,0,0,0,0,0
0,0,0,0,0,0,0
0,0,0,0,0,0,0
0,0,0,0,0,0,0
1.863120568566631,2.876918267836472,2.2225936503050066,1.5,0.9182958340544896,0.7345299214394703,1.6577427265048887
0.0,1.9506907366824977,2.1556390622295662,1.0,1.0,0.0,0.0
0,2.4026350074275737,2.3071885761626687,0.0,0,0.0,0.0
0.0,0.7219280948873623,0.5435644431995964,0.0,0.0,0.0,0.0
0,0,0,0,0,0,0
0,0,0,0,0,0,0
0,0,0,0,0,0,0
