problem,access,navigate,page_close,video,discussion,wiki
0,0,0,0,0,0,0
0,0,0,0,0,0,0
0,0,0,0,0,0,0
0,0,0,0,0,0,0
0,0,0,0,0,0,0
0.0,2.8236971791440055,2.270942421748537,2.321928094887362,2.0,0.0,0.0
1.640223928941852,2.333172706505431,1.5766212201074912,0.0,1.0,0.9219280948873623,0.0
0,1.6767370300521325,1.0,0.0,0.0,0.0,0
0,1.3716407621868583,0.0,0.0,0.0,0.0,0
0,0,0,0,0,0,0
0,0,0,0,0,0,0
