problem,access,navigate,page_close,video,discussion,wiki
0,0,0,0,0,0,0
0,0,0,0,0,0,0
0,0,0,0,0,0,0
0,0,0,0,0,0,0
0,2.381064236456548,1.584962500721156,0.0,0.0,0,0
0.0,2.60918081414208,1.4355205042826666,1.0,1.0,0.0,0
1.1488348542809166,3.036187073280776,3.30167366468188,2.725480556997868,2.5216406363433186,0,0
1.8464393446710154,2.2825580789605513,1.5219280948873621,1.584962500721156,0,0,0
0.0,0.961236604722876,0.0,0.0,0,0.0,0
0,0,0,0,0,0,0
0,0,0,0,0,0,0
