problem,access,navigate,page_close,video,discussion,wiki
0,0,0,0,0,0,0
0,0,0,0,0,0,0
0,0,0,0,0,0,0
0,0,0,0,0,0,0
0.0,2.504800382982335,1.6577427265048887,0.0,0.0,0.0,0.0
0.0,2.6565647621309543,0.9852281360342516,0.0,0,0.0,0
0,2.1766352793034835,1.5487949406953985,1.5,0,0,0
0,1.9219280948873623,2.0,0.0,0,0.41381685030363374,0
1.0,3.220347476569726,1.8423709931771084,0.9182958340544896,1.0,1.5,0
0,0,0,0,0,0,0
0,0,0,0,0,0,0
