problem,access,navigate,page_close,video,discussion,wiki
0,0,0,0,0,0,0
0,0,0,0,0,0,0
0,0,0,0,0,0,0
0,0,0,0,0,0,0
0,0,0,0,0,0,0
0.0,1.4108478748063633,0.4394969869215134,0.0,0,0.0,0.0
0.0,2.4518945589270227,2.4116022179746714,1.584962500721156,0.0,0.0,0
2.8408507644289953,3.2825423496672315,2.5,1.584962500721156,1.9182958340544893,0,0
1.0,2.737872392231515,2.0588138903312014,1.0,0.0,0.0,0.0
0,0,0,0,0,0,0
0,0,0,0,0,0,0
