problem,access,navigate,page_close,video,discussion,wiki
0,0,0,0,0,0,0
0,0,0,0,0,0,0
0,0,0,0,0,0,0
0,0,0,0,0,0,0
0,0.9709505944546686,0.8112781244591328,1.0,0.0,0,0
0.0,1.7005820084462417,1.2516291673878228,1.6589797521242051,1.5,0,0
0.0,1.75,1.0,1.8423709931771088,1.9219280948873623,0,0
0.0,2.0059777114237742,0.9182958340544896,2.1556390622295662,1.9219280948873623,0,0
0.0,1.5709505944546684,0.0,1.561278124459133,1.4591479170272446,0,0
0,0,0,0,0,0,0
0,0,0,0,0,0,0
