problem,access,navigate,page_close,video,discussion,wiki
0,0,0,0,0,0,0
0,0,0,0,0,0,0
0,0,0,0,0,0,0
0,0,0,0,0,0,0
0.0,1.836591668108979,1.811278124459133,1.7295739585136223,1.5,0.6840384356390417,0.0
0,0.0,0.0,0.0,0,0,0
0.0,1.198183947911799,0.863120568566631,1.4854752972273344,1.5,0.0,0.0
1.2782038389853276,1.4387586809150084,0.0,1.5262349099495225,0.9852281360342516,0,0
0,0.0,0.0,1.0,0.0,0,0
0,0,0,0,0,0,0
0,0,0,0,0,0,0
