problem,access,navigate,page_close,video,discussion,wiki
0,0,0,0,0,0,0
0,0,0,0,0,0,0
1.9852281360342512,2.529291567077527,2.263809173883546,2.4698632118070263,2.256866543182522,0.0,0.0
0,0.0,0.0,0.0,0,0,0
0,0.0,0.0,0.0,0,0,0
1.5566567074628228,2.2016094970590276,1.3709505944546687,2.063558608511122,1.5566567074628228,0,0
1.867633890971212,2.1397423253582466,2.128085278891394,2.2170148112524406,1.855388542207534,0.0,0
0,0,0,0,0,0,0
0,0,0,0,0,0,0
0,0,0,0,0,0,0
0,0,0,0,0,0,0
