problem,access,navigate,page_close,video,discussion,wiki
0,0,0,0,0,0,0
0,0,0,0,0,0,0
0.6500224216483541,2.3651745444716137,1.3787834934861756,2.1709505944546685,1.5,0.0,0.0
0.0,1.8608941290707994,0.7219280948873623,1.9362600275315274,1.9182958340544896,0.0,0
0,0.0,0.0,0.0,0,0,0
0,0.5916727785823275,0.7219280948873623,0.9182958340544896,0,0,0.0
0.9852281360342516,1.8741838269462516,1.0,2.2954656791802917,1.8423709931771086,0,0
0,0,0,0,0,0,0
0,0,0,0,0,0,0
0,0,0,0,0,0,0
0,0,0,0,0,0,0
