problem,access,navigate,page_close,video,discussion,wiki
0,0,0,0,0,0,0
0,0,0,0,0,0,0
0,0,0,0,0,0,0
0,0,0,0,0,0,0
0,0,0,0,0,0,0
0,0.0,0.0,0,0,0,0.0
0.0,1.434184499460097,0.8112781244591328,0.0,1.0,0.0,0
0.0,2.6752869534919483,1.7177602521413333,0.0,2.1219280948873624,0,0.9182958340544896
1.4056390622295665,2.9333182679116554,1.6493974703476995,1.0,2.287783719941071,0.9182958340544896,0
0.9940302114769565,1.722266311943983,0.8112781244591328,0.0,0.0,0,0
0,0,0,0,0,0,0
