problem,access,navigate,page_close,video,discussion,wiki
0,0,0,0,0,0,0
0,0,0,0,0,0,0
1.3995812306460644,3.2063537115971323,2.950212064914747,2.9468374992530824,0.9182958340544896,0.0,0.0
0,0.0,1.0,0.0,0,0,0
0,1.7924812503605778,2.0,1.7924812503605778,0,0,0
0,1.5,1.584962500721156,1.5,0,0.0,0
1.4488156357251847,1.759041860011145,1.295461844238322,2.071345139730238,0.0,0.9940302114769565,0.0
0,0,0,0,0,0,0
0,0,0,0,0,0,0
0,0,0,0,0,0,0
0,0,0,0,0,0,0
