problem,access,navigate,page_close,video,discussion,wiki
0,0,0,0,0,0,0
0,0,0,0,0,0,0
0,0,0,0,0,0,0
0.8112781244591328,2.374121763737768,2.0403733936884962,2.165957320949175,1.6171895725927152,1.8702932210074805,0.0
0.0,1.5566567074628228,1.9219280948873623,2.0,0,0.0,0
0.9957274520849256,2.450537779884819,2.3071885761626683,2.903701696057348,1.584962500721156,0,0.0
0,1.584962500721156,1.5,1.584962500721156,0,0,0
0,0.0,0.0,0.0,0,0,0
0,0,0,0,0,0,0
0,0,0,0,0,0,0
0,0,0,0,0,0,0
