problem,access,navigate,page_close,video,discussion,wiki
0,0,0,0,0,0,0
0,0,0,0,0,0,0
0,0,0,0,0,0,0
0,0,0,0,0,0,0
0,1.675143246409987,0.9852281360342516,1.8799649487271108,1.584962500721156,0.0,0
0.0,2.7804181499282143,2.128085278891394,2.7792553760679404,1.4591479170272448,2.6241481709481635,0.0
0,0.0,0,0.9182958340544896,0.0,0.0,0
0.0,1.75,0,2.1556390622295662,1.5219280948873621,0.0,0
0.0,0.9182958340544896,0.0,0.9182958340544896,0,0,0
0,0,0,0,0,0,0
0,0,0,0,0,0,0
