problem,access,navigate,page_close,video,discussion,wiki
0,0,0,0,0,0,0
0,0,0,0,0,0,0
0.0,1.920068190731814,1.584962500721156,1.584962500721156,1.584962500721156,0,0
0.41381685030363374,0.934068055375491,0.0,0.9182958340544896,0.0,0,0
0,0.0,0.0,0.0,0,0,0
0.863120568566631,1.8909209935891977,1.584962500721156,0.0,0.0,0,0
0.9182958340544896,0.0,0.0,0.0,0,0.0,0.0
0,0,0,0,0,0,0
0,0,0,0,0,0,0
0,0,0,0,0,0,0
0,0,0,0,0,0,0
