problem,access,navigate,page_close,video,discussion,wiki
0,0,0,0,0,0,0
0,0,0,0,0,0,0
1.974937501201927,2.5101782382389275,1.8423709931771088,1.0,0.0,1.0,0.0
0,1.6105772433316423,0.5435644431995964,0.0,0.0,0,0
0.9182958340544896,0.8112781244591328,0.0,0.0,0,0,0
0.9182958340544896,1.6925786457610765,1.5,0,0,0,0
0.0,3.016822863986281,2.221251836004466,1.0,1.0,0.9182958340544896,0.0
0,0,0,0,0,0,0
0,0,0,0,0,0,0
0,0,0,0,0,0,0
0,0,0,0,0,0,0
