problem,access,navigate,page_close,video,discussion,wiki
0,0,0,0,0,0,0
0,0,0,0,0,0,0
0,0,0,0,0,0,0
0,0,0,0,0,0,0
0,0.0,0.0,0.0,0.0,0,0
0.0,1.8942252286541446,0.9182958340544896,0.0,0.0,0,0
1.0,2.4245870285658975,1.3250112108241772,1.0,0.0,1.3485878960124222,0.0
0.39124356362925566,1.7900504167841063,1.0,0.0,0,0,0
0.9182958340544896,2.190454426121132,1.584962500721156,0.9182958340544896,0.9182958340544896,0,0
0,0,0,0,0,0,0
0,0,0,0,0,0,0
