problem,access,navigate,page_close,video,discussion,wiki
0,0,0,0,0,0,0
0,0.954434002924965,0.9886994082884974,1.5219280948873621,1.0,0.0,1.0
0,0.0,0.0,0.0,0.0,0.0,0.0
0,0.0,0.9182958340544896,0.0,0,0.0,0.0
0,0.0,0.0,0.0,0.0,0.5916727785823275,0
0,0.0,0.0,0.0,0,0.0,0
0,0,0,0,0,0,0
0,0,0,0,0,0,0
0,0,0,0,0,0,0
0,0,0,0,0,0,0
0,0,0,0,0,0,0
