problem,access,navigate,page_close,video,discussion,wiki
0,0.8112781244591328,0.0,0.0,0.0,0,0
0,2.3685777485756554,2.1556390622295662,2.3690254361778926,2.2390183299752544,0.0,0
0,0.9852281360342516,0.0,1.4591479170272448,1.5,0,0
0.0,2.107222256734823,1.0,0.0,1.0,0.0,0
0.0,1.9312952802328742,0.7219280948873623,0.0,0.0,0,0
0,0,0,0,0,0,0
0,0,0,0,0,0,0
0,0,0,0,0,0,0
0,0,0,0,0,0,0
0,0,0,0,0,0,0
0,0,0,0,0,0,0
