problem,access,navigate,page_close,video,discussion,wiki
0,0,0,0,0,0,0
0,0,0,0,0,0,0
0.0,1.159554752378731,0.6500224216483541,1.2987949406953985,1.5,0.5435644431995964,0.0
0.0,1.4516607643577668,1.5219280948873621,1.4911148500551858,1.2987949406953985,0,0
0,0.0,1.0,0.0,0,0,0
0.0,0.9402859586706311,1.5,0.8812908992306927,0.863120568566631,0,0
0,0.5916727785823275,0.0,0.9709505944546686,0.0,0,0
0,0,0,0,0,0,0
0,0,0,0,0,0,0
0,0,0,0,0,0,0
0,0,0,0,0,0,0
