problem,access,navigate,page_close,video,discussion,wiki
0,0,0,0,0,0,0
0,0.0,0.0,0.0,0,0.0,0
1.2098003386604828,1.8254513993116461,1.792481250360578,2.1180782093497093,1.5,0,0.0
0.0,0.676941869780886,0.0,0.9852281360342516,0.9182958340544896,0.0,0
0.0,1.8892464285091581,0.0,1.9591479170272448,1.5566567074628228,0,0
0.0,0.0,0.0,1.0,0,0,0
0,0,0,0,0,0,0
0,0,0,0,0,0,0
0,0,0,0,0,0,0
0,0,0,0,0,0,0
0,0,0,0,0,0,0
