problem,access,navigate,page_close,video,discussion,wiki
0,0,0,0,0,0,0
0.0,2.0835512559369485,0.9709505944546686,1.7695459925589747,2.3522170014624826,0.0,0
0.0,0.9709505944546686,1.0,1.584962500721156,1.4488156357251847,0.0,0
2.2440452842022283,2.7278098080841557,0.8112781244591328,2.5,2.436278124459133,1.971335285306981,0.0
0,1.0,1.0,1.3787834934861756,1.5,0.0,0
0,0,0,0,0,0,0
0,0,0,0,0,0,0
0,0,0,0,0,0,0
0,0,0,0,0,0,0
0,0,0,0,0,0,0
0,0,0,0,0,0,0
