problem,access,navigate,page_close,video,discussion,wiki
0,0,0,0,0,0,0
0,0,0,0,0,0,0
0.9182958340544896,1.9529850939723727,1.4906401825684292,2.2359263506290326,0.0,0.0,0.9182958340544896
1.584962500721156,1.822927225159022,0.9864267287308424,2.0,0,0.0,0.0
0,1.9591479170272446,1.811278124459133,1.584962500721156,0,0.0,0
0,0.0,0.0,0.0,0.0,0.0,0
0,0.7871265862012691,0.9182958340544896,0,0,0.0,0
0,0,0,0,0,0,0
0,0,0,0,0,0,0
0,0,0,0,0,0,0
0,0,0,0,0,0,0
