problem,access,navigate,page_close,video,discussion,wiki
0,0,0,0,0,0,0
0,0,0,0,0,0,0
1.5,2.538244626714277,2.1047412314783913,2.35767363779231,2.324499813878887,0.0,1.0
0.0,0.9798687566511528,0.0,1.360964047443681,0.9182958340544896,0.0,0
0.0,0.0,0.0,0.5032583347756457,0.9182958340544896,0.0,0.0
1.4854752972273344,2.154389123619848,1.95006375643621,2.2919307466539722,2.4116022179746714,0.6998428398862386,0.0
0,0,0,0,0,0,0
0,0,0,0,0,0,0
0,0,0,0,0,0,0
0,0,0,0,0,0,0
0,0,0,0,0,0,0
