problem,access,navigate,page_close,video,discussion,wiki
0,0,0,0,0,0,0
0,0,0,0,0,0,0
0,0,0,0,0,0,0
0,0,0,0,0,0,0
0.6500224216483541,1.7798299876761596,1.9500637564362098,1.7382689280764647,0.5032583347756457,0.5435644431995964,0.0
0.0,0.9456603046006402,1.0,0.9852281360342516,0.9182958340544896,0.0,0
0.863120568566631,0.9709505944546686,0.863120568566631,0.9798687566511528,0.0,0.0,0
0.8812908992306927,1.0,1.4353713907745331,0.0,0,0.0,0
0,0,0,0,0,0,0
0,0,0,0,0,0,0
0,0,0,0,0,0,0
