problem,access,navigate,page_close,video,discussion,wiki
0,0,0,0,0,0,0
0,0,0,0,0,0,0
0,0,0,0,0,0,0
0,0,0,0,0,0,0
0,0.0,0.0,1.0,0.0,0,0.0
0.0,1.3567796494470394,0.0,1.6644977792004612,1.9219280948873623,0.0,0.0
0.0,0.0,0,0.0,0.0,0,0
0.9774178175281716,0.6292492238560345,0,0.5916727785823275,0.0,0,0
0.0,0.0,0,0.0,0.0,0,0
0,0,0,0,0,0,0
0,0,0,0,0,0,0
