problem,access,navigate,page_close,video,discussion,wiki
0,0,0,0,0,0,0
0,0,0,0,0,0,0
0.6292492238560345,1.0,1.3235315761100483,0.9852281360342516,0.9182958340544896,0.0,0.0
0.5225593745369408,2.3626910628919737,3.401210641914682,2.2584598927441624,2.1971597234241496,1.9405454070784265,0.0
0,0,0.0,0,0,0.0,0
0,1.1488348542809166,2.0,1.7924812503605778,0.0,0.0,0
0,0.0,0.0,0.0,0.0,0,0
0,0,0,0,0,0,0
0,0,0,0,0,0,0
0,0,0,0,0,0,0
0,0,0,0,0,0,0
