problem,access,navigate,page_close,video,discussion,wiki
0,0,0,0,0,0,0
0,0,0,0,0,0,0
0.0,2.6145200345706003,2.889549430862088,2.646782221599798,0.9182958340544896,1.6002199930029923,0.0
0,0.8112781244591328,1.584962500721156,1.5,0.0,0.0,0
0.0,1.5301404544057031,1.9219280948873623,1.6644977792004612,0.0,0.0,0
0,0.0,0.0,0.0,0.0,0,0
0,0.863120568566631,1.0,0.0,0,0.0,0
0,0,0,0,0,0,0
0,0,0,0,0,0,0
0,0,0,0,0,0,0
0,0,0,0,0,0,0
