problem,access,navigate,page_close,video,discussion,wiki
0,0,0,0,0,0,0
0,0,0,0,0,0,0
0,0,0,0,0,0,0
0,0,0,0,0,0,0
0.0,2.7146162639547957,1.584962500721156,1.584962500721156,1.0,0.0,0
0,1.3995812306460647,1.5566567074628228,0,0,0,0
0.4689955935892812,2.345719283930527,0.0,0.0,0.0,0,0.0
0.0,1.6140054628542202,0.0,1.0,1.0,0,0
1.5566567074628228,2.700505971078941,0.0,2.0,0.0,0,0
0,0,0,0,0,0,0
0,0,0,0,0,0,0
