problem,access,navigate,page_close,video,discussion,wiki
0,0,0,0,0,0,0
0,0,0,0,0,0,0
0,0,0,0,0,0,0
0,2.7127827356640584,2.7942385860214767,2.3248629576173565,2.321928094887362,0.0,0.0
1.4021231913610825,1.742058481115248,2.4351625570916986,1.573402452417767,0,1.2158749624422407,0.9182958340544896
0.0,0.9587118829771317,1.4591479170272446,0,0,0.8453509366224365,0.0
0.0,1.3420192178195207,1.4854752972273344,0.0,0.0,0.0,0.0
0,0,0,0,0,0,0
0,0,0,0,0,0,0
0,0,0,0,0,0,0
0,0,0,0,0,0,0
