problem,access,navigate,page_close,video,discussion,wiki
0,0,0,0,0,0,0
0,0,0,0,0,0,0
0,0,0,0,0,0,0
0.7642045065086203,2.4975347643587216,1.2516291673878228,2.242572530766071,1.7273966735744792,0.0,0.0
0,2.1204070850151187,1.9219280948873623,1.8307949305458118,1.7176327882341964,0,0.0
0.0,2.1653113650949845,2.0,2.236440501696144,2.2750883842138996,0.0,0
0.0,0.0,0.0,0.5435644431995964,0.6500224216483541,0.8904916402194913,0
0,0,0,0,0,0,0
0,0,0,0,0,0,0
0,0,0,0,0,0,0
0,0,0,0,0,0,0
