problem,access,navigate,page_close,video,discussion,wiki
0,0,0,0,0,0,0
0,0,0,0,0,0,0
0,0,0,0,0,0,0
0,0.0,0.0,0.0,0,0.0,0.0
0.0,1.6290996366618336,1.9898980954642873,1.6774212838293647,1.3516441151533922,1.8976447552720603,1.0
0.0,1.4591479170272448,1.0,1.1488348542809166,0.0,0.0,0.0
0,0.0,0.0,0.0,0,0,0
0.9852281360342516,2.3248731122521775,1.9056390622295665,2.377443751081734,1.6767370300521325,1.0,1.584962500721156
0,0,0,0,0,0,0
0,0,0,0,0,0,0
0,0,0,0,0,0,0
