problem,access,navigate,page_close,video,discussion,wiki
0,0,0,0,0,0,0
0,0,0,0,0,0,0
0,0.0,0.0,0,0,0.0,0.0
0.0,1.4854752972273344,2.7534343861887844,1.5219280948873621,0,2.6757667704674244,0.0
0.9182958340544896,2.4324876891689535,3.5724312513221195,2.321928094887362,0.0,3.199799074097921,0.0
0,2.7534343861887844,3.2776134368191165,1.5,0,3.0905047777798638,0.0
0.0,0.8453509366224365,2.521640636343318,0.0,0,1.6000243109901744,0
0,0,0,0,0,0,0
0,0,0,0,0,0,0
0,0,0,0,0,0,0
0,0,0,0,0,0,0
