problem,access,navigate,page_close,video,discussion,wiki
0,0,0,0,0,0,0
0,0,0,0,0,0,0
0,0.0,0.0,0.0,0.0,0,0
2.3068905956085186,3.451989103781607,2.9232314287976204,3.3810760119146077,2.8073549220576037,0.0,0
2.1442812657727472,3.3095816605929884,3.0,3.620571577105421,3.0,1.3250112108241772,0
0.0,1.4955380299191112,1.7609640474436812,0.9182958340544896,0,0.9927744539878084,0
0,0.0,0.0,0.0,0,0,0
0,0,0,0,0,0,0
0,0,0,0,0,0,0
0,0,0,0,0,0,0
0,0,0,0,0,0,0
