problem,access,navigate,page_close,video,discussion,wiki
0,1.77614773312812,0.9709505944546686,1.1488348542809166,1.5,0,0
0.0,2.721439835297278,1.9502120649147465,0.0,0,0.0,0
0.0,2.3975819111823533,1.9219280948873623,0.9182958340544896,1.0,0.0,0
0.0,2.443635738886072,1.5,1.6577427265048887,0.0,0,0
0.0,1.4949188482339508,0.0,1.4854752972273344,1.5566567074628228,0,0
0,0,0,0,0,0,0
0,0,0,0,0,0,0
0,0,0,0,0,0,0
0,0,0,0,0,0,0
0,0,0,0,0,0,0
0,0,0,0,0,0,0
