problem,access,navigate,page_close,video,discussion,wiki
0,0,0,0,0,0,0
0,0,0,0,0,0,0
0,0,0,0,0,0,0
0,0,0,0,0,0,0
0,0.9182958340544896,0.9852281360342516,0.0,0.0,0.0,0
0.0,2.1493974703476995,1.0408520829727552,0.0,0,0.0,0.0
0.863120568566631,1.6691803368667308,1.3995812306460644,0.0,0.0,0.0,0.8112781244591328
0.0,2.3685225277282065,1.9056390622295665,1.0,0.0,0.0,0
0,0,0,0,0,0,0
0,0,0,0,0,0,0
0,0,0,0,0,0,0
