problem,access,navigate,page_close,video,discussion,wiki
0,0,0,0,0,0,0
0,0,0,0,0,0,0
0,0,0,0,0,0,0
0,0,0,0,0,0,0
0,0.0,0.0,0.0,0,0,0
0.0,1.4226754683112182,1.9502120649147465,1.4591479170272448,0.0,0.0,0
0,1.4466166676282082,2.0,1.4466166676282082,0.0,0,0
1.0,2.196869781707574,2.0,2.147348781633051,0.6500224216483541,0.0,0
0.0,1.053770347488424,0.9852281360342516,0.828055725379504,0.0,0.0,0
0,0,0,0,0,0,0
0,0,0,0,0,0,0
