problem,access,navigate,page_close,video,discussion,wiki
0,0,0,0,0,0,0
0,0,0,0,0,0,0
0,0.0,0.0,0.0,0.0,0,0
0.9182958340544896,2.5136459293583706,2.3219280948873626,2.3158243335257076,1.0,0.0,0.0
0,1.0,1.5,1.0,0,0,0
1.5566567074628228,2.2272170014624826,1.5,2.148834854280917,0.9182958340544896,0,0
2.186704345910025,3.098068512058838,2.0,3.286790198827113,2.725480556997868,0,0
0,0,0,0,0,0,0
0,0,0,0,0,0,0
0,0,0,0,0,0,0
0,0,0,0,0,0,0
