problem,access,navigate,page_close,video,discussion,wiki
0,0,0,0,0,0,0
0,0,0,0,0,0,0
0,0,0,0,0,0,0
0,0.0,0.0,0,0,0,0
1.4806821149663845,3.083213650281121,2.6767370300521325,3.027166846341841,2.6612262562697895,1.7174414961686413,2.2810361125534238
0.0,0.0,0.0,0.0,0.0,0,0
0.9640787648082291,2.777909649071447,1.9086126988727123,2.7214130664659364,2.4193819456463714,0.0,1.0
0,0.0,0.0,0.0,0,0,0
0,0,0,0,0,0,0
0,0,0,0,0,0,0
0,0,0,0,0,0,0
