problem,access,navigate,page_close,video,discussion,wiki
0,0,0,0,0,0,0
0,0,0,0,0,0,0
1.4591479170272448,1.860964047443681,1.584962500721156,2.188721875540867,2.2359263506290326,0,0
0,0.0,0.0,0.0,0.0,0.0,0
0.8904916402194913,2.3282129458410017,1.5,2.3804304878001115,1.7609640474436812,0,0
0,1.5219280948873621,1.0,0.9182958340544896,0.0,0,0
0.863120568566631,0.5916727785823275,0.0,0.9182958340544896,0.9709505944546686,0,0
0,0,0,0,0,0,0
0,0,0,0,0,0,0
0,0,0,0,0,0,0
0,0,0,0,0,0,0
