problem,access,navigate,page_close,video,discussion,wiki
0,0,0,0,0,0,0
0,0,0,0,0,0,0
0,0,0,0,0,0,0
0,0,0,0,0,0,0
0,2.093165418138664,0.0,0.0,0.0,0,0
0.0,1.789929075309999,0.6500224216483541,0,0,0.0,0.0
0.0,2.916008066129769,2.4159220638351666,0.9182958340544896,0.0,0.0,0
2.1483109379101606,3.10191319827263,1.5219280948873621,1.584962500721156,1.0,0,0
0,2.6969881195081244,2.5974058114255185,2.8453509366224368,1.584962500721156,0,0
0,0,0,0,0,0,0
0,0,0,0,0,0,0
