problem,access,navigate,page_close,video,discussion,wiki
0,0,0,0,0,0,0
0,0,0,0,0,0,0
1.5,2.6935089416867957,2.733206219346495,1.0,1.584962500721156,0.0,0.0
0.0,2.719508336839199,2.2359263506290326,1.5,0,0,0
0,0.0,0.0,0.0,0,0,0
0.0,1.75,1.5,1.7924812503605778,1.9219280948873623,0,0
0.0,1.4171326567191829,1.5,1.061278124459133,1.2516291673878228,0,0
0,0,0,0,0,0,0
0,0,0,0,0,0,0
0,0,0,0,0,0,0
0,0,0,0,0,0,0
