problem,access,navigate,page_close,video,discussion,wiki
0,0,0,0,0,0,0
0,0,0,0,0,0,0
0,0,0,0,0,0,0
0,0,0,0,0,0,0
0.0,1.864698326166961,1.9219280948873623,1.8374848297119397,1.5,0.0,0.0
0,0.0,0.0,0.0,0,0,0
0.0,2.176908169168578,1.4854752972273344,2.3158243335257076,1.9219280948873623,1.3244602933016414,0.9182958340544896
0,0.0,0.0,0.0,0,0,0
1.181674238559905,1.3180778718271395,1.419556298571613,1.2555367253996506,0.0,0.0,0
0,0,0,0,0,0,0
0,0,0,0,0,0,0
