problem,access,navigate,page_close,video,discussion,wiki
0,1.5645041853857053,1.7273966735744792,0.0,0.0,0.0,0.0
0,2.529488114266201,1.584962500721156,1.584962500721156,1.0,0,0
0.0,1.8109283062792867,1.5,1.0,1.0,0.0,0
0.0,2.552832161679204,1.9182958340544893,0.0,0.0,0,0
0,2.625814583693911,1.584962500721156,1.584962500721156,0.0,0,0
0,0,0,0,0,0,0
0,0,0,0,0,0,0
0,0,0,0,0,0,0
0,0,0,0,0,0,0
0,0,0,0,0,0,0
0,0,0,0,0,0,0
