problem,access,navigate,page_close,video,discussion,wiki
0,0,0,0,0,0,0
0,0,0,0,0,0,0
0,0,0,0,0,0,0
0,0,0,0,0,0,0
0,0.9910760598382222,1.8464393446710154,0.9852281360342516,0.0,0.9494520153879484,0.0
0.0,2.4729055953200563,1.0,2.481714572986073,2.321928094887362,0.0,0
0,0.0,0.0,0.8112781244591328,0.0,0,0
0.0,2.8161100220806197,2.1180782093497093,3.260828171224455,2.9477027792200903,0,0
0,0.0,0.0,0.8112781244591328,1.0,0,0
0,0,0,0,0,0,0
0,0,0,0,0,0,0
