problem,access,navigate,page_close,video,discussion,wiki
0,0,0,0,0,0,0
0,0,0,0,0,0,0
0.0,2.2328956213567417,2.3709505944546687,2.4633846523503107,2.170950594454669,2.1440096401398447,0.0
0.0,2.5073801024236357,0.0,1.974937501201927,0.8112781244591328,0.0,0
0,0.0,0.0,0.0,0.0,0,0
0.5435644431995964,1.8924071185928766,0.8112781244591328,1.9808259362290785,0.8112781244591328,0,0
0,0.0,0.9182958340544896,0.0,0,0.9709505944546686,0
0,0,0,0,0,0,0
0,0,0,0,0,0,0
0,0,0,0,0,0,0
0,0,0,0,0,0,0
