problem,access,navigate,page_close,video,discussion,wiki
0,0,0,0,0,0,0
0,0,0,0,0,0,0
0,0,0,0,0,0,0
0,0,0,0,0,0,0
0.0,0.9182958340544896,1.0,0.0,0.863120568566631,0,0
0.0,1.5166238110793633,0.0,1.9056390622295665,1.5,0.0,0
0.0,0.9886994082884974,0.0,0.9709505944546686,1.0,0,0
1.0,2.438900553901808,0.9182958340544896,2.2359263506290326,1.9015064025015063,0,0
1.4488156357251847,2.22442278300112,0.0,2.0,2.054585169337799,0,0
0,0,0,0,0,0,0
0,0,0,0,0,0,0
