problem,access,navigate,page_close,video,discussion,wiki
0,1.4591479170272448,0.0,1.0,1.0,0,0
0.0,2.581179445569546,1.3709505944546687,1.0,0.0,1.7177602521413333,0.0
0,2.373874097979029,1.5,1.5219280948873621,1.0,0,0
0.9709505944546686,2.8048930829432357,1.0,1.0,1.0,0,0
0.0,3.5724312513221195,0,0.9182958340544896,0.0,0.0,0
0,0,0,0,0,0,0
0,0,0,0,0,0,0
0,0,0,0,0,0,0
0,0,0,0,0,0,0
0,0,0,0,0,0,0
0,0,0,0,0,0,0
