problem,access,navigate,page_close,video,discussion,wiki
0,0,0,0,0,0,0
0,0,0,0,0,0,0
0,0,0,0,0,0,0
0,0.9182958340544896,0.0,0.0,0.0,0.0,0
0,1.561278124459133,1.0,0.0,0.0,0,0
0.0,1.7735681581652278,1.5216406363433184,1.532914563979398,1.584962500721156,1.272905595320056,0.0
0.0,0.863120568566631,0.0,0.9709505944546686,0.0,0,0
0.9940302114769565,0.9182958340544896,2.0,0.9182958340544896,0.0,0.0,0
0,0,0,0,0,0,0
0,0,0,0,0,0,0
0,0,0,0,0,0,0
