problem,access,navigate,page_close,video,discussion,wiki
0,0,0,0,0,0,0
0,0,0,0,0,0,0
0.0,0.9852281360342516,0.863120568566631,0.9980008838722996,0.9798687566511528,0.0,0.0
0.0,1.5304930567574826,0.7219280948873623,1.5774062828523454,1.3516441151533922,0.0,0
0.0,1.5709505944546684,1.8423709931771088,1.1488348542809166,0.0,1.0,0
0.0,0.9182958340544896,0.9182958340544896,1.0,0.9709505944546686,0,0
0,0.0,0.0,0.0,0,0,0
0,0,0,0,0,0,0
0,0,0,0,0,0,0
0,0,0,0,0,0,0
0,0,0,0,0,0,0
