problem,access,navigate,page_close,video,discussion,wiki
0,0,0,0,0,0,0
0,0,0,0,0,0,0
0.9709505944546686,2.686494994012813,2.339572261986723,2.35274578087187,1.0,0.5916727785823275,0
0.0,1.2419460322060458,0.9182958340544896,1.5709505944546687,1.4591479170272448,0.0,0.0
0,0.0,0.0,0.0,0,0,0
0.863120568566631,2.0182155146751497,0.6500224216483541,1.7219280948873623,1.3787834934861756,0.0,0.0
0,0.0,0.0,0.0,0,0,0
0,0,0,0,0,0,0
0,0,0,0,0,0,0
0,0,0,0,0,0,0
0,0,0,0,0,0,0
