problem,access,navigate,page_close,video,discussion,wiki
0,0,0,0,0,0,0
0,0,0,0,0,0,0
1.5,2.048125944517352,1.1488348542809166,2.1609044775238857,2.2295739585136225,0.0,0
0.9182958340544896,1.6851179336594355,1.0,1.9301249653149701,1.4488156357251847,0.0,0
0,0,0,0,0,0,0
0.9182958340544896,0.863120568566631,0.7219280948873623,0.7871265862012691,0.0,0.7219280948873623,0.0
0.9709505944546686,1.0,0.0,1.0,0.0,0,0
0,0,0,0,0,0,0
0,0,0,0,0,0,0
0,0,0,0,0,0,0
0,0,0,0,0,0,0
