problem,access,navigate,page_close,video,discussion,wiki
0,2.551778485298134,2.1545360655058308,2.3324321859340604,1.7232314287976207,1.8423709931771084,0.9182958340544896
0.0,2.2062389286533897,2.25,2.4182958340544896,2.4193819456463714,0,0
0.0,1.7471671973069338,1.5219280948873621,0.0,0.0,0,0
0.0,1.669180336866731,0.0,0.0,0,0.0,0
0.0,2.217021885879718,1.3709505944546687,0,0,0.0,0.0
0,0,0,0,0,0,0
0,0,0,0,0,0,0
0,0,0,0,0,0,0
0,0,0,0,0,0,0
0,0,0,0,0,0,0
0,0,0,0,0,0,0
