problem,access,navigate,page_close,video,discussion,wiki
0,1.5546097612655665,1.8423709931771084,1.0,0,1.2987949406953985,0.0
0.0,1.5219280948873621,1.584962500721156,1.0,0,0.954434002924965,0
0.0,0.0,1.0,0,0,0.0,0
0.0,0.9957274520849256,1.0,0.9456603046006402,0.9852281360342516,0,0
0.0,1.5058231002082845,0.0,1.5306189948485172,1.5709505944546684,0,0
0,0,0,0,0,0,0
0,0,0,0,0,0,0
0,0,0,0,0,0,0
0,0,0,0,0,0,0
0,0,0,0,0,0,0
0,0,0,0,0,0,0
