problem,access,navigate,page_close,video,discussion,wiki
0,0.5916727785823275,2.2470847539170844,0.9709505944546686,0.9182958340544896,2.4300985114819134,0.0
0.0,1.6183941088363931,2.0300872246321315,1.4182958340544896,0.0,1.0949143184120975,0.0
0.0,0.37123232664087563,0.0,0.0,0,0.0,0
0.0,0.9456603046006402,0.74959525725948,0.0,0,0.0,0.0
0.0,0.0,0.0,0,0,0.0,0.0
0,0,0,0,0,0,0
0,0,0,0,0,0,0
0,0,0,0,0,0,0
0,0,0,0,0,0,0
0,0,0,0,0,0,0
0,0,0,0,0,0,0
