problem,access,navigate,page_close,video,discussion,wiki
0,0,0,0,0,0,0
0,0,0,0,0,0,0
0.0,2.1831087631043564,2.092271865683611,2.4659573209491747,2.25,0.8112781244591328,0.0
0.0,1.4591479170272448,0.0,0.0,0.0,0,0
0,0.0,0.0,0.0,0,0.0,0.0
0,0.8112781244591328,0.0,0.9182958340544896,0.0,0,0
0,0.0,0.0,0.0,0.0,0,0
0,0,0,0,0,0,0
0,0,0,0,0,0,0
0,0,0,0,0,0,0
0,0,0,0,0,0,0
