problem,access,navigate,page_close,video,discussion,wiki
0,0.0,0.0,0.0,0.0,0.7219280948873623,0.0
0.6500224216483541,0.9182958340544896,1.3709505944546687,0.9709505944546686,1.0,0.0,0.0
0.9182958340544896,1.781937063546704,1.0,1.8843135277997989,1.75,0.0,0
0.9182958340544896,2.4159220638351666,1.0,2.2295739585136225,1.9502120649147465,0.0,0
0,0,0,0,0,0,0
0,0,0,0,0,0,0
0,0,0,0,0,0,0
0,0,0,0,0,0,0
0,0,0,0,0,0,0
0,0,0,0,0,0,0
0,0,0,0,0,0,0
