problem,access,navigate,page_close,video,discussion,wiki
0,0,0,0,0,0,0
0,0,0,0,0,0,0
0.0,1.7490603243994,1.4591479170272446,1.4056390622295665,0.8112781244591328,0.7219280948873623,0.0
0.7642045065086203,2.170134892428194,1.0,2.2577560641285177,1.9502120649147465,0,0
0,0.0,0.0,0.0,0,0,0
0,1.5,0.0,0.9182958340544896,0.0,0,0
0.0,1.9938866857439919,2.0,1.9877733714879842,0.9852281360342516,0,0
0,0,0,0,0,0,0
0,0,0,0,0,0,0
0,0,0,0,0,0,0
0,0,0,0,0,0,0
