problem,access,navigate,page_close,video,discussion,wiki
0,0,0,0,0,0,0
0,0,0,0,0,0,0
0.0,1.280672129520887,1.471602261409798,1.1589385323502772,1.5,0.0,0.0
0.8112781244591328,2.4709399255017113,2.913977073182752,2.838456377350588,2.1280852788913944,0,0
0,0,0.0,0,0,0,0
0.0,1.5,1.5,1.3092966682370037,0.0,0,0
0.0,1.3830999911893338,1.295461844238322,1.280672129520887,1.0,0,0.0
0,0,0,0,0,0,0
0,0,0,0,0,0,0
0,0,0,0,0,0,0
0,0,0,0,0,0,0
