problem,access,navigate,page_close,video,discussion,wiki
0,0,0,0,0,0,0
0,0,0,0,0,0,0
0,0.863120568566631,1.360964047443681,0.0,0,0.0,0.0
1.6004512092982517,2.652793806628028,0.8112781244591328,0.0,1.0,0.7219280948873623,0
1.4051718888847455,3.416033581098947,1.6729330318733675,1.5,2.852096688995876,2.043855461526303,0.0
0.0,1.107784384952517,0.0,0.0,1.0,0,0
0,1.0,0.9182958340544896,0,0,0,0
0,0,0,0,0,0,0
0,0,0,0,0,0,0
0,0,0,0,0,0,0
0,0,0,0,0,0,0
