problem,access,navigate,page_close,video,discussion,wiki
0,0,0,0,0,0,0
0,0,0,0,0,0,0
0.0,2.330090133115591,2.3553885422075336,2.353533948577482,2.321928094887362,2.407430022880617,0.9182958340544896
0.0,1.8802408149441479,0.0,0.0,0,0.9910760598382222,0
0,1.5,0,1.0,1.0,0,0
0.6500224216483541,2.081351689690328,1.0,1.0,0,0,0
0.0,2.317950827656989,0.0,0.0,0.0,0,0
0,0,0,0,0,0,0
0,0,0,0,0,0,0
0,0,0,0,0,0,0
0,0,0,0,0,0,0
