problem,access,navigate,page_close,video,discussion,wiki
0,0,0,0,0,0,0
0,0,0,0,0,0,0
0.0,0.8315435491770659,0.863120568566631,1.2516291673878228,0.9182958340544896,0.7219280948873623,0.0
0.0,2.351593723348755,0.0,1.6644977792004614,1.9219280948873623,0,0
0,0.0,0,0.0,0.0,0,0
0.0,2.3318026736242854,0,2.8150724101159437,2.913977073182752,0,0
0.0,1.7766621524968393,1.5,2.1451363701530526,2.1180782093497093,0.9182958340544896,0
0,0,0,0,0,0,0
0,0,0,0,0,0,0
0,0,0,0,0,0,0
0,0,0,0,0,0,0
