problem,access,navigate,page_close,video,discussion,wiki
0,0,0,0,0,0,0
0,0,0,0,0,0,0
0,0,0,0,0,0,0
0.0,0.0,0.0,0.0,0.0,0.0,0.0
2.084962500721156,2.1216535224393334,1.1488348542809166,2.235336282879157,2.1804820237218405,0.0,0.0
0,1.0,0.8112781244591328,1.0,0,0.0,0
0.9182958340544896,0.9182958340544896,1.0,1.0,1.0,0.0,0
0,0,0,0,0,0,0
0,0,0,0,0,0,0
0,0,0,0,0,0,0
0,0,0,0,0,0,0
