problem,access,navigate,page_close,video,discussion,wiki
0,0,0,0,0,0,0
0,0,0,0,0,0,0
0.26676498780302604,1.6325577901194688,1.5,2.0349409139562287,0.9182958340544896,1.8585552118703144,0.0
0.0,1.4353713907745331,1.5219280948873621,1.75,1.5219280948873621,0.9709505944546686,0
0,0.0,0.0,0.0,0,0,0
0,0.8112781244591328,0.0,1.0,0.0,0,0
0,1.9808259362290785,1.4591479170272446,1.9056390622295665,1.584962500721156,0.0,0
0,0,0,0,0,0,0
0,0,0,0,0,0,0
0,0,0,0,0,0,0
0,0,0,0,0,0,0
