problem,access,navigate,page_close,video,discussion,wiki
0,0,0,0,0,0,0
0,0,0,0,0,0,0
0,0,0,0,0,0,0
0,0,0,0,0,0,0
0.0,1.0,0.954434002924965,1.0,0,0.6500224216483541,0.0
0,0.0,1.0,0.0,0,0.9709505944546686,0.0
0.0,1.7527152789797045,0.9182958340544896,1.811278124459133,1.4591479170272448,0.0,0
0.9182958340544896,2.174583503614888,0.9182958340544896,2.4464393446710155,1.8423709931771084,0,0
0.0,1.9440097497163569,0.0,0.0,0,0,0
0,0,0,0,0,0,0
0,0,0,0,0,0,0
