problem,access,navigate,page_close,video,discussion,wiki
0,0,0,0,0,0,0
0,0,0,0,0,0,0
0,0,0,0,0,0,0
0,0,0,0,0,0,0
0.0,1.4604846813131114,0.8112781244591328,1.4353713907745331,1.584962500721156,0.0,0.0
0,0.0,0.0,0.0,0,0,0
0.0,2.0854752972273345,1.5,2.5220552088742005,1.584962500721156,0.0,0
0.0,2.4384111060975004,2.0,2.452819531114783,2.321928094887362,0,0
0.5225593745369408,1.7609640474436812,1.0,1.7783283537314114,1.4591479170272448,0,0
0,0,0,0,0,0,0
0,0,0,0,0,0,0
