problem,access,navigate,page_close,video,discussion,wiki
0,0,0,0,0,0,0
0,0,0,0,0,0,0
0,0,0,0,0,0,0
0,0,0,0,0,0,0
0,2.113027595062522,1.7332062193464952,0.0,0.0,0.946372935985442,0
0,2.114453572902778,1.584962500721156,1.584962500721156,1.0,0.9063560961508323,0
0,0.6840384356390417,0.0,0.0,0,0,0
0.0,2.3137405602478287,1.5,0.9182958340544896,0,0.0,0.0
2.0,2.6715092140152996,2.2516291673878226,1.9219280948873623,2.0,0,0
0,0,0,0,0,0,0
0,0,0,0,0,0,0
