problem,access,navigate,page_close,video,discussion,wiki
0,0,0,0,0,0,0
0,0,0,0,0,0,0
1.1567796494470395,3.0904360102484376,2.7074627461370504,2.792481250360578,1.5,0.8929427417665807,0
0.0,3.504216828822861,3.321928094887362,3.0,2.584962500721156,0.6500224216483541,0
0,0.0,0.0,0.0,0,0,0
0.0,2.5246561380218906,2.251629167387823,2.0,1.5,0,0
0,2.0,2.0,1.0,1.584962500721156,0,0
0,0,0,0,0,0,0
0,0,0,0,0,0,0
0,0,0,0,0,0,0
0,0,0,0,0,0,0
