problem,access,navigate,page_close,video,discussion,wiki
0,0,0,0,0,0,0
0,0,0,0,0,0,0
0.0,2.6676286494293433,0.863120568566631,0.0,0.0,0.0,0.0
1.0,2.218542602257215,0.9182958340544896,0.0,0,0.0,0
0,1.4591479170272446,1.561278124459133,0,0,1.3221793455166666,0.0
0.0,1.0949143184120975,0.0,0,0,0,0
0.0,0.9456603046006402,1.0,0.0,0,0.0,0
0,0,0,0,0,0,0
0,0,0,0,0,0,0
0,0,0,0,0,0,0
0,0,0,0,0,0,0
