problem,access,navigate,page_close,video,discussion,wiki
0,0,0,0,0,0,0
0,0,0,0,0,0,0
1.7798299876761596,1.8481805635708728,1.7527152789797047,2.0940001605649314,1.0,0,0
0,1.0,1.0,1.0,0,0,0
0.9182958340544896,1.3838077354640828,1.584962500721156,1.271782221599798,1.0,0.0,0
0.9709505944546686,1.188721875540867,1.2987949406953985,1.061278124459133,0.0,1.3382689280764644,0
0,0.0,0.0,0.0,0,0.0,0
0,0,0,0,0,0,0
0,0,0,0,0,0,0
0,0,0,0,0,0,0
0,0,0,0,0,0,0
