problem,access,navigate,page_close,video,discussion,wiki
0,0,0,0,0,0,0
0,0,0,0,0,0,0
0,0.9709505944546686,0.0,0.0,0,0,0
0,1.6814963295286756,1.5487949406953985,1.352030101757953,0.0,0.0,0.0
1.0,2.1559130951758245,0.9182958340544896,2.2312702546075758,1.5,0,0
1.0,2.368102070191481,2.4464393446710155,2.040223928941852,1.0,1.2256186891151253,0
0.0,1.5709505944546684,0.9182958340544896,1.4591479170272448,0,0.0,0
0,0,0,0,0,0,0
0,0,0,0,0,0,0
0,0,0,0,0,0,0
0,0,0,0,0,0,0
