problem,access,navigate,page_close,video,discussion,wiki
0,0,0,0,0,0,0
0,0,0,0,0,0,0
1.014097655573916,2.9510914785656035,3.0574760762899316,0.41381685030363374,0.0,0.0,0
0.0,2.256429137585441,3.1279868068776753,1.584962500721156,0.0,1.0,0
0.8879763195151351,1.8448819354293255,1.9056390622295665,0.0,0.0,0,0
0,2.1243096954687446,2.2221915755066783,0.0,0.0,0,0
0.4658491737720425,1.4387586809150084,1.7924812503605778,0,0,0,0
0,0,0,0,0,0,0
0,0,0,0,0,0,0
0,0,0,0,0,0,0
0,0,0,0,0,0,0
