problem,access,navigate,page_close,video,discussion,wiki
0,0,0,0,0,0,0
0,0,0,0,0,0,0
0.0,1.360964047443681,1.5,1.6767370300521327,1.3787834934861753,1.584962500721156,0.0
0.0,1.7758589482446405,1.0,1.6577427265048887,0.8112781244591328,0,0
0,0.0,0.0,0.0,0,0,0
0.0,0.9798687566511528,1.0,0.9182958340544896,0.9182958340544896,0,0
0,1.5709505944546684,0.0,1.5304930567574826,1.0,0,0
0,0,0,0,0,0,0
0,0,0,0,0,0,0
0,0,0,0,0,0,0
0,0,0,0,0,0,0
