problem,access,navigate,page_close,video,discussion,wiki
0,0,0,0,0,0,0
0,0,0,0,0,0,0
1.974937501201927,2.0778650821659572,2.147125158510303,1.7295739585136223,0.0,1.5461796919474975,1.0
0,0,0.9182958340544896,0,0,0.0,0
1.0,0.6500224216483541,0.9182958340544896,0.9182958340544896,0.9182958340544896,0,0
1.584962500721156,2.016875695766564,2.481714572986073,1.0,1.0,0,0.0
0.0,0.35335933502142136,0.0,0.0,0.0,0,0
0,0,0,0,0,0,0
0,0,0,0,0,0,0
0,0,0,0,0,0,0
0,0,0,0,0,0,0
