problem,access,navigate,page_close,video,discussion,wiki
0,0,0,0,0,0,0
0,0,0,0,0,0,0
0,0,0,0,0,0,0
0.6500224216483541,2.336049679193962,2.355388542207534,2.20020284165082,1.3250112108241772,1.090652803252992,0.0
0,1.0,1.0,1.0,0,0.0,0
0,0.0,0.0,0.0,0,0,0
0,0.0,0.0,0.0,0.0,0.0,0
0.0,1.765246528378741,1.584962500721156,1.3244602933016414,0.9852281360342516,0,0
0,0,0,0,0,0,0
0,0,0,0,0,0,0
0,0,0,0,0,0,0
