problem,access,navigate,page_close,video,discussion,wiki
0,3.1285420559075723,2.75,3.1416192081839793,2.8962915290459277,1.1358885792578717,0
0.0,2.570356063692049,0.7219280948873623,2.855539000552653,2.875,0.0,0
0.0,3.2390795706241744,1.5219280948873621,0.0,0.0,0.0,0
0.0,0.0,0.9182958340544896,0.0,0.0,0,0
1.0,2.465145119504242,1.0,0,0,0.8812908992306927,0
0,0,0,0,0,0,0
0,0,0,0,0,0,0
0,0,0,0,0,0,0
0,0,0,0,0,0,0
0,0,0,0,0,0,0
0,0,0,0,0,0,0
