problem,access,navigate,page_close,video,discussion,wiki
0,0,0,0,0,0,0
0,0,0,0,0,0,0
0.9709505944546686,1.7721857463043809,1.8305576533947312,1.584962500721156,0.0,2.1140368018373032,1.0
0.0,1.7763318528003076,1.5,0.0,0,0.961236604722876,0
0,1.0,1.0,0,0,0.863120568566631,0
0.0,1.2090947583763865,1.0,0.0,0,0.6193821946787638,0
0,1.580982641705794,0.9182958340544896,0.0,0,0.0,0
0,0,0,0,0,0,0
0,0,0,0,0,0,0
0,0,0,0,0,0,0
0,0,0,0,0,0,0
