problem,access,navigate,page_close,video,discussion,wiki
0,0,0,0,0,0,0
0,0,0,0,0,0,0
0.0,1.718845535995202,2.4464393446710155,1.4182958340544896,0.0,1.5566567074628228,0
0.0,1.669180336866731,0.9182958340544896,1.75,1.5,0.0,0
0,0.0,0.5916727785823275,0.0,0,0.0,0
0,0.4394969869215134,0.0,0.9709505944546686,0.0,0,0
0,0.9852281360342516,0.0,1.0,0.0,0,0
0,0,0,0,0,0,0
0,0,0,0,0,0,0
0,0,0,0,0,0,0
0,0,0,0,0,0,0
