problem,access,navigate,page_close,video,discussion,wiki
0,0,0,0,0,0,0
0,0,0,0,0,0,0
0,0,0,0,0,0,0
0,0,0,0,0,0,0
0,1.5744174271404583,1.4591479170272446,0.0,0.0,0.0,0.0
0.0,0.0,0.0,0,0,0.0,0
0.0,1.4294732983598406,1.3787834934861756,0.0,0.0,0.0,0.0
1.198192411043098,2.773043983484693,2.446439344671016,0.0,0.0,0,0
0.0,1.8365916681089791,0.0,0.0,1.0,0,0
0,0,0,0,0,0,0
0,0,0,0,0,0,0
