problem,access,navigate,page_close,video,discussion,wiki
0,0,0,0,0,0,0
0,0,0,0,0,0,0
0.0,1.1981174211304033,0.9182958340544896,0.9709505944546686,0.0,1.584962500721156,0.0
0.6500224216483541,2.1266888497018317,1.0,2.2584598927441624,1.836591668108979,0.0,0
0,0.0,0,0.0,0,0.0,0
0.0,1.8015553955513925,0.0,1.4769092849936092,0.4689955935892812,2.1556390622295662,0.0
0,0.0,0,0.0,0.0,0.0,0
0,0,0,0,0,0,0
0,0,0,0,0,0,0
0,0,0,0,0,0,0
0,0,0,0,0,0,0
