problem,access,navigate,page_close,video,discussion,wiki
0,0,0,0,0,0,0
0,0,0,0,0,0,0
2.6215335041412,3.291747691793882,2.2230137220029578,2.2516291673878226,2.235926350629032,0.35335933502142136,0.0
0,0.0,0.0,0.0,0,0,0
0.0,1.8348986817223765,0.9182958340544896,1.224394445405986,1.0,0.0,0.0
0,2.397199904294062,2.699513850319966,1.4652556501132248,1.2957378005380122,0,0
0,0.0,0.0,0.0,0.0,0,0
0,0,0,0,0,0,0
0,0,0,0,0,0,0
0,0,0,0,0,0,0
0,0,0,0,0,0,0
