problem,access,navigate,page_close,video,discussion,wiki
0,0,0,0,0,0,0
0,0,0,0,0,0,0
1.9470305009171023,2.6858857059297607,2.2810361125534238,0,1.789929075309999,0.0,0
1.0863128407412879,2.352238598805877,2.251629167387823,2.230650273053744,1.5744174271404583,0.0,0.0
0.0,1.1595547523787308,1.0,0.0,0.0,0,0
2.4231790815135263,2.3577100777188313,1.0,0,2.054585169337799,0,0
0,0.9852281360342516,1.0,1.0,0,0,0
0,0,0,0,0,0,0
0,0,0,0,0,0,0
0,0,0,0,0,0,0
0,0,0,0,0,0,0
