problem,access,navigate,page_close,video,discussion,wiki
0,0.863120568566631,1.5,0.0,0.0,1.813183850507562,0
0.0,1.8954618442383218,1.0,1.3709505944546687,0.8112781244591328,0,0
0.0,0.0,1.0,0.0,0.0,0,0
0.0,1.2958363892911637,0.0,1.295461844238322,0.6500224216483541,0,0
0.0,0.0,0.0,0.0,0.0,0,0
0,0,0,0,0,0,0
0,0,0,0,0,0,0
0,0,0,0,0,0,0
0,0,0,0,0,0,0
0,0,0,0,0,0,0
0,0,0,0,0,0,0
