problem,access,navigate,page_close,video,discussion,wiki
1.2516291673878228,1.384431504340598,1.4591479170272448,1.4488156357251847,0,0,0
