problem,access,navigate,page_close,video,discussion,wiki
0.0,3.098929563690935,2.8553885422075336,2.8962915290459277,0.9182958340544896,1.1964209471916638,0
