problem,access,navigate,page_close,video,discussion,wiki
0.9182958340544896,2.78735335640179,2.4193819456463714,2.719508336839199,2.25,0,0
