problem,access,navigate,page_close,video,discussion,wiki
1.7453730714034146,2.21356862712945,1.584962500721156,2.054585169337799,1.811278124459133,0.9784493292686189,0
