problem,access,navigate,page_close,video,discussion,wiki
1.5090275125326515,1.805036532577266,1.4591479170272448,1.9877733714879842,2.0,0,0
