problem,access,navigate,page_close,video,discussion,wiki
0.5435644431995964,2.46772662931161,2.321928094887362,2.5521796970665487,2.058813890331201,0,0
