problem,access,navigate,page_close,video,discussion,wiki
1.0,2.9449647867116937,1.584962500721156,3.161570835176288,2.9708400131019848,0.0,0
