problem,access,navigate,page_close,video,discussion,wiki
1.7779849042597489,2.3444984342490516,2.1556390622295662,2.2228137265406867,2.1556390622295662,0.0,0
