problem,access,navigate,page_close,video,discussion,wiki
2.7524318704534685,2.871330682774345,2.221251836004466,3.4014228908019635,2.4772170014624826,0.0,0.74959525725948
