problem,access,navigate,page_close,video,discussion,wiki
0.0,2.095088105562465,1.103307408607834,1.9334975949679492,2.1556390622295662,0.0,0.0
