problem,access,navigate,page_close,video,discussion,wiki
0.7710333662548168,1.4785349484605677,0.0,1.5566567074628228,1.188721875540867,0.0,0
