problem,access,navigate,page_close,video,discussion,wiki
1.8924071185928766,2.6556390622295662,0.8112781244591328,2.663532754804255,2.503258334775646,0,0
