problem,access,navigate,page_close,video,discussion,wiki
0.0,0.8812908992306927,0.8112781244591328,0.5435644431995964,0.0,0,0
