problem,access,navigate,page_close,video,discussion,wiki
2.0097443598567484,3.087570578720166,2.0349409139562287,2.950212064914747,2.0048861640918427,1.4056390622295665,0.0
