problem,access,navigate,page_close,video,discussion,wiki
2.5727414799922643,3.1354070167206114,2.867633890971212,3.0730469204323274,0.7219280948873623,1.9273190198789014,0.0
