problem,access,navigate,page_close,video,discussion,wiki
2.6367939426617863,3.1410400055020657,3.0503018554349817,1.3709505944546687,1.4591479170272448,0.0,0
