problem,access,navigate,page_close,video,discussion,wiki
1.1712475897128822,1.7147366491799205,2.0,1.6758220575766962,1.0,0,0
