problem,access,navigate,page_close,video,discussion,wiki
2.6090402727526194,3.1487463607654975,2.9655839357277807,3.2806390622295662,0.0,0.0,0
