problem,access,navigate,page_close,video,discussion,wiki
0.0,2.00712204080125,1.8423709931771088,2.231119777314698,2.1851068360429444,1.0,0.0
