problem,access,navigate,page_close,video,discussion,wiki
0.9182958340544896,2.517788883240974,2.168055057408662,2.6022170014624826,1.4591479170272448,1.75,0.0
