problem,access,navigate,page_close,video,discussion,wiki
0.0,2.408725576802252,1.7263472243434204,2.484255144794799,2.197159723424149,0.0,0.0
