problem,access,navigate,page_close,video,discussion,wiki
0.9182958340544896,3.1379114578634546,2.4182958340544896,1.584962500721156,1.9182958340544896,0.0,0
