problem,access,navigate,page_close,video,discussion,wiki
2.441941387366395,3.3155668473076454,1.9732285161344474,3.126379684350733,3.299232822814658,2.6970148112524406,0.0
