problem,access,navigate,page_close,video,discussion,wiki
0.0,1.9879757444489552,2.2359263506290326,2.381051959488611,1.5792028044502626,0.9709505944546686,0
