problem,access,navigate,page_close,video,discussion,wiki
0,2.0430576940642533,2.6356548744274084,2.6464393446710153,0,1.5625126544035521,0.0
