problem,access,navigate,page_close,video,discussion,wiki
0.8886865525783176,1.2830215054694787,1.3250112108241772,1.5262349099495227,0.9852281360342516,0.9640787648082291,0.0
