problem,access,navigate,page_close,video,discussion,wiki
0.0,2.207554798865899,2.199687794731328,1.7884504573082893,0.9709505944546686,0.8112781244591328,0.0
