problem,access,navigate,page_close,video,discussion,wiki
1.9182958340544893,2.2697734745341305,1.9219280948873623,1.0,0.0,0,0
