problem,access,navigate,page_close,video,discussion,wiki
1.3609640474436813,2.725902245718536,1.5,1.3709505944546687,0.0,0,0.0
