problem,access,navigate,page_close,video,discussion,wiki
0,1.3403852530565896,0.0,1.1488348542809166,1.7295739585136223,0.0,0
