problem,access,navigate,page_close,video,discussion,wiki
2.256564762130954,2.842858171067322,2.5492553971685,2.8841837197791884,2.197159723424149,2.115990636498327,0.3095434291503252
