problem,access,navigate,page_close,video,discussion,wiki
0,1.8423709931771084,0.0,1.9182958340544893,1.9182958340544893,0.0,0.0
