problem,access,navigate,page_close,video,discussion,wiki
0.0,1.2987949406953985,0.0,1.8423709931771088,1.5219280948873621,0,0
