problem,access,navigate,page_close,video,discussion,wiki
2.672218457230275,2.5599528280161934,2.4056390622295662,2.6556390622295662,2.3921472236645345,2.237938568603079,0.0
