problem,access,navigate,page_close,video,discussion,wiki
2.1471241003065313,3.240652444669654,2.8603207778330444,2.0,2.2359263506290326,0,0
