problem,access,navigate,page_close,video,discussion,wiki
0.0,2.371533594790784,3.065957320949175,0,0,2.7253410770406767,0.0
