problem,access,navigate,page_close,video,discussion,wiki
0,2.2486022833604293,2.3598063039211006,2.2125823032160294,1.0,2.200036619192676,1.0
