problem,access,navigate,page_close,video,discussion,wiki
0.5225593745369408,2.991419631995866,2.6385592597639778,2.914016303506845,0.9709505944546686,1.991650811265751,0.0
