problem,access,navigate,page_close,video,discussion,wiki
0,1.8799649487271108,0.0,2.4056390622295662,2.5216406363433186,0,0
