problem,access,navigate,page_close,video,discussion,wiki
0.0,2.601685953769193,1.9609640474436814,2.590550221551911,1.9982975702780197,0.7642045065086203,0.0
