problem,access,navigate,page_close,video,discussion,wiki
0.0,1.3516441151533924,1.5744174271404585,1.3709505944546687,1.5,0.0,0.0
