problem,access,navigate,page_close,video,discussion,wiki
3.22924574648016,3.6741534356248327,3.085055102756477,0.9182958340544896,2.9072682296173893,3.218840229670387,0.0
