problem,access,navigate,page_close,video,discussion,wiki
1.867633890971212,2.5573512744375853,1.6858157091530304,2.5468465893424046,2.5220552088742005,0.0,0.0
