problem,access,navigate,page_close,video,discussion,wiki
0.6051865766334206,0.37123232664087563,0.7219280948873623,0.2351933818192415,0,0,0.0
