problem,access,navigate,page_close,video,discussion,wiki
1.3066598794771638,1.4344893695621077,1.3221793455166666,0,0,0,0
