problem,access,navigate,page_close,video,discussion,wiki
2.857858588240495,3.7555807219979824,2.6464393446710153,3.0143376643080413,3.6869741053330842,2.5609032260555598,0
