problem,access,navigate,page_close,video,discussion,wiki
0.0,1.8638263900908156,0.8112781244591328,1.7947367178034823,1.4885252948977485,0,0
