problem,access,navigate,page_close,video,discussion,wiki
0,1.7132282994716024,1.2987949406953985,1.669180336866731,1.6577427265048887,0.0,0.0
