problem,access,navigate,page_close,video,discussion,wiki
1.2516291673878228,1.7394541964918901,1.5,1.8062389286533895,1.6171895725927152,0,0
