problem,access,navigate,page_close,video,discussion,wiki
0.0,1.8333208226910545,1.7924812503605778,1.9609640474436814,0.8112781244591328,0.0,0
