problem,access,navigate,page_close,video,discussion,wiki
1.5013579287098409,1.8279831044758021,1.061278124459133,1.9705730958116854,1.8565647621309542,0.0,0
