problem,access,navigate,page_close,video,discussion,wiki
0.362051251733998,1.6020254546651265,2.1280852788913944,1.640223928941852,1.7609640474436812,0.0,0.0
