problem,access,navigate,page_close,video,discussion,wiki
2.285129631910751,2.9446492784963,2.6384600665861564,2.4464393446710155,2.3745560483818835,2.151610276838808,0
