problem,access,navigate,page_close,video,discussion,wiki
1.2125254388284068,2.141331695338148,2.5614992230622806,1.8046513823783563,1.8804820237218407,1.6577427265048887,0.9182958340544896
