problem,access,navigate,page_close,video,discussion,wiki
0.954434002924965,1.936278124459133,1.3250112108241772,1.6140054628542202,1.2987949406953985,0.0,0.0
