problem,access,navigate,page_close,video,discussion,wiki
0,1.3830999911893338,1.4466166676282082,0.0,0.5916727785823275,0,0.0
