problem,access,navigate,page_close,video,discussion,wiki
2.124429189186364,2.943733080795526,1.1752835873133534,1.5166422780956526,3.3303673933663145,0.0,0
