problem,access,navigate,page_close,video,discussion,wiki
2.0,1.9751060324573733,1.3709505944546687,1.7272486062639207,1.5709505944546687,0,0
