problem,access,navigate,page_close,video,discussion,wiki
1.305803563478725,1.1863929342238186,1.584962500721156,1.0488412604661608,0.8904916402194913,0,0
