problem,access,navigate,page_close,video,discussion,wiki
1.0237614649775086,1.5962017927557985,2.565448371820825,0,0.0,0.0,0.0
