problem,access,navigate,page_close,video,discussion,wiki
1.895461844238322,3.184765379243777,1.5,1.584962500721156,0,0,0
