problem,access,navigate,page_close,video,discussion,wiki
0.9886994082884974,1.7500499304347519,0.9182958340544896,2.075869296697727,2.058813890331201,0,0
