problem,access,navigate,page_close,video,discussion,wiki
2.266162761858357,2.843500991845514,1.9211854965885542,0.8112781244591328,0.0,0.0,0.0
