problem,access,navigate,page_close,video,discussion,wiki
1.4806821149663847,1.6408676019243738,1.4949188482339508,2.0347090892393824,1.7381493331928664,0,0.8112781244591328
