problem,access,navigate,page_close,video,discussion,wiki
1.5726236638951638,1.9659195802312346,1.6767370300521325,2.0132790219068077,1.9219280948873623,1.8030074660991144,0
