problem,access,navigate,page_close,video,discussion,wiki
2.0,1.8339272176418302,1.4355205042826666,2.054693951646702,0.9182958340544896,0.0,0
