problem,access,navigate,page_close,video,discussion,wiki
0.0,2.5630240187231137,1.971747257128181,2.78475974661122,2.682588730501833,0.0,0
