problem,access,navigate,page_close,video,discussion,wiki
2.5219280948873624,3.225084843953633,2.5654483718208256,2.0,2.0,0.0,0
