problem,access,navigate,page_close,video,discussion,wiki
0.0,0.9182958340544896,0.0,0.7553754125614287,0.2974722489192896,0.0,0
