problem,access,navigate,page_close,video,discussion,wiki
0.9383153522334069,1.6245226265632757,1.9086126988727123,1.5,0.35335933502142136,1.4488156357251847,0.0
