problem,access,navigate,page_close,video,discussion,wiki
0.9970590569034107,3.090386364047024,2.4193819456463714,2.9538063731601096,2.4528385678644478,0.0,0
