problem,access,navigate,page_close,video,discussion,wiki
1.953152587415111,2.7857120420332513,2.6887218755408666,2.9072682296173893,3.155221528859512,1.2389012566026307,0
