problem,access,navigate,page_close,video,discussion,wiki
0.9681647320759545,2.645516653400749,2.320075382754602,2.6016094970590276,1.9182958340544893,0.0,0
