problem,access,navigate,page_close,video,discussion,wiki
2.904549949324617,2.8689289953583095,2.4996981431844145,1.9655338526334867,2.581013401577586,2.121928094887362,0
