problem,access,navigate,page_close,video,discussion,wiki
0,2.378211620950336,1.4591479170272446,2.413088436425758,2.2737288290053255,0,0.0
