problem,access,navigate,page_close,video,discussion,wiki
0.0,2.800999302535892,2.3789919869000626,0.0,0,0.9709505944546686,0
