problem,access,navigate,page_close,video,discussion,wiki
1.295461844238322,2.094244435147134,1.7924812503605778,2.4193819456463714,1.584962500721156,0,0
