problem,access,navigate,page_close,video,discussion,wiki
0,0.9940302114769565,0.7219280948873623,1.4488156357251847,1.5,0.9182958340544896,0
