problem,access,navigate,page_close,video,discussion,wiki
0.9709505944546686,1.6912539120823424,2.098579861712074,1.6767370300521327,1.5219280948873621,0.9182958340544896,0.0
