problem,access,navigate,page_close,video,discussion,wiki
0,1.4355205042826666,1.6644977792004614,1.3709505944546687,0,0.0,0.0
