problem,access,navigate,page_close,video,discussion,wiki
2.804316123579438,3.156567647321212,2.8153337792923416,1.9219280948873623,2.4416298737872246,0,0
