problem,access,navigate,page_close,video,discussion,wiki
0.8366407419411673,1.1492297615162819,0.8112781244591328,1.188721875540867,0.9182958340544896,0.7219280948873623,0
