problem,access,navigate,page_close,video,discussion,wiki
1.9056390622295665,2.8746370345665873,2.469670487371862,2.922154599009723,2.6947814605842733,1.2183368243391808,0.9182958340544896
