problem,access,navigate,page_close,video,discussion,wiki
0,1.5304930567574826,2.25,1.3787834934861756,0.7219280948873623,0.9402859586706311,0
