problem,access,navigate,page_close,video,discussion,wiki
1.974937501201927,2.3961245379304947,0.7219280948873623,1.0,0.0,0,0
