problem,access,navigate,page_close,video,discussion,wiki
0.9852281360342516,2.473057676638451,0.0,2.73215889136457,2.7321588913645702,0.0,0.0
