problem,access,navigate,page_close,video,discussion,wiki
2.702819531114783,3.2393093739192182,3.184270544047722,2.7037016960573483,2.197159723424149,1.4299111709758698,1.5801454700463617
