problem,access,navigate,page_close,video,discussion,wiki
2.7566890708015,3.4422455739822397,1.9852281360342516,0.8112781244591328,3.336378120067536,0.9297915083157399,0.0
