problem,access,navigate,page_close,video,discussion,wiki
1.5304930567574826,2.265877044141754,1.836591668108979,1.811278124459133,1.867633890971212,0,0
