problem,access,navigate,page_close,video,discussion,wiki
2.1600062051353923,2.3684783714305024,1.5,2.2810361125534238,2.35274578087187,0,0
