problem,access,navigate,page_close,video,discussion,wiki
0.954434002924965,0.6896646744873914,1.811278124459133,1.8322628970242685,1.5,0.9980008838722996,0.0
