problem,access,navigate,page_close,video,discussion,wiki
0,2.0813366321300486,1.4854752972273344,2.2389205950315936,1.3709505944546687,0.0,0.0
