problem,access,navigate,page_close,video,discussion,wiki
1.809412345938245,2.263972688752056,1.5,0.0,1.5219280948873621,0.0,0
