problem,access,navigate,page_close,video,discussion,wiki
0,1.7060075793123286,0.9852281360342516,2.0524212838293643,2.2295739585136225,0.7219280948873623,0.0
