problem,access,navigate,page_close,video,discussion,wiki
0,3.3993788829302702,1.2987949406953985,2.9193721485946114,3.0986861672429558,0.0,0.0
