problem,access,navigate,page_close,video,discussion,wiki
0,3.2706794105549735,3.127986806877675,0.9182958340544896,0,2.205190499271973,0
