problem,access,navigate,page_close,video,discussion,wiki
0,2.4686345734705735,1.5709505944546687,2.217021885879718,1.3787834934861753,1.6893917467430877,0
