problem,access,navigate,page_close,video,discussion,wiki
0.0,3.336704387270032,2.94770277922009,3.0957952550009344,2.2516291673878226,2.8218881955261788,0
