problem,access,navigate,page_close,video,discussion,wiki
0.863120568566631,1.4488156357251847,1.8365916681089791,1.4591479170272448,0,1.450467463408549,0.0
