problem,access,navigate,page_close,video,discussion,wiki
1.9340978842578866,3.197957958221063,2.5216406363433186,1.532914563979398,1.3221793455166666,0.0,0
