problem,access,navigate,page_close,video,discussion,wiki
2.87329552298309,3.2294742761841317,2.4021077582354775,3.2467931858285275,3.1347338071607758,0.0,0
