problem,access,navigate,page_close,video,discussion,wiki
1.9500637564362098,2.2948328032624095,1.9219280948873623,2.524335494551423,2.161978179679554,0,0
