problem,access,navigate,page_close,video,discussion,wiki
1.5219280948873621,2.205319784611766,1.5943609377704338,2.201078735588117,2.0892446619882703,2.2607845582978525,0.0
