problem,access,navigate,page_close,video,discussion,wiki
0,1.522189872165821,1.9362600275315274,1.3346791410515946,0.9182958340544896,0,0
