problem,access,navigate,page_close,video,discussion,wiki
0.0,1.9591479170272446,0.9182958340544896,1.8553885422075338,1.867633890971212,0.0,0
