problem,access,navigate,page_close,video,discussion,wiki
0.9957274520849256,2.638385337282111,2.2516291673878226,1.584962500721156,1.0,0.0,0
