problem,access,navigate,page_close,video,discussion,wiki
2.1933593740623514,2.214022152632502,1.1567796494470395,2.2597992234005675,2.188721875540867,0.0,0
