problem,access,navigate,page_close,video,discussion,wiki
1.0,2.0753039024554734,1.9182958340544896,2.3898980954642877,1.584962500721156,0,0
