problem,access,navigate,page_close,video,discussion,wiki
2.7389521701186896,3.048424823084994,1.584962500721156,1.584962500721156,1.584962500721156,0,0
