problem,access,navigate,page_close,video,discussion,wiki
0.6193821946787638,1.7198025371586385,1.9502120649147465,1.4237949406953985,0.9709505944546686,0.0,0
