problem,access,navigate,page_close,video,discussion,wiki
1.4591479170272448,2.2689289124151837,1.584962500721156,2.345719283930527,1.4591479170272446,0,0
