problem,access,navigate,page_close,video,discussion,wiki
0.0,1.7646946861307393,1.5219280948873621,1.9211854965885544,1.9182958340544893,0,0
