problem,access,navigate,page_close,video,discussion,wiki
2.792700318570649,3.2640400843556154,1.4833557549816876,2.8584585933443494,3.288115119295468,1.836591668108979,1.0
