problem,access,navigate,page_close,video,discussion,wiki
1.8988071561025355,2.470714851871155,2.5503407095463886,2.5220552088742,0,0,0
