problem,access,navigate,page_close,video,discussion,wiki
0.0,1.573402452417767,0.0,1.8464393446710154,1.9219280948873623,0.0,0
