problem,access,navigate,page_close,video,discussion,wiki
1.567268131608835,1.5826831892554922,1.0,1.4604846813131116,0,0,0
