problem,access,navigate,page_close,video,discussion,wiki
2.844625554995013,3.360636690787138,3.0220552088742005,3.4864486671683528,3.351549157382741,0.0,0
