problem,access,navigate,page_close,video,discussion,wiki
1.5394847569315018,1.9898980954642873,0.0,1.9591479170272446,0,0,0
