problem,access,navigate,page_close,video,discussion,wiki
3.1769389729972213,3.488927267544358,3.5726236638951634,3.5546589842454184,2.585475297227334,2.3885543926885147,0.0
