problem,access,navigate,page_close,video,discussion,wiki
1.954685946946356,3.5187603178748312,2.35845859334435,3.566973285959561,3.2776134368191157,1.9219280948873623,0.0
