problem,access,navigate,page_close,video,discussion,wiki
0.9886994082884974,2.3737233829324333,0.7642045065086203,0,2.386266142526533,0.0,0
