problem,access,navigate,page_close,video,discussion,wiki
1.7377939786973542,2.762065604550619,0.6500224216483541,2.1055872616982603,1.9219280948873623,0.0,0.0
