problem,access,navigate,page_close,video,discussion,wiki
3.3061571937014618,3.8141442916952033,1.879964948727111,2.492203107205413,1.3787834934861753,1.0,0.0
