problem,access,navigate,page_close,video,discussion,wiki
0,1.9591479170272448,1.9502120649147465,1.950212064914747,0,1.8294732983598407,0.9182958340544896
