problem,access,navigate,page_close,video,discussion,wiki
3.281967293638018,3.6182142466779057,2.2359263506290326,1.5,1.584962500721156,0,0
