problem,access,navigate,page_close,video,discussion,wiki
0.0,2.2986500832189996,2.725480556997868,2.0131324651707385,0.0,1.8016094970590273,0
