problem,access,navigate,page_close,video,discussion,wiki
1.3221793455166666,2.67109528788313,2.2389205950315936,1.6627992560224794,1.5510981710072647,0.8524051786494786,0.8453509366224365
