problem,access,navigate,page_close,video,discussion,wiki
0,0.9980008838722996,1.0,0.0,0.0,0.9709505944546686,0.9182958340544896
