problem,access,navigate,page_close,video,discussion,wiki
0,0.7642045065086203,0.9182958340544896,1.2516291673878228,1.0,0,0
