problem,access,navigate,page_close,video,discussion,wiki
1.738524844522861,2.6827350074130414,0.9182958340544896,2.9834585933443494,2.0550365325772657,1.5427482373521442,0.0
