problem,access,navigate,page_close,video,discussion,wiki
1.3249692858267146,2.4379806227213234,2.2877837199410704,2.486793021302403,2.5,0.0,0.0
