problem,access,navigate,page_close,video,discussion,wiki
0,1.5190461643198379,0.0,1.9219280948873623,0.9182958340544896,0,0
