problem,access,navigate,page_close,video,discussion,wiki
1.3605273114437082,2.7403671084692425,2.7065976592457885,2.6882729053450123,2.5386005177215285,1.6305808932663735,0.0
