problem,access,navigate,page_close,video,discussion,wiki
0,2.807354922057604,2.7219280948873625,0,0,1.924174352300441,0
