problem,access,navigate,page_close,video,discussion,wiki
3.939200450533647,4.303982504838763,3.8404025467025047,2.584962500721156,3.8076891988856754,3.80644483798833,0
