problem,access,navigate,page_close,video,discussion,wiki
2.0979065701049424,2.342931093241516,1.2957378005380122,0,1.5,0.8960382325345575,0.0
