problem,access,navigate,page_close,video,discussion,wiki
1.5566567074628228,3.2080392528390895,1.9219280948873623,1.6899461611103164,1.6909338059596861,0.7219280948873623,0
