problem,access,navigate,page_close,video,discussion,wiki
0.0,2.6030741894285696,2.3095632280061937,2.9463875191311284,2.7918583525674836,0,0
