problem,access,navigate,page_close,video,discussion,wiki
0,2.5228657634046865,2.0,2.660129752633257,2.584962500721156,0,0
