problem,access,navigate,page_close,video,discussion,wiki
1.4488156357251847,2.5750118362626297,2.807354922057604,2.708694969562842,2.5220552088742005,0,0
