problem,access,navigate,page_close,video,discussion,wiki
0,0.9189737220942126,0.6685644431995964,0.9780155566622413,0.5435644431995964,0.8112781244591328,0.0
