problem,access,navigate,page_close,video,discussion,wiki
0.7793498372920852,2.5844414897860957,2.221251836004466,3.103701696057348,2.75,0.0,0
