problem,access,navigate,page_close,video,discussion,wiki
2.9103824712502657,4.008148102443968,3.8248629576173565,0.9864267287308424,1.5,1.877387064296613,0.0
