problem,access,navigate,page_close,video,discussion,wiki
2.0,2.9755602963278096,1.9219280948873623,2.942437343399769,2.188721875540867,0,0
