problem,access,navigate,page_close,video,discussion,wiki
1.0,2.3318026736242854,2.2516291673878226,0.0,0.9852281360342516,0.0,0
