problem,access,navigate,page_close,video,discussion,wiki
0.0,0.965527262266083,1.5566567074628228,1.3516441151533924,0.0,0,0.0
