problem,access,navigate,page_close,video,discussion,wiki
2.013663933616847,3.3004778601840017,2.8522170014624826,3.2866323239860273,2.9087385128172407,0.0,0.0
