problem,access,navigate,page_close,video,discussion,wiki
0.0,2.4701970429406517,0.8658566174572235,2.440223928941852,1.5566567074628228,0,0.0
