problem,access,navigate,page_close,video,discussion,wiki
1.3609640474436813,1.9877733714879842,1.0,0.9182958340544896,0.0,0,0
