problem,access,navigate,page_close,video,discussion,wiki
1.0,2.6774536372007742,2.521640636343318,2.6659573209491745,2.7192945256669794,0,0
