problem,access,navigate,page_close,video,discussion,wiki
1.5294283316328894,2.610157409548288,2.0374011976541118,2.6386785745815087,2.4591479170272446,0,0.0
