problem,access,navigate,page_close,video,discussion,wiki
0.0,3.0201159670119804,1.789929075309999,1.0,1.0,0.9975025463691153,0
