problem,access,navigate,page_close,video,discussion,wiki
1.9329145639793979,2.4834585933443494,1.5219280948873621,0.0,0,0.0,0
