problem,access,navigate,page_close,video,discussion,wiki
0,2.0640387089891847,1.5219280948873621,2.3219280948873626,1.584962500721156,0,0
