problem,access,navigate,page_close,video,discussion,wiki
1.6894822670191822,2.330649277269067,2.4300365325772657,2.4873008763572906,1.7295739585136223,0.9709505944546686,0.0
