problem,access,navigate,page_close,video,discussion,wiki
0.0,1.4806821149663845,1.6854752972273344,1.5058231002082845,0.954434002924965,0.0,0
