problem,access,navigate,page_close,video,discussion,wiki
3.4932611713754875,3.5975643114360683,3.5138923515982583,3.653273774516938,3.4727169180475297,2.633069758158289,0.0
