problem,access,navigate,page_close,video,discussion,wiki
1.8339272176418302,2.9588054615658432,2.8205898566665457,0.0,1.0,0.9182958340544896,0.0
