problem,access,navigate,page_close,video,discussion,wiki
0.0,2.7534343861887853,1.3567796494470397,0,0,0.8453509366224365,0.0
