problem,access,navigate,page_close,video,discussion,wiki
1.0,2.262824692361507,1.8919954870390203,2.2098886380147267,1.9182958340544896,0.0,0.0
