problem,access,navigate,page_close,video,discussion,wiki
1.888021309212482,2.9951449938436987,2.339572261986723,3.0178267015440543,2.644019170381677,0,0.0
