problem,access,navigate,page_close,video,discussion,wiki
1.3709505944546687,3.3928387284843,3.4858259278490094,3.263603705626786,2.299896391167891,1.610577243331642,0.0
