problem,access,navigate,page_close,video,discussion,wiki
0.9709505944546686,2.47829757027802,1.5487949406953985,2.3242764617775693,2.1556390622295662,0.0,0.0
