problem,access,navigate,page_close,video,discussion,wiki
3.876064499849308,3.917459384496688,2.971271097706426,3.8273178097999145,3.8066633335637565,3.7342246598949234,1.8228156003525158
