problem,access,navigate,page_close,video,discussion,wiki
0.0,2.4588718484453604,0.9182958340544896,2.225610814520738,1.9056390622295665,0.0,0
