problem,access,navigate,page_close,video,discussion,wiki
2.2880192802796895,2.7422841341416575,2.413088436425758,2.6902992307938414,2.1219280948873624,0.8710241897828374,0
