problem,access,navigate,page_close,video,discussion,wiki
0.9910760598382222,2.7443011681501415,2.9226967729644073,2.622733639029705,1.061278124459133,0.9567657083663145,1.4056390622295665
