problem,access,navigate,page_close,video,discussion,wiki
0.5916727785823275,2.7026831892554926,1.5,1.0,2.321928094887362,0,0
