problem,access,navigate,page_close,video,discussion,wiki
0.9852281360342516,2.1044984515601635,1.2987949406953985,1.8924071185928766,1.6893917467430877,0,0.0
