problem,access,navigate,page_close,video,discussion,wiki
0.9182958340544896,3.201286914346066,1.0,3.2859175795054956,3.319079570624174,0,0
