problem,access,navigate,page_close,video,discussion,wiki
1.3817918999211498,1.91832522720233,0.9182958340544896,2.121822304692394,1.9459977435195104,0,0
