problem,access,navigate,page_close,video,discussion,wiki
2.6632908081776594,3.118930392914149,2.103909910282364,3.2331760054963565,2.9636086882153103,0.5713549744279549,0.0
