problem,access,navigate,page_close,video,discussion,wiki
0.9940302114769565,0.8366407419411673,0.39124356362925566,0,0,0.0,0.0
