problem,access,navigate,page_close,video,discussion,wiki
0.9709505944546686,1.2486545206672304,0.5916727785823275,1.2516291673878228,0.9182958340544896,0.0,0.0
