problem,access,navigate,page_close,video,discussion,wiki
0.0,2.2322628970242686,2.2516291673878226,2.292481250360578,1.9502120649147465,0.0,0
