problem,access,navigate,page_close,video,discussion,wiki
1.867633890971212,2.7459167924628503,2.6416041678685933,2.913725326718076,1.956086338633955,0,0
