problem,access,navigate,page_close,video,discussion,wiki
0.0,3.0276327405541137,1.5,2.584962500721156,1.584962500721156,0.5547781633412736,0
