problem,access,navigate,page_close,video,discussion,wiki
0.0,2.4918638711352497,1.3709505944546687,3.1556390622295662,3.027169118440619,0,0
