problem,access,navigate,page_close,video,discussion,wiki
1.4785349484605677,2.048794940695399,1.584962500721156,2.0758692966977272,1.823067982273661,0.8112781244591328,0
