problem,access,navigate,page_close,video,discussion,wiki
2.10583879742499,1.603367457939513,2.0078560636920493,0.6143694458867568,0.8112781244591328,0,0
