problem,access,navigate,page_close,video,discussion,wiki
1.1246581201547063,2.0336624835059225,2.1556390622295662,2.294274067192862,1.6858157091530304,0.954434002924965,0
