problem,access,navigate,page_close,video,discussion,wiki
1.0,2.343616164734894,1.5,2.5044984515601634,0,0.863120568566631,0
