problem,access,navigate,page_close,video,discussion,wiki
0.0,2.2361498200456396,1.3709505944546687,2.0902161796693437,1.1792766944604327,0.0,0
