problem,access,navigate,page_close,video,discussion,wiki
0.0,2.9362781244591325,2.1180782093497093,0.7219280948873623,0.8112781244591328,0,0
