problem,access,navigate,page_close,video,discussion,wiki
0.6024308020404452,1.6692628208683373,2.3685225277282065,1.7249034414266398,0,3.227937783296828,0.4689955935892812
