problem,access,navigate,page_close,video,discussion,wiki
2.9357938488895474,3.476169000478413,2.78845045730829,2.8989208601919376,2.2275343340059806,0.0,0
