problem,access,navigate,page_close,video,discussion,wiki
0.9852281360342516,3.839531737361316,1.9182958340544893,3.881901595932633,3.851823225551766,0.0,0
