problem,access,navigate,page_close,video,discussion,wiki
0,2.2671178759649178,1.7120954362128464,1.721928094887362,1.0,0.0,0.0
