problem,access,navigate,page_close,video,discussion,wiki
2.956701604522663,3.5061415696183165,0.5916727785823275,3.383465189601647,2.8962915290459277,1.9854513993116463,0.0
