problem,access,navigate,page_close,video,discussion,wiki
2.565664776913177,3.5478408790496823,3.607010619399147,3.399581770147835,3.141619208183979,3.189255350513811,0.6500224216483541
