problem,access,navigate,page_close,video,discussion,wiki
1.4949188482339508,1.3127443531093745,1.561278124459133,1.5,1.3294340029249652,0.0,0.0
