problem,access,navigate,page_close,video,discussion,wiki
0,1.76597784945027,1.3787834934861756,1.8423709931771084,1.836591668108979,0,0
