problem,access,navigate,page_close,video,discussion,wiki
0,2.3624814650842323,2.484183719779189,1.2516291673878228,0.8112781244591328,1.2890508633500515,0.0
