problem,access,navigate,page_close,video,discussion,wiki
2.237397409783102,3.6721022257860714,0.0,0.0,3.1279868068776753,1.4926140680171256,0
