problem,access,navigate,page_close,video,discussion,wiki
1.5219280948873621,2.229276105529201,2.25,2.3898980954642877,1.4926140680171258,0.9798687566511528,0
