problem,access,navigate,page_close,video,discussion,wiki
2.647527855502549,3.056497694503516,2.584962500721156,2.09306920777189,2.6550505394177746,1.5693078231812962,1.0
