problem,access,navigate,page_close,video,discussion,wiki
0.0,2.4962023426634556,2.418295834054489,2.6674366008058326,2.74894004700543,1.2677702161044204,0.0
