problem,access,navigate,page_close,video,discussion,wiki
1.75,1.7695459925589747,1.7272486062639207,1.584962500721156,2.0,0,0
