problem,access,navigate,page_close,video,discussion,wiki
1.584962500721156,2.1735572622751853,0.9182958340544896,0.0,2.1556390622295662,0.0,0
