problem,access,navigate,page_close,video,discussion,wiki
1.2607717938967942,2.3902501277381774,1.2516291673878228,2.5603199926245694,2.369910023274066,0.0,0.7219280948873623
