problem,access,navigate,page_close,video,discussion,wiki
0.9709505944546686,2.5294881142662007,1.9219280948873623,1.584962500721156,1.9182958340544896,0,0
