problem,access,navigate,page_close,video,discussion,wiki
0.0,2.2965792999482355,1.4466166676282082,2.333332847160625,2.2122028491557018,0.9709505944546686,0
