problem,access,navigate,page_close,video,discussion,wiki
0.0,3.32742132943338,2.584962500721156,1.584962500721156,1.0,1.1964209471916636,0
