problem,access,navigate,page_close,video,discussion,wiki
0,2.663532754804255,3.07920769602993,1.0,0.0,0.9852281360342516,1.5
