problem,access,navigate,page_close,video,discussion,wiki
0,1.8735625185129938,1.9056390622295665,0,0.0,0.9780155566622415,0
