problem,access,navigate,page_close,video,discussion,wiki
1.9410543714838644,3.063558608511122,1.584962500721156,3.0060603254083382,2.9864405016961446,0.0,0
