problem,access,navigate,page_close,video,discussion,wiki
1.491013870758994,1.9784820284039009,1.6644977792004612,1.9940302114769564,1.9592989105296892,0.0,0.0
