problem,access,navigate,page_close,video,discussion,wiki
0.9182958340544896,2.587430298092722,1.0,2.615319618251277,1.8339272176418302,0,0
