problem,access,navigate,page_close,video,discussion,wiki
1.6457113704075783,2.068144667641655,2.2810361125534233,0.9709505944546686,0,0.0,0.0
