problem,access,navigate,page_close,video,discussion,wiki
0.0,1.4137995646056802,1.584962500721156,1.4488156357251847,0.8112781244591328,0.0,0
