problem,access,navigate,page_close,video,discussion,wiki
2.6491884915548742,3.2931155988421796,2.0,2.7806390622295662,2.831398238811469,0,0
