problem,access,navigate,page_close,video,discussion,wiki
0.9912642605354289,3.712018882480419,4.109222954832898,0.0,2.0,4.209852326970847,1.0
