problem,access,navigate,page_close,video,discussion,wiki
0.0,2.6701223662181017,2.4193819456463714,2.6246803469736477,2.415922063835166,0,0
