problem,access,navigate,page_close,video,discussion,wiki
0,3.0130781183516775,2.884183719779189,3.0,2.584962500721156,0.0,0
