problem,access,navigate,page_close,video,discussion,wiki
0.9922666387194963,3.6584338538254424,2.5941178916311856,3.6795962016034327,3.6401463855312253,1.4195562985716133,0
