problem,access,navigate,page_close,video,discussion,wiki
1.3472230399326601,2.8729734054743234,2.2516291673878226,2.592672148830285,1.950212064914747,0,0
