problem,access,navigate,page_close,video,discussion,wiki
2.748659834070227,2.9417864470037953,2.4193819456463714,2.2611323036281186,2.688721875540867,2.3521882656425306,0.5435644431995964
