problem,access,navigate,page_close,video,discussion,wiki
2.4896302821348275,4.122541509890696,1.3787834934861756,3.9880118063969037,4.066542752164839,2.9061248668239816,0
