problem,access,navigate,page_close,video,discussion,wiki
1.897317260669707,2.667628649429343,2.0,1.0,2.75,1.8464393446710154,0
