problem,access,navigate,page_close,video,discussion,wiki
0.0,2.354541670785267,1.9133718793992398,1.2108100261060328,0.0,0.9938972639364229,1.9219280948873623
