problem,access,navigate,page_close,video,discussion,wiki
0,0.7219280948873623,1.5,0.9852281360342516,0.954434002924965,0,0
