problem,access,navigate,page_close,video,discussion,wiki
3.720520687185091,3.8247463651438984,2.4193819456463714,3.1258145836939115,1.584962500721156,1.7721913816784047,0
