problem,access,navigate,page_close,video,discussion,wiki
1.1282468200554612,1.965363175564938,1.5566567074628228,2.184640699428294,1.945530556036326,0,0
