problem,access,navigate,page_close,video,discussion,wiki
1.5221898721658211,2.7511894468399483,2.549787381523038,0.0,0.0,0.9986359641585718,0.0
