problem,access,navigate,page_close,video,discussion,wiki
0,2.4475759149219236,1.0957952550009336,1.584962500721156,1.7609640474436812,0,0.0
