problem,access,navigate,page_close,video,discussion,wiki
1.4708297630059755,1.4114778252023852,2.8584585933443494,1.5064431878202946,1.2516291673878228,2.0928124363817755,0.0
