problem,access,navigate,page_close,video,discussion,wiki
1.5461796919474975,2.813100323704417,1.7924812503605778,3.1393190028951214,2.4692407821722844,0.0,0
