problem,access,navigate,page_close,video,discussion,wiki
1.6535633119816322,3.38055788247959,1.5,3.3816201079487347,3.3164280318460246,0,0
