problem,access,navigate,page_close,video,discussion,wiki
0.961236604722876,1.7540414100319155,1.5,1.901506402501506,1.8799649487271108,0,0
