problem,access,navigate,page_close,video,discussion,wiki
1.5627857985319134,3.261426803926375,1.7961796919474975,3.146539862295099,3.2261981000246154,0.0,1.0
