problem,access,navigate,page_close,video,discussion,wiki
0.0,2.0978548143998657,1.5709505944546687,2.063865121950854,1.3516441151533924,0.0,0
