problem,access,navigate,page_close,video,discussion,wiki
2.127986806877675,2.564145932997376,2.2369837554745207,2.6066780057229026,2.365596230357602,0.0,0.863120568566631
