problem,access,navigate,page_close,video,discussion,wiki
0,1.1589385323502772,2.251629167387823,1.584962500721156,0.0,0.0,0
