problem,access,navigate,page_close,video,discussion,wiki
0,1.4056390622295665,1.1401156785146092,1.3787834934861756,0.9182958340544896,0,0.0
