problem,access,navigate,page_close,video,discussion,wiki
2.955935159641734,3.7356552441861424,2.168232893338811,3.6841837197791887,3.0275182662886326,2.5873433909241648,1.0
