problem,access,navigate,page_close,video,discussion,wiki
1.2475562489182659,2.400842823750041,2.1180782093497093,2.3553885422075336,2.186704345910025,0.8166890883150209,0
