problem,access,navigate,page_close,video,discussion,wiki
1.3787834934861753,2.071179362845803,2.0,2.1866660446720374,1.5304930567574826,0,0
