problem,access,navigate,page_close,video,discussion,wiki
0.0,2.1535654389463628,0.8112781244591328,2.343257873344267,2.321928094887362,0,0
