problem,access,navigate,page_close,video,discussion,wiki
0.0,2.7837941519094507,2.103909910282364,2.592850131858461,2.737872392231515,0.0,0
