problem,access,navigate,page_close,video,discussion,wiki
0,2.8464393446710154,2.9735572622751856,2.8464393446710154,0,0,0
