problem,access,navigate,page_close,video,discussion,wiki
0,1.7763318528003076,1.8423709931771088,2.146465798504072,1.5,0,0
