problem,access,navigate,page_close,video,discussion,wiki
1.5545851693377997,2.5799140989663325,2.8881545074194097,2.9979526986606926,2.8553885422075336,0.9182958340544896,0.9055872616982603
