problem,access,navigate,page_close,video,discussion,wiki
1.8423709931771084,3.415960505737793,2.521640636343318,3.378639128770102,3.292481250360578,0,0
