problem,access,navigate,page_close,video,discussion,wiki
0,1.2597218324096136,0.9182958340544896,1.3787834934861756,2.0,0,0
