problem,access,navigate,page_close,video,discussion,wiki
0.8658566174572235,1.9172506162303389,1.061278124459133,2.1211274733371868,1.6663137138648347,0.0,0.0
