problem,access,navigate,page_close,video,discussion,wiki
0,0.9055872616982603,0.9709505944546686,0.6840384356390417,0.9709505944546686,0,0
