problem,access,navigate,page_close,video,discussion,wiki
1.6577427265048887,1.8221556623455246,1.7527152789797047,1.976698458979698,1.4355205042826666,0.8112781244591328,0
