problem,access,navigate,page_close,video,discussion,wiki
0,1.4772170014624826,0.6840384356390417,1.5766212201074912,1.4854752972273344,0.863120568566631,1.0
