problem,access,navigate,page_close,video,discussion,wiki
0.9975025463691153,2.6978151503463415,1.9219280948873623,2.3789919869000626,2.946439344671015,0.0,0
