problem,access,navigate,page_close,video,discussion,wiki
0.0,1.2115696121630875,1.584962500721156,1.207518749639422,0.5916727785823275,0.0,0
