problem,access,navigate,page_close,video,discussion,wiki
1.3713146886497212,3.3465250979389327,1.2987949406953985,3.176150649781593,2.6464393446710153,1.5509243043252519,0
