problem,access,navigate,page_close,video,discussion,wiki
0.0,0.4262286569981449,0.946372935985442,0.5032583347756457,0.8112781244591328,0.0,0.0
