problem,access,navigate,page_close,video,discussion,wiki
1.8603547916716614,2.7603090015821308,3.5977010058897143,2.6697044997714836,1.7273966735744795,0.9709505944546686,0
