problem,access,navigate,page_close,video,discussion,wiki
0.6500224216483541,2.4707909360367144,2.4477979600193267,2.4567775523628437,1.5545851693377997,1.663372658078689,0.7219280948873623
