problem,access,navigate,page_close,video,discussion,wiki
0.9995003941817588,1.3205789593218276,0.9709505944546686,0.9182958340544896,1.3067765894062977,0.0,0
