problem,access,navigate,page_close,video,discussion,wiki
1.224394445405986,3.266987193957594,3.1841837197791887,3.239786979256811,2.869737972729375,1.4746346558188477,0
