problem,access,navigate,page_close,video,discussion,wiki
1.5219280948873621,1.848023386768355,1.6737949406953985,1.8638263900908156,1.9938866857439923,0.0,0.0
