problem,access,navigate,page_close,video,discussion,wiki
1.954685946946356,3.138576406124757,1.9056390622295665,3.2086402070753004,2.953206816311403,1.9097495597138445,0.0
