problem,access,navigate,page_close,video,discussion,wiki
1.8210641284927263,2.573631572998481,2.4137995646056805,2.927451224964519,2.130926080730337,0,0.0
