problem,access,navigate,page_close,video,discussion,wiki
3.3447171816907106,3.704762979475533,1.6644977792004614,3.2825887305018338,3.4015113929375698,2.610577243331642,0
