problem,access,navigate,page_close,video,discussion,wiki
1.5812908992306927,2.3817782448828315,1.9182958340544896,2.5253456211698713,2.35274578087187,0.0,0
