problem,access,navigate,page_close,video,discussion,wiki
1.9690255736436506,2.508560528269105,2.725480556997868,2.4677201004744993,2.422579761842491,1.9577838800988066,0.0
