problem,access,navigate,page_close,video,discussion,wiki
0.0,1.9591479170272448,2.2516291673878226,1.5219280948873621,0,0.0,0
