problem,access,navigate,page_close,video,discussion,wiki
3.013259338914245,3.7672432178066404,3.0105709342684825,3.6974107785345827,2.8300182300260377,2.1452534369198775,0
