problem,access,navigate,page_close,video,discussion,wiki
2.293987623542782,3.0783055775295227,2.921928094887362,2.9401204074720737,1.3787834934861753,3.1019665725394234,0
