problem,access,navigate,page_close,video,discussion,wiki
2.199687794731328,3.7893642441922673,2.1280852788913944,3.1682328933388106,2.6416041678685933,2.3247741197715035,0
