problem,access,navigate,page_close,video,discussion,wiki
0.9967916319816366,2.0270586099031545,2.66122625626979,1.8949645376549997,1.4355205042826666,0.0,0.0
