problem,access,navigate,page_close,video,discussion,wiki
0.9940302114769565,1.5774287729134877,0.0,1.7028195311147831,1.836591668108979,0.5916727785823275,0
