problem,access,navigate,page_close,video,discussion,wiki
2.68912656676746,3.1033950911863393,2.5027361715940035,2.8848894517332404,2.4056390622295662,1.9808259362290785,0.0
