problem,access,navigate,page_close,video,discussion,wiki
0.8112781244591328,1.925126559410829,2.292481250360578,1.836591668108979,0,0,0
