problem,access,navigate,page_close,video,discussion,wiki
1.7758589482446405,2.897997677263059,0.9182958340544896,1.5,1.792481250360578,0.9023932827949788,0
