problem,access,navigate,page_close,video,discussion,wiki
0,1.37928048729106,0.4689955935892812,1.360964047443681,1.3516441151533924,0,0
