problem,access,navigate,page_close,video,discussion,wiki
0.9967916319816366,2.3030538657967377,2.1545360655058308,1.5219280948873621,1.0,0,0
