problem,access,navigate,page_close,video,discussion,wiki
0.0,1.2060026902433665,1.584962500721156,1.6577427265048887,0.0,0.954434002924965,0
