problem,access,navigate,page_close,video,discussion,wiki
1.522915303449671,2.9649760679674704,2.2359263506290326,0,0,0,0
