problem,access,navigate,page_close,video,discussion,wiki
1.8294732983598405,2.8841716064737035,2.658993415253806,1.0,2.5820599105802575,1.4355205042826666,0
