problem,access,navigate,page_close,video,discussion,wiki
1.4591479170272448,1.987908576290081,1.584962500721156,1.991592500490052,1.789929075309999,0,0
