problem,access,navigate,page_close,video,discussion,wiki
0,1.5099686126368168,1.5219280948873621,1.4854752972273344,0.9852281360342516,0,0
