problem,access,navigate,page_close,video,discussion,wiki
1.5566567074628228,2.626741758106722,0.9182958340544896,2.589518302689536,2.332914563979398,0,0
