problem,access,navigate,page_close,video,discussion,wiki
0,3.417393103776577,2.9979526986606917,3.4841837197791885,0,2.603164184303235,0.0
