problem,access,navigate,page_close,video,discussion,wiki
0.9685867165455516,2.295454180825015,2.037188109915835,2.255688840858892,1.7345216647797512,0.0,1.5219280948873621
