problem,access,navigate,page_close,video,discussion,wiki
0,1.9182958340544893,1.75,1.9182958340544893,1.3709505944546687,0,0.0
