problem,access,navigate,page_close,video,discussion,wiki
1.4269608142719163,2.1925347288743544,1.9219280948873623,0.8112781244591328,1.3709505944546687,0.8112781244591328,0
