problem,access,navigate,page_close,video,discussion,wiki
0,1.5306189948485172,1.584962500721156,1.4854752972273344,0.9852281360342516,0,0
