problem,access,navigate,page_close,video,discussion,wiki
1.4591479170272448,2.040555043794861,2.4056390622295662,1.584962500721156,0.0,0,0
