problem,access,navigate,page_close,video,discussion,wiki
0,2.6676286494293437,2.584962500721156,2.8150724101159437,1.5219280948873621,0.0,1.584962500721156
