problem,access,navigate,page_close,video,discussion,wiki
1.4591479170272448,2.9505059710789405,2.446439344671015,3.1242267635094376,2.8423709931771084,0,0
