problem,access,navigate,page_close,video,discussion,wiki
0.0,1.3915829348671953,1.6258145836939115,1.2260002846457883,0.8112781244591328,2.417646204395213,0.9182958340544896
