problem,access,navigate,page_close,video,discussion,wiki
0.0,1.3162522199425772,1.584962500721156,1.3516441151533922,0.9182958340544896,0,0
