problem,access,navigate,page_close,video,discussion,wiki
0.0,0.9940302114769565,0.9182958340544896,1.0,0,1.1620538737418933,0
