problem,access,navigate,page_close,video,discussion,wiki
0,3.029741775363137,2.845350936622437,3.326360407952693,1.584962500721156,0,0
