problem,access,navigate,page_close,video,discussion,wiki
0.0,2.474302951473625,1.9182958340544893,2.539353872167201,2.5503407095463886,0.0,0.0
