problem,access,navigate,page_close,video,discussion,wiki
0,1.122607968400632,0.8112781244591328,1.4166422780956525,1.404678473063571,0,0
