problem,access,navigate,page_close,video,discussion,wiki
1.5947024175446605,3.2332966491108692,2.521640636343318,3.6266781970562953,2.9339545780481746,0.0,0
