problem,access,navigate,page_close,video,discussion,wiki
0.8112781244591328,2.6199983772320614,2.2810361125534233,2.629741775363137,2.2177648376739314,0.9275265884316759,0
