problem,access,navigate,page_close,video,discussion,wiki
3.267859688172424,3.836886148461382,2.9477027792200903,3.746137297054303,3.6205372775795466,1.0,0
