problem,access,navigate,page_close,video,discussion,wiki
2.807354922057604,2.740878591146226,2.321928094887362,1.8828560636920493,1.9056390622295665,0,0
