problem,access,navigate,page_close,video,discussion,wiki
1.0,1.8910611120726528,0.0,1.5219280948873621,1.5219280948873621,0,0
