problem,access,navigate,page_close,video,discussion,wiki
0.9709505944546686,1.827707170853115,1.4854752972273344,1.3709505944546687,1.9808259362290785,0.0,0
