problem,access,navigate,page_close,video,discussion,wiki
2.7234286447208285,1.3713146886497212,2.25,1.1219280948873624,0,0.0,0
