problem,access,navigate,page_close,video,discussion,wiki
0.9182958340544896,1.610577243331642,0.8112781244591328,1.4911148500551858,0.7219280948873623,0.0,0
