problem,access,navigate,page_close,video,discussion,wiki
1.9056390622295665,2.275836163305127,2.0930692077718893,2.1405180562767114,2.418295834054489,0.954434002924965,0.9182958340544896
