problem,access,navigate,page_close,video,discussion,wiki
0.9182958340544896,0.3227569588973982,1.3221793455166666,0.7732283485249176,0.0,0.0,0.0
