problem,access,navigate,page_close,video,discussion,wiki
0,1.2448406699719212,0.9182958340544896,1.6644977792004614,1.6644977792004614,0,0
