problem,access,navigate,page_close,video,discussion,wiki
1.0,2.597707623408127,1.9182958340544893,1.4488156357251847,0.9182958340544896,0,0
