problem,access,navigate,page_close,video,discussion,wiki
1.7720772537350808,2.32039520094256,1.7924812503605778,2.1709505944546685,1.8322628970242685,0,0
