problem,access,navigate,page_close,video,discussion,wiki
2.4295297779194427,2.8793084603233434,2.1280852788913944,0.8112781244591328,2.0,1.5485806065228545,0
