problem,access,navigate,page_close,video,discussion,wiki
2.9712518360044666,3.5581373646916794,0,2.0,2.4056390622295662,0.0,0
