problem,access,navigate,page_close,video,discussion,wiki
1.6617930954592597,1.78324743853251,0.7219280948873623,1.75,1.3709505944546687,0,0
