problem,access,navigate,page_close,video,discussion,wiki
0.4689955935892812,0.954434002924965,0.6500224216483541,0.8112781244591328,0.0,0.0,0
