problem,access,navigate,page_close,video,discussion,wiki
0,2.625,1.7527152789797045,2.725480556997868,2.1280852788913944,0,0.0
