problem,access,navigate,page_close,video,discussion,wiki
0,2.2464393446710154,1.3787834934861756,0.0,1.0,1.1254908068679137,0
