problem,access,navigate,page_close,video,discussion,wiki
1.0,1.785227892260356,0.0,2.1829316468984663,1.5219280948873621,0,0
