problem,access,navigate,page_close,video,discussion,wiki
1.9219280948873623,2.676223461991672,0.7219280948873623,1.8464393446710154,2.645695574601804,1.3421389558735093,0.0
