problem,access,navigate,page_close,video,discussion,wiki
0.0,2.1037016960573482,0.9182958340544896,1.965596230357602,1.8954618442383218,0,0
