problem,access,navigate,page_close,video,discussion,wiki
1.2475562489182659,2.467567589167052,1.1488348542809166,2.4416298737872246,1.5726236638951638,1.0,0.0
