problem,access,navigate,page_close,video,discussion,wiki
0.0,1.4530732564535926,1.584962500721156,1.8365916681089791,1.584962500721156,0,0
