problem,access,navigate,page_close,video,discussion,wiki
2.7784017216949763,2.8540533402907524,2.5216406363433186,1.5289659680720937,2.116299605701696,1.295461844238322,0
