problem,access,navigate,page_close,video,discussion,wiki
0.0,2.217926739526311,0.8112781244591328,1.5510981710072647,1.224394445405986,0.0,0
