problem,access,navigate,page_close,video,discussion,wiki
1.0863128407412879,2.8678973440900197,1.3709505944546687,2.822353175134156,2.8146506530328796,0,0
