problem,access,navigate,page_close,video,discussion,wiki
0.7219280948873623,1.9076604601183145,2.0,1.617189572592715,0.9182958340544896,0.0,0
