problem,access,navigate,page_close,video,discussion,wiki
1.8365916681089791,2.3494335775430266,1.584962500721156,0.0,0,0.0,0
