problem,access,navigate,page_close,video,discussion,wiki
0.0,0.9927744539878084,0.7219280948873623,1.3516441151533922,0.0,0.9182958340544896,0
