problem,access,navigate,page_close,video,discussion,wiki
1.7766621524968396,3.0104340890333376,1.0,0.9182958340544896,1.584962500721156,0,0
