problem,access,navigate,page_close,video,discussion,wiki
0.0,2.000981532617396,2.896291529045928,1.6117022325423542,0.4689955935892812,0,0
