problem,access,navigate,page_close,video,discussion,wiki
1.360964047443681,2.7937595932809174,2.2810361125534233,2.707282064282346,0.0,0.9709505944546686,0
