problem,access,navigate,page_close,video,discussion,wiki
1.8199069108495118,3.8251932593386737,2.9437621626224817,3.833331039129312,3.569548827786958,2.7167790501084697,0.0
