problem,access,navigate,page_close,video,discussion,wiki
0.9587118829771317,0.9426831892554922,0.0,0.9182958340544896,0.0,0.9993375041688847,0
