problem,access,navigate,page_close,video,discussion,wiki
0.9182958340544896,1.5588718484453603,0.0,1.5726236638951638,1.4056390622295665,0.0,0.0
