problem,access,navigate,page_close,video,discussion,wiki
0.9927744539878084,1.8423709931771088,1.9056390622295665,1.4591479170272448,0.0,0,0
