problem,access,navigate,page_close,video,discussion,wiki
0,1.647351814444994,1.9182958340544896,0.9182958340544896,0.0,0,0
