problem,access,navigate,page_close,video,discussion,wiki
1.3742527851322262,2.5178941476196224,1.3921472236645345,1.5,1.0,0.0,1.0
