problem,access,navigate,page_close,video,discussion,wiki
1.548565226030918,1.575114591410657,1.584962500721156,1.5656531116458186,1.5262349099495225,0,0
