problem,access,navigate,page_close,video,discussion,wiki
2.458298624287026,3.9457809801135117,3.4885252948977485,3.823116306171112,3.720231067377235,2.9034493781431956,0.9182958340544896
