problem,access,navigate,page_close,video,discussion,wiki
0,2.3553885422075336,1.584962500721156,1.584962500721156,1.0,0,0
