problem,access,navigate,page_close,video,discussion,wiki
0,2.864415736636332,1.7924812503605778,2.6199707109276353,2.6632908081776594,0.6722948170756379,0
