problem,access,navigate,page_close,video,discussion,wiki
1.2516291673878228,1.9956218193240531,1.8910611120726526,1.7863323527523738,1.4152689500270956,0.0,0
