problem,access,navigate,page_close,video,discussion,wiki
2.4189370883802,3.224601752714581,2.6556390622295662,3.0936260782556086,3.11914190845461,0.9219280948873623,0.0
