problem,access,navigate,page_close,video,discussion,wiki
0.0,2.498077546623641,2.0,2.9182958340544896,2.5216406363433186,0,0
