problem,access,navigate,page_close,video,discussion,wiki
0.975119064940866,2.377906570104942,1.5219280948873621,2.1559681021459074,2.0403733936884962,2.055958151615123,0.0
