problem,access,navigate,page_close,video,discussion,wiki
0.9182958340544896,2.0723315886374163,1.5,2.10297785841712,1.809283079297365,0,0
