problem,access,navigate,page_close,video,discussion,wiki
2.5,2.9387503269531794,1.4591479170272448,3.0630584228356,2.875,1.0,0.0
