problem,access,navigate,page_close,video,discussion,wiki
0.9892452969285003,1.781912270317843,0.0,1.9726869288759223,1.9698452580387984,0,0
