problem,access,navigate,page_close,video,discussion,wiki
0.0,2.9673074093304908,2.1556390622295662,2.927451224964519,2.2359263506290326,0.14854949043034824,0.0
