problem,access,navigate,page_close,video,discussion,wiki
0.8112781244591328,1.9322381921018907,2.3685225277282065,0,0,0,0
