problem,access,navigate,page_close,video,discussion,wiki
0.9852281360342516,0.6292492238560345,0.9182958340544896,0.8739810481273578,0.9182958340544896,0.0,0.0
