problem,access,navigate,page_close,video,discussion,wiki
0.0,1.9877733714879842,1.3709505944546687,0.5916727785823275,0.0,0.0,0.0
