problem,access,navigate,page_close,video,discussion,wiki
1.7438718180150596,2.5374077582361885,2.321928094887362,2.472905595320056,1.4591479170272448,1.6692462556711996,1.4182958340544896
