problem,access,navigate,page_close,video,discussion,wiki
0.954434002924965,0.8960382325345575,1.5219280948873621,0.863120568566631,0,0,0
