problem,access,navigate,page_close,video,discussion,wiki
0.0,2.4408899517164713,0.9864267287308425,2.733206219346495,1.8910611120726526,1.6779842806377734,0.0
