problem,access,navigate,page_close,video,discussion,wiki
0.0,2.0374011976541118,2.0,2.0419460322060456,1.9219280948873623,0.9852281360342516,0
