problem,access,navigate,page_close,video,discussion,wiki
1.3221793455166666,1.9207357859806513,2.0,1.0,1.0,1.3199465438337046,0
