problem,access,navigate,page_close,video,discussion,wiki
0,1.6945780954527594,1.2516291673878228,2.3577174691301486,1.669180336866731,0,0
