problem,access,navigate,page_close,video,discussion,wiki
0,1.5338055801751203,1.9210556987026668,1.5920001314822054,0.0,0.0,0
