problem,access,navigate,page_close,video,discussion,wiki
2.0977131110123417,3.066882954101452,2.699513850319966,2.584962500721156,2.768925079361265,1.895461844238322,0.0
