problem,access,navigate,page_close,video,discussion,wiki
2.3278928463836115,2.9886351657577688,2.9219280948873623,1.5,2.0,0,0
