problem,access,navigate,page_close,video,discussion,wiki
0.0,2.4476134533206926,1.9609640474436814,2.545453263191485,2.4692407821722844,1.0,0.0
