problem,access,navigate,page_close,video,discussion,wiki
0.863120568566631,2.7380118063969046,2.1179631753145163,2.688721875540867,2.0,0,0.0
