problem,access,navigate,page_close,video,discussion,wiki
0,1.8797489365966866,0.0,2.005977711423774,2.413088436425758,0.0,0
