problem,access,navigate,page_close,video,discussion,wiki
0.0,2.4028281036529497,2.1556390622295662,2.054585169337799,2.197159723424149,0,0
