problem,access,navigate,page_close,video,discussion,wiki
3.4760615555692715,3.7062663174804533,3.197159723424149,2.521640636343318,2.663532754804255,2.5321998284033067,0
