problem,access,navigate,page_close,video,discussion,wiki
2.61889254267577,2.754260313620823,1.584962500721156,2.765957320949175,2.327632809290636,2.262783428976582,0
