problem,access,navigate,page_close,video,discussion,wiki
0,1.198183947911799,2.1556390622295662,1.3709505944546687,0,1.936807304886958,0.0
