problem,access,navigate,page_close,video,discussion,wiki
2.1728786893420313,3.540533075371516,3.801754205217793,3.5614277988376433,1.879964948727111,3.3951810963804627,1.984343478858412
