problem,access,navigate,page_close,video,discussion,wiki
1.4369905240636789,2.3728349643883972,2.1709505944546685,0,0,1.4870439806899802,0
