problem,access,navigate,page_close,video,discussion,wiki
0,1.991119777314698,2.0588138903312014,2.1414460711655217,1.9852281360342512,0.0,0
