problem,access,navigate,page_close,video,discussion,wiki
1.0,2.2768200702767563,2.2062389286533897,2.4339645644232903,2.126120746842681,0.8485481782946159,1.0
