problem,access,navigate,page_close,video,discussion,wiki
0.0,1.6873773805239072,1.8423709931771084,1.44248533165071,1.1544861448975354,0.9182958340544896,0
