problem,access,navigate,page_close,video,discussion,wiki
0.961236604722876,2.882856063692049,2.0,2.59634398595999,2.217021885879718,0.7219280948873623,0
