problem,access,navigate,page_close,video,discussion,wiki
0,0.6840384356390417,1.584962500721156,0.8658566174572235,0.5032583347756457,0,0
