problem,access,navigate,page_close,video,discussion,wiki
0,1.8069049514280089,1.924174352300441,1.3663146570363986,1.781937063546704,0.4394969869215134,0.0
