problem,access,navigate,page_close,video,discussion,wiki
0,1.8262452584026092,0.0,0.9910760598382222,1.7841591278514217,0,0
