problem,access,navigate,page_close,video,discussion,wiki
0,1.55352095112747,1.3516441151533924,1.4949188482339508,0.863120568566631,0,0
