problem,access,navigate,page_close,video,discussion,wiki
0,1.533124961353657,0.0,1.6464417904241375,0.8904916402194913,0.0,0.0
