problem,access,navigate,page_close,video,discussion,wiki
0,1.873562518512994,1.0,0.9852281360342516,0.0,1.885377505769539,0
