problem,access,navigate,page_close,video,discussion,wiki
0.0,1.8464393446710154,0.7219280948873623,1.974937501201927,1.8423709931771084,0.0,0
