problem,access,navigate,page_close,video,discussion,wiki
1.386351347323835,3.548765222235965,2.321928094887362,3.5272938822526867,3.454822399946607,1.5216406363433184,0
