problem,access,navigate,page_close,video,discussion,wiki
1.8322628970242685,3.425502291475133,2.9356919871571896,3.2516291673878226,2.321928094887362,1.610523892589859,0.0
