problem,access,navigate,page_close,video,discussion,wiki
3.0544092171579775,3.7143017102608575,3.5397635896673325,3.547144648926826,3.2417292966721747,2.470714851871155,1.9219280948873623
