problem,access,navigate,page_close,video,discussion,wiki
0.0,2.2350731853591173,2.8225797618424915,2.2427403518205518,1.9587393284695382,0,0.0
