problem,access,navigate,page_close,video,discussion,wiki
1.5485806065228545,3.617327753542024,3.2406015629507228,1.0,0.0,2.835170353954239,0.9182958340544896
