problem,access,navigate,page_close,video,discussion,wiki
0.9182958340544896,2.422491668124445,0.9182958340544896,2.279720852464461,2.4696704873718613,0.0,0.0
