problem,access,navigate,page_close,video,discussion,wiki
2.101540968169103,3.515876870098509,3.6553362295323457,3.425570781490004,3.332095398660169,0.0,0
