problem,access,navigate,page_close,video,discussion,wiki
0.0,2.6656454465419266,2.251629167387823,2.1050139971135327,1.7381493331928664,0.8904916402194913,0
