problem,access,navigate,page_close,video,discussion,wiki
0.0,2.2322628970242686,2.4662478973127313,2.292481250360578,1.4591479170272448,0,0
