problem,access,navigate,page_close,video,discussion,wiki
0,1.6758220575766962,2.0,1.6854752972273346,0.9182958340544896,0.0,0
