problem,access,navigate,page_close,video,discussion,wiki
2.228072225106998,3.745008574845736,3.175123135113461,2.8674924611847556,2.8073549220576046,0,0.0
