problem,access,navigate,page_close,video,discussion,wiki
2.2742089292303143,3.213670905197566,3.0278804472341836,3.127651468880997,3.083074189428569,0.0,0.0
