problem,access,navigate,page_close,video,discussion,wiki
2.437303561262863,3.5485064863886495,2.957505094275291,1.0,1.0,0.0,0.0
