problem,access,navigate,page_close,video,discussion,wiki
0,1.4185644431995963,1.3787834934861753,0.0,0,0.74959525725948,0
