problem,access,navigate,page_close,video,discussion,wiki
2.3612756520770755,3.162955107106474,2.481714572986073,3.0105996649587876,2.4056390622295662,2.247927513443585,0
