problem,access,navigate,page_close,video,discussion,wiki
0.7793498372920852,2.4987441042268403,2.193359374062351,2.5882705331052818,1.5487949406953985,0,0
