problem,access,navigate,page_close,video,discussion,wiki
0.0,2.2584598927441624,0.0,2.365596230357602,2.4193819456463714,0,0
