problem,access,navigate,page_close,video,discussion,wiki
1.495538029919111,2.4528566516153503,1.0,0.9709505944546686,0.0,0.0,0.0
