problem,access,navigate,page_close,video,discussion,wiki
1.560329856697169,2.8020029077274247,2.521640636343318,1.0,1.0,0.0,0
