problem,access,navigate,page_close,video,discussion,wiki
0.8812908992306927,1.4488156357251847,1.5566567074628228,0.9852281360342516,0,0,0
