problem,access,navigate,page_close,video,discussion,wiki
0,1.2060026902433667,0.6784070909375675,0.8904916402194913,0.0,0.0,0.9182958340544896
