problem,access,navigate,page_close,video,discussion,wiki
0.9852281360342516,1.3516441151533922,1.0,1.5566567074628228,0,0,0.0
