problem,access,navigate,page_close,video,discussion,wiki
1.0400626081846736,2.128018829226784,2.4193819456463714,2.2516291673878226,1.9219280948873623,0,0
