problem,access,navigate,page_close,video,discussion,wiki
0.5435644431995964,1.8910611120726526,1.8423709931771086,2.128085278891394,1.0,0.0,0
