problem,access,navigate,page_close,video,discussion,wiki
0,2.9269301381208948,2.1556390622295662,2.901558951480824,2.5366082543914996,0.9709505944546686,0
