problem,access,navigate,page_close,video,discussion,wiki
0.0,2.9708400131019843,1.2987949406953985,2.8453509366224368,1.7924812503605778,0,0.0
