problem,access,navigate,page_close,video,discussion,wiki
1.432983121056005,1.9591479170272448,0.0,0,0,0.4394969869215134,0
