problem,access,navigate,page_close,video,discussion,wiki
0.863120568566631,2.7691332724910627,2.0922718656836103,2.9037600907308363,3.189898095464287,0,0
