problem,access,navigate,page_close,video,discussion,wiki
3.0525085143588337,3.7781602231220806,2.9140163035068447,2.321928094887362,2.251629167387823,1.0,0
