problem,access,navigate,page_close,video,discussion,wiki
0.8453509366224365,2.1535942880813344,2.4056390622295662,2.808694969562842,2.4056390622295662,0,0
