problem,access,navigate,page_close,video,discussion,wiki
0.0,1.8279831044758021,2.2359263506290326,1.5,0,1.784035672216632,0
