problem,access,navigate,page_close,video,discussion,wiki
1.3787834934861756,2.1110397987414444,1.7956828983511026,2.1976205714617016,1.2516291673878228,1.2638091738835462,0.0
