problem,access,navigate,page_close,video,discussion,wiki
0,1.5262349099495227,1.3250112108241772,1.3787834934861756,0.7219280948873623,0.7219280948873623,0
