problem,access,navigate,page_close,video,discussion,wiki
3.3321756784286465,3.4841487875810615,1.5,2.113283334294875,3.3915506027800735,0,0
