problem,access,navigate,page_close,video,discussion,wiki
2.722099562453842,3.304678187223086,3.0037711312818236,3.4598413623172006,3.1793617461478223,2.199687794731328,1.9219280948873623
