problem,access,navigate,page_close,video,discussion,wiki
1.960881567219584,3.3143475018735864,3.2947298659771174,2.741823591655809,2.642423961771975,1.9182958340544893,1.0
