problem,access,navigate,page_close,video,discussion,wiki
0.0,2.082393701644356,1.2638091738835462,1.9219280948873623,1.9219280948873623,0.0,0
