problem,access,navigate,page_close,video,discussion,wiki
0,1.2958363892911637,0.863120568566631,1.360964047443681,0.9182958340544896,0.0,0.0
