problem,access,navigate,page_close,video,discussion,wiki
1.3709505944546687,1.9210556987026668,1.584962500721156,2.1174924611847548,2.1556390622295662,0.0,0.0
