problem,access,navigate,page_close,video,discussion,wiki
0.9910760598382222,1.4395801769044168,0.0,1.5683182557028439,1.5,0,0
