problem,access,navigate,page_close,video,discussion,wiki
0.0,2.2366238110793635,2.2464393446710154,1.584962500721156,0,0,0
