problem,access,navigate,page_close,video,discussion,wiki
1.4197367178034825,3.0423081048087144,2.927451224964519,2.9870900416203345,0.9709505944546686,0.9709505944546686,0
