problem,access,navigate,page_close,video,discussion,wiki
1.3800943362833298,2.467720100474499,0.0,0.0,0.9709505944546686,0.0,0
