problem,access,navigate,page_close,video,discussion,wiki
1.584962500721156,2.202321934428085,2.074164743022575,0,0,0,0.0
