problem,access,navigate,page_close,video,discussion,wiki
2.734913880436511,3.595320379512765,3.323231428797621,2.5,0.0,0,0
