problem,access,navigate,page_close,video,discussion,wiki
0,2.0602209150665964,2.188721875540867,1.9196905740496966,1.7720772537350808,1.9267886629594864,0
