problem,access,navigate,page_close,video,discussion,wiki
0.9709505944546686,2.6649320024590573,2.7219280948873625,2.6100635408770723,2.1556390622295662,0.0,0
