problem,access,navigate,page_close,video,discussion,wiki
1.9290667621402315,3.7723919833357313,1.061278124459133,3.622755167658452,3.102258412694598,0.0,0.0
