problem,access,navigate,page_close,video,discussion,wiki
0,2.5730235145750684,1.6577427265048887,1.584962500721156,2.5,0.0,0.0
