problem,access,navigate,page_close,video,discussion,wiki
0.0,2.745927674516332,1.7924812503605778,2.002090951889137,2.3947604556258204,0,0
