problem,access,navigate,page_close,video,discussion,wiki
2.016875073332448,3.644456321742328,2.0,3.692279682039657,3.281036112553423,0,0
