problem,access,navigate,page_close,video,discussion,wiki
0.0,2.7247301466508205,1.2516291673878228,2.734512381750771,2.577819531114783,0.9940302114769565,0
