problem,access,navigate,page_close,video,discussion,wiki
1.6420325746664766,2.5366558348264245,1.3709505944546687,2.3718956694089632,1.8679653582397107,0.9182958340544896,0.0
