problem,access,navigate,page_close,video,discussion,wiki
0,1.1595115491253796,1.2516291673878228,1.584962500721156,1.0,0,0
