problem,access,navigate,page_close,video,discussion,wiki
1.3709505944546687,2.1073340408536896,1.8389205950315937,1.9508257945180887,0,0.6500224216483541,0.8812908992306927
