problem,access,navigate,page_close,video,discussion,wiki
1.3599924922184878,3.083765141069552,1.9219280948873623,2.9749375012019272,2.449311833026446,0,0
