problem,access,navigate,page_close,video,discussion,wiki
2.258459892744163,3.605739230387796,1.7924812503605778,3.491899725201465,3.1226976810975042,1.2741912122206154,0
