problem,access,navigate,page_close,video,discussion,wiki
2.7907672391255836,3.1000449868083737,2.339513641785163,3.143372254530702,2.873140679513133,2.1747382901603594,0.0
