problem,access,navigate,page_close,video,discussion,wiki
1.1358159979737639,2.3751164005429573,2.298794940695399,2.594669435335262,1.8423709931771088,0.0,0.0
