problem,access,navigate,page_close,video,discussion,wiki
2.012903079411705,3.2874297934451158,2.5046934208291405,3.4539963758358994,3.1350940057325807,0.7219280948873623,1.4591479170272448
