problem,access,navigate,page_close,video,discussion,wiki
1.261384275020236,3.343612127597182,3.435826761219667,1.5304930567574824,1.4591479170272448,0,0.0
