problem,access,navigate,page_close,video,discussion,wiki
1.3396642639295127,2.5325732575026194,1.8799649487271108,0.0,0,0.0,0.0
