problem,access,navigate,page_close,video,discussion,wiki
0,0.7642045065086203,0.863120568566631,1.1488348542809166,0.9182958340544896,0,0.0
