problem,access,navigate,page_close,video,discussion,wiki
0.9182958340544896,1.7273966735744795,1.9182958340544893,1.543564443199596,0.9182958340544896,1.224381457724494,0
