problem,access,navigate,page_close,video,discussion,wiki
2.6213526136130225,3.5149006749671723,2.9852281360342516,3.5167128491605792,3.389701434682907,1.6152502650882519,0
