problem,access,navigate,page_close,video,discussion,wiki
0.0,0.9910760598382222,1.5219280948873621,0.5916727785823275,0.0,0,0
