problem,access,navigate,page_close,video,discussion,wiki
0,1.3382689280764646,1.360964047443681,1.3516441151533924,0.9709505944546686,0,0
