problem,access,navigate,page_close,video,discussion,wiki
0.8112781244591328,1.6577427265048887,1.0,1.4591479170272448,0.0,0,0
