problem,access,navigate,page_close,video,discussion,wiki
1.3885087415373887,1.2607717938967942,1.4591479170272448,1.1488348542809166,0.0,0,0
