problem,access,navigate,page_close,video,discussion,wiki
0.0,1.9488593407620451,1.0,1.5589385323502771,1.967351814444994,0,0
