problem,access,navigate,page_close,video,discussion,wiki
0,1.8374848297119397,0.8112781244591328,1.721928094887362,1.4488156357251847,0,0
