problem,access,navigate,page_close,video,discussion,wiki
0,1.6737949406953985,1.3709505944546687,1.3520301017579528,0,1.0,0
