problem,access,navigate,page_close,video,discussion,wiki
0,1.6858157091530304,0.9182958340544896,1.570950594454669,1.657742726504889,0.9456603046006402,0
