problem,access,navigate,page_close,video,discussion,wiki
0.8453509366224365,2.4716008172840405,1.4911148500551858,0.0,0,0.0,0.0
