problem,access,navigate,page_close,video,discussion,wiki
0.0,2.8401998765158556,2.5232314287976205,2.895423870280316,2.5,0,0
