problem,access,navigate,page_close,video,discussion,wiki
0.0,2.833415446757735,2.6416041678685938,2.6423714487439023,2.4159220638351666,1.626173005999585,0
