problem,access,navigate,page_close,video,discussion,wiki
2.1763532801141423,2.52494956061731,1.584962500721156,2.1180782093497093,0,0,0
