problem,access,navigate,page_close,video,discussion,wiki
2.920626762407639,3.5358906557656127,2.2516291673878226,3.4632805178108113,2.951143017707788,2.754404051509442,0.0
