problem,access,navigate,page_close,video,discussion,wiki
0.0,2.3852130207431887,2.3242764617775697,0.0,0,1.7273966735744795,1.5219280948873621
