problem,access,navigate,page_close,video,discussion,wiki
1.9493835776503414,1.8760067191007381,2.3828560636920493,1.9219280948873623,0,0,0
