problem,access,navigate,page_close,video,discussion,wiki
0.0,2.1865885730306536,1.584962500721156,2.217021885879718,1.3516441151533924,0.9182958340544896,0
