problem,access,navigate,page_close,video,discussion,wiki
2.61081362239422,2.6983748455309353,2.1556390622295662,2.4815419333359277,2.4353713907745336,0.0,0
