problem,access,navigate,page_close,video,discussion,wiki
0.0,1.37088490928384,2.2359263506290326,1.3346791410515946,1.5,0,0
