problem,access,navigate,page_close,video,discussion,wiki
0.0,1.87127803296105,1.5,1.8062389286533893,1.5828765043125572,0.0,0
