problem,access,navigate,page_close,video,discussion,wiki
1.6153243562732233,1.8311754695200273,2.1632095937363847,1.0,1.4488156357251847,1.2997367636952524,1.0
