problem,access,navigate,page_close,video,discussion,wiki
1.5577950932979914,1.808051878455018,0.5665095065529053,1.5198391430437925,1.6577427265048887,0.41381685030363374,0.0
