problem,access,navigate,page_close,video,discussion,wiki
0.5435644431995964,0.9886994082884974,1.836591668108979,0.9819407868640977,0.0,0.0,0.0
