problem,access,navigate,page_close,video,discussion,wiki
0.0,1.295461844238322,1.5219280948873621,2.2516291673878226,0,0,0
