problem,access,navigate,page_close,video,discussion,wiki
0.0,3.2112066072644962,2.8993974703476995,3.170914934136502,2.702683189255492,1.7489992230622806,0.0
