problem,access,navigate,page_close,video,discussion,wiki
0.9864267287308424,2.9190672534430298,0.9182958340544896,3.0547731686306117,2.446439344671016,0,0
