problem,access,navigate,page_close,video,discussion,wiki
0.9389320105807949,1.9898980954642875,1.3516441151533924,2.2810361125534233,2.0,0.8112781244591328,0.0
