problem,access,navigate,page_close,video,discussion,wiki
1.1591042541135004,1.4866325601178727,1.1488348542809166,0.9709505944546686,1.584962500721156,0.0,0
