problem,access,navigate,page_close,video,discussion,wiki
2.449311833026446,3.8766412845339646,2.4973419908730565,2.321928094887362,3.6312929881819005,0.0,0.0
