problem,access,navigate,page_close,video,discussion,wiki
1.4691825391877553,2.745667541707227,2.6989358713215634,2.747167197306934,1.746465798504072,1.5586002440514308,0
