problem,access,navigate,page_close,video,discussion,wiki
1.1221136771091087,2.0764018246923515,2.25,0.0,1.3709505944546687,1.3787834934861753,0.0
