problem,access,navigate,page_close,video,discussion,wiki
1.3689955935892815,3.0344484826029974,2.5216406363433186,2.927451224964519,2.4193819456463714,0,0
