problem,access,navigate,page_close,video,discussion,wiki
1.3716407621868583,2.799355627894973,2.6420846845804995,1.7527152789797045,0.0,1.5709505944546687,0.0
