problem,access,navigate,page_close,video,discussion,wiki
0,2.224394445405986,2.4193819456463714,2.186704345910025,0.0,0.0,0
