problem,access,navigate,page_close,video,discussion,wiki
0,2.0942538819773606,2.5503407095463886,1.207518749639422,0.5032583347756457,0,0
