problem,access,navigate,page_close,video,discussion,wiki
0,0.9980008838722996,1.8423709931771086,0.8112781244591328,0.9182958340544896,0,0
