problem,access,navigate,page_close,video,discussion,wiki
1.584962500721156,2.642798150268912,1.4355205042826666,2.948598378184812,3.4620376832377553,2.349601752714581,0
