problem,access,navigate,page_close,video,discussion,wiki
0.0,1.3472230399326601,1.4591479170272446,1.752715278979705,0.0,0.9182958340544896,0
