problem,access,navigate,page_close,video,discussion,wiki
1.7441556150740303,2.6498623009143967,1.3787834934861756,0.0,1.5,0.0,0
