problem,access,navigate,page_close,video,discussion,wiki
2.404907349396119,2.8184831299891875,2.1416195253341384,2.7720210022708387,2.424390712584253,1.07273728622321,0.0
