problem,access,navigate,page_close,video,discussion,wiki
0,1.7427376486136672,1.6854752972273346,1.781937063546704,1.2987949406953985,0.7228578977329688,0.0
