problem,access,navigate,page_close,video,discussion,wiki
0.8112781244591328,1.4966407621868583,0.0,2.321928094887362,0.6500224216483541,0.14854949043034824,0
