problem,access,navigate,page_close,video,discussion,wiki
1.9025966950356208,2.453020192448046,2.2998963911678914,2.6062389286533896,1.7527152789797045,0,0
