problem,access,navigate,page_close,video,discussion,wiki
0,1.8374848297119397,1.971335285306981,1.836591668108979,0.0,1.6074550991954883,0
