problem,access,navigate,page_close,video,discussion,wiki
0,1.4832261969709113,1.784159127851422,1.5465935642949382,1.784159127851422,0.0,0.0
