problem,access,navigate,page_close,video,discussion,wiki
0,2.7475391504976265,2.2810361125534238,1.0,1.7527152789797045,0.0,0.0
