problem,access,navigate,page_close,video,discussion,wiki
2.9671007935650873,3.4118187032603715,3.523188151869835,3.3858610891017227,3.285059174767926,2.185501925644709,0
