problem,access,navigate,page_close,video,discussion,wiki
1.4056390622295665,2.070404275003492,1.8910611120726526,1.746465798504072,1.384431504340598,0,0
