problem,access,navigate,page_close,video,discussion,wiki
0,1.7370148112524408,1.836591668108979,1.5545851693377997,1.5566567074628228,1.6644977792004614,0
