problem,access,navigate,page_close,video,discussion,wiki
0.0,2.43036305369244,2.058813890331201,1.6382533594712747,1.7609640474436812,0.5435644431995964,0.0
