problem,access,navigate,page_close,video,discussion,wiki
0.4262286569981449,1.8995078353275607,2.197159723424149,1.6858157091530304,0.9182958340544896,2.3189931779764663,0.0
