problem,access,navigate,page_close,video,discussion,wiki
1.8250112108241772,2.025804039229933,1.5,1.0,1.3221793455166666,1.9591479170272446,0.0
