problem,access,navigate,page_close,video,discussion,wiki
0,1.4275822075330264,2.6550505394177746,1.5950791344612634,0.39124356362925566,0.0,0.0
