problem,access,navigate,page_close,video,discussion,wiki
0,2.588465279604108,2.2492870686521593,2.521640636343318,0.9709505944546686,0,0
