problem,access,navigate,page_close,video,discussion,wiki
0.0,1.9591479170272448,2.321928094887362,1.9182958340544893,0.0,0,0
