problem,access,navigate,page_close,video,discussion,wiki
0.9709505944546686,1.0949143184120975,1.5,1.760495029766198,1.9056390622295665,0,0
