problem,access,navigate,page_close,video,discussion,wiki
0.9182958340544896,2.1963538066948196,1.4591479170272448,1.0,0,0,0
