problem,access,navigate,page_close,video,discussion,wiki
0.9990102708804813,1.2448406699719212,0.9182958340544896,0,0,0.9957274520849256,0
