problem,access,navigate,page_close,video,discussion,wiki
1.0,1.640223928941852,0.9182958340544896,1.5465935642949382,0.9219280948873623,0,0
