problem,access,navigate,page_close,video,discussion,wiki
2.5212036989486544,3.0301568227771387,2.4056390622295662,2.942295283322472,2.724129026400548,1.3516441151533924,0.0
