problem,access,navigate,page_close,video,discussion,wiki
2.1298360229812188,3.1409598179879965,0.4689955935892812,3.1322184124253996,2.827954601911129,0.9910760598382222,0.0
