problem,access,navigate,page_close,video,discussion,wiki
1.884313527799799,2.9231503275305055,2.396240625180289,3.027389420668798,3.1318936996367306,0.28639695711595625,0.0
