problem,access,navigate,page_close,video,discussion,wiki
1.7420756376586204,2.5515721838588816,1.4591479170272446,0,0,0.5032583347756457,0
