problem,access,navigate,page_close,video,discussion,wiki
1.6477309221191607,1.404678473063571,1.7924812503605778,1.4315602842833155,1.0,0,0
