problem,access,navigate,page_close,video,discussion,wiki
1.9591904234199458,3.314027087851906,2.058813890331201,1.5,0.9182958340544896,0.0,0.0
