problem,access,navigate,page_close,video,discussion,wiki
1.792481250360578,2.722297438052675,0.9182958340544896,2.8913284759238698,2.6384600665861564,0,0.0
