problem,access,navigate,page_close,video,discussion,wiki
0.9456603046006402,3.1744739676067364,2.212503842372268,3.245095649545758,3.095795255000933,0.0,0.0
