problem,access,navigate,page_close,video,discussion,wiki
0.0,1.3382689280764646,1.5219280948873621,1.7527152789797047,0.9182958340544896,0,0
