problem,access,navigate,page_close,video,discussion,wiki
0.833764907210665,2.412505605412089,2.0,2.5046934208291405,1.836591668108979,0.8112781244591328,0
