problem,access,navigate,page_close,video,discussion,wiki
1.3817296923222286,3.2536606896881857,1.2406705316766886,3.077819531114783,2.9182958340544896,0.8112781244591328,0
