problem,access,navigate,page_close,video,discussion,wiki
3.3511783525035033,3.7611500459858727,2.9289837023345564,3.4225792840114875,3.3972875995792013,3.1217420166450687,1.1567796494470395
