problem,access,navigate,page_close,video,discussion,wiki
1.4488156357251847,2.3515937233487554,1.3709505944546687,2.4116022179746714,2.2810361125534238,0.0,0.0
