problem,access,navigate,page_close,video,discussion,wiki
0.0,1.900320916472204,1.2987949406953985,1.7884504573082893,1.4604846813131114,0,0
