problem,access,navigate,page_close,video,discussion,wiki
2.4007954445695936,2.4317876020031735,0.9182958340544896,2.2598462092674683,2.128085278891394,0,0
