problem,access,navigate,page_close,video,discussion,wiki
1.0,2.344348142518732,1.0,2.725480556997868,2.7744019192887706,0.0,0.0
