problem,access,navigate,page_close,video,discussion,wiki
0.0,1.7783283537314114,0.863120568566631,1.8365916681089791,1.5,0,0
