problem,access,navigate,page_close,video,discussion,wiki
0.9975025463691153,1.3821022532543101,1.3787834934861756,0,0,0.0,0.0
