problem,access,navigate,page_close,video,discussion,wiki
1.3995812306460647,2.2580151029940647,0.9852281360342516,1.3346791410515946,2.3709505944546687,1.4932133643654213,0
