problem,access,navigate,page_close,video,discussion,wiki
0.9629004147713269,2.647063316561343,0.9219280948873623,2.5220552088742005,1.570950594454669,1.8464393446710154,0
