problem,access,navigate,page_close,video,discussion,wiki
1.8365916681089791,2.1180782093497093,2.0,2.4464393446710155,2.1556390622295662,0,0
