problem,access,navigate,page_close,video,discussion,wiki
0.0,1.0,1.974937501201927,0.9182958340544896,1.0,0,0.9182958340544896
