problem,access,navigate,page_close,video,discussion,wiki
2.2516291673878226,3.012527441626875,2.9328173151210213,1.761706277574314,1.854285871987246,1.3787834934861753,0
