problem,access,navigate,page_close,video,discussion,wiki
0.0,1.81294527625988,1.811278124459133,1.8464393446710154,1.5,0,0.0
