problem,access,navigate,page_close,video,discussion,wiki
1.5566567074628228,2.019973094021975,1.7924812503605778,2.0131324651707385,1.4591479170272448,0,0
