problem,access,navigate,page_close,video,discussion,wiki
1.2606423247314338,1.2410106928656974,0.8112781244591328,1.4353713907745331,0.7219280948873623,0,0
