problem,access,navigate,page_close,video,discussion,wiki
0.0,1.9373648431033281,1.8464393446710154,1.8464393446710154,1.4591479170272448,1.5,0.0
