problem,access,navigate,page_close,video,discussion,wiki
1.2987949406953985,2.150685090264658,1.8464393446710154,2.1384600665861555,1.6258145836939115,0,0
