problem,access,navigate,page_close,video,discussion,wiki
0.9971803988942642,3.0507661742775687,3.016875695766564,3.238901256602631,1.5,0.4689955935892812,0
