problem,access,navigate,page_close,video,discussion,wiki
0,1.4772170014624826,1.5566567074628228,1.6258145836939115,1.0,0,0
