problem,access,navigate,page_close,video,discussion,wiki
0.5787946246321198,1.866692810055075,1.5798634010685342,1.9219280948873623,1.4591479170272446,0,0
