problem,access,navigate,page_close,video,discussion,wiki
0.8112781244591328,1.789929075309999,0.0,1.6577427265048887,1.2987949406953985,0,0
