problem,access,navigate,page_close,video,discussion,wiki
1.584962500721156,2.6812763696025814,2.2516291673878226,2.5366082543914996,1.9182958340544893,1.4411665441579462,0
