problem,access,navigate,page_close,video,discussion,wiki
0,1.7028195311147831,0.7219280948873623,2.054585169337799,2.113283334294875,0,0
