problem,access,navigate,page_close,video,discussion,wiki
1.4766659618869304,2.322817208341623,2.4193819456463714,2.133937566094917,2.2942740671928616,0.0,0
