problem,access,navigate,page_close,video,discussion,wiki
0,1.9182958340544896,1.5566567074628228,1.9219280948873623,1.9219280948873623,0,0
