problem,access,navigate,page_close,video,discussion,wiki
1.6280852788913944,2.5782700398926517,2.389898095464287,2.414208612874808,2.1344304518733845,0,0.0
