problem,access,navigate,page_close,video,discussion,wiki
0.7219280948873623,2.0130518183792794,1.5219280948873621,1.7219280948873623,1.9219280948873623,0.0,0
