problem,access,navigate,page_close,video,discussion,wiki
1.8423709931771086,1.822744329723164,1.584962500721156,1.6528633822909644,1.2916919971380596,0.9182958340544896,0
