problem,access,navigate,page_close,video,discussion,wiki
0,0.9055872616982603,0.863120568566631,1.2406705316766886,0.9182958340544896,0.0,0.0
