problem,access,navigate,page_close,video,discussion,wiki
1.8464393446710154,3.373113851401449,2.270942421748537,3.356492413796825,3.292878689342031,0,0
