problem,access,navigate,page_close,video,discussion,wiki
1.4056390622295665,3.622000516883152,2.018310781820059,0.0,0,0.9182958340544896,1.0
