problem,access,navigate,page_close,video,discussion,wiki
1.0,1.7322216637616483,1.9219280948873623,1.7295739585136223,1.3787834934861753,0.0,0
