problem,access,navigate,page_close,video,discussion,wiki
1.9075146913573235,2.569182725625819,2.4193819456463714,2.727497224852472,2.7754316010011366,0,0
