problem,access,navigate,page_close,video,discussion,wiki
0,2.4250983688182997,2.0464393446710156,1.5,1.9219280948873623,0,0
