problem,access,navigate,page_close,video,discussion,wiki
0.0,1.8453657445737646,1.3787834934861756,2.1603762130989104,2.054585169337799,0.0,0
