problem,access,navigate,page_close,video,discussion,wiki
2.200745606449004,3.055635490963585,2.984234164652489,3.215165998855415,0,0,0.0
