problem,access,navigate,page_close,video,discussion,wiki
1.5190461643198379,1.4591479170272448,0.7219280948873623,0,0,0.0,0.0
