problem,access,navigate,page_close,video,discussion,wiki
1.9362600275315274,2.6464393446710153,1.0,2.7534343861887844,2.25,0,0
