problem,access,navigate,page_close,video,discussion,wiki
2.8230039365296644,3.085894899455093,2.7029043371886066,2.75,1.9182958340544896,1.5566567074628228,0
