problem,access,navigate,page_close,video,discussion,wiki
0.954434002924965,2.7041104285002837,1.0,2.697417929768881,2.669226228218945,0.0,0.0
