problem,access,navigate,page_close,video,discussion,wiki
0.9656361333706098,1.295461844238322,1.9219280948873623,1.061278124459133,0.0,0,0
