problem,access,navigate,page_close,video,discussion,wiki
1.8879185026711327,2.2602209150665966,1.8262452584026092,2.2017135403283756,1.9016094970590274,0.0,0.0
