problem,access,navigate,page_close,video,discussion,wiki
0.9182958340544896,2.35274578087187,0.0,2.4066663167406888,1.5219280948873621,0,0
