problem,access,navigate,page_close,video,discussion,wiki
2.2946164700306078,3.2630936136563973,2.5253456211698713,3.31471801682134,2.975412897259045,0.0,0.0
