problem,access,navigate,page_close,video,discussion,wiki
2.8582783084180448,2.687091044860165,1.9219280948873623,2.815922063835166,1.896240625180289,0,0
