problem,access,navigate,page_close,video,discussion,wiki
2.1324385985497583,2.1741176406036935,0.7642045065086203,2.136842751672212,1.9591479170272446,1.014097655573916,0.0
