problem,access,navigate,page_close,video,discussion,wiki
0.863120568566631,1.8945332192870392,1.9107621062468212,1.5,0.9182958340544896,0.8112781244591328,0.0
