problem,access,navigate,page_close,video,discussion,wiki
0.0,1.7180362608451731,1.7763318528003074,1.7659573209491748,0.954434002924965,0.0,0
