problem,access,navigate,page_close,video,discussion,wiki
1.4699174860581585,3.4468074086707277,1.5566567074628228,2.0,2.5216406363433186,0,0
