problem,access,navigate,page_close,video,discussion,wiki
0.9976875760352552,0.996316519558962,0.9182958340544896,0.9456603046006402,0.0,0,0
