problem,access,navigate,page_close,video,discussion,wiki
0.9182958340544896,2.6764695474602718,1.584962500721156,2.6100635408770723,2.2464393446710154,0,0
