problem,access,navigate,page_close,video,discussion,wiki
1.5304930567574824,1.0230370655328809,0.7642045065086203,0.0,0.0,0.0,0.0
