problem,access,navigate,page_close,video,discussion,wiki
0,1.4355205042826666,1.0,1.8423709931771084,0.9182958340544896,0,0
