problem,access,navigate,page_close,video,discussion,wiki
2.9370242754249505,3.617432303243129,2.4464393446710155,1.0,1.584962500721156,0.0,0.0
