problem,access,navigate,page_close,video,discussion,wiki
0.9852281360342516,2.9897719963798433,1.8050365325772657,2.7522484129394535,2.548831101817646,0,0
