problem,access,navigate,page_close,video,discussion,wiki
2.4410685859554375,2.895298095415385,1.8822287189138016,2.8771047561874203,2.9095943271650917,0.0,0.0
