problem,access,navigate,page_close,video,discussion,wiki
0.0,1.6673395705257974,1.4911148500551858,1.7527152789797045,1.9182958340544893,1.0,0.0
