problem,access,navigate,page_close,video,discussion,wiki
0,1.5708596847231586,1.5,1.5653402161740673,1.5179159574361383,0,0
