problem,access,navigate,page_close,video,discussion,wiki
0.0,1.781937063546704,0.4394969869215134,1.6577427265048887,1.5,0.0,0.0
