problem,access,navigate,page_close,video,discussion,wiki
1.280672129520887,1.061278124459133,0.0,1.4353713907745331,1.5,0,0
