problem,access,navigate,page_close,video,discussion,wiki
1.5346382734922517,2.2715046459173545,2.5949066182439395,2.6076960780509837,1.584962500721156,0,0
