problem,access,navigate,page_close,video,discussion,wiki
1.2108100261060328,1.3250112108241772,0.863120568566631,1.0,0,0,0.0
