problem,access,navigate,page_close,video,discussion,wiki
1.8099459861290572,2.837024854497474,2.3709505944546687,2.829330040149117,2.702904337188607,0.0,0
