problem,access,navigate,page_close,video,discussion,wiki
1.0,2.6741167811492446,2.4010583224943756,1.584962500721156,0,1.1460415484139999,0
