problem,access,navigate,page_close,video,discussion,wiki
2.1007115883735374,3.0616276169985204,2.5219280948873624,3.25887991014164,0,0,0
