problem,access,navigate,page_close,video,discussion,wiki
3.4053619586975192,4.16779409292442,1.6922718656836107,0.0,3.3815804883091634,3.225279032410258,0.0
