problem,access,navigate,page_close,video,discussion,wiki
2.6464393446710157,3.8109866696126766,3.8393151975502957,2.6816259570743917,2.128085278891394,2.9324773230012564,0.0
