problem,access,navigate,page_close,video,discussion,wiki
1.4284124677945966,0.8314743880097293,1.0,1.061278124459133,0.954434002924965,1.8163288393344814,0
