problem,access,navigate,page_close,video,discussion,wiki
2.652582799857142,3.333485395605051,1.5,3.2610276044371007,1.8332788625584586,0,0
