problem,access,navigate,page_close,video,discussion,wiki
0.0,2.1367840955380735,1.971335285306981,2.054585169337799,0.9709505944546686,0,1.0
