problem,access,navigate,page_close,video,discussion,wiki
0,2.7228039463941647,1.6644977792004614,1.5510981710072647,1.5709505944546687,0.0,0.0
