problem,access,navigate,page_close,video,discussion,wiki
1.578570853607793,1.627823225850185,1.1488348542809166,1.6423839016294983,1.2975862873473465,0.0,0
