problem,access,navigate,page_close,video,discussion,wiki
0.9182958340544896,3.4394398836141353,0.9182958340544896,3.5192475629608073,3.368042422572716,0,0
