problem,access,navigate,page_close,video,discussion,wiki
1.9500637564362102,1.805036532577266,2.155968102145908,1.9001403722466923,1.5546097612655667,0,0
