problem,access,navigate,page_close,video,discussion,wiki
0.0,1.7904276283772949,1.584962500721156,2.103909910282364,1.4591479170272448,0,0
