problem,access,navigate,page_close,video,discussion,wiki
0.0,1.5709505944546684,1.8423709931771086,1.9502120649147465,1.584962500721156,0.0,0
