problem,access,navigate,page_close,video,discussion,wiki
0.0,2.2806390622295662,1.9219280948873623,2.2359263506290326,1.0,0,0
