problem,access,navigate,page_close,video,discussion,wiki
1.1770225546116342,1.9956364132813589,1.188721875540867,1.0,0,0,0
