problem,access,navigate,page_close,video,discussion,wiki
0.5665095065529053,2.270942421748537,2.7219280948873625,1.0,0,0,0
