problem,access,navigate,page_close,video,discussion,wiki
1.8062389286533893,2.856493674560024,2.4996981431844145,2.903107168362811,2.4591479170272446,0.0,0
