problem,access,navigate,page_close,video,discussion,wiki
1.5920001314822054,2.6482583410477263,2.2359263506290326,2.7100706213976054,1.7924812503605778,0,0
