problem,access,navigate,page_close,video,discussion,wiki
2.6129172285130076,3.661048848197024,2.612152473802108,3.6634100552279705,3.142062614105113,1.155593890471808,1.584962500721156
