problem,access,navigate,page_close,video,discussion,wiki
0,2.8553885422075336,2.7199643047423914,2.321928094887362,0,0,1.0
