problem,access,navigate,page_close,video,discussion,wiki
0.0,1.5166238110793633,1.9219280948873623,0,0.9852281360342516,0,0
