problem,access,navigate,page_close,video,discussion,wiki
0.0,1.014097655573916,0.0,0.8112781244591328,0.5916727785823275,0,0
