problem,access,navigate,page_close,video,discussion,wiki
0.0,2.5470803778652478,2.6235166412180155,2.488785591776994,2.4193819456463714,0.954434002924965,0
