problem,access,navigate,page_close,video,discussion,wiki
1.53012496531497,1.9196905740496966,2.1339375660949167,2.257856063692049,2.1887218755408666,0,0
