problem,access,navigate,page_close,video,discussion,wiki
1.5,1.5563791844691106,1.4002582326102067,1.658950107821907,1.6514812425365815,0.5665095065529053,0.0
