problem,access,navigate,page_close,video,discussion,wiki
0.8112781244591328,2.35845859334435,1.0,2.345851989338261,2.4056390622295662,0,0
