problem,access,navigate,page_close,video,discussion,wiki
0.0,1.8190269457641053,0.0,1.836591668108979,1.9219280948873623,0,0
