problem,access,navigate,page_close,video,discussion,wiki
0,1.4833557549816876,0.5916727785823275,1.950212064914747,0.9182958340544896,0,0.0
