problem,access,navigate,page_close,video,discussion,wiki
0,1.4056390622295665,0.0,1.6644977792004614,1.2516291673878228,0,0
