problem,access,navigate,page_close,video,discussion,wiki
2.7692039634822785,3.9028226260265813,3.1208820856331787,3.039353872167201,2.75,0.863120568566631,1.0
