problem,access,navigate,page_close,video,discussion,wiki
2.112483461921361,2.8068687623455335,1.1488348542809166,2.6213526136130225,2.257856063692049,0,0
