problem,access,navigate,page_close,video,discussion,wiki
0.0,2.9487460521439353,2.252628376133506,2.10558726169826,1.4591479170272448,1.9188403938617613,1.4591479170272448
