problem,access,navigate,page_close,video,discussion,wiki
0,2.631099135193214,1.0,1.7527152789797047,1.584962500721156,0,0
