problem,access,navigate,page_close,video,discussion,wiki
0.9182958340544896,3.362143551876072,2.3685225277282065,3.4903270734449907,3.303701696057348,0.0,0
