problem,access,navigate,page_close,video,discussion,wiki
2.091373024493704,4.027514254786657,1.584962500721156,3.8093135754159846,4.007887786427794,0,0
