problem,access,navigate,page_close,video,discussion,wiki
0.9975025463691153,2.427877967531032,1.9219280948873623,2.140361163698485,2.1556515522525697,0.0,0.0
