problem,access,navigate,page_close,video,discussion,wiki
1.0,1.4297538056670642,1.1488348542809166,1.5083826242427791,1.3633800759802648,0,0.0
