problem,access,navigate,page_close,video,discussion,wiki
0,2.056413545597006,2.0,1.3567796494470397,1.061278124459133,0,0
