problem,access,navigate,page_close,video,discussion,wiki
0,2.5232196723355074,0.6500224216483541,2.423794940695399,1.760495029766198,0.0,0
