problem,access,navigate,page_close,video,discussion,wiki
0,2.540360135441378,2.413088436425758,2.1556390622295662,1.5,0.9182958340544896,0
