problem,access,navigate,page_close,video,discussion,wiki
0.6500224216483541,1.841250170281555,1.2516291673878228,2.1492553971685,1.8910611120726526,0.0,0.0
