problem,access,navigate,page_close,video,discussion,wiki
1.0,2.7630836300536017,2.128085278891394,2.8201159852180058,2.6688388898504307,1.3787834934861753,0
