problem,access,navigate,page_close,video,discussion,wiki
0.9910760598382222,2.8194880169657677,2.4056390622295662,2.919368832093841,2.8731406795131336,0.0,0
