problem,access,navigate,page_close,video,discussion,wiki
0,2.007856063692049,2.2841591278514217,0.9709505944546686,0.9182958340544896,1.7690520098806264,0.0
