problem,access,navigate,page_close,video,discussion,wiki
0,2.3817739156726634,0.9182958340544896,2.357600472626353,2.3659573209491747,0.0,0
