problem,access,navigate,page_close,video,discussion,wiki
0.0,1.1595547523787308,2.4591479170272446,1.6854752972273344,1.3516441151533924,1.0,0
