problem,access,navigate,page_close,video,discussion,wiki
2.978071161295417,2.944914912747493,2.525838647382062,2.7550576199383077,2.3078203984541243,0.0,0
