problem,access,navigate,page_close,video,discussion,wiki
0,1.2415101887362598,1.5219280948873621,1.584962500721156,0,0,0
