problem,access,navigate,page_close,video,discussion,wiki
0,1.789929075309999,1.3609640474436813,1.6767370300521327,1.3787834934861756,0.0,0.0
