problem,access,navigate,page_close,video,discussion,wiki
1.0,2.8051700149340286,0.7219280948873623,1.5219280948873621,2.0464393446710156,0.0,0.0
