problem,access,navigate,page_close,video,discussion,wiki
4.117230205214172,4.302514714564743,3.366091329119192,2.321928094887362,3.464234652726567,3.410744985427766,0
