problem,access,navigate,page_close,video,discussion,wiki
1.7582975702780197,2.2211175539995294,0.0,2.1971597234241496,1.781937063546704,1.5,0
