problem,access,navigate,page_close,video,discussion,wiki
0.9940302114769565,2.52062338895716,1.3609640474436813,2.6147869792568113,2.467720100474499,0.0,0
