problem,access,navigate,page_close,video,discussion,wiki
0,2.5600289361122233,2.2810361125534238,3.139572261986723,2.9219280948873623,0.0,0
