problem,access,navigate,page_close,video,discussion,wiki
2.9007647567908275,3.2179917206692528,2.1577174691301484,2.4701970429406517,3.337677779700861,1.9751060324573733,0
