problem,access,navigate,page_close,video,discussion,wiki
0.0,1.2108100261060328,0.9182958340544896,1.3663146570363986,1.2406705316766886,1.0529815751302696,0
