problem,access,navigate,page_close,video,discussion,wiki
0.6840384356390417,0.9946937953613058,1.4355205042826666,0.8112781244591328,0,0.0,0
