problem,access,navigate,page_close,video,discussion,wiki
0,3.171135586239542,2.905587261698261,3.4733244121171944,3.217488427929138,1.4949188482339508,1.0
