problem,access,navigate,page_close,video,discussion,wiki
0,1.528368899209021,1.584962500721156,1.6729330318733675,1.061278124459133,0,0
