problem,access,navigate,page_close,video,discussion,wiki
0,1.8676338909712122,1.2987949406953985,2.0078560636920493,1.7295739585136223,0.0,0
