problem,access,navigate,page_close,video,discussion,wiki
0,2.377443751081734,2.251629167387823,2.3553885422075336,2.1556390622295662,0,0
