problem,access,navigate,page_close,video,discussion,wiki
0.9709505944546686,2.997317773224373,0.8112781244591328,1.9591479170272446,3.014527264502953,1.3709505944546687,0
