problem,access,navigate,page_close,video,discussion,wiki
0,2.8164172641028253,2.411602217974672,2.946387519131128,2.7719023720385585,1.5545851693377997,1.0
