problem,access,navigate,page_close,video,discussion,wiki
1.889732752735311,2.233940674071926,1.0,2.368681608963656,1.4911148500551858,0,0
