problem,access,navigate,page_close,video,discussion,wiki
0.0,2.640852637685877,2.739572261986723,2.802722752862489,2.5216406363433186,2.791573528670695,1.311278124459133
