problem,access,navigate,page_close,video,discussion,wiki
0,1.0949143184120975,1.6729330318733675,1.5219280948873621,1.2516291673878228,0.5435644431995964,0.0
