problem,access,navigate,page_close,video,discussion,wiki
0,1.6893917467430875,2.143780234737159,0,0,1.5941849127286432,0.0
