problem,access,navigate,page_close,video,discussion,wiki
0,1.9588718484453604,0.0,1.9219280948873623,1.9749375012019272,0.0,0
