problem,access,navigate,page_close,video,discussion,wiki
0,0.7642045065086203,1.2987949406953985,0.7219280948873623,0,0.9826032097430673,0.0
