problem,access,navigate,page_close,video,discussion,wiki
0.0,2.230893588207191,1.224394445405986,1.7840356722166322,1.925126559410829,1.4411665441579462,0.0
