problem,access,navigate,page_close,video,discussion,wiki
0,2.217926739526311,1.3787834934861753,2.2854752972273342,2.2825887305018333,1.0,0
