problem,access,navigate,page_close,video,discussion,wiki
0.0,2.2115677103416944,2.155221528859512,2.3479489118262413,1.3485878960124222,0.7219280948873623,1.0
