problem,access,navigate,page_close,video,discussion,wiki
0.8366407419411673,1.8080903610769055,1.584962500721156,0,0.0,0,0
