problem,access,navigate,page_close,video,discussion,wiki
0.9402859586706311,2.3069139011123685,2.225610814520738,1.6807775136110004,1.439254017211876,1.4299111709758698,1.584962500721156
