problem,access,navigate,page_close,video,discussion,wiki
0.0,3.5039824091702334,1.9502120649147465,3.463280517810811,2.913977073182752,2.4362009422910713,0
