problem,access,navigate,page_close,video,discussion,wiki
0.0,2.075011210824177,1.6888001778245365,1.5,0,0.0,1.224394445405986
