problem,access,navigate,page_close,video,discussion,wiki
0.0,2.0081267891042853,2.1556390622295662,2.113283334294875,1.2475562489182659,0.0,0
