problem,access,navigate,page_close,video,discussion,wiki
0,1.6158045319402516,1.584962500721156,1.8294732983598407,1.7295739585136223,0,0
