problem,access,navigate,page_close,video,discussion,wiki
0.8904916402194913,1.5651407133456026,1.5566567074628228,1.6244143985316337,1.7806390622295662,0.0,0.0
