problem,access,navigate,page_close,video,discussion,wiki
2.10845859334435,2.8526761974263786,0,2.0,2.584962500721156,0,0
