problem,access,navigate,page_close,video,discussion,wiki
0.5830194167347008,0.9684138777844498,1.4256051990169438,0,0.0,0.0,0
