problem,access,navigate,page_close,video,discussion,wiki
0.0,1.6742939480062113,0.9182958340544896,1.6382533594712747,1.8910611120726526,0,0.0
