problem,access,navigate,page_close,video,discussion,wiki
2.4005307830783993,3.528411148693598,3.00623892865339,3.5415196035883127,3.112146840538238,0.0,0
