problem,access,navigate,page_close,video,discussion,wiki
0.7871265862012691,3.1522039293264683,2.521640636343318,3.260828171224455,2.2295739585136225,0,0
