problem,access,navigate,page_close,video,discussion,wiki
2.2689289124151837,3.301331590415046,2.287783719941071,1.584962500721156,1.584962500721156,0.8112781244591328,0.0
