problem,access,navigate,page_close,video,discussion,wiki
2.7005227434681442,2.8662478973127308,1.0,0.0,1.584962500721156,0,0.0
