problem,access,navigate,page_close,video,discussion,wiki
0.0,1.7883106100537456,1.2987949406953985,1.4674579648482995,1.4949188482339508,1.4926140680171258,0.0
