problem,access,navigate,page_close,video,discussion,wiki
0,1.7806390622295662,1.792481250360578,1.8676338909712125,0.0,0.0,0
