problem,access,navigate,page_close,video,discussion,wiki
0.0,2.0781758650865774,0.9182958340544896,2.016875695766564,1.657742726504889,0.0,0.0
