problem,access,navigate,page_close,video,discussion,wiki
2.6167233939507346,3.7418852478033235,3.121928094887362,3.6545840655893866,3.2174884279291383,2.8432120748699226,0
