problem,access,navigate,page_close,video,discussion,wiki
0,1.456564762130954,1.8910611120726526,1.3709505944546687,0,0,0
