problem,access,navigate,page_close,video,discussion,wiki
0.0,2.449311833026446,0.8112781244591328,2.3685225277282065,1.5,0,0
