problem,access,navigate,page_close,video,discussion,wiki
0,3.2845772766973607,1.657742726504889,3.324549043535318,3.236440501696145,0.0,0.0
