problem,access,navigate,page_close,video,discussion,wiki
0.0,3.0950674172280466,2.4429552964525425,3.063307235905091,2.822181958642873,1.5,1.0
