problem,access,navigate,page_close,video,discussion,wiki
2.870492868214457,3.7814087148484026,2.753434386188785,1.584962500721156,1.5219280948873621,0.4689955935892812,0.0
