problem,access,navigate,page_close,video,discussion,wiki
1.0,2.5158299552111187,1.9056390622295665,1.8559585804392404,1.8919954870390203,0.0,0
