problem,access,navigate,page_close,video,discussion,wiki
0.9852281360342516,2.5265066018003792,0.863120568566631,2.828781483140606,2.6464393446710157,0,0
