problem,access,navigate,page_close,video,discussion,wiki
0,2.197159723424149,0.0,2.4464393446710155,1.7709505944546688,0,0
