problem,access,navigate,page_close,video,discussion,wiki
0.9182958340544896,2.533369020804085,2.4692407821722844,2.610577243331642,1.9219280948873623,0,0
