problem,access,navigate,page_close,video,discussion,wiki
0.8112781244591328,3.2911377615793285,1.6644977792004614,2.6464393446710153,2.8453509366224368,0,0
