problem,access,navigate,page_close,video,discussion,wiki
0.863120568566631,3.0952425303426154,1.1488348542809166,0,0,0.930586129131993,0
