problem,access,navigate,page_close,video,discussion,wiki
2.1029334343823503,4.177512564489145,3.4031550230813776,4.040361784252985,3.7080481500712317,2.1411646335410524,1.5
