problem,access,navigate,page_close,video,discussion,wiki
0,2.83139823881147,1.0,2.870950594454669,2.889549430862088,0,0
