problem,access,navigate,page_close,video,discussion,wiki
1.2987949406953985,2.6825064914329975,2.4696704873718613,3.1015087558678784,2.7219280948873625,0,0
