problem,access,navigate,page_close,video,discussion,wiki
0.9709505944546686,3.639308512440556,2.046439344671015,3.4394649377746034,2.9722565312492475,0,0.0
