problem,access,navigate,page_close,video,discussion,wiki
0,1.1981174211304033,1.5566567074628228,1.2389012566026307,1.1567796494470395,0,0
