problem,access,navigate,page_close,video,discussion,wiki
0,2.1800365325772657,0.8112781244591328,2.6031579868726,2.663532754804255,0,0
