problem,access,navigate,page_close,video,discussion,wiki
0.0,0.6840384356390417,1.3709505944546687,0.9182958340544896,0.7219280948873623,0.0,0
