problem,access,navigate,page_close,video,discussion,wiki
2.2806390622295662,3.7890398583753067,3.334209459448048,3.8020579609312746,2.224394445405986,0.4689955935892812,0
