problem,access,navigate,page_close,video,discussion,wiki
0,2.224601752714581,0.0,2.7773627950641693,2.6416041678685933,0,0
