problem,access,navigate,page_close,video,discussion,wiki
1.3382689280764644,2.2195083368391986,1.3709505944546687,1.5,0,0,0
