problem,access,navigate,page_close,video,discussion,wiki
0.9957274520849256,0.9940302114769565,0.9709505944546686,0,0,0,0
