problem,access,navigate,page_close,video,discussion,wiki
1.8322628970242687,2.9250962025606015,2.3745560483818835,3.065263743709731,2.867492461184755,0,0.0
