problem,access,navigate,page_close,video,discussion,wiki
0.8904916402194913,2.1513998099521663,1.9609640474436814,2.1438749513357798,1.9086922519969425,0.7642045065086203,0.0
