problem,access,navigate,page_close,video,discussion,wiki
1.3127443531093745,1.7657121273840979,0.0,1.0,1.8464393446710154,0.9182958340544896,0
