problem,access,navigate,page_close,video,discussion,wiki
0,2.486222825186055,1.9219280948873623,0,2.1552037396929586,0,0
