problem,access,navigate,page_close,video,discussion,wiki
2.2146939516467024,3.5442642471062866,2.7534343861887853,1.0,1.0,0,0
