problem,access,navigate,page_close,video,discussion,wiki
0.8112781244591328,3.219250912838829,2.725480556997868,3.155221528859512,1.4591479170272448,0.0,0
