problem,access,navigate,page_close,video,discussion,wiki
0.0,3.1898000073876993,2.4193819456463714,3.4633896850763297,3.2877837199410704,0,0
