problem,access,navigate,page_close,video,discussion,wiki
1.9055899865879877,1.8605622624068958,0.0,0.0,1.913166303130589,0.0,0
