problem,access,navigate,page_close,video,discussion,wiki
2.5854190935013928,2.996192036999069,1.9219280948873623,2.946387519131128,2.658680662942251,0.0,0
