problem,access,navigate,page_close,video,discussion,wiki
0.9426831892554922,3.107378501941721,2.337796811598596,3.297605872217733,3.2248809498103124,1.1488348542809166,1.5
