problem,access,navigate,page_close,video,discussion,wiki
2.8885262580363227,3.3584561798057253,2.0,3.1107409158588104,3.1015525894555154,0,0
