problem,access,navigate,page_close,video,discussion,wiki
1.5566567074628228,2.3921530325775926,0.9709505944546686,2.449311833026446,2.5550365325772657,1.4885252948977485,0
