problem,access,navigate,page_close,video,discussion,wiki
0.0,2.1445860570814452,1.75,2.226415353475711,1.4591479170272446,0,0
