problem,access,navigate,page_close,video,discussion,wiki
0,1.8221189251103274,1.75,1.7527152789797047,0.9709505944546686,0.0,0
