problem,access,navigate,page_close,video,discussion,wiki
1.6893917467430875,3.0303315986723787,2.332914563979398,3.0325950745091337,2.6199100232740657,0,0
