problem,access,navigate,page_close,video,discussion,wiki
1.5545851693377997,3.404361407726025,1.8423709931771086,2.2359263506290326,0,0,0
