problem,access,navigate,page_close,video,discussion,wiki
0,0.9852281360342516,1.37928048729106,1.0,0,1.2060026902433667,0.9182958340544896
