problem,access,navigate,page_close,video,discussion,wiki
1.3377780971924957,2.653008215059809,2.1856371288264103,2.7688676482549273,2.3947747321251267,0.0,0.0
