problem,access,navigate,page_close,video,discussion,wiki
1.5726236638951638,3.8225010775177686,3.2475784915297665,3.7494174198086516,3.441068585955437,0.9182958340544896,1.0
