problem,access,navigate,page_close,video,discussion,wiki
0,2.601914720464794,1.8423709931771084,2.5941178916311856,2.004886164091843,0,0
