problem,access,navigate,page_close,video,discussion,wiki
0,3.513445770796778,0.0,3.1796694619187065,3.2195282822995477,0.0,0
