problem,access,navigate,page_close,video,discussion,wiki
0.5435644431995964,2.0379154119304594,0.9182958340544896,2.6565647621309543,2.1556390622295662,0,0
