problem,access,navigate,page_close,video,discussion,wiki
0.0,2.1442812657727472,1.823067982273661,2.019035274338866,2.1180782093497093,0,0
