problem,access,navigate,page_close,video,discussion,wiki
1.4949188482339508,2.4021077582354775,2.5027361715940035,0,0,0.0,0
