problem,access,navigate,page_close,video,discussion,wiki
0.8112781244591328,2.627185086638975,2.2221915755066783,2.4632431204148593,1.9502120649147465,1.7416778774908437,0
