problem,access,navigate,page_close,video,discussion,wiki
0.7219280948873623,2.8390409013284725,2.4193819456463714,1.8062389286533893,1.9502120649147465,0,0
