problem,access,navigate,page_close,video,discussion,wiki
1.409975018822061,3.6091853075702547,3.020422173599001,2.869331261111518,2.113283334294875,0.0,0.9182958340544896
