problem,access,navigate,page_close,video,discussion,wiki
0.41381685030363374,2.047189755954475,1.5219280948873621,1.5219280948873621,1.5,0,0
