problem,access,navigate,page_close,video,discussion,wiki
0.5665095065529053,3.01864252671076,2.197159723424149,3.0097239659129595,2.6455933144511468,0.0,0
