problem,access,navigate,page_close,video,discussion,wiki
1.5920001314822054,2.902416089051295,2.6835423624332306,0,0,0.74959525725948,1.0
