problem,access,navigate,page_close,video,discussion,wiki
0.9219280948873623,2.3909977993498193,1.6675897585466832,0,0,1.0,0.9709505944546686
