problem,access,navigate,page_close,video,discussion,wiki
2.329631971369738,2.78691206211722,2.803084094239879,1.8352377453121176,1.8352377453121176,2.2143351178208266,0.0
