problem,access,navigate,page_close,video,discussion,wiki
1.8910044450686891,2.296826705925094,1.584962500721156,2.5566567074628237,2.1180782093497093,0,0
