problem,access,navigate,page_close,video,discussion,wiki
1.0842544615535057,2.2550282301782696,2.321928094887362,2.6417062775743134,2.1179631753145163,0,0
