problem,access,navigate,page_close,video,discussion,wiki
0.7219280948873623,3.1300951532024497,2.5,3.0635248717324433,2.6667193389188837,0,0
