problem,access,navigate,page_close,video,discussion,wiki
0.0,2.4631710323659637,2.1556390622295662,2.2854752972273342,1.974937501201927,0.0,0
