problem,access,navigate,page_close,video,discussion,wiki
1.224394445405986,2.87524865069571,0.6500224216483541,0.0,1.9219280948873623,0.0,0.0
