problem,access,navigate,page_close,video,discussion,wiki
0.9182958340544896,2.1735572622751853,1.3346791410515946,1.0,0.0,0.0,0.0
