problem,access,navigate,page_close,video,discussion,wiki
1.224394445405986,2.350772023403227,1.4854752972273344,0,0,0.0,0.0
