problem,access,navigate,page_close,video,discussion,wiki
1.8328599960237872,3.0685114032301186,2.8553885422075336,3.0116477937110515,2.863094551420763,0.0,0
