problem,access,navigate,page_close,video,discussion,wiki
2.061145886715422,2.890409153802438,2.3803392433798827,2.0,1.0,0.9910760598382222,0.0
