problem,access,navigate,page_close,video,discussion,wiki
1.1626848846806317,3.662380824472785,2.345851989338261,2.2516291673878226,1.9219280948873623,0.9910760598382222,1.0
