problem,access,navigate,page_close,video,discussion,wiki
2.0227009646740024,2.399398566447026,1.2957378005380122,2.398376710843234,2.4677266293116094,0.9852281360342516,0.0
