problem,access,navigate,page_close,video,discussion,wiki
0.0,2.5161121952144407,1.6171895725927152,0.0,1.584962500721156,0,0
