problem,access,navigate,page_close,video,discussion,wiki
1.5,3.7044269646841412,3.5220552088742005,2.2359263506290326,1.0,1.789929075309999,0.0
