problem,access,navigate,page_close,video,discussion,wiki
1.0,2.262824692361507,1.7924812503605778,2.4109059716151027,1.784159127851422,0,0
