problem,access,navigate,page_close,video,discussion,wiki
1.305803563478725,1.9695065065550448,1.0,1.789929075309999,2.133206219346495,0.0,0
