problem,access,navigate,page_close,video,discussion,wiki
0.0,2.880755015835494,1.9056390622295665,0.7219280948873623,0.9182958340544896,0,0
