problem,access,navigate,page_close,video,discussion,wiki
0,3.547725164132625,0,2.584962500721156,2.5216406363433186,0,0
