problem,access,navigate,page_close,video,discussion,wiki
0.6722948170756379,1.3291641289759726,1.5,1.3743214578138507,0.7219280948873623,0,0
