problem,access,navigate,page_close,video,discussion,wiki
1.4591479170272448,2.400455593124126,0.9864267287308424,0.0,0,0.0,0
