problem,access,navigate,page_close,video,discussion,wiki
0.0,2.9516288394329417,2.4116022179746714,2.549523459597832,2.5219280948873624,0,0
