problem,access,navigate,page_close,video,discussion,wiki
1.9480059536801493,2.2641208758737115,1.974937501201927,2.4200824632751345,0.9709505944546686,0,0
