problem,access,navigate,page_close,video,discussion,wiki
0.0,2.5487597585237722,1.784159127851422,2.3522170014624826,0.9852281360342516,0,0
