problem,access,navigate,page_close,video,discussion,wiki
0.0,2.4946803684089085,2.1735572622751858,1.8676338909712125,1.0,0.0,0
