problem,access,navigate,page_close,video,discussion,wiki
0.0,1.4137995646056802,1.5,1.6767370300521325,1.811278124459133,0,0
