problem,access,navigate,page_close,video,discussion,wiki
0.9709505944546686,2.298852726158181,0.0,2.467720100474499,2.2998963911678914,0,0.0
