problem,access,navigate,page_close,video,discussion,wiki
2.0849625007211565,3.562562003941173,2.74894004700543,3.7157681409250243,3.740601562950723,0,0
