problem,access,navigate,page_close,video,discussion,wiki
1.6840384356390417,2.666217917138221,1.2516291673878228,2.5954317838032637,2.840223928941852,0,0
