problem,access,navigate,page_close,video,discussion,wiki
1.0,1.9544707357100886,1.0,1.7527152789797047,1.5304930567574826,0,0
