problem,access,navigate,page_close,video,discussion,wiki
1.0,1.9053999311004344,1.5,1.794468414860448,1.9182958340544893,0,0
