problem,access,navigate,page_close,video,discussion,wiki
1.3516441151533922,1.924174352300441,0.0,2.2312702546075758,1.8910611120726526,0,0
