problem,access,navigate,page_close,video,discussion,wiki
0.0,1.7142977509479211,1.0,2.0403733936884962,1.2516291673878228,0,0
