problem,access,navigate,page_close,video,discussion,wiki
0,2.1556390622295662,0.0,1.8423709931771088,1.3709505944546687,0,0
