problem,access,navigate,page_close,video,discussion,wiki
0.8812908992306927,2.5274421472708575,2.6939592513355666,2.1258145836939115,1.7924812503605778,0,0
