problem,access,navigate,page_close,video,discussion,wiki
0.9910760598382222,3.0166738630234367,2.3904685707328284,3.064325394058485,2.9823345430436743,0,0
