problem,access,navigate,page_close,video,discussion,wiki
1.836591668108979,1.867633890971212,0.9182958340544896,1.3709505944546687,1.0,0,0.0
