problem,access,navigate,page_close,video,discussion,wiki
1.0,2.951921307249745,2.9740647624754506,3.0379719339800806,0,0.0,0
