problem,access,navigate,page_close,video,discussion,wiki
1.3516441151533924,2.881380212601699,2.2577560641285177,2.801515280317513,0,0.0,0
