problem,access,navigate,page_close,video,discussion,wiki
0.9940302114769565,2.6222378975050398,1.8676338909712122,2.63372259981661,2.1619781796795534,0,0
