problem,access,navigate,page_close,video,discussion,wiki
2.1019011889093373,2.5221947274356307,1.4591479170272446,1.3709505944546687,0.0,0.0,0
