problem,access,navigate,page_close,video,discussion,wiki
0.9709505944546686,1.8154100547001821,0.0,1.823192411043098,1.4591479170272448,0,0
