problem,access,navigate,page_close,video,discussion,wiki
0.9182958340544896,2.1079637556972086,1.2516291673878228,1.0,0.0,0.0,0.0
