problem,access,navigate,page_close,video,discussion,wiki
0.42368057157091055,2.3273975373875313,1.789929075309999,1.0,0.0,1.0,0.0
