problem,access,navigate,page_close,video,discussion,wiki
1.2997367636952524,2.1992723353187014,1.584962500721156,1.4591479170272448,0.0,0,0
