problem,access,navigate,page_close,video,discussion,wiki
1.0969880637381755,1.086987702339905,1.9808259362290785,1.0408520829727552,0.0,0.0,0
