problem,access,navigate,page_close,video,discussion,wiki
0,1.5304930567574824,0.9910760598382222,0.7219280948873623,0.0,0.7642045065086203,1.0
