problem,access,navigate,page_close,video,discussion,wiki
1.0,1.922023142851573,0.0,1.811278124459133,1.4056390622295665,0.0,0
