problem,access,navigate,page_close,video,discussion,wiki
2.9860348451795797,3.57120035299515,2.291620193427939,3.5253263791155,3.0222201518899268,0.0,0.0
