problem,access,navigate,page_close,video,discussion,wiki
0,2.378991986900062,2.054585169337799,2.2359263506290326,1.0,0.0,0.0
