problem,access,navigate,page_close,video,discussion,wiki
0,1.8892464285091581,0.954434002924965,2.2359263506290326,1.9219280948873623,0,0
