problem,access,navigate,page_close,video,discussion,wiki
0,1.7381493331928664,0.9957274520849256,1.722266311943983,1.4949188482339508,0.0,0.0
