problem,access,navigate,page_close,video,discussion,wiki
0.9910760598382222,2.7489400470054295,1.4591479170272446,0.0,0.0,0.0,0.0
