problem,access,navigate,page_close,video,discussion,wiki
0.0,3.272492130041276,1.584962500721156,2.3522170014624826,2.197159723424149,0,0
