problem,access,navigate,page_close,video,discussion,wiki
0.0,3.3394496951530614,2.1556390622295662,2.321928094887362,1.0,0,0
