problem,access,navigate,page_close,video,discussion,wiki
2.5801893413086137,3.5994430817842007,2.4634582986483036,3.4835908204078274,3.0501928463590144,0.9219280948873623,0
