problem,access,navigate,page_close,video,discussion,wiki
1.0226297788901695,1.8788211218494428,1.0,1.9219280948873623,0,0.41381685030363374,0
