problem,access,navigate,page_close,video,discussion,wiki
1.889246428509158,3.080510124192005,1.9219280948873623,2.964889451733241,2.467720100474499,0.0,0
