problem,access,navigate,page_close,video,discussion,wiki
0.5435644431995964,2.418295834054489,1.9182958340544896,2.725480556997868,2.321928094887362,0,0
