problem,access,navigate,page_close,video,discussion,wiki
1.4355205042826666,3.176331186926415,2.6737855952216476,3.4193410421360126,3.1464393446710153,2.5124959288493187,1.0
