problem,access,navigate,page_close,video,discussion,wiki
0.41381685030363374,1.7994427194787626,1.8423709931771088,1.6589797521242051,0.0,0,0
