problem,access,navigate,page_close,video,discussion,wiki
0.0,2.5106084108391205,1.9523612813926658,2.7813172094432983,3.085055102756477,0.0,1.0
