problem,access,navigate,page_close,video,discussion,wiki
0,2.734969423102487,0.0,2.818030074385506,3.1464393446710153,0,0
