problem,access,navigate,page_close,video,discussion,wiki
1.2638091738835462,3.2876775127882096,2.656564762130954,3.350209029099897,3.2359263506290326,0,0
