problem,access,navigate,page_close,video,discussion,wiki
1.37928048729106,2.347945047579908,2.535582047970575,2.2640835117703757,0.0,0.4394969869215134,0
