problem,access,navigate,page_close,video,discussion,wiki
0.0,2.2120328885192233,0.9182958340544896,2.0418145155018155,1.3516441151533922,0,0
