problem,access,navigate,page_close,video,discussion,wiki
0.0,2.19291849165332,1.0,2.827819531114783,2.5,0.4681666405523326,0
