problem,access,navigate,page_close,video,discussion,wiki
1.5841949129760544,3.132653332825453,2.4591479170272446,0.9182958340544896,3.212878689342031,0.0,0
