problem,access,navigate,page_close,video,discussion,wiki
1.5244951608003623,2.437365333999836,1.2987949406953985,2.4943891548473744,2.3332062193464953,0.9182958340544896,0.0
