problem,access,navigate,page_close,video,discussion,wiki
0.4220005168831531,2.977468509287985,1.8423709931771084,3.0968422195230443,2.939353872167201,1.3105673797344795,1.3709505944546687
