problem,access,navigate,page_close,video,discussion,wiki
2.26984123736299,3.3137019471168423,1.6729330318733675,3.2814453723879735,2.6606732334168424,0.9709505944546686,0.0
