problem,access,navigate,page_close,video,discussion,wiki
2.5192475629608078,3.717142004714429,2.3709505944546687,1.0,2.0,0.0,0.0
