problem,access,navigate,page_close,video,discussion,wiki
1.188721875540867,2.9615769725313377,2.2062389286533897,3.045301086491796,2.5220552088742005,0.9182958340544896,0.0
