problem,access,navigate,page_close,video,discussion,wiki
2.6970427769556635,3.1586074407575264,2.6798066535975913,2.823549675458855,3.246363636043463,1.5744174271404583,0
