problem,access,navigate,page_close,video,discussion,wiki
0.0,2.223892254527568,2.446439344671015,1.560413791950178,1.4652556501132248,1.0,0
