problem,access,navigate,page_close,video,discussion,wiki
0,2.932202470024281,2.321928094887362,1.5219280948873621,1.584962500721156,0,0
