problem,access,navigate,page_close,video,discussion,wiki
0,2.855798022035007,2.4996981431844145,0.8112781244591328,0.0,0.0,0.0
