problem,access,navigate,page_close,video,discussion,wiki
1.2009102795095281,3.06436233167182,2.2556888408588924,1.7967916319816366,1.9502120649147465,0.0,1.0
