problem,access,navigate,page_close,video,discussion,wiki
1.5524515617172092,2.1249242487210735,0.6500224216483541,2.133937566094917,0.954434002924965,0,0
