problem,access,navigate,page_close,video,discussion,wiki
0.0,2.1323556752231894,1.3787834934861756,2.3156678763770073,1.75,0,0
