problem,access,navigate,page_close,video,discussion,wiki
0.0,3.2142763221564445,2.7806390622295662,3.397581911182353,2.688721875540867,0.0,0.0
