problem,access,navigate,page_close,video,discussion,wiki
1.3692329233411604,2.626557423276636,2.599581230646064,0,0.0,0,0
