problem,access,navigate,page_close,video,discussion,wiki
1.9339119513005474,2.688571563275495,2.127387765191274,2.824647522289988,2.3995372250875984,0.0,0.0
