problem,access,navigate,page_close,video,discussion,wiki
0.8112781244591328,2.5230178469771487,1.9182958340544893,2.8230679822736606,1.6854752972273344,0,0
