problem,access,navigate,page_close,video,discussion,wiki
0.6343095546405662,3.2268112413249423,3.040079624696112,3.289078574940582,3.038621208837137,1.781937063546704,0.0
