problem,access,navigate,page_close,video,discussion,wiki
0,2.0419460322060456,1.0,1.8464393446710154,1.9056390622295665,0,0
