problem,access,navigate,page_close,video,discussion,wiki
0.3227569588973982,2.467120455012315,2.4056390622295662,2.4669453721331966,0.0,0.6500224216483541,0
