problem,access,navigate,page_close,video,discussion,wiki
0.0,3.034567094075591,2.481714572986073,2.8489410455481066,2.5495234595978316,0.0,0.0
