problem,access,navigate,page_close,video,discussion,wiki
0.0,2.744913937428821,1.3787834934861753,2.8671956978189685,2.7792553760679404,0,0
