problem,access,navigate,page_close,video,discussion,wiki
1.5566567074628228,3.281061429672288,2.4193819456463714,2.2516291673878226,2.521640636343318,0.0,0
