problem,access,navigate,page_close,video,discussion,wiki
0.9709505944546686,3.0461962781438388,2.556656707462823,3.004768828601191,2.6995138503199656,0.0,0
