problem,access,navigate,page_close,video,discussion,wiki
1.0666152167384504,1.956407125174134,1.2949950747154697,0,0.0,0.0,0
