problem,access,navigate,page_close,video,discussion,wiki
2.435352898891584,2.8934996057900215,0.0,0,2.0,1.6457113704075783,0
