problem,access,navigate,page_close,video,discussion,wiki
0,2.1029334343823507,1.7841591278514217,1.584962500721156,1.0,0.9709505944546686,0.0
