problem,access,navigate,page_close,video,discussion,wiki
1.251534532637368,2.0420909887238934,1.7381493331928661,2.0317374334224665,1.4911148500551858,0.0,0.0
