problem,access,navigate,page_close,video,discussion,wiki
1.9155792582731421,2.1255579752986717,1.9852281360342512,0.0,0.0,0,0
