problem,access,navigate,page_close,video,discussion,wiki
0.693127415328288,1.3299985559533867,1.0957952550009338,1.634431504340598,1.3709505944546687,0,0.0
