problem,access,navigate,page_close,video,discussion,wiki
0.0,1.7749475265481325,0.863120568566631,1.875,1.9219280948873623,0.0,0.0
