problem,access,navigate,page_close,video,discussion,wiki
0.954434002924965,1.292727214755173,1.4591479170272446,1.4854752972273344,0.0,0,0
