problem,access,navigate,page_close,video,discussion,wiki
0.0,2.0350579983278143,1.4591479170272448,1.7527152789797047,1.3787834934861756,0,0
