problem,access,navigate,page_close,video,discussion,wiki
0.0,1.962806631693174,1.4591479170272448,1.9508257945180887,1.584962500721156,0.0,0.0
