problem,access,navigate,page_close,video,discussion,wiki
0.9709505944546686,1.1401156785146092,1.4591479170272446,1.2516291673878228,0.0,0,0
