problem,access,navigate,page_close,video,discussion,wiki
0.0,1.809200032697812,0.9182958340544896,1.867633890971212,1.9182958340544893,0,0
