problem,access,navigate,page_close,video,discussion,wiki
0.9119540655617911,0.6746799231474564,1.5,0.7742433029172697,0.0,0.0,0
