problem,access,navigate,page_close,video,discussion,wiki
1.5422412782229808,1.4064296660718252,0.0,0.9182958340544896,0.0,0,0
