problem,access,navigate,page_close,video,discussion,wiki
0.9456603046006402,3.246345386196046,1.3952348075179823,3.351647537233392,3.1800365325772657,0.6500224216483541,0.0
