problem,access,navigate,page_close,video,discussion,wiki
0.4798320236161285,0.7153220528038851,1.0,0.8112781244591328,0.8112781244591328,0,0
