problem,access,navigate,page_close,video,discussion,wiki
0.863120568566631,2.9311297759470425,1.272905595320056,3.2092840898314487,2.9242299136001453,0.0,0
