problem,access,navigate,page_close,video,discussion,wiki
1.9927781074599389,1.7609640474436812,1.5709505944546684,0.0,0.0,0.0,0.0
