problem,access,navigate,page_close,video,discussion,wiki
0.0,2.2545254649661746,1.1221136771091087,2.4516084941043093,2.5219280948873624,0,0.0
