problem,access,navigate,page_close,video,discussion,wiki
1.6944503495058476,2.5959839695334486,2.5503407095463886,2.5519652504023314,2.314114471810182,1.0,0
