problem,access,navigate,page_close,video,discussion,wiki
2.1759603670187624,3.5305917822735893,3.0901998765158556,3.4777623231258143,3.1135388697992603,0.7732266742876346,0.0
