problem,access,navigate,page_close,video,discussion,wiki
1.5726236638951638,3.2052348314549453,2.3584585933443494,3.0223723927698485,2.4996981431844145,1.7427376486136672,1.0
