problem,access,navigate,page_close,video,discussion,wiki
1.7325207499532427,2.488608500731241,1.9709505944546688,2.4588718484453604,2.0588138903312014,0,0
