problem,access,navigate,page_close,video,discussion,wiki
0,2.1465431628392286,2.2877837199410704,2.263809173883546,1.5219280948873621,0.0,0.0
