problem,access,navigate,page_close,video,discussion,wiki
0.8453509366224365,2.4792336948111924,1.5219280948873621,2.225605199016944,1.6577427265048887,0,0
