problem,access,navigate,page_close,video,discussion,wiki
1.5788720570183736,2.6674366008058326,2.4193819456463714,2.4193819456463714,2.1339375660949167,0.6500224216483541,0
