problem,access,navigate,page_close,video,discussion,wiki
0,2.1867043459100244,1.2516291673878228,1.5219280948873621,0,0,0
