problem,access,navigate,page_close,video,discussion,wiki
0.8112781244591328,1.4836591643979626,2.120952031026403,1.1567796494470395,0.0,0,0
