problem,access,navigate,page_close,video,discussion,wiki
0.0,1.7244078178625923,1.3709505944546687,1.836591668108979,1.0,0,0
