problem,access,navigate,page_close,video,discussion,wiki
0.0,2.186278124459133,2.0,1.867633890971212,1.2516291673878228,0,0
