problem,access,navigate,page_close,video,discussion,wiki
1.1488348542809166,3.6430190302453975,0.9182958340544896,3.7034651896016464,3.3927474104487847,0.0,0
