problem,access,navigate,page_close,video,discussion,wiki
0.0,2.95389690071269,1.9219280948873623,3.0314018453921716,2.984234164652489,0.0,0
