problem,access,navigate,page_close,video,discussion,wiki
1.0971245697587872,2.366479102437745,2.671789710683921,2.748784485707642,2.7873200754264227,0.0,0
