problem,access,navigate,page_close,video,discussion,wiki
0.0,2.5868902640024345,2.4696704873718613,2.616878731581414,2.7321588913645707,0.954434002924965,0
