problem,access,navigate,page_close,video,discussion,wiki
0,2.5168198053224033,2.0741647430225756,2.137358986270661,2.1803877328455874,0.9182958340544896,0
