problem,access,navigate,page_close,video,discussion,wiki
1.3516441151533924,2.9642138649126117,1.75,1.5219280948873621,0,0.0,0
