problem,access,navigate,page_close,video,discussion,wiki
1.3709505944546687,1.9627570473524412,1.789929075309999,0.0,0.0,0.0,0.0
