problem,access,navigate,page_close,video,discussion,wiki
0.0,2.4070051366637886,2.2359263506290326,2.210161461575296,1.6644977792004614,0,0
