problem,access,navigate,page_close,video,discussion,wiki
1.4591479170272446,3.01258573358798,2.4696704873718613,2.251629167387823,2.0,0,0
