problem,access,navigate,page_close,video,discussion,wiki
1.4591479170272446,3.0430080144827056,2.446439344671015,3.307174724973732,2.9540036423298544,0,0
