problem,access,navigate,page_close,video,discussion,wiki
1.3312370615061633,3.100731222966967,2.8453509366224368,3.134629043307081,2.5755886970847777,0,0
