problem,access,navigate,page_close,video,discussion,wiki
0.0,2.873115937711513,2.1556390622295662,2.715270396880037,2.472905595320056,1.677984280637773,0.0
