problem,access,navigate,page_close,video,discussion,wiki
0.0,1.5709505944546684,1.2516291673878228,1.8423709931771084,0.0,0.37123232664087563,0.0
