problem,access,navigate,page_close,video,discussion,wiki
2.2862821367783543,2.2506307552429607,1.5,2.336884804779961,2.2588718484453603,0.0,0
