problem,access,navigate,page_close,video,discussion,wiki
1.4269608142719163,2.892385118099984,0.9182958340544896,0.0,0.0,0,0
