problem,access,navigate,page_close,video,discussion,wiki
0,2.3685225277282065,0.9910760598382222,2.521640636343318,2.521640636343318,0.0,0
