problem,access,navigate,page_close,video,discussion,wiki
1.5193308322365362,2.9025028106930733,2.1174924611847548,2.1384600665861555,2.058813890331201,0,0.0
