problem,access,navigate,page_close,video,discussion,wiki
1.0,2.2049247770325495,1.0,2.4342500190281053,2.2256051990169436,0,0
