problem,access,navigate,page_close,video,discussion,wiki
1.7420763712293135,2.4863416825153295,2.0464393446710156,2.9330201924480455,2.359879028736861,0,0
