problem,access,navigate,page_close,video,discussion,wiki
1.8778867313886054,2.525371914815648,2.5232314287976205,2.2359263506290326,1.0,0.0,0
