problem,access,navigate,page_close,video,discussion,wiki
2.4319473071714954,3.1150143603973857,2.727210311338979,2.9222727945389124,2.898929563690935,1.0389205950315936,0.9182958340544896
