problem,access,navigate,page_close,video,discussion,wiki
1.384381457724494,3.1160614990610593,2.4193819456463714,1.9219280948873623,1.0,0,0
