problem,access,navigate,page_close,video,discussion,wiki
0.0,2.6980892768756615,2.577819531114783,1.224394445405986,0.0,0,0
