problem,access,navigate,page_close,video,discussion,wiki
1.4197367178034825,1.7420763712293132,1.2326602568158205,1.5545851693377997,1.5304930567574824,0.9182958340544896,0.5435644431995964
