problem,access,navigate,page_close,video,discussion,wiki
1.419556298571613,3.1946830589902655,1.9219280948873623,2.495602923729013,1.5,0,0
