problem,access,navigate,page_close,video,discussion,wiki
1.531000155043516,1.5221898721658214,1.3787834934861756,0,0,0.0,0.0
