problem,access,navigate,page_close,video,discussion,wiki
1.6171895725927152,3.371614164051876,2.8731406795131336,3.431286772251354,2.807354922057604,1.8843135277997989,0
