problem,access,navigate,page_close,video,discussion,wiki
0,1.1488348542809166,1.5219280948873621,0.9219280948873623,0.0,0,0
