problem,access,navigate,page_close,video,discussion,wiki
1.584962500721156,4.027375596722402,3.196154780932867,4.09656816818019,3.4713544870139295,1.4591479170272446,0
