problem,access,navigate,page_close,video,discussion,wiki
1.565596230357602,2.5568614783435013,1.75,2.670789720711593,2.7525842461721624,0.0,0
