problem,access,navigate,page_close,video,discussion,wiki
1.4772170014624826,2.418686312488913,1.4591479170272448,2.7207636314260553,2.1556390622295662,0,0
