problem,access,navigate,page_close,video,discussion,wiki
1.2921642625537564,1.1542221846835221,1.2366407419411676,1.2776134368191154,0,0.0,0.0
