problem,access,navigate,page_close,video,discussion,wiki
1.6764627420778815,2.7388300735571116,2.784010874644601,3.057616067823287,2.1556390622295662,0,0
