problem,access,navigate,page_close,video,discussion,wiki
0.8812908992306927,1.922023142851573,1.9086126988727123,0,0,0.0,1.0
