problem,access,navigate,page_close,video,discussion,wiki
2.173884566207165,2.8460429312811097,2.8423709931771093,2.8797322990860357,2.840811597071988,0.0,0
