problem,access,navigate,page_close,video,discussion,wiki
0.0,2.4590971532207835,1.9185077804617445,2.8221819586428727,1.8423709931771088,0,0.0
