problem,access,navigate,page_close,video,discussion,wiki
0.0,2.3972042273669922,2.2312702546075758,1.584962500721156,0.0,2.012878689342031,0
