problem,access,navigate,page_close,video,discussion,wiki
0.7219280948873623,1.8732214356139143,1.7924812503605778,1.5219280948873621,1.584962500721156,0,0.0
