problem,access,navigate,page_close,video,discussion,wiki
0.0,2.8522201988149343,2.0,2.5492553971685,2.4464393446710155,0,0
