problem,access,navigate,page_close,video,discussion,wiki
0.0,2.5481270304082693,2.058813890331201,2.4709505944546684,2.5219280948873624,0.0,0
