problem,access,navigate,page_close,video,discussion,wiki
0.0,1.4722442670831026,0.9182958340544896,1.612197222702993,1.061278124459133,0,0
