problem,access,navigate,page_close,video,discussion,wiki
1.2096228500969421,2.9511927774009057,2.827819531114783,1.584962500721156,0.0,0,0
