problem,access,navigate,page_close,video,discussion,wiki
0,2.6831074760360023,2.1280852788913944,2.393730666181502,1.8250112108241772,0,0
