problem,access,navigate,page_close,video,discussion,wiki
0.9910760598382222,1.856653212780932,0.9910760598382222,1.7527152789797045,1.0957952550009336,0.0,0.0
