problem,access,navigate,page_close,video,discussion,wiki
0.8366407419411673,3.6795395053107054,3.0269868333592873,3.8493324264821895,3.016875695766564,0,0.0
