problem,access,navigate,page_close,video,discussion,wiki
0,0.7024665512903903,1.3787834934861753,1.3787834934861753,0.0,0,0
