problem,access,navigate,page_close,video,discussion,wiki
0,2.3136088506956893,1.749902506162897,2.202819531114783,1.9182958340544893,0,0
