problem,access,navigate,page_close,video,discussion,wiki
2.098001707393127,2.3658692257183613,1.6577427265048887,1.0,1.584962500721156,0,0.0
