problem,access,navigate,page_close,video,discussion,wiki
0.0,1.8046400964227889,2.186278124459133,1.9508257945180887,1.93012496531497,0.0,0.0
