problem,access,navigate,page_close,video,discussion,wiki
0.0,1.8291722720787553,1.0,1.7527152789797047,1.3787834934861753,0,0
