problem,access,navigate,page_close,video,discussion,wiki
0.8524051786494786,2.0059777114237742,1.5219280948873621,1.8464393446710154,1.4591479170272446,0.0,0
