problem,access,navigate,page_close,video,discussion,wiki
0,1.8009947478105395,2.133937566094917,2.041446071165522,2.4591479170272446,0,0
