problem,access,navigate,page_close,video,discussion,wiki
0,1.3260875253642983,0.0,0.9055872616982603,1.5545851693377997,0,0
