problem,access,navigate,page_close,video,discussion,wiki
0.0,2.887198202213512,1.0,3.061482186720776,2.956282848262781,0,0
