problem,access,navigate,page_close,video,discussion,wiki
0.9709505944546686,2.36779468995532,1.5219280948873621,1.0,1.0,0.0,0
