problem,access,navigate,page_close,video,discussion,wiki
0.0,1.5466316153937778,1.7256507561120935,1.4488156357251847,1.0,0.9463729359854419,0.9182958340544896
