problem,access,navigate,page_close,video,discussion,wiki
0,1.47283015230032,0.9182958340544896,1.789929075309999,1.8423709931771084,0,0
