problem,access,navigate,page_close,video,discussion,wiki
0.0,2.1180782093497093,0.0,2.235926350629032,1.9219280948873623,0,0
