problem,access,navigate,page_close,video,discussion,wiki
0.0,1.3485692939088962,0.954434002924965,0.0,1.384431504340598,0.6193821946787638,0.0
