problem,access,navigate,page_close,video,discussion,wiki
0,2.2070896555157167,2.4121484676534237,2.2060104935280833,2.161978179679554,1.1304555078547383,0.9182958340544896
