problem,access,navigate,page_close,video,discussion,wiki
0.0,1.2646726793957221,0.0,1.2607717938967942,0.6500224216483541,0,0
