problem,access,navigate,page_close,video,discussion,wiki
1.7854752972273342,2.9930905420859544,2.503258334775646,2.9922215897957476,2.8483739120143694,0,0
