problem,access,navigate,page_close,video,discussion,wiki
0.0,2.5798634010685344,2.197159723424149,1.0,1.584962500721156,1.040852082972755,0
