problem,access,navigate,page_close,video,discussion,wiki
0,1.6764409086968683,1.5566567074628228,2.0403733936884962,1.9219280948873623,0,0
