problem,access,navigate,page_close,video,discussion,wiki
0.8812908992306927,1.5304930567574824,0.0,1.5,1.836591668108979,0,0
