problem,access,navigate,page_close,video,discussion,wiki
1.0,2.0406574090099765,1.9502120649147465,2.1903711612984442,1.867633890971212,0,0
