problem,access,navigate,page_close,video,discussion,wiki
0.9709505944546686,3.003701696057348,1.061278124459133,1.0,1.0,0.0,0.0
