problem,access,navigate,page_close,video,discussion,wiki
0,2.4639228566609885,1.2987949406953985,1.6858157091530304,1.5709505944546687,0.0,0
