problem,access,navigate,page_close,video,discussion,wiki
0.8708644692353644,1.8062389286533895,0.0,1.7527152789797045,1.9219280948873623,0,0
