problem,access,navigate,page_close,video,discussion,wiki
0.0,1.9222872090496073,0.9182958340544896,1.4833557549816876,0.0,0,0
