problem,access,navigate,page_close,video,discussion,wiki
1.8553885422075338,3.629319922213899,2.968918563962097,3.7081253824659397,3.353533948577481,0.0,0.0
