problem,access,navigate,page_close,video,discussion,wiki
0.0,2.257856063692049,0.9182958340544896,2.4591479170272446,1.5219280948873621,0,0
