problem,access,navigate,page_close,video,discussion,wiki
0.0,2.106806938583232,1.584962500721156,2.4393634033505274,2.556656707462823,0,0.0
