problem,access,navigate,page_close,video,discussion,wiki
0.0,1.198192411043098,0.6500224216483541,1.4911148500551858,1.0,0,0
