problem,access,navigate,page_close,video,discussion,wiki
0.0,2.24119130935809,1.5219280948873621,2.4158851502640757,1.6577427265048887,0,0
