problem,access,navigate,page_close,video,discussion,wiki
0.6840384356390417,1.3105673797344795,1.3709505944546687,1.2410106928656974,1.3382689280764646,0.6500224216483541,0
