problem,access,navigate,page_close,video,discussion,wiki
0.8112781244591328,2.066689088315021,1.9751060324573733,1.5,0.0,0.0,0.0
