problem,access,navigate,page_close,video,discussion,wiki
1.429598335135886,1.4108269483726472,1.5,1.5,0.8812908992306927,0,0
