problem,access,navigate,page_close,video,discussion,wiki
1.5410078709714834,3.0523173723221038,1.9182958340544893,3.190602398415304,2.8716535224393334,0.9886994082884974,0
