problem,access,navigate,page_close,video,discussion,wiki
0.0,1.7798299876761596,1.584962500721156,1.6774212838293645,1.4591479170272448,0,0
