problem,access,navigate,page_close,video,discussion,wiki
1.3787834934861753,2.7239875624142496,2.948598378184812,2.8037016960573484,2.5032583347756456,0,0
