problem,access,navigate,page_close,video,discussion,wiki
0.0,2.500717071323329,3.2234651896016464,1.584962500721156,0.0,2.6830481199190435,0.0
