problem,access,navigate,page_close,video,discussion,wiki
1.749829993495624,3.206649669491105,2.6556390622295662,3.094156035225495,2.403592309274687,2.581781576893034,0.0
