problem,access,navigate,page_close,video,discussion,wiki
0.0,2.9043074630473993,2.75,2.7758933948653723,2.625,0,0
