problem,access,navigate,page_close,video,discussion,wiki
0.0,2.974601752714581,2.2584598927441624,2.959147917027245,2.9139770731827523,0.5916727785823275,1.0
