problem,access,navigate,page_close,video,discussion,wiki
1.7427376486136672,2.761630849361312,2.3082708345352603,1.562806631693174,1.0,0.0,0.0
