problem,access,navigate,page_close,video,discussion,wiki
0.8112781244591328,2.2132982820604443,2.521640636343318,2.3553885422075336,0.9182958340544896,0,0
