problem,access,navigate,page_close,video,discussion,wiki
1.409975018822061,1.6189637858962531,1.4716022614097979,1.0,1.0,1.3250112108241772,0.9182958340544896
