problem,access,navigate,page_close,video,discussion,wiki
0.0,2.0392933870736067,1.8464393446710154,2.2066294029540403,0,1.5810309627563695,0.0
