problem,access,navigate,page_close,video,discussion,wiki
1.0,2.9965629336851323,2.5654483718208256,2.584962500721156,2.807354922057604,0,0
