problem,access,navigate,page_close,video,discussion,wiki
0.9798687566511528,3.362905675638829,0.0,3.349581770147834,3.1164085657700444,0,0
