problem,access,navigate,page_close,video,discussion,wiki
0.0,2.7083942101587835,2.0,2.6216535224393334,2.287783719941071,0,0
