problem,access,navigate,page_close,video,discussion,wiki
0.0,2.545406901024355,2.4116022179746714,1.584962500721156,1.0,0,0.0
