problem,access,navigate,page_close,video,discussion,wiki
0,2.10845859334435,1.584962500721156,1.8954618442383218,1.5566567074628228,0,0
