problem,access,navigate,page_close,video,discussion,wiki
1.0,1.7490387733118202,1.9219280948873623,1.7844401693652068,1.7576710282239203,0,0
