problem,access,navigate,page_close,video,discussion,wiki
3.001686745316396,3.5359624120281885,2.2359263506290326,3.632557040147423,3.45011444742591,3.0436378511556703,0
