problem,access,navigate,page_close,video,discussion,wiki
0.9940302114769565,2.064172170670446,1.9502120649147465,2.0403733936884962,1.0,0,0
