problem,access,navigate,page_close,video,discussion,wiki
1.9182958340544893,2.3633493107241246,1.3709505944546687,2.5879695484319565,2.3161315241801876,0,0
