problem,access,navigate,page_close,video,discussion,wiki
2.107735252622104,2.2049534851250043,1.4591479170272446,1.8810947601100745,2.1084585933443494,0.39124356362925566,0
