problem,access,navigate,page_close,video,discussion,wiki
0.0,2.105388542207534,2.188721875540867,2.3659573209491747,1.4355205042826666,0.863120568566631,0.0
