problem,access,navigate,page_close,video,discussion,wiki
2.20043640564007,3.264833805036963,2.5949066182439395,1.4591479170272448,1.0,0,0.0
