problem,access,navigate,page_close,video,discussion,wiki
0.863120568566631,3.3043839832991595,2.10845859334435,1.584962500721156,0.0,1.0,0
