problem,access,navigate,page_close,video,discussion,wiki
0.6500224216483541,1.5537631144722452,0,1.867633890971212,1.811278124459133,0,0
