problem,access,navigate,page_close,video,discussion,wiki
1.8904916402194913,3.5906215118412357,3.124126654449408,2.5216406363433186,2.75,0.9819407868640977,0
