problem,access,navigate,page_close,video,discussion,wiki
0,2.0060603254083382,1.3787834934861753,2.206238928653389,1.2516291673878228,0.0,0
