problem,access,navigate,page_close,video,discussion,wiki
0.9456603046006402,2.655136487351598,1.9182958340544896,2.5577277787393196,2.4591479170272446,0,0
