problem,access,navigate,page_close,video,discussion,wiki
0,1.1221136771091087,0.0,1.4885252948977485,1.2406705316766886,0,0
