problem,access,navigate,page_close,video,discussion,wiki
0,1.923794940695399,0.0,1.9852281360342514,1.95006375643621,0,0
