problem,access,navigate,page_close,video,discussion,wiki
0.9980008838722996,1.5129890379687372,1.5219280948873621,1.561278124459133,1.5020352759844964,1.0,0.0
