problem,access,navigate,page_close,video,discussion,wiki
1.0,2.7716528998198444,2.25,2.7134552619472223,2.845350936622437,0,0
