problem,access,navigate,page_close,video,discussion,wiki
0.5916727785823275,1.2361862832554125,1.224394445405986,1.6644977792004614,0,0,0
