problem,access,navigate,page_close,video,discussion,wiki
1.0,2.7074421351534914,2.0,2.5216406363433186,2.708694969562842,1.0,0
