problem,access,navigate,page_close,video,discussion,wiki
3.206397732746811,4.00039686188974,3.327166846341841,3.573631581849006,3.2661267670198737,1.5394847569315018,0.8112781244591328
