problem,access,navigate,page_close,video,discussion,wiki
0.0,2.5064367618588403,2.270942421748537,2.226120746842681,2.7192945256669794,1.5156546557441946,0.0
