problem,access,navigate,page_close,video,discussion,wiki
2.9540036423298544,3.5476227199013253,3.326360407952693,3.587326145256008,3.0048861640918427,1.0,0.0
