problem,access,navigate,page_close,video,discussion,wiki
1.3830999911893338,2.940516473286351,1.0,2.751629167387823,2.750961982762677,0,0
