problem,access,navigate,page_close,video,discussion,wiki
2.1008236507044993,2.4663373167246543,2.7814536459234778,2.5316856245580364,1.9986525468781666,0,0.0
