problem,access,navigate,page_close,video,discussion,wiki
0.0,2.4349054335653717,1.9219280948873623,1.5,1.3709505944546687,0.0,0
