problem,access,navigate,page_close,video,discussion,wiki
0.6054266419690636,1.9252238520954157,1.3787834934861756,1.0,0,0,0
