problem,access,navigate,page_close,video,discussion,wiki
0.4537163391869448,2.3078124858085514,1.9439592513355664,2.4617541782470047,2.0207277798007865,0,0.5435644431995964
