problem,access,navigate,page_close,video,discussion,wiki
0.0,3.170481684613114,1.7924812503605778,3.3168178546396656,2.751629167387823,0,0
