problem,access,navigate,page_close,video,discussion,wiki
0.0,1.9241743523004413,0.0,1.6577427265048887,0.863120568566631,0,0
