problem,access,navigate,page_close,video,discussion,wiki
1.5,3.0095374086280784,2.1280852788913944,2.3667452542142176,2.6464393446710157,0.0,0
