problem,access,navigate,page_close,video,discussion,wiki
0,1.6893917467430877,1.5465935642949382,1.9211796919474975,0.9182958340544896,0,0.0
