problem,access,navigate,page_close,video,discussion,wiki
0,2.4116022179746714,1.5,2.4464393446710155,1.9219280948873623,0,0
