problem,access,navigate,page_close,video,discussion,wiki
2.822717804806415,2.871266551509081,2.684017280829845,1.9182958340544896,1.9219280948873623,0.0,0
