problem,access,navigate,page_close,video,discussion,wiki
0.0,1.5726236638951638,1.4056390622295665,1.5566567074628228,0,0.0,0
