problem,access,navigate,page_close,video,discussion,wiki
2.2353362828791568,2.0625499969296017,2.2516291673878226,2.0545851693377997,1.4056390622295665,0.0,0
