problem,access,navigate,page_close,video,discussion,wiki
0.8497511372532974,2.9437952877164073,2.292481250360578,3.0577866724677425,2.786381209074122,0.0,0.0
