problem,access,navigate,page_close,video,discussion,wiki
1.669180336866731,2.454926539847454,0.41381685030363374,1.0,0,0,0
