problem,access,navigate,page_close,video,discussion,wiki
0.0,2.491750411786455,1.2987949406953985,2.35297785841712,2.1020906748558494,0,0
