problem,access,navigate,page_close,video,discussion,wiki
0,0.9886994082884974,0.9182958340544896,1.2389012566026307,1.3485878960124222,0.0,0
