problem,access,navigate,page_close,video,discussion,wiki
0.0,1.4854752972273344,1.2516291673878228,1.5566567074628228,1.0,0,0
