problem,access,navigate,page_close,video,discussion,wiki
0,1.5517687935188984,2.292481250360578,1.7518834359763853,1.6774212838293647,0.0,0
