problem,access,navigate,page_close,video,discussion,wiki
0,1.4926140680171258,1.7471671973069338,1.75,1.3709505944546687,0,0.0
