problem,access,navigate,page_close,video,discussion,wiki
0.0,1.509871837193956,1.5,1.4577174691301482,1.5304930567574826,0,0
