problem,access,navigate,page_close,video,discussion,wiki
0.0,2.044912733238945,1.457424881409171,2.0550365325772657,1.6854752972273344,1.3709505944546687,1.584962500721156
