problem,access,navigate,page_close,video,discussion,wiki
1.8262452584026092,2.9074174787981137,1.875,2.89820840616006,2.3685225277282065,1.3124308023479359,0.0
