problem,access,navigate,page_close,video,discussion,wiki
0.5225593745369408,1.1870353909486826,1.5566567074628228,1.2389012566026307,0.9182958340544896,0,0
