problem,access,navigate,page_close,video,discussion,wiki
0,2.2970148112524407,1.9219280948873623,0,0.0,1.8726693569100332,0
