problem,access,navigate,page_close,video,discussion,wiki
0.8112781244591328,2.275901218456612,1.7924812503605778,2.388371680214679,1.5306189948485174,0,0
