problem,access,navigate,page_close,video,discussion,wiki
0,2.2272170014624826,2.292481250360578,2.197159723424149,0,0,0
