problem,access,navigate,page_close,video,discussion,wiki
1.9591904234199458,2.6752770738041862,2.1820058147602133,2.869331261111518,2.5949066182439395,1.4046029552471069,0
