problem,access,navigate,page_close,video,discussion,wiki
3.744666991411258,3.973194681715993,3.459491160199154,0.0,3.5804866440561303,2.1556390622295662,0
