problem,access,navigate,page_close,video,discussion,wiki
1.0,2.8532558232129324,1.765957320949175,2.9424955222917837,1.9219280948873623,1.8776402831734211,1.0
