problem,access,navigate,page_close,video,discussion,wiki
0.0,3.7887262645796818,3.433584445460978,3.9582291686698783,3.640223928941852,0,0
