problem,access,navigate,page_close,video,discussion,wiki
0,2.8409777618602,1.5052408149441479,2.9061413184266676,2.9708400131019848,0.0,0
