problem,access,navigate,page_close,video,discussion,wiki
0.8112781244591328,2.0234994144703293,0.0,2.1037016960573482,1.5,0,0
