problem,access,navigate,page_close,video,discussion,wiki
0,2.5593863305668583,1.6049355947431314,1.5,2.4014473774842418,0,0
