problem,access,navigate,page_close,video,discussion,wiki
1.5304930567574826,2.3869058234526666,2.194550797197908,1.3709505944546687,1.0,1.008246593233356,1.0
