problem,access,navigate,page_close,video,discussion,wiki
1.873562518512994,3.3232643893287994,1.3250112108241772,0.0,1.0,0,0
