problem,access,navigate,page_close,video,discussion,wiki
0,1.4256051990169438,1.3787834934861753,1.6858157091530304,1.836591668108979,0,0
