problem,access,navigate,page_close,video,discussion,wiki
0.0,1.7004448031130073,2.2516291673878226,1.2776134368191154,0.5916727785823275,0.0,0
