problem,access,navigate,page_close,video,discussion,wiki
2.1709505944546685,2.6329557188672728,0.0,2.584962500721156,3.0269868333592873,1.9219280948873623,0
