problem,access,navigate,page_close,video,discussion,wiki
3.279728756923662,3.354353032480858,1.0,2.972256531249248,3.0683794063491026,0.0,0
