problem,access,navigate,page_close,video,discussion,wiki
0.7642045065086203,0.6892019851173655,0.41381685030363374,0.6500224216483541,0.0,0.0,0.0
