problem,access,navigate,page_close,video,discussion,wiki
0,2.954898257169779,1.75,1.584962500721156,2.4193819456463714,0,0
