problem,access,navigate,page_close,video,discussion,wiki
0.0,2.5976094754943184,1.8910611120726526,3.3239348962840563,3.4182958340544896,0,0
