problem,access,navigate,page_close,video,discussion,wiki
0.9456603046006402,2.0091077573375746,1.9345304886308492,1.7381493331928664,0,0.9852281360342516,0.0
