problem,access,navigate,page_close,video,discussion,wiki
0,2.8330296666858774,2.469670487371862,2.765957320949175,2.865576855207248,0,0
