problem,access,navigate,page_close,video,discussion,wiki
1.7033848993102918,3.3054826652598432,2.7898980954642876,1.0,2.0,0.0,0
