problem,access,navigate,page_close,video,discussion,wiki
0.0,2.482186600107407,2.121928094887362,2.3982778967358063,2.005977711423774,0.0,0.0
