problem,access,navigate,page_close,video,discussion,wiki
0,2.155968102145908,1.6644977792004614,2.6464393446710157,2.4056390622295662,0.6840384356390417,0.0
