problem,access,navigate,page_close,video,discussion,wiki
2.020800094781482,3.4242823248547656,2.5,2.681449426894339,2.0323032427439522,0,0
