problem,access,navigate,page_close,video,discussion,wiki
0.863120568566631,1.8464393446710154,0.7219280948873623,1.811278124459133,0.9182958340544896,0,0.0
