problem,access,navigate,page_close,video,discussion,wiki
1.4930129347514562,1.3724198250498247,1.352030101757953,1.4882607163738673,0.0,0.9182958340544896,0.0
