problem,access,navigate,page_close,video,discussion,wiki
3.050164369820954,3.3374930831003846,1.7219280948873623,3.039148671903071,3.116408565770045,0.0,0
