problem,access,navigate,page_close,video,discussion,wiki
1.0,2.7428319473640963,1.584962500721156,2.923533209849189,2.2295739585136225,0,0
