problem,access,navigate,page_close,video,discussion,wiki
1.543751954420502,3.111253747086117,2.2359263506290326,3.143686498876192,2.852217001462482,0,0
