problem,access,navigate,page_close,video,discussion,wiki
1.2958363892911637,3.638286232561666,3.8290768993694293,3.683201160057863,3.331613322489972,1.75,0.0
