problem,access,navigate,page_close,video,discussion,wiki
1.584962500721156,3.1995812306460647,1.0,2.984183719779189,2.7321588913645702,0,1.0
