problem,access,navigate,page_close,video,discussion,wiki
0,1.53012496531497,0.9709505944546686,1.0,1.4591479170272446,0,0
