problem,access,navigate,page_close,video,discussion,wiki
0.8453509366224365,2.07451243670099,1.4353713907745331,2.38812738656248,1.3787834934861756,1.159554752378731,0.0
