problem,access,navigate,page_close,video,discussion,wiki
0,2.696736910700344,2.130926080730337,2.627539248688392,2.3522170014624826,0.863120568566631,0.0
