problem,access,navigate,page_close,video,discussion,wiki
0.9456603046006402,2.825878138449693,1.5,2.934693951646702,2.0403733936884962,0,0
