problem,access,navigate,page_close,video,discussion,wiki
0.0,1.599330832236536,1.792481250360578,1.836591668108979,0.0,0.0,0
