problem,access,navigate,page_close,video,discussion,wiki
2.8706193592134044,2.8363481920261426,0.0,2.546439344671015,2.851018723094229,1.950212064914747,0
