problem,access,navigate,page_close,video,discussion,wiki
1.9528195311147831,2.593411192621123,1.0957952550009338,0,0,0.0,0.0
