problem,access,navigate,page_close,video,discussion,wiki
0.0,2.736280045756848,1.061278124459133,2.8059197880818156,2.465069461815837,0.0,0.0
