problem,access,navigate,page_close,video,discussion,wiki
1.56966700982349,2.139261930734825,0.0,0.0,1.9219280948873623,1.0,0
