problem,access,navigate,page_close,video,discussion,wiki
0.0,2.64979446204357,1.5219280948873621,3.0503018554349817,2.2597992234005675,0,0
