problem,access,navigate,page_close,video,discussion,wiki
1.061278124459133,2.2664919828725227,1.5,2.1360604099707614,1.7884504573082896,0.0,0
