problem,access,navigate,page_close,video,discussion,wiki
2.1179631753145163,1.7213817433056626,0.0,1.4604846813131116,0.9709505944546686,0.0,0
