problem,access,navigate,page_close,video,discussion,wiki
1.3976931442604226,2.0214208010203016,1.584962500721156,0.0,0,0.0,0.0
