problem,access,navigate,page_close,video,discussion,wiki
1.0,3.021728082872152,2.3522170014624826,3.028639311838575,3.018688570451097,0.0,0.0
