problem,access,navigate,page_close,video,discussion,wiki
0.8112781244591328,1.103307408607834,0.5916727785823275,0.0,0.0,0,0.0
