problem,access,navigate,page_close,video,discussion,wiki
1.3995812306460647,3.6613640965434215,2.6464393446710153,3.588354347173233,3.482127206733829,0,0
