problem,access,navigate,page_close,video,discussion,wiki
0,2.382661296312665,2.194266986672329,2.504800382982335,2.199687794731328,1.5219280948873621,1.0
