problem,access,navigate,page_close,video,discussion,wiki
0.0,0.5746356978376794,0.4394969869215134,0.5916727785823275,0.0,0.0,0.0
