problem,access,navigate,page_close,video,discussion,wiki
0.9709505944546686,0.9957274520849256,0.9709505944546686,1.4488156357251847,1.0,0,0.0
