problem,access,navigate,page_close,video,discussion,wiki
0.9456603046006402,2.872000254633858,2.1920058354921066,1.0,1.0,0,0.0
