problem,access,navigate,page_close,video,discussion,wiki
2.882356388043794,2.9621231397381402,2.3242541680597277,2.8697954866139543,2.478478987398009,0.0,0.0
