problem,access,navigate,page_close,video,discussion,wiki
1.9873626839197975,3.5910052178107206,3.2574916423767792,3.720438325532872,1.75,1.0,0.0
