problem,access,navigate,page_close,video,discussion,wiki
1.9322381921018907,2.5947108130808383,2.4056390622295662,2.628959547680479,2.4599865470109874,0.0,0.0
