problem,access,navigate,page_close,video,discussion,wiki
1.0,3.2876878900165245,1.1488348542809166,2.1967916319816365,0,0.0,0.0
