problem,access,navigate,page_close,video,discussion,wiki
0.7793498372920852,3.049235776819829,2.4193819456463714,1.0,2.0,0,0
