problem,access,navigate,page_close,video,discussion,wiki
1.1488348542809166,1.7884504573082893,1.5,1.3709505944546687,0.0,0.0,0
