problem,access,navigate,page_close,video,discussion,wiki
1.2550327083958783,2.9858997088986676,2.270942421748537,2.8861220933947838,3.180832987205441,0.24988229283318544,0.0
