problem,access,navigate,page_close,video,discussion,wiki
1.0,3.487518497043526,2.8978493842644677,1.584962500721156,0,1.2361602543738117,0.0
