problem,access,navigate,page_close,video,discussion,wiki
0.0,1.816607236652586,1.584962500721156,1.584962500721156,0,0,0
