problem,access,navigate,page_close,video,discussion,wiki
1.7836289430791727,2.7317981404734297,2.5820599105802575,3.0966484091842577,2.875,1.145235779471061,1.0
