problem,access,navigate,page_close,video,discussion,wiki
1.4591479170272446,3.4863701301561796,2.4535775876032386,0.8112781244591328,0.0,0.0,1.5
