problem,access,navigate,page_close,video,discussion,wiki
0,1.8262452584026092,1.1488348542809166,2.113283334294875,1.5,0.0,0
