problem,access,navigate,page_close,video,discussion,wiki
0.863120568566631,2.440960166066084,3.0269868333592873,2.188721875540867,0.9182958340544896,1.7493425305818833,0.0
