problem,access,navigate,page_close,video,discussion,wiki
0.0,2.399537225087599,1.2516291673878228,2.2998963911678914,2.2810361125534238,0.0,0
