problem,access,navigate,page_close,video,discussion,wiki
1.384431504340598,2.0683269522460908,0,2.460377893119354,2.9139770731827523,0,0
