problem,access,navigate,page_close,video,discussion,wiki
2.6250538398805556,3.4395829513665928,3.09145772606724,3.3795905601315392,3.0259886487476058,1.9529806705189043,1.0
