problem,access,navigate,page_close,video,discussion,wiki
1.0,2.4047431221671443,0.9864267287308424,2.4774903337125838,0,0,0.0
