problem,access,navigate,page_close,video,discussion,wiki
0.4689955935892812,2.370699332842307,0.8112781244591328,0.0,0.0,0,0
