problem,access,navigate,page_close,video,discussion,wiki
1.447974570539304,2.341609150457117,1.5510981710072647,0,0,0.0,0
