problem,access,navigate,page_close,video,discussion,wiki
1.5,3.7195678665337155,0.0,3.5912289607390258,3.0837980399870335,0,0
