problem,access,navigate,page_close,video,discussion,wiki
2.5709505944546684,2.3661556411771034,0.9182958340544896,1.0,1.8423709931771084,0.0,0
