problem,access,navigate,page_close,video,discussion,wiki
0.0,2.398302995115559,0.7219280948873623,2.73345859334435,1.4591479170272448,0,0
