problem,access,navigate,page_close,video,discussion,wiki
1.3472230399326601,2.666043768873572,1.5566567074628228,2.7773627950641693,2.411602217974672,0.0,0
