problem,access,navigate,page_close,video,discussion,wiki
0.6840384356390417,2.130986016947067,1.2987949406953985,2.5366082543914996,2.721928094887362,0,0
