problem,access,navigate,page_close,video,discussion,wiki
0.0,2.910950846815786,2.521640636343318,3.208884070537636,3.0062389286533895,0,0
