problem,access,navigate,page_close,video,discussion,wiki
1.5651407133456026,2.635375270686668,3.2943360657504512,2.5102415025019114,0.9852281360342516,1.6774212838293647,0
