problem,access,navigate,page_close,video,discussion,wiki
1.4336624542334846,3.292445629112957,2.292071752457787,3.278212945841001,2.802841670172532,0.9709505944546686,1.0
