problem,access,navigate,page_close,video,discussion,wiki
0.9640787648082291,2.3313161653519314,2.8453509366224368,2.039353872167201,1.915758556111962,0.7345299214394703,0.0
