problem,access,navigate,page_close,video,discussion,wiki
2.107809090146238,3.4069138140375985,3.0792258015191027,1.8423709931771084,1.9219280948873623,1.8879718331363238,0
