problem,access,navigate,page_close,video,discussion,wiki
0.0,3.1017690773724653,0.5916727785823275,3.1384600665861555,2.872905595320056,1.584962500721156,0
