problem,access,navigate,page_close,video,discussion,wiki
0.0,2.9131445535168217,2.0,3.254356941508889,3.057476076289932,0,0
