problem,access,navigate,page_close,video,discussion,wiki
1.5566567074628228,2.3234316424340626,1.7841591278514217,2.0,0.0,0.0,0
