problem,access,navigate,page_close,video,discussion,wiki
0.0,1.3778661391549247,1.014097655573916,1.3791504554669138,0.8569957178540346,0.0,0.0
