problem,access,navigate,page_close,video,discussion,wiki
0.9456603046006402,1.0676111603502403,1.0,0.5916727785823275,0.5435644431995964,0,0
