problem,access,navigate,page_close,video,discussion,wiki
2.0853132666743073,3.4590074322952766,2.1971597234241496,2.0,2.521640636343318,1.7550118241789239,0
