problem,access,navigate,page_close,video,discussion,wiki
1.5219280948873621,1.9690266252787012,2.521640636343318,1.727351814444994,0.0,0.0,0.0
