problem,access,navigate,page_close,video,discussion,wiki
0.6722948170756379,1.3249692858267146,1.4604846813131114,0,0,2.4749525415173124,0.0
