problem,access,navigate,page_close,video,discussion,wiki
1.784159127851422,0.8166890883150209,0.0,1.9219280948873623,1.0,0,0
