problem,access,navigate,page_close,video,discussion,wiki
0.0,3.531289325507585,2.702819531114783,3.419381945646371,2.8511494238930326,0.0,0
