problem,access,navigate,page_close,video,discussion,wiki
2.304585169337799,3.0182173233603136,1.811278124459133,3.0587641970757127,2.7329145639793984,0.0,0.0
