problem,access,navigate,page_close,video,discussion,wiki
2.2439710512318705,3.4981584252332008,3.5032583347756456,2.4464393446710155,2.437728545142357,1.280672129520887,0.0
