problem,access,navigate,page_close,video,discussion,wiki
0.8112781244591328,2.0801209331302677,1.75,1.8464393446710154,1.0,0,0
