problem,access,navigate,page_close,video,discussion,wiki
0.5435644431995964,2.80053816825056,2.6535442970305683,2.7535477465149305,2.7623215091449986,0.9182958340544896,0.0
