problem,access,navigate,page_close,video,discussion,wiki
0.0,1.555749684676997,1.2516291673878228,1.561278124459133,0.7219280948873623,0,0
