problem,access,navigate,page_close,video,discussion,wiki
1.360964047443681,2.7527054819279444,1.8423709931771084,2.6887218755408666,0.9709505944546686,0,0
