problem,access,navigate,page_close,video,discussion,wiki
0,2.121127473337187,1.0,2.3248629576173565,1.9301249653149701,0,0
