problem,access,navigate,page_close,video,discussion,wiki
1.5709505944546684,2.1189737220942124,1.2987949406953985,2.0948567835487384,2.1556390622295662,0.0,0
