problem,access,navigate,page_close,video,discussion,wiki
0.0,1.491013870758994,0.9709505944546686,1.3663146570363986,1.5219280948873621,0,0
