problem,access,navigate,page_close,video,discussion,wiki
1.5726236638951638,2.5555361698459524,2.7534343861887853,2.6978458230844127,1.2406705316766886,1.898685235639423,1.3709505944546687
