problem,access,navigate,page_close,video,discussion,wiki
0.9509560484549725,1.3329187608024513,1.8423709931771084,0.9852281360342516,0,0.0,0.0
