problem,access,navigate,page_close,video,discussion,wiki
0.0,1.419556298571613,1.6577427265048887,1.224394445405986,0.0,0.0,0.0
