problem,access,navigate,page_close,video,discussion,wiki
0,1.5485652260309177,0.9182958340544896,1.584962500721156,1.5,0,0
