problem,access,navigate,page_close,video,discussion,wiki
2.2792598814981706,2.75137220767721,1.5,0.7219280948873623,2.6282129458410015,0,0
