problem,access,navigate,page_close,video,discussion,wiki
0,1.4056390622295665,1.0,1.1488348542809166,0.7219280948873623,0.0,0
