problem,access,navigate,page_close,video,discussion,wiki
0.0,2.3071885761626687,0.9852281360342516,2.2359263506290326,1.9502120649147465,0.6500224216483541,0.0
