problem,access,navigate,page_close,video,discussion,wiki
1.5304930567574826,2.6432156925345844,2.0713451397302376,2.5294881142662007,1.9898980954642873,1.9182958340544893,0.9182958340544896
