problem,access,navigate,page_close,video,discussion,wiki
2.4613201402110083,3.4780087511355338,1.8556037770398301,0.0,1.0,1.3346791410515946,0.9182958340544896
