problem,access,navigate,page_close,video,discussion,wiki
0.0,2.7268867611354386,1.5,2.7855546320988784,2.41896119556797,0,0.0
