problem,access,navigate,page_close,video,discussion,wiki
0,1.968241790913703,2.045841640885174,1.4083445441575106,1.1409827561124506,0.0,0.0
