problem,access,navigate,page_close,video,discussion,wiki
0.863120568566631,1.640223928941852,1.9056390622295665,1.4195562985716133,1.3921472236645345,0,0
