problem,access,navigate,page_close,video,discussion,wiki
0.5435644431995964,2.0126571582302386,2.263809173883546,1.72490344142664,2.1305425036562062,1.4772170014624826,1.0
