problem,access,navigate,page_close,video,discussion,wiki
1.3260875253642983,1.4854752972273344,0.0,1.6960736118322672,1.4949188482339508,0,0
