problem,access,navigate,page_close,video,discussion,wiki
0.0,0.8960382325345575,0.0,0.9910760598382222,0.9709505944546686,0,0
