problem,access,navigate,page_close,video,discussion,wiki
0.0,0.9456603046006402,1.0,1.3787834934861756,0.9182958340544896,0,0
