problem,access,navigate,page_close,video,discussion,wiki
0.9182958340544896,3.4262344690156747,2.321928094887362,3.261043983337285,2.699513850319966,0,0
