problem,access,navigate,page_close,video,discussion,wiki
0.8112781244591328,2.3101269064560683,1.9502120649147465,2.346602752036061,2.0086949695628418,0.0,0
