problem,access,navigate,page_close,video,discussion,wiki
0.0,2.034452436342554,0.0,1.9043473322310227,1.8577968115985959,0,0
