problem,access,navigate,page_close,video,discussion,wiki
0,0.9182958340544896,1.1981174211304033,1.0,0.8112781244591328,0.0,0.0
