problem,access,navigate,page_close,video,discussion,wiki
0,1.9772170014624826,1.0,1.9362600275315274,1.4591479170272448,0,0
