problem,access,navigate,page_close,video,discussion,wiki
0,1.5299515328101172,1.5,1.456564762130954,1.3787834934861756,0,0
