problem,access,navigate,page_close,video,discussion,wiki
0.0,2.214132447255578,1.974937501201927,2.3556079021517613,1.9709505944546688,0,0
