problem,access,navigate,page_close,video,discussion,wiki
0.6500224216483541,2.7304412744753415,2.594117891631186,2.2516291673878226,1.0,0,0
