problem,access,navigate,page_close,video,discussion,wiki
0.8554508105601308,1.290564432903234,0.8812908992306927,1.4604846813131116,0.9940302114769565,0,0
