problem,access,navigate,page_close,video,discussion,wiki
0.7793498372920852,1.1981174211304033,0.9709505944546686,1.7219280948873623,1.7527152789797047,0,0.0
