problem,access,navigate,page_close,video,discussion,wiki
0,2.2312702546075758,1.4353713907745331,2.2359263506290326,1.9219280948873623,0,0
