problem,access,navigate,page_close,video,discussion,wiki
0.9709505944546686,1.4141566206100544,0.9182958340544896,1.5304930567574824,1.3709505944546687,0,0
