problem,access,navigate,page_close,video,discussion,wiki
0.8960382325345575,2.416538320320237,2.7348486136508465,2.391979643393478,2.4410685859554375,0.8112781244591328,0.863120568566631
