problem,access,navigate,page_close,video,discussion,wiki
1.0,1.2987949406953985,0.9852281360342516,1.8423709931771084,1.9182958340544893,0,0.0
