problem,access,navigate,page_close,video,discussion,wiki
0,1.5683164932728872,0.0,1.561278124459133,1.4488156357251847,0,0
