problem,access,navigate,page_close,video,discussion,wiki
0.8112781244591328,1.2987949406953985,0.9182958340544896,1.5,1.0,0.0,0
