problem,access,navigate,page_close,video,discussion,wiki
1.5098693043797227,1.4806821149663847,1.2516291673878228,1.5058231002082845,1.5726236638951638,0.8112781244591328,0.0
