problem,access,navigate,page_close,video,discussion,wiki
0.961236604722876,0.863120568566631,0.5916727785823275,0.961236604722876,0.9182958340544896,0.0,0.0
