problem,access,navigate,page_close,video,discussion,wiki
0.8366407419411673,1.5128876215181606,1.4591479170272448,1.4353713907745331,1.040852082972755,0,0
