problem,access,navigate,page_close,video,discussion,wiki
1.6159483451524825,2.380525244633292,1.584962500721156,0.0,1.584962500721156,0.6840384356390417,0.0
