problem,access,navigate,page_close,video,discussion,wiki
0,0.954434002924965,0.9852281360342516,0.7793498372920852,0.8812908992306927,0.0,0.0
