problem,access,navigate,page_close,video,discussion,wiki
0.8366407419411673,1.601014305806835,0.9182958340544896,1.9182958340544893,1.75,0.0,0
