problem,access,navigate,page_close,video,discussion,wiki
2.7538024924201294,4.364331265874167,3.258042619572443,4.362559644323328,4.107636479305162,2.1492553971685,0.0
