problem,access,navigate,page_close,video,discussion,wiki
0.5586293734521992,0.9940302114769565,0.8812908992306927,1.0,0.7219280948873623,0.9983636725938131,1.0
