problem,access,navigate,page_close,video,discussion,wiki
0.0,1.974937501201927,0.9709505944546686,0,0,0.8112781244591328,0.0
