problem,access,navigate,page_close,video,discussion,wiki
1.5566567074628228,1.5262349099495227,0.0,1.4591479170272446,1.295461844238322,0,0
