problem,access,navigate,page_close,video,discussion,wiki
0,0.954434002924965,1.3787834934861753,1.0,0,0.9940302114769565,0
