problem,access,navigate,page_close,video,discussion,wiki
0,2.8716015020996086,2.0,2.6647069161207506,2.6048074635028686,0.0,0
