problem,access,navigate,page_close,video,discussion,wiki
0,2.815589356497608,2.3299574748443264,1.5,2.3248629576173565,1.3709505944546687,0.0
