problem,access,navigate,page_close,video,discussion,wiki
0.0,1.5409399040885625,0.954434002924965,1.5461796919474975,1.5394847569315018,0.0,0
