problem,access,navigate,page_close,video,discussion,wiki
1.7798299876761596,1.923794940695399,0.9182958340544896,1.8322628970242685,1.784159127851422,0.0,0.0
