problem,access,navigate,page_close,video,discussion,wiki
0,1.5545851693377997,0.0,1.4854752972273344,1.5394847569315018,0,0
