problem,access,navigate,page_close,video,discussion,wiki
1.8339272176418302,1.7609640474436812,0.9182958340544896,1.2987949406953985,0.9182958340544896,0.0,0
