problem,access,navigate,page_close,video,discussion,wiki
0.5435644431995964,0.6962122601251458,0.7219280948873623,1.0,0.6500224216483541,1.0,0
