problem,access,navigate,page_close,video,discussion,wiki
0.0,0.9366673818775625,0.7219280948873623,0.0,1.5219280948873621,0.6193821946787638,0.0
