problem,access,navigate,page_close,video,discussion,wiki
1.549587521222056,1.2997367636952522,0.0,0.0,1.4591479170272448,0.0,0
