problem,access,navigate,page_close,video,discussion,wiki
1.2685347577182178,1.7993592985383735,0.0,0.0,1.5262349099495227,1.0,0
