problem,access,navigate,page_close,video,discussion,wiki
0,1.8983429735713675,1.5709505944546687,2.1038480698754305,2.2359263506290326,0.0,0.0
