problem,access,navigate,page_close,video,discussion,wiki
1.5198913559178087,2.539429143998125,0.9182958340544896,2.6066505805015394,2.7321588913645702,0.0,0
