problem,access,navigate,page_close,video,discussion,wiki
1.932931646898466,2.7926653496145293,2.013132465170739,2.772450930484563,1.7841591278514217,0.961236604722876,0.0
