problem,access,navigate,page_close,video,discussion,wiki
0,3.1116345207493348,2.6464393446710157,2.8453509366224368,3.125,0,0
