problem,access,navigate,page_close,video,discussion,wiki
0,2.2516291673878226,1.0,1.584962500721156,2.6464393446710153,0,0
