problem,access,navigate,page_close,video,discussion,wiki
2.1029334343823503,3.304906783445815,2.788320189106,3.453922901246626,2.8333208226910545,2.539655101785482,0
