problem,access,navigate,page_close,video,discussion,wiki
1.879964948727111,1.8928748143602305,1.2516291673878228,2.256908989558354,2.251629167387823,0.9182958340544896,0
