problem,access,navigate,page_close,video,discussion,wiki
0.0,2.199086165113526,1.3709505944546687,2.1180782093497093,1.789929075309999,0,0
