problem,access,navigate,page_close,video,discussion,wiki
0.9910760598382222,1.0529815751302696,1.8726696380501495,1.7924812503605778,0,0.9182958340544896,1.0
