problem,access,navigate,page_close,video,discussion,wiki
0.0,2.143780234737159,1.789929075309999,2.2544475789720946,1.5219280948873621,0.0,0.0
