problem,access,navigate,page_close,video,discussion,wiki
0.9975025463691153,3.334749756512018,1.7527152789797047,3.2676013115120566,3.3974168451037094,0,0
