problem,access,navigate,page_close,video,discussion,wiki
0,1.6457113704075783,1.4591479170272448,1.4466166676282082,1.1488348542809166,0.0,0
