problem,access,navigate,page_close,video,discussion,wiki
0.0,1.7400693385983699,1.7380616187463653,1.7449488925470464,1.0,0.9514214689660134,0.7219280948873623
