problem,access,navigate,page_close,video,discussion,wiki
2.2830741894285698,2.6697247269788136,2.128085278891394,2.5773270128028267,2.2335564301634916,1.0,0
