problem,access,navigate,page_close,video,discussion,wiki
0.0,1.3896749186460426,1.8423709931771088,1.781937063546704,1.4056390622295665,0,0
