problem,access,navigate,page_close,video,discussion,wiki
0,1.9254106352407239,0.9182958340544896,1.8799649487271108,2.2516291673878226,0,0
