problem,access,navigate,page_close,video,discussion,wiki
0.0,2.1211274733371868,1.7924812503605778,2.2569089895583545,1.4591479170272446,0,0
