problem,access,navigate,page_close,video,discussion,wiki
0.9910760598382222,3.2832381433288056,2.417320658596841,2.5949066182439395,2.2516291673878226,1.7694730384729396,0.8112781244591328
