problem,access,navigate,page_close,video,discussion,wiki
2.094571797790079,2.816921245242801,2.217021885879718,2.761180960962079,2.203701696057348,0,0
