problem,access,navigate,page_close,video,discussion,wiki
1.4949188482339508,2.5687670532231492,1.7609640474436812,2.839437569096221,2.277327683037575,0.0,0.0
