problem,access,navigate,page_close,video,discussion,wiki
1.3124308023479359,2.8114605475663934,2.4193819456463714,2.5228657634046865,1.3787834934861753,0.7642045065086203,0
