problem,access,navigate,page_close,video,discussion,wiki
0.8343470230852537,3.3542504450061683,2.1451363701530526,3.4363105428335237,3.202819531114783,2.155818941810703,0.0
