problem,access,navigate,page_close,video,discussion,wiki
0.8112781244591328,1.7229712791784753,0.0,1.75,2.0403733936884962,0,0
