problem,access,navigate,page_close,video,discussion,wiki
0.0,1.7139350452807203,0.9219280948873623,1.7322216637616483,1.2987949406953985,0.0,0.0
