problem,access,navigate,page_close,video,discussion,wiki
1.7926645645056385,3.420388324719741,3.5,3.272769892034794,2.1180782093497093,2.054258150862612,0
