problem,access,navigate,page_close,video,discussion,wiki
2.126120746842681,2.6525392796067684,2.3685225277282065,2.321928094887362,1.0,2.487828400659739,0
