problem,access,navigate,page_close,video,discussion,wiki
0.0,2.0588138903312014,0.0,2.1920058354921066,1.5219280948873621,0,0
