problem,access,navigate,page_close,video,discussion,wiki
0.9135104147493888,3.3585044894613123,3.0775726382817687,3.5057870715404653,3.5666545612858025,1.810699332842307,0
