problem,access,navigate,page_close,video,discussion,wiki
0.5225593745369408,3.465475028153013,2.798260782781601,3.3471835682559963,2.8262452584026097,1.8776948981272847,2.0
