problem,access,navigate,page_close,video,discussion,wiki
0.0,2.674485521256001,1.896240625180289,2.4300365325772657,1.8423709931771084,0.0,0.0
