problem,access,navigate,page_close,video,discussion,wiki
0,1.188721875540867,1.4056390622295665,1.584962500721156,0.0,0,0.0
