problem,access,navigate,page_close,video,discussion,wiki
0.0,2.659060717612726,1.4604846813131114,2.8655768552072485,2.688721875540867,0.0,0.0
