problem,access,navigate,page_close,video,discussion,wiki
0,2.6744608685361086,0.0,2.9842341646524884,1.8423709931771084,0,0.0
