problem,access,navigate,page_close,video,discussion,wiki
0.0,2.280272822365794,2.0,2.072905595320056,1.4056390622295665,0,0
