problem,access,navigate,page_close,video,discussion,wiki
0.0,2.6117687959731946,1.8365916681089791,2.893233335256417,2.5261207468426807,0.0,0
