problem,access,navigate,page_close,video,discussion,wiki
1.455653191721733,2.393365529801968,2.7052290027422967,2.365957320949175,1.8464393446710154,1.7381493331928664,0
