problem,access,navigate,page_close,video,discussion,wiki
1.5733553850075008,3.0955036976114894,2.179236536168279,2.918033210455086,2.8731406795131336,0.961236604722876,0.0
