problem,access,navigate,page_close,video,discussion,wiki
1.384431504340598,1.5788905152745722,1.280672129520887,1.584962500721156,0,0.0,0
