problem,access,navigate,page_close,video,discussion,wiki
0.8112781244591328,3.324610488768585,3.5022203278917567,3.201597655573916,2.3709505944546687,2.1419024071428794,0
