problem,access,navigate,page_close,video,discussion,wiki
0,3.150747374288712,2.5,2.6464393446710157,2.521640636343318,0.863120568566631,0
