problem,access,navigate,page_close,video,discussion,wiki
2.044912733238945,2.936185366977721,2.6557684303227793,2.2744444545796396,2.2359263506290326,3.3130678052211433,0.0
