problem,access,navigate,page_close,video,discussion,wiki
0.0,1.575114591410657,1.789929075309999,1.784159127851422,1.584962500721156,0.0,0
