problem,access,navigate,page_close,video,discussion,wiki
0.9182958340544896,2.0086949695628418,1.2987949406953985,0,0,0.0,0.0
