problem,access,navigate,page_close,video,discussion,wiki
0.0,0.9910760598382222,1.4056390622295665,0.9852281360342516,0,0.7219280948873623,0
