problem,access,navigate,page_close,video,discussion,wiki
0.0,2.6050963663736955,2.186704345910025,2.5206090543714015,2.5032583347756456,0.0,0
