problem,access,navigate,page_close,video,discussion,wiki
1.561278124459133,1.755663857525447,1.4591479170272446,1.0,1.4466166676282082,0,0
