problem,access,navigate,page_close,video,discussion,wiki
1.0529407605626346,2.6807091187329686,1.561278124459133,2.575588697084778,1.2987949406953985,0.0,0.8112781244591328
