problem,access,navigate,page_close,video,discussion,wiki
2.219925677618019,2.8678096384558622,2.057924310831006,2.8396899580917707,2.7321588913645702,0.0,0.0
