problem,access,navigate,page_close,video,discussion,wiki
0.0,1.3420192178195207,0.9709505944546686,1.4294732983598406,1.5219280948873621,0.0,0
