problem,access,navigate,page_close,video,discussion,wiki
0,3.1495660886620658,2.5216406363433186,3.016875695766564,2.8464393446710154,0,0
