problem,access,navigate,page_close,video,discussion,wiki
0.9182958340544896,2.121640762186858,1.584962500721156,2.4885548621928453,2.2892464285091583,0.8112781244591328,0
