problem,access,navigate,page_close,video,discussion,wiki
1.6536772602909147,2.507404700452583,2.058813890331201,2.2998963911678914,1.9056390622295665,0.0,0
