problem,access,navigate,page_close,video,discussion,wiki
0,1.8352377453121174,0.0,1.8843135277997989,1.7609640474436812,0,0
