problem,access,navigate,page_close,video,discussion,wiki
2.8767538517320346,3.2263699158009804,1.5,2.9864405016961446,3.023141320466082,0.9182958340544896,0
