problem,access,navigate,page_close,video,discussion,wiki
0.0,3.7496061845472903,3.2195282822995472,3.6027515048631993,3.075410063521087,1.75,0.7642045065086203
