problem,access,navigate,page_close,video,discussion,wiki
2.663231198705508,3.825452347602719,2.75,3.0634651896016467,2.8962915290459277,0.7219280948873623,0
