problem,access,navigate,page_close,video,discussion,wiki
0.863120568566631,2.1180782093497093,1.2516291673878228,1.974937501201927,1.5219280948873621,0,0.0
