problem,access,navigate,page_close,video,discussion,wiki
1.37928048729106,3.291194991901563,3.1018812234760182,2.321928094887362,2.2516291673878226,0,0.0
