problem,access,navigate,page_close,video,discussion,wiki
2.760964047443681,3.1949748260375768,2.946387519131128,2.980515701385535,2.7414460711655217,2.9900695143251235,0
