problem,access,navigate,page_close,video,discussion,wiki
0,1.9750318782181049,2.66122625626979,1.570950594454669,1.4591479170272448,0.0,1.0
