problem,access,navigate,page_close,video,discussion,wiki
2.5941178916311856,3.071371108251726,1.5219280948873621,3.0812180736670145,3.1019545213082584,0.0,0.0
