problem,access,navigate,page_close,video,discussion,wiki
0.5916727785823275,2.057941121992282,0.0,1.8464393446710154,0,0,0
