problem,access,navigate,page_close,video,discussion,wiki
1.9182958340544896,2.930029137854967,1.5,2.8593598634344994,2.481714572986073,0.0,0
