problem,access,navigate,page_close,video,discussion,wiki
2.7064144226293916,3.978784940289877,2.251629167387823,3.760382652048229,3.863465189601647,2.270942421748537,0
