problem,access,navigate,page_close,video,discussion,wiki
0,0.8904916402194913,0.0,0.37123232664087563,0.954434002924965,0,0
