problem,access,navigate,page_close,video,discussion,wiki
1.4619011889093374,2.178026157682347,1.4195562985716133,0.0,1.0,0.0,0.0
