problem,access,navigate,page_close,video,discussion,wiki
1.584962500721156,2.224394445405986,1.5219280948873621,2.270942421748537,1.5,0.0,0
