problem,access,navigate,page_close,video,discussion,wiki
2.9196905740496972,3.574473053554117,2.744842531753244,3.3815804883091634,0.0,1.3787834934861753,0
