problem,access,navigate,page_close,video,discussion,wiki
2.258081889238679,2.487023522838113,2.4587037808644103,2.215347275584621,0.8812908992306927,1.5219280948873621,0.0
