problem,access,navigate,page_close,video,discussion,wiki
3.439051794305346,3.732917988398479,2.5498550315128585,3.3005543853043546,3.4468074086707277,1.8892464285091581,0
