problem,access,navigate,page_close,video,discussion,wiki
2.4503424144118546,2.8018730333803794,1.6854752972273344,0,2.549787381523038,0.0,0.0
