problem,access,navigate,page_close,video,discussion,wiki
1.635214844119782,3.79939578083127,3.110207059327665,3.8177521898656357,3.748455597211384,1.8702538164316223,1.5487949406953985
