problem,access,navigate,page_close,video,discussion,wiki
0.9876925088958034,2.6519349131857064,3.146439344671015,2.0,0,2.3866937067795613,0
