problem,access,navigate,page_close,video,discussion,wiki
1.3787834934861756,2.9796376918986147,3.039148671903071,2.6958489373135657,1.9502120649147465,0,0
