problem,access,navigate,page_close,video,discussion,wiki
2.133206219346495,2.2610439833372844,2.2221915755066783,2.288019280279689,1.0,0.0,0.0
