problem,access,navigate,page_close,video,discussion,wiki
0.0,1.2732696895151085,0.863120568566631,1.4197367178034825,1.5566567074628228,0,0
