problem,access,navigate,page_close,video,discussion,wiki
2.1674214578339,3.2660356849963814,2.072905595320056,2.807354922057604,2.321928094887362,0,0
