problem,access,navigate,page_close,video,discussion,wiki
1.8423709931771084,2.8348513255797645,2.1180782093497093,2.89565851090441,2.6235166412180155,0.0,0
