problem,access,navigate,page_close,video,discussion,wiki
0,2.0789705158058123,1.6858157091530304,2.214700801125745,2.103909910282364,0,0.0
