problem,access,navigate,page_close,video,discussion,wiki
0,1.4969152532855432,2.2810361125534238,1.780672129520887,0.9917601481809735,0.0,0.0
