problem,access,navigate,page_close,video,discussion,wiki
0.6840384356390417,1.90532421500246,2.197159723424149,1.8773870642966133,1.9182958340544896,0.9728063221185002,0
