problem,access,navigate,page_close,video,discussion,wiki
1.0,3.1316845593959157,1.6729330318733675,3.0748757755837683,2.794653473544342,0.0,0.0
