problem,access,navigate,page_close,video,discussion,wiki
0.9852281360342516,2.5937407576608313,2.7497406322591122,2.7192945256669794,1.5,0.5435644431995964,1.5219280948873621
