problem,access,navigate,page_close,video,discussion,wiki
0.0,0.7732283485249176,1.3250112108241772,1.3709505944546687,0.0,0,0.0
