problem,access,navigate,page_close,video,discussion,wiki
1.409975018822061,1.1462897140393937,1.5744174271404583,1.188721875540867,0.0,1.3279447836251226,0
