problem,access,navigate,page_close,video,discussion,wiki
0.9182958340544896,2.575087298342679,2.927451224964519,2.6016094970590276,0,0.0,0.0
