problem,access,navigate,page_close,video,discussion,wiki
3.7582596953496212,4.2871902008021445,3.270942421748537,4.136091608837396,4.046333554476045,3.3591921750676637,0.0
