problem,access,navigate,page_close,video,discussion,wiki
0,0.9991421039919088,0.9709505944546686,0.9957274520849256,1.0,0.9910760598382222,0
