problem,access,navigate,page_close,video,discussion,wiki
0,1.3829457416591304,1.584962500721156,1.675822057576696,1.4949188482339508,0,0
