problem,access,navigate,page_close,video,discussion,wiki
1.4488156357251847,2.09389256327771,1.6500224216483543,2.2568665431825226,1.9301249653149701,0,1.0
