problem,access,navigate,page_close,video,discussion,wiki
3.18039217447553,3.4958851383041463,2.688721875540867,3.746291941736342,3.343076100938471,3.153571738477581,0
