problem,access,navigate,page_close,video,discussion,wiki
1.0,2.458437047888457,2.4464393446710155,0.0,2.0,1.4288512161516997,0.0
