problem,access,navigate,page_close,video,discussion,wiki
0.0,1.8418930162032057,2.1709505944546685,2.221251836004466,1.5,1.2550327083958783,0
