problem,access,navigate,page_close,video,discussion,wiki
0.0,3.3867382872231735,2.7572958738405693,3.341185310397179,2.954003642329854,1.7131162290827922,0.0
