problem,access,navigate,page_close,video,discussion,wiki
1.0,2.6810553047511623,2.2037016960573483,2.6800810637956767,2.7534343861887853,1.4604846813131116,1.584962500721156
