problem,access,navigate,page_close,video,discussion,wiki
0,2.4062573915355325,1.2987949406953985,2.577819531114783,2.5219280948873624,0.0,0.0
