problem,access,navigate,page_close,video,discussion,wiki
1.79290598780623,2.74249629764402,2.263809173883546,2.321928094887362,2.2516291673878226,1.0,0.0
