problem,access,navigate,page_close,video,discussion,wiki
2.2382975702780197,3.141657184349114,2.5654483718208256,2.9240924804297177,2.0464393446710156,2.398277896735806,0.863120568566631
