problem,access,navigate,page_close,video,discussion,wiki
0,0.6500224216483541,1.2987949406953985,0.4689955935892812,0.5435644431995964,0.0,0
