problem,access,navigate,page_close,video,discussion,wiki
0,1.8262452584026092,1.895461844238322,1.4949188482339508,1.4949188482339508,0,0
