problem,access,navigate,page_close,video,discussion,wiki
0,0.9910760598382222,0.0,1.4056390622295665,1.3787834934861756,0,0
