problem,access,navigate,page_close,video,discussion,wiki
0,2.4267830350550113,1.9877733714879842,2.2892464285091583,2.235926350629032,1.0,0
