problem,access,navigate,page_close,video,discussion,wiki
2.6337048393743,2.999518355544307,2.2516291673878226,2.738552853578734,2.6225616349838456,1.8895782867502309,0
