problem,access,navigate,page_close,video,discussion,wiki
1.8294732983598407,3.6991695201086405,3.209147917027245,2.8522170014624826,2.6532092769369577,0.6500224216483541,0
