problem,access,navigate,page_close,video,discussion,wiki
0.863120568566631,1.784159127851422,1.0,1.8423709931771084,1.8262452584026092,0.9182958340544896,0
