problem,access,navigate,page_close,video,discussion,wiki
0.9182958340544896,1.278897902987479,0.7219280948873623,1.584962500721156,1.5,0.0,0
