problem,access,navigate,page_close,video,discussion,wiki
0.0,1.131314688649721,1.8464393446710154,0,0,1.429598335135886,0
