problem,access,navigate,page_close,video,discussion,wiki
2.5901998765158556,3.415721497102551,2.521640636343318,3.4292292966721747,3.413088436425758,0.0,0
