problem,access,navigate,page_close,video,discussion,wiki
0.8904916402194913,2.183881856450514,2.0,2.2444745298554536,1.971335285306981,0,0
