problem,access,navigate,page_close,video,discussion,wiki
0.0,1.2467052127325733,1.3709505944546687,0.863120568566631,0.9182958340544896,0,0
