problem,access,navigate,page_close,video,discussion,wiki
2.3206653382774296,3.1308409313477337,2.789898095464287,3.2287219294299225,2.5032583347756456,3.3735453553890418,1.2987949406953985
