problem,access,navigate,page_close,video,discussion,wiki
0.6840384356390417,2.3589606201695523,2.481714572986073,2.403088045919318,1.8810947601100747,0,0
