problem,access,navigate,page_close,video,discussion,wiki
2.3688428187075834,2.8379305286268584,0.0,2.971403375935525,2.707282064282346,0.0,0
