problem,access,navigate,page_close,video,discussion,wiki
1.0,1.9920139962755843,1.5566567074628228,1.640223928941852,1.1567796494470395,0.0,0.0
