problem,access,navigate,page_close,video,discussion,wiki
0.9182958340544896,1.6063789506562658,1.5219280948873621,1.75,0.9182958340544896,0.9182958340544896,0
