problem,access,navigate,page_close,video,discussion,wiki
0.0,1.5588718484453603,0.0,1.5219280948873621,1.8262452584026092,0.0,0
