problem,access,navigate,page_close,video,discussion,wiki
0,1.8833830982290136,1.9182958340544893,2.084962500721156,1.75,0,0
