problem,access,navigate,page_close,video,discussion,wiki
1.0,2.540524237367573,1.3921472236645345,2.6084585933443494,2.170950594454669,0.0,0
