problem,access,navigate,page_close,video,discussion,wiki
1.4591479170272446,2.5508217612624713,1.9219280948873623,3.1180782093497093,2.6635327548042547,0.6143694458867568,0.0
