problem,access,navigate,page_close,video,discussion,wiki
0.0,1.5766212201074912,0.0,1.5709505944546684,1.4056390622295665,0,0
