problem,access,navigate,page_close,video,discussion,wiki
1.9015789293823566,2.8668781870608258,1.7924812503605778,2.270942421748537,0.0,0,0
