problem,access,navigate,page_close,video,discussion,wiki
2.878047615790528,3.614360041994095,2.8731406795131336,3.5974584231298516,3.675310868912364,1.5262349099495225,0.0
