problem,access,navigate,page_close,video,discussion,wiki
2.9202231128734097,3.488172112830505,2.634602696255584,3.4043774280107018,3.081218073667015,2.6513636691975435,0.8112781244591328
