problem,access,navigate,page_close,video,discussion,wiki
2.4305634566040726,3.3949669672109586,2.0,3.20569754164469,3.1056532424234384,1.383099991189334,0
