problem,access,navigate,page_close,video,discussion,wiki
0.4689955935892812,1.7582975708748245,0.7219280948873623,2.25,1.9219280948873623,0,0
