problem,access,navigate,page_close,video,discussion,wiki
0.9055872616982603,2.2977186261552776,2.188721875540867,2.5046934208291405,1.4854752972273344,0,0
