problem,access,navigate,page_close,video,discussion,wiki
2.363156017493666,3.7051971143030054,3.099483981787688,0.0,1.0,1.7633584292311077,0
