problem,access,navigate,page_close,video,discussion,wiki
0.0,1.9427408149441479,1.7924812503605778,1.899022751175655,1.5566567074628228,0,0
