problem,access,navigate,page_close,video,discussion,wiki
2.2954209942331945,2.7205524335946842,1.9056390622295665,1.9219280948873623,2.800044618479009,0.5435644431995964,1.0
