problem,access,navigate,page_close,video,discussion,wiki
1.3709505944546687,2.5611458867154226,1.950212064914747,2.5124876891689536,2.2312702546075758,0,0
