problem,access,navigate,page_close,video,discussion,wiki
2.2628740808690058,2.7320858823805296,3.0608554687914507,2.4138583463760606,1.5955182833187849,0.0,0
