problem,access,navigate,page_close,video,discussion,wiki
3.6214500697390624,4.440002608311333,3.7887549139935026,4.359696641620163,4.205330366214443,3.993273463406389,0
