problem,access,navigate,page_close,video,discussion,wiki
0.0,1.9591479170272446,1.8423709931771086,1.4591479170272448,0.0,0.0,0
