problem,access,navigate,page_close,video,discussion,wiki
0.9456603046006402,2.423697214455441,2.057924310831006,2.4410685859554375,1.792481250360578,0.39124356362925566,0.0
