problem,access,navigate,page_close,video,discussion,wiki
0.0,2.103414639559314,1.2516291673878228,2.1416195253341384,1.3709505944546687,0.0,0.0
