problem,access,navigate,page_close,video,discussion,wiki
0.0,2.103414639559314,2.4692407821722844,2.1739731346044096,1.867633890971212,0.0,0
