problem,access,navigate,page_close,video,discussion,wiki
1.0408520829727552,2.5850208667122403,2.584962500721156,2.6282129458410015,2.5219280948873624,1.3709505944546687,0.0
