problem,access,navigate,page_close,video,discussion,wiki
0.9910760598382222,2.2709505944546686,1.9219280948873623,2.75,0,0,0.0
