problem,access,navigate,page_close,video,discussion,wiki
0,1.4355205042826666,1.0,0.954434002924965,0.863120568566631,0,0
