problem,access,navigate,page_close,video,discussion,wiki
1.8638263900908156,2.4495799683980506,2.321928094887362,1.8262452584026092,2.3443609377704338,1.584962500721156,0
