problem,access,navigate,page_close,video,discussion,wiki
0,1.6049355947431312,1.9219280948873623,1.8799649487271108,0.8112781244591328,0,0
