problem,access,navigate,page_close,video,discussion,wiki
0,2.4189611955679706,0.4394969869215134,0,1.9219280948873623,0,0.0
