problem,access,navigate,page_close,video,discussion,wiki
0,2.9772862292531883,2.128085278891394,3.008694969562842,2.48345859334435,0,0
