problem,access,navigate,page_close,video,discussion,wiki
0.0,2.4464393446710155,0.8112781244591328,2.321928094887362,2.5,0.7219280948873623,0.0
