problem,access,navigate,page_close,video,discussion,wiki
0.0,0.41381685030363374,1.4591479170272448,0.946372935985442,1.0957952550009336,0,0
