problem,access,navigate,page_close,video,discussion,wiki
0.9940302114769565,2.6243726139629975,2.3655962303576024,2.495602923729013,1.9609640474436814,1.7592056895079922,0.0
