problem,access,navigate,page_close,video,discussion,wiki
0,2.155968102145908,1.5487949406953985,2.1971597234241496,1.5219280948873621,0.0,0.0
