problem,access,navigate,page_close,video,discussion,wiki
3.7016974535337144,3.872858209889375,2.897161537943443,3.7735111766932876,3.7779747787473488,1.696929043873374,1.0
