problem,access,navigate,page_close,video,discussion,wiki
1.4591479170272446,3.233997907838827,2.7534343861887853,2.0,2.0,0,0.0
