problem,access,navigate,page_close,video,discussion,wiki
2.099453067931849,2.6012097433987122,2.3395722619867225,1.0,0.0,1.5219280948873621,0.0
