problem,access,navigate,page_close,video,discussion,wiki
2.251629167387823,2.5949066182439395,1.5487949406953985,2.6709505944546685,2.4193819456463714,0.0,0.0
