problem,access,navigate,page_close,video,discussion,wiki
1.2516291673878228,3.2719211801779475,3.0385623360756298,2.725480556997868,1.9219280948873623,0.0,0.0
