problem,access,navigate,page_close,video,discussion,wiki
0.6840384356390417,1.2932019370674834,0.0,1.811278124459133,1.5,0,0
