problem,access,navigate,page_close,video,discussion,wiki
0.7441942138263227,3.471002399237288,2.931208948910323,3.469054624640957,3.24404354355369,0.0,0
