problem,access,navigate,page_close,video,discussion,wiki
0.0,1.8412501702815547,0.9182958340544896,1.784159127851422,1.3921472236645345,0,0
