problem,access,navigate,page_close,video,discussion,wiki
1.5715416718219246,1.9567519104779199,2.0,1.9814035902506322,1.895461844238322,0.0,0
