problem,access,navigate,page_close,video,discussion,wiki
0,0.8112781244591328,0.7219280948873623,0.8343470230852537,0.6685644431995964,0.0,1.0
