problem,access,navigate,page_close,video,discussion,wiki
2.755256109837139,3.248930824309166,3.070847093622518,3.4634651896016466,3.1689869584530603,1.9986227307905073,0
