problem,access,navigate,page_close,video,discussion,wiki
0,1.4108478748063633,0.9940302114769565,1.5,0.9182958340544896,0.6500224216483541,0.0
