problem,access,navigate,page_close,video,discussion,wiki
2.2143351178208266,3.2338136138384366,3.037687890016524,3.2430647629563754,2.5654483718208256,1.6563769272307312,0.0
