problem,access,navigate,page_close,video,discussion,wiki
0.9709505944546686,2.7798891845589373,3.084962500721156,2.2359263506290326,1.0,0.0,0
