problem,access,navigate,page_close,video,discussion,wiki
1.7640976555739163,2.7776350511431724,2.4056390622295662,2.251629167387823,1.584962500721156,0,0
