problem,access,navigate,page_close,video,discussion,wiki
0,2.8126150692283045,2.321928094887362,2.692380602454975,2.708224909364489,0,0
