problem,access,navigate,page_close,video,discussion,wiki
0.9182958340544896,1.6117022325423542,1.2516291673878228,1.207518749639422,1.4182958340544896,0.0,0.0
