problem,access,navigate,page_close,video,discussion,wiki
0,0.9402859586706311,0.8997437586982626,0.8812908992306927,0,0.0,0
