problem,access,navigate,page_close,video,discussion,wiki
0.9182958340544896,2.450049520294735,2.351593723348755,1.584962500721156,0,0,0
