problem,access,navigate,page_close,video,discussion,wiki
0,3.1043613862009614,1.9211796919474975,3.002705481927944,2.7409823793249766,1.2987949406953985,0.0
