problem,access,navigate,page_close,video,discussion,wiki
0.8812908992306927,1.3830637132486205,1.8016094970590275,1.3709505944546687,1.7130788426267936,0.0,0
