problem,access,navigate,page_close,video,discussion,wiki
0,1.4572659136233872,1.9219280948873623,1.971747257128181,1.75,0,0
