problem,access,navigate,page_close,video,discussion,wiki
0,2.7503929881553337,2.5,2.8504267963622034,2.121928094887362,0.0,0
