problem,access,navigate,page_close,video,discussion,wiki
2.4464124990649547,3.5348830044037034,3.2979026896829464,3.453968403919608,1.5,0.8812908992306927,0.0
