problem,access,navigate,page_close,video,discussion,wiki
3.144969494739732,3.432923538589188,3.3087513512471665,3.501401683275656,3.327166846341841,0,0
