problem,access,navigate,page_close,video,discussion,wiki
1.0,0.9456603046006402,0.9182958340544896,0.9910760598382222,0.7219280948873623,1.1567796494470395,0.9182958340544896
