problem,access,navigate,page_close,video,discussion,wiki
0.0,1.74917466839001,1.7924812503605778,2.0,1.9056390622295665,0,0
