problem,access,navigate,page_close,video,discussion,wiki
0.0,2.3109270469039513,1.207518749639422,2.341446071165522,0.9182958340544896,1.2994705707972523,0.0
