problem,access,navigate,page_close,video,discussion,wiki
1.4854752972273344,1.4986885704510973,0.9709505944546686,1.4618381992568745,1.3221793455166666,0.0,0
