problem,access,navigate,page_close,video,discussion,wiki
2.963203680572793,3.537919971619823,2.502736171594004,3.754532719265503,2.755057619938307,2.2516291673878226,0
