problem,access,navigate,page_close,video,discussion,wiki
2.5329022760052586,3.3877694035325927,3.6835423624332306,3.2089873002588,3.182005814760214,1.9328045775391225,0
