problem,access,navigate,page_close,video,discussion,wiki
0,3.0347453220402514,0.9864267287308424,2.5216406363433186,2.584962500721156,1.224394445405986,0
