problem,access,navigate,page_close,video,discussion,wiki
0.9081783472997051,2.0156546557441946,2.2516291673878226,0,0,0.35335933502142136,0
