problem,access,navigate,page_close,video,discussion,wiki
0,1.8585552118703144,2.5,1.9219280948873623,0,0.9366673818775625,0
