problem,access,navigate,page_close,video,discussion,wiki
2.75,3.195975712100504,2.074164743022575,3.220288033739633,3.1556390622295662,0,0
