problem,access,navigate,page_close,video,discussion,wiki
0,2.4885548621928453,2.2359263506290326,2.353533948577482,1.9219280948873623,0.0,0
