problem,access,navigate,page_close,video,discussion,wiki
0.9182958340544896,2.038159681645953,1.9182958340544893,0.9182958340544896,1.584962500721156,0,0
