problem,access,navigate,page_close,video,discussion,wiki
0.9182958340544896,1.7749051337184283,1.3787834934861753,1.9670406073940132,1.6774212838293647,1.5219280948873621,0.0
