problem,access,navigate,page_close,video,discussion,wiki
0.0,1.4443364115472175,0.7219280948873623,1.0,0,0,0.6500224216483541
