problem,access,navigate,page_close,video,discussion,wiki
0,2.164889451733241,2.2516291673878226,2.147348781633051,0,0,0
