problem,access,navigate,page_close,video,discussion,wiki
0.0,0.8315435491770659,0.0,1.207518749639422,0.8166890883150209,0,0
