problem,access,navigate,page_close,video,discussion,wiki
2.906017617895116,3.5252763393821045,2.35274578087187,2.697282429014977,2.801567802135883,2.016875695766564,0
