problem,access,navigate,page_close,video,discussion,wiki
1.5,2.578217755870513,2.5046934208291405,2.486645499029818,2.4322347146648093,0.7024665512903903,0.0
