problem,access,navigate,page_close,video,discussion,wiki
0,1.4926140680171258,1.584962500721156,1.295461844238322,0.9709505944546686,0.8112781244591328,0
