problem,access,navigate,page_close,video,discussion,wiki
3.1321343961270074,3.3372308426450576,2.8464393446710154,3.0306390622295662,2.0,1.7814164026211206,0
