problem,access,navigate,page_close,video,discussion,wiki
1.0,1.0957952550009336,0.9182958340544896,1.4137995646056802,1.3709505944546687,0.0,0
