problem,access,navigate,page_close,video,discussion,wiki
0.0,1.924174352300441,0.0,1.784159127851422,1.3609640474436813,0,0
