problem,access,navigate,page_close,video,discussion,wiki
2.80892232767662,3.5866003499453076,2.4508257945180882,3.361927636641976,3.164735178725505,1.0,0.0
