problem,access,navigate,page_close,video,discussion,wiki
1.7763318528003076,2.702794439849133,2.634669235259032,2.624726209504296,1.7527152789797045,1.819845933482431,0.0
