problem,access,navigate,page_close,video,discussion,wiki
1.3346791410515948,2.3081573285181998,1.9296773192933236,2.364912501682698,2.3282129458410017,1.1422090986393327,0.0
