problem,access,navigate,page_close,video,discussion,wiki
0.9182958340544896,1.867633890971212,1.8250112108241772,1.4591479170272448,1.3709505944546687,1.584962500721156,1.584962500721156
