problem,access,navigate,page_close,video,discussion,wiki
0,1.402081402756032,0.0,0.954434002924965,0.9957274520849256,0,0
