problem,access,navigate,page_close,video,discussion,wiki
0.37123232664087563,2.236623811079363,2.5,2.197159723424149,0.0,0,0
