problem,access,navigate,page_close,video,discussion,wiki
1.565596230357602,1.930019153691655,2.058813890331201,1.5216406363433184,0.8112781244591328,0.7088356733321961,0.0
