problem,access,navigate,page_close,video,discussion,wiki
2.974263368077803,3.1634358535014537,2.6703397002311062,3.084673341154449,2.7023574315503147,1.2486545206672304,0
