problem,access,navigate,page_close,video,discussion,wiki
1.5386591914635623,0.9402859586706311,1.4591479170272446,1.2516291673878228,0.0,0,0
