problem,access,navigate,page_close,video,discussion,wiki
1.8464393446710154,1.97861440602083,1.2389012566026305,0.8112781244591328,1.9056390622295665,1.0,1.0
