problem,access,navigate,page_close,video,discussion,wiki
0,0.9774178175281716,0.8112781244591328,1.6500224216483543,1.811278124459133,0,0
