problem,access,navigate,page_close,video,discussion,wiki
0.0,1.9367376372690066,2.0,2.019973094021975,1.8073549220576042,0,0
