problem,access,navigate,page_close,video,discussion,wiki
1.2516291673878228,1.1956217818146277,1.4591479170272448,1.3015742892816131,1.224394445405986,0,0
