problem,access,navigate,page_close,video,discussion,wiki
2.2359263506290326,2.510133907390242,2.113283334294875,2.517619802975714,2.369661920129842,0,0
