problem,access,navigate,page_close,video,discussion,wiki
0.0,1.965596230357602,1.5,2.3685225277282065,1.7924812503605778,0,0
