problem,access,navigate,page_close,video,discussion,wiki
0,1.5394847569315018,1.584962500721156,1.3709505944546687,1.584962500721156,0,0
