problem,access,navigate,page_close,video,discussion,wiki
2.902886574907055,3.2504832600653604,3.3320953986601696,3.225546067695097,2.9589693602047324,1.9219280948873623,0
