problem,access,navigate,page_close,video,discussion,wiki
2.4885548621928453,3.3159525337050453,3.1898980954642875,3.344758272123789,2.807354922057604,1.0,0.0
