problem,access,navigate,page_close,video,discussion,wiki
0.0,2.2122028491557013,0.0,2.3709505944546687,1.9219280948873623,0,0
