problem,access,navigate,page_close,video,discussion,wiki
0.9182958340544896,1.5895031441008491,1.4056390622295665,1.7193793404575042,1.5090275125326515,0,0
