problem,access,navigate,page_close,video,discussion,wiki
2.283205605296521,2.3579856514400914,1.9693894195291564,0.0,1.0,0.6500224216483541,1.0
