problem,access,navigate,page_close,video,discussion,wiki
1.0,2.0403733936884962,0,2.5032583347756456,2.128085278891394,0,0
