problem,access,navigate,page_close,video,discussion,wiki
1.5709505944546684,2.6894645977684153,2.077819531114783,2.251185325340039,0.9852281360342516,0,0
