problem,access,navigate,page_close,video,discussion,wiki
0.0,1.788215812371376,2.1556390622295662,1.7841591278514217,1.2516291673878228,0.954434002924965,0
