problem,access,navigate,page_close,video,discussion,wiki
0,1.954685946946356,1.836591668108979,1.9362600275315274,0,0.9182958340544896,0
