problem,access,navigate,page_close,video,discussion,wiki
1.0,2.4692407821722844,2.449311833026446,2.4591479170272446,1.0,0,0
