problem,access,navigate,page_close,video,discussion,wiki
3.0642561142316,3.5782294129986423,3.3852774594583623,1.8464393446710154,3.013511518271973,2.297534764358721,0.0
