problem,access,navigate,page_close,video,discussion,wiki
1.8884200196499317,3.279480631696937,2.725480556997868,3.313805649752798,3.123024227102955,0,0
