problem,access,navigate,page_close,video,discussion,wiki
0.0,2.1477110700184037,1.5219280948873621,1.9219280948873623,0,0,0
