problem,access,navigate,page_close,video,discussion,wiki
1.0,2.1854752972273346,1.9182958340544893,1.781937063546704,0.7219280948873623,0.0,0
