problem,access,navigate,page_close,video,discussion,wiki
1.0582741989496856,2.3434430110252418,2.625,2.4749525415173124,1.6858157091530304,0.9182958340544896,0
