problem,access,navigate,page_close,video,discussion,wiki
2.584962500721156,3.3586956099027763,1.9877733714879842,1.0,0.0,0.5435644431995964,0.0
