problem,access,navigate,page_close,video,discussion,wiki
0,2.4279665793364407,2.062629225141435,2.4397981900809884,2.41379956460568,0,0
