problem,access,navigate,page_close,video,discussion,wiki
2.1414425584352537,3.101522264048826,2.25,3.1158340921632206,2.413088436425758,0.9992492479956565,0.0
