problem,access,navigate,page_close,video,discussion,wiki
0.9996437496778561,2.9510467524868735,2.9659573209491743,3.1411593781184957,2.9453560636920493,0.0,0
