problem,access,navigate,page_close,video,discussion,wiki
1.1595547523787308,3.071078498789855,2.4116022179746714,0.0,0.0,0,0
