problem,access,navigate,page_close,video,discussion,wiki
1.2516291673878228,2.674924248721074,2.321928094887362,2.856671185891103,2.7219280948873625,1.3516441151533922,0
