problem,access,navigate,page_close,video,discussion,wiki
0,2.438440788565503,2.0,2.6717897106839215,2.4834585933443494,0,0
