problem,access,navigate,page_close,video,discussion,wiki
1.5219280948873621,2.6550505394177746,2.197159723424149,2.6887218755408666,2.521640636343318,0,0
