problem,access,navigate,page_close,video,discussion,wiki
2.155968102145908,2.7760976417194234,2.446439344671016,0,1.5,1.6589029776616253,0
