problem,access,navigate,page_close,video,discussion,wiki
0.5762914612174369,2.0194008519175064,2.408694969562842,1.946159095012416,1.851226815897192,1.2987949406953985,0.0
