problem,access,navigate,page_close,video,discussion,wiki
0.0,2.1843340297035856,1.4591479170272448,2.199687794731328,1.8843135277997989,0,0.0
