problem,access,navigate,page_close,video,discussion,wiki
1.0,2.999169547661508,2.321928094887362,1.0,1.584962500721156,0,0
