problem,access,navigate,page_close,video,discussion,wiki
0,2.7846406994282944,1.584962500721156,1.0,2.584962500721156,0,0
