problem,access,navigate,page_close,video,discussion,wiki
1.8423709931771088,1.8638263900908159,1.7527152789797047,0,0,0,0
