problem,access,navigate,page_close,video,discussion,wiki
0.0,2.5609915294703107,1.5487949406953985,2.772185460511672,2.2312702546075758,0,0
