problem,access,navigate,page_close,video,discussion,wiki
2.4130884364257574,3.2918512224121224,0.9182958340544896,3.382707232447617,2.998320381093429,2.184927072396036,0
