problem,access,navigate,page_close,video,discussion,wiki
0.0,1.7028195311147831,2.1556390622295662,2.1556390622295662,1.0,1.8322628970242685,0
