problem,access,navigate,page_close,video,discussion,wiki
0.9957274520849256,3.193509682311635,2.3071251585103028,3.042481250360578,2.688721875540867,0.0,0.0
