problem,access,navigate,page_close,video,discussion,wiki
1.3787834934861753,3.2651658847824763,2.4025264905070816,3.3817148377880026,3.162180645912496,0.9182958340544896,1.0
