problem,access,navigate,page_close,video,discussion,wiki
0,2.1107960360328444,1.4591479170272448,1.9122374138377567,1.7891312259695478,0,0
