problem,access,navigate,page_close,video,discussion,wiki
0,3.1097111991319735,2.2516291673878226,3.2059103328696086,2.494256560331396,2.19977102951297,0
