problem,access,navigate,page_close,video,discussion,wiki
2.2516291673878226,2.882065403960871,1.896240625180289,1.0,1.0,0.0,0.0
