problem,access,navigate,page_close,video,discussion,wiki
0.8112781244591328,2.778259090830645,1.2987949406953985,2.8919954870390203,2.9056390622295662,0.9852281360342516,0.0
