problem,access,navigate,page_close,video,discussion,wiki
0.9182958340544896,1.5809785861049792,2.1219280948873624,1.7779849042597489,1.4591479170272448,0.0,0.0
