problem,access,navigate,page_close,video,discussion,wiki
0,3.0535088547976783,2.404793302461803,3.0021722231837638,3.1307179879273743,0,0
