problem,access,navigate,page_close,video,discussion,wiki
1.8663146570363986,2.404184507964311,1.5566567074628228,2.333057020150504,1.8423709931771086,0.7219280948873623,0
