problem,access,navigate,page_close,video,discussion,wiki
0.9910760598382222,3.1110804962442784,2.822181958642873,3.3274847819558424,2.918295834054489,0.0,0.0
