problem,access,navigate,page_close,video,discussion,wiki
0.0,2.7837378421564143,1.9056390622295665,1.9182958340544896,1.0,0,0
