problem,access,navigate,page_close,video,discussion,wiki
2.009495843908886,2.792147658048005,2.5216406363433186,2.835505556517097,2.556054210413333,1.3599924922184878,0
