problem,access,navigate,page_close,video,discussion,wiki
1.5774062828523454,1.9609722589542193,1.75,1.914265041002201,0.9182958340544896,0.5916727785823275,0
