problem,access,navigate,page_close,video,discussion,wiki
0.5225593745369408,2.2833830982290135,0.8112781244591328,2.0,2.1219280948873624,0,0
