problem,access,navigate,page_close,video,discussion,wiki
2.114546109132836,2.758006158228672,2.7192945256669794,0.0,0.0,1.4781534871131101,0
