problem,access,navigate,page_close,video,discussion,wiki
0.8554508105601308,1.8497353483303431,0.6500224216483541,1.2987949406953985,0.9182958340544896,0.0,0
