problem,access,navigate,page_close,video,discussion,wiki
3.3318277922760613,3.704197021897076,2.706890595608519,3.544531304148833,3.2577560641285177,0,0
