problem,access,navigate,page_close,video,discussion,wiki
1.295461844238322,2.8168606606119067,1.6854752972273346,2.66470691612075,2.197159723424149,0.0,0.0
