problem,access,navigate,page_close,video,discussion,wiki
2.3206156117861125,3.4326331291402656,2.584962500721156,2.251629167387823,3.243300368538957,2.2008096201457263,0
