problem,access,navigate,page_close,video,discussion,wiki
3.2471808971706135,3.3380777645175996,3.111197410670679,3.336068455119646,3.1744293727646458,0.4394969869215134,0.0
