problem,access,navigate,page_close,video,discussion,wiki
2.9123258396913565,3.189834335682221,1.9609640474436814,3.3053948861660167,0,1.48921713612234,0.9709505944546686
