problem,access,navigate,page_close,video,discussion,wiki
1.286074688164428,3.5786336911979233,2.2232196723355075,3.4733244121171944,3.369331261111519,2.348119268906009,0.0
