problem,access,navigate,page_close,video,discussion,wiki
0.0,2.588338647382062,1.9182958340544893,1.9219280948873623,1.5,0.0,0.0
