problem,access,navigate,page_close,video,discussion,wiki
0.0,2.389278364804853,1.4488156357251847,2.4254671348565235,2.3952972739413148,0,0
