problem,access,navigate,page_close,video,discussion,wiki
0.0,2.6294817080809567,1.3709505944546687,2.6835423624332306,2.4193819456463714,0.8112781244591328,0.0
