problem,access,navigate,page_close,video,discussion,wiki
0.0,1.4949188482339508,0.0,1.7295739585136223,1.5726236638951638,0,0
