problem,access,navigate,page_close,video,discussion,wiki
0.9269855864766805,2.078924988355204,2.0,1.885217189236585,1.379558855444687,0,0
