problem,access,navigate,page_close,video,discussion,wiki
0.0,2.8918857037447303,2.3553885422075336,2.92742132943338,2.905764584655453,0.961236604722876,0
