problem,access,navigate,page_close,video,discussion,wiki
0,1.287054028118727,1.0,1.3921472236645345,1.360964047443681,0,0
