problem,access,navigate,page_close,video,discussion,wiki
0.0,2.5309638736577575,1.5,2.2312702546075758,1.9056390622295665,0,0.0
