problem,access,navigate,page_close,video,discussion,wiki
0.9819407868640977,2.7964908021649975,2.321928094887362,2.7406015629507228,0,0,0
