problem,access,navigate,page_close,video,discussion,wiki
0.0,1.98324590009608,1.584962500721156,1.97355611232775,1.8092000326978122,0,0
