problem,access,navigate,page_close,video,discussion,wiki
0.0,2.4964230165024386,2.4926358019078663,2.4525644098555683,0,0,1.0
