problem,access,navigate,page_close,video,discussion,wiki
0.9709505944546686,3.1121468405382373,2.0,3.0464393446710156,2.7321588913645702,0,0
