problem,access,navigate,page_close,video,discussion,wiki
1.534617153206896,2.315900080316085,2.534492131628559,2.4247388459389865,2.142683189255492,1.5198391430437928,1.5219280948873621
