problem,access,navigate,page_close,video,discussion,wiki
1.717083062996657,3.1888625640647597,2.4477979600193267,3.1922378471132014,3.266483984114299,0.0,0
