problem,access,navigate,page_close,video,discussion,wiki
1.584962500721156,2.4704785297880254,2.3219280948873626,0,0,0,0
