problem,access,navigate,page_close,video,discussion,wiki
0.9182958340544896,2.8643767621991794,2.7534343861887844,2.8789280318460246,2.75,1.9651030249638737,1.3221793455166666
