problem,access,navigate,page_close,video,discussion,wiki
0.0,1.624821327228443,1.8423709931771086,1.4299111709758698,0.0,0,0
