problem,access,navigate,page_close,video,discussion,wiki
2.0430576940642533,2.8205943472358372,2.472905595320056,2.298852726158181,2.3012693629222505,0.0,0.0
