problem,access,navigate,page_close,video,discussion,wiki
1.9025263370187315,1.7814514568588302,1.5275070675902451,1.7987949406953985,0.0,0.5916727785823275,0
