problem,access,navigate,page_close,video,discussion,wiki
2.4655292671008886,2.3186506089870003,2.2359263506290326,2.3323531697467605,1.96981578242681,0,0
