problem,access,navigate,page_close,video,discussion,wiki
1.561278124459133,2.9336606896881854,1.9219280948873623,3.1180782093497093,3.085055102756477,0.0,0
