problem,access,navigate,page_close,video,discussion,wiki
1.6373036810351547,2.7687869819876885,2.75,2.8802298318886685,2.513102587245829,0,0
