problem,access,navigate,page_close,video,discussion,wiki
2.0213152774012366,2.0983358057812036,1.584962500721156,1.496065911543853,1.2870540281187268,1.4854752972273344,0
