problem,access,navigate,page_close,video,discussion,wiki
2.364667287373686,3.177162970085587,1.5,2.4410685859554375,2.321928094887362,0,0
