problem,access,navigate,page_close,video,discussion,wiki
2.34276152329056,2.539373012628393,2.7035593239513567,2.5814323838797404,0,2.2925759390410376,0.6685644431995964
