problem,access,navigate,page_close,video,discussion,wiki
0.0,2.8431390622295662,1.584962500721156,2.8993974703476995,2.663532754804255,0,0
