problem,access,navigate,page_close,video,discussion,wiki
0.9709505944546686,2.1713600874958074,1.2516291673878228,0,0,0.0,0.0
