problem,access,navigate,page_close,video,discussion,wiki
0.0,2.6185954073575837,2.5495234595978316,2.4138338639736006,1.2987949406953985,2.1224287849616044,0
