problem,access,navigate,page_close,video,discussion,wiki
2.329172272078755,2.437957759034779,2.5503407095463886,2.465145119504242,2.4116022179746714,1.4591479170272446,0
