problem,access,navigate,page_close,video,discussion,wiki
1.5709505944546684,2.9376312026117115,2.521640636343318,3.1072810628919867,2.262879631232199,0,0
