problem,access,navigate,page_close,video,discussion,wiki
0.9709505944546686,2.6094367631727313,2.664706916120751,2.6914280318460246,0,1.5262349099495225,0.0
