problem,access,navigate,page_close,video,discussion,wiki
0.9709505944546686,3.196638990280879,2.663532754804255,2.584962500721156,2.5,0,0
