problem,access,navigate,page_close,video,discussion,wiki
1.8908053406487797,2.9823609435256686,2.0,3.076103170996722,2.984234164652489,0.0,0
