problem,access,navigate,page_close,video,discussion,wiki
3.1180782093497093,3.449646469811593,3.4547012441673464,3.3344181826900767,3.287265859518559,2.1531945157750676,0
