problem,access,navigate,page_close,video,discussion,wiki
0,1.224394445405986,0.0,1.3355055565170972,1.4716022614097979,0,0
