problem,access,navigate,page_close,video,discussion,wiki
0.5032583347756457,0.9940302114769565,1.0,0.0,0.954434002924965,0,0
