problem,access,navigate,page_close,video,discussion,wiki
1.756318793944673,3.3726505227913104,1.8294732983598405,0,0,0,0.0
