problem,access,navigate,page_close,video,discussion,wiki
3.1866974940569315,3.908756942880082,3.327819531114783,3.555672556600122,3.5404411512602283,2.0473210220496263,1.0
