problem,access,navigate,page_close,video,discussion,wiki
1.297524978313904,2.67073676553537,2.8464393446710154,2.6464393446710153,2.5366082543914996,0.0,0
