problem,access,navigate,page_close,video,discussion,wiki
1.648199470591429,2.0597049132067875,0.0,1.5219280948873621,1.9056390622295665,0,0
