problem,access,navigate,page_close,video,discussion,wiki
1.573742782472406,3.6950857429027675,1.8210319581338212,3.652995726604101,3.3918926446809317,0.9182958340544896,1.0
