problem,access,navigate,page_close,video,discussion,wiki
1.3092966682370037,2.365957320949175,1.7924812503605778,1.9219280948873623,1.9182958340544896,0,0
