problem,access,navigate,page_close,video,discussion,wiki
0.0,2.108393476855505,1.4949188482339508,2.256908989558354,2.299896391167891,0,0
