problem,access,navigate,page_close,video,discussion,wiki
0.0,2.089970395706581,1.971747257128181,2.2298473320209378,1.8746619273846248,0,0.0
