problem,access,navigate,page_close,video,discussion,wiki
0,1.6689455037532186,2.155913095175825,2.2516291673878226,1.6858157091530304,3.0902112214366335,0
