problem,access,navigate,page_close,video,discussion,wiki
0.9852281360342516,1.5617677112802775,1.2987949406953985,1.6493974703476995,1.4353713907745331,0.0,0
