problem,access,navigate,page_close,video,discussion,wiki
1.2516291673878228,1.6562154011739678,1.4355205042826666,1.0,1.0,1.0,0.0
