problem,access,navigate,page_close,video,discussion,wiki
0.6962122601251458,1.9311422645161294,0.9219280948873623,1.0,0.0,0.0,0
