problem,access,navigate,page_close,video,discussion,wiki
1.541982284286398,2.8427379931994023,3.182005814760214,2.224394445405986,1.4833557549816876,0.0,0
