problem,access,navigate,page_close,video,discussion,wiki
1.7621171696381757,3.520824996986457,2.5041514963786065,3.4877893065396988,3.501929738959163,1.061278124459133,0.0
