problem,access,navigate,page_close,video,discussion,wiki
1.4353713907745331,1.7961796919474975,0.9182958340544896,1.809200032697812,1.5545851693377997,0,0
