problem,access,navigate,page_close,video,discussion,wiki
0.41381685030363374,1.6985471190725936,1.4949188482339508,0.0,0.0,0.8112781244591328,1.0
