problem,access,navigate,page_close,video,discussion,wiki
0,1.0957952550009336,1.5,1.224394445405986,0.9182958340544896,0,0
