problem,access,navigate,page_close,video,discussion,wiki
1.3701635095276026,2.7497566408674703,2.5243974703476995,1.3921472236645345,0.0,1.4652556501132248,0.0
