problem,access,navigate,page_close,video,discussion,wiki
0.9910760598382222,1.0,1.7967916319816364,1.3516441151533922,0.0,1.0,1.3709505944546687
