problem,access,navigate,page_close,video,discussion,wiki
1.9845880390652646,3.2486979262925084,2.419718094401116,3.275111662108121,2.950212064914747,1.295461844238322,0.0
