problem,access,navigate,page_close,video,discussion,wiki
0,2.2578560636920493,1.7380118063969043,2.406666316740689,2.4696704873718613,0.0,0.0
