problem,access,navigate,page_close,video,discussion,wiki
2.33433364198363,1.990445080789316,2.1219280948873624,1.9779259557247955,0.4689955935892812,0.0,0
