problem,access,navigate,page_close,video,discussion,wiki
0,2.4645757159498176,2.8553885422075336,2.091917186688699,1.5487949406953985,0,0.0
