problem,access,navigate,page_close,video,discussion,wiki
0.9852281360342516,1.698245835016031,1.765246528378741,0,0,0,0
