problem,access,navigate,page_close,video,discussion,wiki
0,2.9005038327557684,1.9877733714879842,3.101881223476018,2.4193819456463714,0,0
