problem,access,navigate,page_close,video,discussion,wiki
0.9182958340544896,1.3221793455166666,1.8423709931771086,0.7219280948873623,0,1.0,0
