problem,access,navigate,page_close,video,discussion,wiki
1.8172636535535824,2.041907693555202,2.5219280948873624,0,0.0,0.0,0
