problem,access,navigate,page_close,video,discussion,wiki
0.9957274520849256,2.4972318910850433,2.5216406363433186,1.0,0,0,0
