problem,access,navigate,page_close,video,discussion,wiki
2.1544437609396896,2.9839570954199144,2.7534343861887844,2.9470080979733426,2.5739348962840563,0,0
