problem,access,navigate,page_close,video,discussion,wiki
1.3421389558735095,2.1924559969845445,0.9182958340544896,1.0,1.584962500721156,0.0,1.0
