problem,access,navigate,page_close,video,discussion,wiki
0.0,2.829920992333171,0.9182958340544896,2.46790209616886,2.932873860865981,0,0
