problem,access,navigate,page_close,video,discussion,wiki
1.0,2.283383098229013,1.584962500721156,0.9182958340544896,1.584962500721156,0,0
