problem,access,navigate,page_close,video,discussion,wiki
0,2.413344187898537,2.4464393446710155,2.3045851693377997,0.8453509366224365,0,0
