problem,access,navigate,page_close,video,discussion,wiki
2.8512513530159262,3.0787117621382745,1.5,2.8423709931771093,2.8221819586428727,1.0,0
