problem,access,navigate,page_close,video,discussion,wiki
1.6858157091530304,1.3516441151533924,0.8112781244591328,1.9219280948873623,0.0,0.0,0
