problem,access,navigate,page_close,video,discussion,wiki
0,1.8892464285091581,1.584962500721156,1.75,1.3709505944546687,0,0
