problem,access,navigate,page_close,video,discussion,wiki
0,2.039353872167201,2.1054105870684143,2.1280852788913944,1.0,1.3609640474436813,0.0
