problem,access,navigate,page_close,video,discussion,wiki
2.2179387025740933,2.370072504765579,1.8423709931771086,3.0503018554349817,2.1967916319816365,0,0
