problem,access,navigate,page_close,video,discussion,wiki
0.0,2.1800365325772657,1.792481250360578,2.197159723424149,1.5,0,0
