problem,access,navigate,page_close,video,discussion,wiki
0,2.9038073929531896,0.0,2.8709505944546683,2.8218881955261788,0,0
