problem,access,navigate,page_close,video,discussion,wiki
0.0,1.8879185026711327,2.5,1.3787834934861753,0.0,2.5760115182719727,0
