problem,access,navigate,page_close,video,discussion,wiki
0,2.725538958972914,0.7219280948873623,2.55468315105074,3.0110276044371003,1.4488156357251847,0
