problem,access,navigate,page_close,video,discussion,wiki
1.382971439277247,3.0776228730569515,2.951597655573916,1.2916919971380596,0.0,2.5061505355780467,1.584962500721156
