problem,access,navigate,page_close,video,discussion,wiki
1.2776134368191154,2.950696884344774,2.491215785194036,2.898455706009981,2.084962500721156,1.819240704636849,0.0
