problem,access,navigate,page_close,video,discussion,wiki
2.1457198149365557,2.867350784707824,2.689525383210069,0,0,1.3421000840181763,0.0
