problem,access,navigate,page_close,video,discussion,wiki
0.9182958340544896,3.2420482975351335,2.5220552088742,3.2356449092503623,3.057476076289932,0.0,0
