problem,access,navigate,page_close,video,discussion,wiki
0.0,2.1492799881316267,1.7924812503605778,2.4182958340544896,2.2359263506290326,0,0
