problem,access,navigate,page_close,video,discussion,wiki
0.9940302114769565,2.1497614407675973,1.4911148500551856,2.1180782093497093,1.8423709931771084,0.0,0.0
