problem,access,navigate,page_close,video,discussion,wiki
3.0677245746930244,3.5315882530614133,3.154222184683522,2.0524212838293647,3.039148671903071,0,0
