problem,access,navigate,page_close,video,discussion,wiki
1.7527152789797047,3.4973505977521606,2.75,3.559306948922953,3.208694969562842,0,0
