problem,access,navigate,page_close,video,discussion,wiki
0.9182958340544896,1.9634881008379712,0.9709505944546686,2.063558608511122,1.2516291673878228,0,0
