problem,access,navigate,page_close,video,discussion,wiki
0,3.0773960049873894,2.2200683022340693,2.2359263506290326,2.0,0.0,0.0
