problem,access,navigate,page_close,video,discussion,wiki
2.2440084897928445,2.2114916860798397,2.126614471810182,2.254023546409849,1.9591479170272448,1.1994602933016414,0
