problem,access,navigate,page_close,video,discussion,wiki
1.8478548143998654,2.9274034204711916,1.8423709931771084,3.1240555260704066,3.105388542207534,1.584962500721156,1.0
