problem,access,navigate,page_close,video,discussion,wiki
0,3.4500320303063776,0.9182958340544896,2.6258145836939115,3.2430741894285693,0,0
