problem,access,navigate,page_close,video,discussion,wiki
2.7943726065390004,3.15666908137004,2.197159723424149,0,2.2810361125534233,0.0,0.6500224216483541
