problem,access,navigate,page_close,video,discussion,wiki
0,2.440223928941852,1.7527152789797045,1.0,1.0,0.9786539564350579,0
