problem,access,navigate,page_close,video,discussion,wiki
1.158938532350277,3.2587707034065625,3.2516291673878226,3.0424812503605785,2.860872479234688,0,0
