problem,access,navigate,page_close,video,discussion,wiki
2.0,3.82501439823883,2.5216406363433186,3.8925605553070493,3.5758396667352437,0.6500224216483541,0
