problem,access,navigate,page_close,video,discussion,wiki
0.0,1.4877112538612989,1.1401156785146092,1.9143411836123523,1.2516291673878228,0.0,0.0
