problem,access,navigate,page_close,video,discussion,wiki
1.9728284857175908,2.863323374597727,2.2810361125534238,2.824050162042853,2.865328971607408,0,0
