problem,access,navigate,page_close,video,discussion,wiki
1.5169508669051566,2.6185785727766366,2.5949066182439395,1.584962500721156,1.0,0,0
