problem,access,navigate,page_close,video,discussion,wiki
0.0,2.270942421748537,0.0,2.1219280948873624,1.950212064914747,0,0
