problem,access,navigate,page_close,video,discussion,wiki
0.0,2.857939796732579,1.0,0.7219280948873623,1.9717472571281809,0,0
