problem,access,navigate,page_close,video,discussion,wiki
0.9852281360342516,3.7800993747277434,2.6999266334462826,2.682588730501833,2.6464393446710153,0,0.9709505944546686
