problem,access,navigate,page_close,video,discussion,wiki
1.4355205042826666,3.364837329296914,2.5895183026895365,1.5,0,0.0,0.0
