problem,access,navigate,page_close,video,discussion,wiki
1.8337480427828445,3.0399021354995406,2.5,3.023757003378224,2.5495234595978316,0,0
