problem,access,navigate,page_close,video,discussion,wiki
0.0,1.9978839638403318,0.9182958340544896,1.7702834614222898,1.8050365325772657,0.0,0
