problem,access,navigate,page_close,video,discussion,wiki
2.2062389286533897,3.2025150871329195,2.8464393446710154,3.371860873964196,2.7107770844150676,1.40020470625279,0
