problem,access,navigate,page_close,video,discussion,wiki
0.0,2.3719728196583807,1.8799649487271108,2.1967916319816365,2.2359263506290326,1.5304930567574826,0.0
