problem,access,navigate,page_close,video,discussion,wiki
0.7219280948873623,2.1381119302257736,2.1180782093497093,2.263809173883546,0.8112781244591328,2.3272136814866835,0.8112781244591328
