problem,access,navigate,page_close,video,discussion,wiki
1.5304930567574826,2.2062389286533897,1.9219280948873623,2.7219280948873625,2.0,0,0
