problem,access,navigate,page_close,video,discussion,wiki
0,1.2010947341319425,0.7732283485249176,0.9182958340544896,0.9182958340544896,0.0,0.0
