problem,access,navigate,page_close,video,discussion,wiki
0,2.8907795519226576,2.199687794731328,3.0985257479568604,2.8239348962840563,0,0
