problem,access,navigate,page_close,video,discussion,wiki
0,1.831629922263649,1.4949188482339508,1.6105772433316423,1.561278124459133,0.0,0.0
