problem,access,navigate,page_close,video,discussion,wiki
2.5586687753820048,3.7000913676506517,3.0382953819095206,3.704352458884414,2.542923698357272,2.1858797349817602,0
