problem,access,navigate,page_close,video,discussion,wiki
0,2.251185325340039,2.688721875540867,2.4193819456463714,0.0,0,0
