problem,access,navigate,page_close,video,discussion,wiki
0.8112781244591328,2.1042929895909244,2.2464393446710154,2.481714572986073,1.584962500721156,0.0,0
