problem,access,navigate,page_close,video,discussion,wiki
0,0.7642045065086203,2.170950594454669,0.8451064151274781,0.785235442391543,0,0.0
