problem,access,navigate,page_close,video,discussion,wiki
0,1.090652803252992,0.8812908992306927,1.4256051990169438,1.5219280948873621,0.0,0.0
