problem,access,navigate,page_close,video,discussion,wiki
1.4949188482339508,1.8290410360817404,2.375,0.0,0.0,1.522336807154562,0.0
