problem,access,navigate,page_close,video,discussion,wiki
1.6849774484867255,3.4941197747204984,2.2825887305018333,0.0,0.0,2.8170167301036777,0.7219280948873623
