problem,access,navigate,page_close,video,discussion,wiki
0.6500224216483541,1.9006709673921995,1.3709505944546687,1.2516291673878228,0.9182958340544896,0,0
