problem,access,navigate,page_close,video,discussion,wiki
0,2.555913095175825,2.0,2.186704345910025,1.9502120649147465,0,0
