problem,access,navigate,page_close,video,discussion,wiki
1.5304930567574826,2.946837499253083,1.9219280948873623,0.0,0.0,1.5709505944546687,0
