problem,access,navigate,page_close,video,discussion,wiki
1.8910611120726526,2.893257240560841,2.4193819456463714,2.469437093657084,1.9877733714879842,0,0.0
