problem,access,navigate,page_close,video,discussion,wiki
0,2.08707934660885,1.5435644431995963,1.7295739585136223,2.107963755697208,1.5219280948873621,1.0
