problem,access,navigate,page_close,video,discussion,wiki
0.0,1.7586169206466866,1.295461844238322,0.0,1.584962500721156,0.0,0
