problem,access,navigate,page_close,video,discussion,wiki
2.5113000363341142,3.033168351465045,2.8522170014624826,3.1431575592730923,3.023131523414322,1.9504809632118367,0.0
