problem,access,navigate,page_close,video,discussion,wiki
0.0,1.750224877285235,1.9502120649147465,1.6105772433316423,0,0,0
