problem,access,navigate,page_close,video,discussion,wiki
0.0,1.8136274132764514,1.5229571181374095,2.2464393446710154,1.784159127851422,0.0,0
