problem,access,navigate,page_close,video,discussion,wiki
0.0,3.098929563690935,2.550340709546388,3.1258145836939115,2.7333716642706998,0,0
