problem,access,navigate,page_close,video,discussion,wiki
0.8812908992306927,1.7272486062639207,1.584962500721156,0.9864267287308424,0.6500224216483541,0,0
