problem,access,navigate,page_close,video,discussion,wiki
0.0,2.6983768564104893,0.0,2.8659573209491747,2.6635327548042547,0,0
