problem,access,navigate,page_close,video,discussion,wiki
2.109673718592876,3.3545613781261223,2.9414460711655215,2.584962500721156,2.321928094887362,0.0,0.0
