problem,access,navigate,page_close,video,discussion,wiki
0,2.177451224964519,2.4288146570363986,2.3079204814717413,1.6258145836939115,0,0
