problem,access,navigate,page_close,video,discussion,wiki
2.144691124572145,1.9178463663598035,1.9219280948873623,1.3787834934861753,0,0,0
