problem,access,navigate,page_close,video,discussion,wiki
0.0,1.8077635764171944,2.1258145836939115,2.117492461184755,1.5,1.5566567074628228,0.0
