problem,access,navigate,page_close,video,discussion,wiki
0.0,2.3698102426403533,2.2597992234005675,2.623219672335508,0.9975025463691153,2.3650423031599144,0
