problem,access,navigate,page_close,video,discussion,wiki
0.9852281360342516,1.4604846813131116,1.8423709931771086,1.404107451387086,1.3250112108241772,0.0,0
