problem,access,navigate,page_close,video,discussion,wiki
0.0,1.8199069108495118,1.2516291673878228,1.608700165519891,1.3516441151533924,0.0,0.0
