problem,access,navigate,page_close,video,discussion,wiki
0.7871265862012691,2.6604936999144044,1.9219280948873623,0.0,0,0,0
