problem,access,navigate,page_close,video,discussion,wiki
0.5435644431995964,2.9727149566700826,3.0,2.858278308418045,1.75,0,0
