problem,access,navigate,page_close,video,discussion,wiki
2.4677266293116094,3.354819264010196,2.8553885422075336,3.555759615403349,2.9398844292635022,0,0
