problem,access,navigate,page_close,video,discussion,wiki
0.0,2.116299605701696,0.0,2.1709505944546685,1.584962500721156,0,0
