problem,access,navigate,page_close,video,discussion,wiki
1.7273966735744792,2.8236030750430006,2.7272170014624826,0.0,1.0,1.0,0.0
