problem,access,navigate,page_close,video,discussion,wiki
1.8638263900908159,2.942240026036578,2.4464393446710155,0.0,0.0,1.3787834934861753,0.0
