problem,access,navigate,page_close,video,discussion,wiki
2.2272170014624826,3.2344299949818662,1.9182958340544893,3.138460066586155,2.725480556997868,1.1567796494470395,0
