problem,access,navigate,page_close,video,discussion,wiki
0.0,3.3199410405484504,2.5216406363433186,3.061482186720776,2.413088436425758,0.7219280948873623,0
