problem,access,navigate,page_close,video,discussion,wiki
1.4836591643979626,2.077980828791982,1.4355205042826666,2.1836670779209113,0,0,0
