problem,access,navigate,page_close,video,discussion,wiki
0,1.5709505944546684,0.9182958340544896,1.584962500721156,1.0,0.9182958340544896,0
