problem,access,navigate,page_close,video,discussion,wiki
0.6962122601251458,1.3830637132486205,1.0,1.287054028118727,0.863120568566631,0,0
