problem,access,navigate,page_close,video,discussion,wiki
0,1.6158045319402516,1.5304930567574826,1.6577427265048887,1.0,0.6500224216483541,0.0
