problem,access,navigate,page_close,video,discussion,wiki
0.0,1.4906401825684292,1.789929075309999,2.0132790219068077,1.75,0.8112781244591328,0.0
