problem,access,navigate,page_close,video,discussion,wiki
0.0,2.060670712465946,1.1401156785146092,1.407588872060793,1.3716407621868583,0.0,0.0
