problem,access,navigate,page_close,video,discussion,wiki
1.3784188527203236,2.270102602693227,1.9182958340544893,1.584962500721156,0.0,0,0
