problem,access,navigate,page_close,video,discussion,wiki
0.0,2.6718665815506717,2.1180782093497093,1.9528195311147831,1.9609640474436814,0,0
