problem,access,navigate,page_close,video,discussion,wiki
0,3.5033170534676183,2.2963168308262123,0.9182958340544896,2.1280852788913944,1.540250200439658,0.8453509366224365
