problem,access,navigate,page_close,video,discussion,wiki
1.3162522199425772,3.4586866406775774,2.1556390622295662,3.384903231593378,3.126690709808627,0.5435644431995964,0.0
