problem,access,navigate,page_close,video,discussion,wiki
0.9798687566511528,1.6648530979805174,1.584962500721156,1.4197367178034825,1.75,0.9286094774390437,0
