problem,access,navigate,page_close,video,discussion,wiki
0.9182958340544896,1.3096910973393818,0.9798687566511528,0.7219280948873623,0.6840384356390417,0.0,0.0
