problem,access,navigate,page_close,video,discussion,wiki
0.9910760598382222,2.456138665293624,1.9528195311147831,0,0,0.0,0.0
