problem,access,navigate,page_close,video,discussion,wiki
0.7642045065086203,1.9754128972590443,0.0,1.9437519544205017,1.6171895725927152,0,0
