problem,access,navigate,page_close,video,discussion,wiki
0.934068055375491,2.144623214254579,0.9182958340544896,0.0,0,0,0
