problem,access,navigate,page_close,video,discussion,wiki
1.5485652260309177,2.494243273345692,2.222191575506678,1.753434386188785,1.3567796494470394,0,0.0
