problem,access,navigate,page_close,video,discussion,wiki
0,2.4200824632751345,1.419556298571613,2.4130884364257574,1.584962500721156,0,0
