problem,access,navigate,page_close,video,discussion,wiki
0,2.832463256943576,2.6416041678685938,3.1207505427313436,2.8553885422075336,0,0
