problem,access,navigate,page_close,video,discussion,wiki
0,2.7617331044269884,1.2516291673878228,2.80649852879183,2.536608254391499,0,0
