problem,access,navigate,page_close,video,discussion,wiki
0.9987472979361685,2.462364453500005,1.5,1.0,2.8553885422075336,0,0
