problem,access,navigate,page_close,video,discussion,wiki
1.8116351418200491,2.3413386980076383,2.1691498132132043,2.4337587814322545,2.3709505944546687,0.0,0.0
