problem,access,navigate,page_close,video,discussion,wiki
0,2.715589437882739,2.905307776373747,2.584962500721156,1.584962500721156,0,0
