problem,access,navigate,page_close,video,discussion,wiki
0,2.460964047443681,2.75,1.784159127851422,0.9852281360342516,0.0,0
