problem,access,navigate,page_close,video,discussion,wiki
1.584962500721156,2.1337430601943215,0.9182958340544896,2.2492870686521593,1.4591479170272448,0,0
