problem,access,navigate,page_close,video,discussion,wiki
0,3.156322337025315,2.8221819586428727,2.321928094887362,1.584962500721156,0.0,0
