problem,access,navigate,page_close,video,discussion,wiki
1.9502120649147465,1.5090275125326515,1.5219280948873621,0.0,0.0,0,0
