problem,access,navigate,page_close,video,discussion,wiki
0,2.2846018979934772,2.1601520795349525,2.3916858010235065,1.4949188482339508,0.9182958340544896,1.0
