problem,access,navigate,page_close,video,discussion,wiki
2.5424826938097276,3.1441259367000187,2.1180782093497093,3.422456198923519,3.4193819456463714,1.0762976257251988,0.0
