problem,access,navigate,page_close,video,discussion,wiki
0,1.3787834934861753,1.0,1.9219280948873623,1.584962500721156,0,0
