problem,access,navigate,page_close,video,discussion,wiki
1.7058231002082844,3.2501083814654352,3.016875695766564,3.3704901509485294,2.7439821538141276,0,0
