problem,access,navigate,page_close,video,discussion,wiki
0.0,2.73345859334435,1.4466166676282084,2.6464393446710157,1.584962500721156,1.5219280948873621,0.0
