problem,access,navigate,page_close,video,discussion,wiki
1.358584608060248,1.9528404468344103,1.2987949406953985,0.0,1.0,0.9997702270107336,1.0
