problem,access,navigate,page_close,video,discussion,wiki
0.7219280948873623,2.125246327416571,1.2987949406953985,0.8112781244591328,0.9182958340544896,0,0
