problem,access,navigate,page_close,video,discussion,wiki
1.7260894945547003,3.2640534960879237,2.406666316740689,3.3355318696789253,2.9716287152428547,0,0
