problem,access,navigate,page_close,video,discussion,wiki
0.0,1.9336649380006277,1.1488348542809166,1.781937063546704,1.7273966735744795,0.9182958340544896,0
