problem,access,navigate,page_close,video,discussion,wiki
2.2359263506290326,2.405604699059139,2.2516291673878226,2.359782398324506,2.298852726158181,0,0
