problem,access,navigate,page_close,video,discussion,wiki
1.7502480079231695,3.190282975307239,2.611394799166164,1.5219280948873621,2.446439344671015,0.7636321722191328,0.9182958340544896
