problem,access,navigate,page_close,video,discussion,wiki
1.8333208226910545,3.1203181093194896,2.75,3.0067974771935306,2.858294658787754,0,0
