problem,access,navigate,page_close,video,discussion,wiki
1.5644050517413437,3.0505602532760183,1.9749375012019272,1.9591479170272446,1.6644977792004614,0.7219280948873623,1.0
