problem,access,navigate,page_close,video,discussion,wiki
0.9910760598382222,2.59087785789811,1.9219280948873623,2.6800810637956767,2.7334585933443494,0.0,0
