problem,access,navigate,page_close,video,discussion,wiki
1.8851118186314675,2.0543164923417288,1.9591479170272448,2.1384600665861555,1.8464393446710154,0.0,0.0
