problem,access,navigate,page_close,video,discussion,wiki
0,1.5262349099495225,1.5219280948873621,1.3787834934861756,0.0,0,0.0
