problem,access,navigate,page_close,video,discussion,wiki
1.3516441151533924,1.6943761653324652,0.9852281360342516,1.6516598775783053,1.5219280948873621,0,0
