problem,access,navigate,page_close,video,discussion,wiki
0,3.635053363982291,3.581076011914607,3.408694969562842,0.0,2.291510777487775,1.0
