problem,access,navigate,page_close,video,discussion,wiki
0.0,2.557727778739319,0.0,2.289246428509158,1.789929075309999,0,0
