problem,access,navigate,page_close,video,discussion,wiki
0.9798687566511528,2.10558726169826,1.3709505944546687,1.867633890971212,1.061278124459133,0,0
