problem,access,navigate,page_close,video,discussion,wiki
1.4466166676282084,1.5709505944546687,0.0,2.1556390622295662,2.2516291673878226,0.0,0.0
