problem,access,navigate,page_close,video,discussion,wiki
1.359992492218488,2.616076471780464,1.6644977792004612,2.7114289737633124,2.199687794731328,0.9182958340544896,0.0
