problem,access,navigate,page_close,video,discussion,wiki
1.3451865438947852,3.0029459364467046,2.8993974703476995,2.7109236673175583,2.725480556997868,2.1886014250559547,0
