problem,access,navigate,page_close,video,discussion,wiki
0.9402859586706311,1.468090781663233,1.5,1.5219280948873621,1.4604846813131114,0,0
