problem,access,navigate,page_close,video,discussion,wiki
0.0,2.5118051324617876,2.1609640474436813,2.465069461815837,1.4854752972273344,0.954434002924965,0
