problem,access,navigate,page_close,video,discussion,wiki
2.6560310144308374,2.6967495042796106,0.8112781244591328,2.6959689783445113,2.539973664453563,0.863120568566631,0
