problem,access,navigate,page_close,video,discussion,wiki
0.7219280948873623,1.7273966735744792,0.8112781244591328,0.7219280948873623,0.8112781244591328,0,0
