problem,access,navigate,page_close,video,discussion,wiki
1.2638091738835462,2.991406059908319,2.3219280948873626,3.0086949695628418,2.503258334775646,0,0
