problem,access,navigate,page_close,video,discussion,wiki
0.0,2.188721875540867,1.2987949406953985,2.170950594454669,1.9219280948873623,0.3809465857053901,0.0
