problem,access,navigate,page_close,video,discussion,wiki
0.0,3.447998832726691,2.683542362433231,3.649673447186741,3.2350849518197795,0,0
