problem,access,navigate,page_close,video,discussion,wiki
1.836591668108979,2.1642443480353184,2.5216406363433186,2.8004811025273404,2.145451399311646,0,0
