problem,access,navigate,page_close,video,discussion,wiki
0.9182958340544896,2.8716535224393334,1.5487949406953985,2.9086949695628417,2.188721875540867,0.0,0.0
