problem,access,navigate,page_close,video,discussion,wiki
2.5202442071537563,3.237971933980081,1.8423709931771084,3.406845633985492,3.368547776483758,1.0957952550009338,0
