problem,access,navigate,page_close,video,discussion,wiki
1.5,2.557606081647675,2.6612262562697895,2.2516291673878226,1.0,1.72909589392774,0
