problem,access,navigate,page_close,video,discussion,wiki
0.6006085754131871,1.8257367191510376,1.836591668108979,2.0451430508154678,1.1567796494470395,0.0,0
