problem,access,navigate,page_close,video,discussion,wiki
0.9798687566511528,2.113283334294875,1.962806631693174,1.7527152789797045,0.0,0.8112781244591328,1.0
