problem,access,navigate,page_close,video,discussion,wiki
0.0,1.850347023215099,1.8423709931771084,1.8879185026711327,0.9182958340544896,0.0,0.0
