problem,access,navigate,page_close,video,discussion,wiki
2.047428391774369,3.5905992094021797,2.267117875964918,3.5567534430402588,3.113269689515108,1.5903480599801687,1.8423709931771084
