problem,access,navigate,page_close,video,discussion,wiki
2.0406574090099765,2.783852008070568,2.1005602963278096,2.9344340657990298,2.5492553971685004,1.0,0.8524051786494786
