problem,access,navigate,page_close,video,discussion,wiki
0.0,1.2867841337767103,1.2516291673878228,1.273009654835499,1.1994602933016414,0,0
