problem,access,navigate,page_close,video,discussion,wiki
0.9709505944546686,2.4487888908119717,0.9182958340544896,2.467720100474499,1.75,0,0
