problem,access,navigate,page_close,video,discussion,wiki
3.7068651081886803,4.425183309175264,2.4138338639736006,0,1.0,1.5219280948873621,0.9182958340544896
