problem,access,navigate,page_close,video,discussion,wiki
2.0185405934413114,2.9683367163293575,2.5,3.007516163102496,2.8048930829432357,0.0,0
