problem,access,navigate,page_close,video,discussion,wiki
0.9656361333706098,3.115943393603619,1.4966407621868583,2.793269689515108,0,0.9182958340544896,0.0
