problem,access,navigate,page_close,video,discussion,wiki
0.0,1.807763576417194,1.584962500721156,1.3221793455166666,0.9852281360342516,0,0
