problem,access,navigate,page_close,video,discussion,wiki
0.8865408928220899,1.53012496531497,1.5128876215181606,1.280672129520887,0.9182958340544896,0,0
