problem,access,navigate,page_close,video,discussion,wiki
0.9023932827949788,1.2516291673878228,0.0,1.584962500721156,1.9219280948873623,1.789929075309999,0
