problem,access,navigate,page_close,video,discussion,wiki
0.0,2.1908887189090467,1.8879185026711327,2.197159723424149,1.584962500721156,0.0,0.0
