problem,access,navigate,page_close,video,discussion,wiki
0.9182958340544896,1.8371323244686164,1.9219280948873623,1.9709505944546688,0.0,0,0
