problem,access,navigate,page_close,video,discussion,wiki
0.8112781244591328,0.833872975927971,0.9182958340544896,1.2389012566026307,0.4689955935892812,0,0
