problem,access,navigate,page_close,video,discussion,wiki
0.9709505944546686,1.9580178370331516,1.3709505944546687,2.1451363701530526,1.0,0,0
