problem,access,navigate,page_close,video,discussion,wiki
2.3248133000565216,3.075011836262629,2.7534343861887853,2.9329993066372895,0,1.5451521971989497,0.0
