problem,access,navigate,page_close,video,discussion,wiki
2.2359263506290326,2.784679952853757,2.5654483718208256,2.6322628970242685,2.4047933024618025,0.908653933541588,0.0
