problem,access,navigate,page_close,video,discussion,wiki
0,0.74959525725948,0.9864267287308424,0.7642045065086203,0.0,1.6291186839473977,0.0
