problem,access,navigate,page_close,video,discussion,wiki
0.0,2.214812224859865,2.0,2.1180782093497093,0.9709505944546686,0,0
