problem,access,navigate,page_close,video,discussion,wiki
2.492878689342031,3.0425904314857455,2.125814583693911,2.999377102206905,2.7885373455556732,0,0
