problem,access,navigate,page_close,video,discussion,wiki
2.6778673182918786,2.729955336176441,2.725480556997868,2.702940087321047,0.0,0,0
