problem,access,navigate,page_close,video,discussion,wiki
2.0,3.1734586554074498,2.8962915290459277,3.19315778370426,2.952819531114783,1.0,0
