problem,access,navigate,page_close,video,discussion,wiki
0.6193821946787638,2.0898935274433668,0.9182958340544896,2.1947244218642794,1.9948041741012432,0,0
