problem,access,navigate,page_close,video,discussion,wiki
0.0,2.1219280948873624,1.0,1.5219280948873621,0.9709505944546686,0.0,0
