problem,access,navigate,page_close,video,discussion,wiki
2.696104175266962,3.574476387322874,1.8676338909712125,2.5503407095463886,1.9219280948873623,0.0,0
