problem,access,navigate,page_close,video,discussion,wiki
0.0,1.1488348542809166,2.5216406363433186,0.5916727785823275,0.0,0,0
