problem,access,navigate,page_close,video,discussion,wiki
2.10209067485585,3.060277943460537,2.941446071165522,2.498929563690935,2.0,0.9182958340544896,1.0
