problem,access,navigate,page_close,video,discussion,wiki
1.4056780552463373,2.725717647926146,1.4911148500551858,2.9008636133623837,2.9312089489103235,0,0.0
