problem,access,navigate,page_close,video,discussion,wiki
1.9056390622295665,3.12738466329649,2.2516291673878226,3.2732395865119255,3.0086949695628418,0,0
