problem,access,navigate,page_close,video,discussion,wiki
3.097558387024489,3.0041757932224833,2.566190216550323,2.6403360647604437,1.5,1.4124832450158704,0.0
