problem,access,navigate,page_close,video,discussion,wiki
3.642826842540917,4.226610706577048,1.9182958340544896,3.459147917027245,3.895638807527667,3.2733494559629497,0
