problem,access,navigate,page_close,video,discussion,wiki
0.9456603046006402,2.852251787698306,2.6825064914329975,1.9056390622295665,2.1556390622295662,0.0,2.170950594454669
