problem,access,navigate,page_close,video,discussion,wiki
0.7219280948873623,1.8727298369794545,1.0,0.0,1.5219280948873621,0,0
