problem,access,navigate,page_close,video,discussion,wiki
0,2.4305946180235427,1.5,2.6887218755408666,2.1556390622295662,1.0,0
