problem,access,navigate,page_close,video,discussion,wiki
1.0220891834324926,3.1110203752743155,2.841446071165522,2.630227547073401,2.737322779818595,0.9182958340544896,0
