problem,access,navigate,page_close,video,discussion,wiki
1.7574839898128802,2.801905588966858,2.3745560483818835,2.9410535434742577,3.180832987205441,1.4488156357251847,0.0
