problem,access,navigate,page_close,video,discussion,wiki
0.0,1.7033848993102918,1.8423709931771084,1.584962500721156,0,1.3921472236645345,0
