problem,access,navigate,page_close,video,discussion,wiki
1.9219280948873623,1.9650546389422288,1.8910611120726526,0.9182958340544896,0.0,1.4618278953766808,0.0
