problem,access,navigate,page_close,video,discussion,wiki
2.0134482898755035,3.1824409983275985,1.5219280948873621,2.855525838325619,2.4464393446710155,1.3709505944546687,0
