problem,access,navigate,page_close,video,discussion,wiki
0,1.0197273898075117,0.863120568566631,0.9123163027543336,0.8112781244591328,0.0,0
