problem,access,navigate,page_close,video,discussion,wiki
0,0.9182958340544896,2.9883167106100115,0.9182958340544896,0,2.921711196732659,0
