problem,access,navigate,page_close,video,discussion,wiki
1.7609640474436812,2.592077692573567,2.418295834054489,2.5577277787393196,0.0,0.4394969869215134,0.0
