problem,access,navigate,page_close,video,discussion,wiki
0.5732074559660123,2.1101774102056825,2.1492553971685,2.1735572622751853,1.3709505944546687,0.0,0.0
