problem,access,navigate,page_close,video,discussion,wiki
2.5101370687154057,2.8571159756412,2.133387491316597,2.851018723094229,2.1556390622295662,0.0,0.0
