problem,access,navigate,page_close,video,discussion,wiki
0.0,1.7507926526718198,1.9056390622295665,1.9542473996920802,1.4591479170272448,0.0,0
