problem,access,navigate,page_close,video,discussion,wiki
2.270942421748537,4.143391248729345,3.6841837197791887,4.131143275636959,3.2359263506290334,1.937800370545346,0.0
