problem,access,navigate,page_close,video,discussion,wiki
1.4353713907745331,2.556039669307893,2.188721875540867,0.0,0,0,0
