problem,access,navigate,page_close,video,discussion,wiki
0.0,2.3231149294405133,1.8423709931771084,2.549787381523038,2.396240625180289,0.0,0
