problem,access,navigate,page_close,video,discussion,wiki
0.0,2.106448313330357,1.5709505944546687,1.9887513942845323,0.0,0.3070428887831223,0
