problem,access,navigate,page_close,video,discussion,wiki
0.0,3.137223004505266,2.5216406363433186,3.1808329872054406,2.7395722619867224,0,0
