problem,access,navigate,page_close,video,discussion,wiki
0,2.4696844590546907,0.0,2.3158243335257076,2.702819531114783,0,0
