problem,access,navigate,page_close,video,discussion,wiki
0.32984607020714635,1.4509045541237502,0.0,0,0.7219280948873623,0,0
