problem,access,navigate,page_close,video,discussion,wiki
0.0,1.9986525468781666,0.0,2.10845859334435,1.4591479170272446,0,0
