problem,access,navigate,page_close,video,discussion,wiki
0,2.6743177593292415,2.645568075154509,2.5582975702780195,1.4949188482339508,1.1401156785146092,2.334587869792077
