problem,access,navigate,page_close,video,discussion,wiki
0.0,1.2958363892911637,1.8322628970242685,0.9852281360342516,0.0,1.3709505944546687,0.9182958340544896
