problem,access,navigate,page_close,video,discussion,wiki
0,1.253297578463043,0.0,1.6258145836939115,1.5487949406953985,0,0
