problem,access,navigate,page_close,video,discussion,wiki
1.5394847569315018,2.815246468475319,1.9591479170272446,2.733333052681066,2.8327315156807114,0.0,0
