problem,access,navigate,page_close,video,discussion,wiki
1.5,2.0640387089891843,1.8919954870390203,1.7142977509479211,1.4353713907745331,0.0,0
