problem,access,navigate,page_close,video,discussion,wiki
0.9182958340544896,1.3821022532543101,1.2987949406953985,1.4591479170272448,1.0,0.0,0.0
