problem,access,navigate,page_close,video,discussion,wiki
0.0,2.727497224852472,0.9910760598382222,2.5949066182439395,2.75,0,1.0
