problem,access,navigate,page_close,video,discussion,wiki
1.9877733714879842,3.0035628311028777,1.4591479170272446,2.9759092607027444,3.161079488544959,0,0
