problem,access,navigate,page_close,video,discussion,wiki
1.8997933666425912,2.192847880250508,2.4232196723355073,2.260992390087111,0.0,0.954434002924965,0
