problem,access,navigate,page_close,video,discussion,wiki
2.02796102018813,3.2823168157900646,1.5219280948873621,3.1285399711431108,2.865576855207248,0,0
