problem,access,navigate,page_close,video,discussion,wiki
0.0,0.824980257347893,0.0,0.6784070909375675,0.5916727785823275,0,0
