problem,access,navigate,page_close,video,discussion,wiki
0,1.922023142851573,1.0,2.2359263506290326,1.584962500721156,0,0
