problem,access,navigate,page_close,video,discussion,wiki
1.0,2.2597992234005675,1.4591479170272448,0,0,0.7219280948873623,0
