problem,access,navigate,page_close,video,discussion,wiki
0,2.1556390622295662,1.5,0.9940302114769565,0.9182958340544896,0.4689955935892812,0
