problem,access,navigate,page_close,video,discussion,wiki
1.9322381921018907,1.9999754782105836,1.352030101757953,2.0698936164374757,1.8423709931771084,0.7982441335646698,0.0
