problem,access,navigate,page_close,video,discussion,wiki
1.529915964732215,1.9917262651261338,1.746465798504072,1.9513332839383102,1.4355205042826666,0.0,0.0
