problem,access,navigate,page_close,video,discussion,wiki
0.0,2.542481250360578,2.4137995646056805,0.8112781244591328,0.0,0.0,0.0
