problem,access,navigate,page_close,video,discussion,wiki
0.9709505944546686,2.8057456515210597,1.95006375643621,3.277613436819116,2.75,0,0
