problem,access,navigate,page_close,video,discussion,wiki
0,2.0092898221339355,1.7854752972273344,1.350877474575319,1.402081402756032,0.0,0.0
