problem,access,navigate,page_close,video,discussion,wiki
0.0,2.927798970294786,0.7219280948873623,2.7516291673878226,2.702819531114783,0.0,0
