problem,access,navigate,page_close,video,discussion,wiki
2.9297534045888725,3.3510020747016847,2.040223928941852,3.2522704892296073,3.2720552088742005,1.5656531116458186,0.0
