problem,access,navigate,page_close,video,discussion,wiki
1.2419460322060458,2.5185529507103017,2.584962500721156,1.0,0.0,0.954434002924965,0
