problem,access,navigate,page_close,video,discussion,wiki
0.0,2.5027361715940035,1.584962500721156,2.2359263506290326,1.3787834934861756,0,0
