problem,access,navigate,page_close,video,discussion,wiki
0.0,3.2541696287426176,2.321928094887362,3.1525842461721623,2.999079570624174,0.9182958340544896,0
