problem,access,navigate,page_close,video,discussion,wiki
0.8997437586982626,2.439079570624175,2.2516291673878226,2.433206219346495,0.0,0.8366407419411673,0.0
