problem,access,navigate,page_close,video,discussion,wiki
0,1.191603636543317,0.9798687566511528,1.6774212838293647,0,0.7219280948873623,1.0
