problem,access,navigate,page_close,video,discussion,wiki
0.0,1.4179493739444216,0.8112781244591328,1.7295739585136223,1.950212064914747,0,0
