problem,access,navigate,page_close,video,discussion,wiki
0,2.286216367969961,1.0,2.401585637609177,0.5032583347756457,0,0
