problem,access,navigate,page_close,video,discussion,wiki
2.4762880859911265,2.8991581471703087,2.217021885879718,2.135821824148036,1.75,0.9709505944546686,0
