problem,access,navigate,page_close,video,discussion,wiki
1.0949143184120975,2.913409377088532,2.128085278891394,2.904347332231023,1.2516291673878228,0.0,0
