problem,access,navigate,page_close,video,discussion,wiki
0.8453509366224365,1.9812822501705276,2.321928094887362,2.0131324651707385,2.1055872616982603,0,0
