problem,access,navigate,page_close,video,discussion,wiki
1.0,3.3530837733929695,1.5219280948873621,3.3498877194661842,3.1746742319786425,1.0957952550009338,0
