problem,access,navigate,page_close,video,discussion,wiki
1.0,1.8373567524954189,1.9202044457091245,1.867633890971212,1.584962500721156,0.6500224216483541,0.0
