problem,access,navigate,page_close,video,discussion,wiki
0.0,3.0597428455035676,1.0,2.789865782092892,3.338804369244613,0.0,0
