problem,access,navigate,page_close,video,discussion,wiki
1.3346791410515946,2.7521983935573773,2.827819531114783,2.8443609377704338,0.8112781244591328,1.4152689500270954,0
