problem,access,navigate,page_close,video,discussion,wiki
0.7219280948873623,2.4095349947050457,2.2998963911678914,2.325331460128806,1.5,0,0
