problem,access,navigate,page_close,video,discussion,wiki
0.5435644431995964,2.9468374992530824,1.9219280948873623,0.0,1.9219280948873623,0,0
