problem,access,navigate,page_close,video,discussion,wiki
0.0,2.577235445408308,2.5,1.584962500721156,1.5487949406953985,0,0
