problem,access,navigate,page_close,video,discussion,wiki
0,0.8453509366224365,1.4315602842833155,0.8112781244591328,0,0.0,0
