problem,access,navigate,page_close,video,discussion,wiki
0.9182958340544896,1.9500637564362102,1.5,1.8464393446710154,0.9182958340544896,0,0
