problem,access,navigate,page_close,video,discussion,wiki
0,1.4406454496153465,1.9219280948873623,1.4056390622295665,0.0,0,0
