problem,access,navigate,page_close,video,discussion,wiki
0.7607327460318964,2.2835829257455416,2.0588138903312014,2.2892464285091583,1.5,1.9258214117682844,0
