problem,access,navigate,page_close,video,discussion,wiki
0.863120568566631,2.0665940735919763,1.5219280948873621,2.3919796433934777,2.0758692966977272,0,0
