problem,access,navigate,page_close,video,discussion,wiki
2.183540974518142,2.673766646952153,2.4193819456463714,1.2516291673878228,1.4591479170272446,1.0,0
