problem,access,navigate,page_close,video,discussion,wiki
1.9220468109546174,2.8579544621308233,3.002705481927944,1.3709505944546687,2.0,1.2957378005380122,0.0
