problem,access,navigate,page_close,video,discussion,wiki
1.1216407621868583,2.8265579764480795,1.061278124459133,2.8270597817677143,2.5220552088742005,0.0,0.0
