problem,access,navigate,page_close,video,discussion,wiki
0.863120568566631,1.1785372268240268,2.0,1.0957952550009338,0.0,0.0,0
