problem,access,navigate,page_close,video,discussion,wiki
1.1221136771091087,1.3235315761100483,1.0,1.3294340029249652,0.7642045065086203,0,0
