problem,access,navigate,page_close,video,discussion,wiki
1.3838077354640828,2.1055872616982603,0.8112781244591328,1.932931646898466,1.9927781074599389,0.0,0
