problem,access,navigate,page_close,video,discussion,wiki
1.4949188482339508,2.3094681425351684,2.321928094887362,1.584962500721156,1.0,0,0
