problem,access,navigate,page_close,video,discussion,wiki
0.0,1.7779849042597486,1.584962500721156,1.7489992230622806,1.8423709931771084,0,0
