problem,access,navigate,page_close,video,discussion,wiki
0.0,2.3256820053751324,1.9528195311147831,2.7100706213976054,2.2810361125534238,0.0,0.0
