problem,access,navigate,page_close,video,discussion,wiki
0.8112781244591328,1.733377951366037,1.669180336866731,0.0,0,0.0,0.0
