problem,access,navigate,page_close,video,discussion,wiki
0.9980008838722996,2.323219518157369,1.836591668108979,2.0,1.0,0.0,0
