problem,access,navigate,page_close,video,discussion,wiki
1.4604846813131114,2.7968446691731437,2.521640636343318,3.028436558947844,2.8000446184790095,0,0
