problem,access,navigate,page_close,video,discussion,wiki
0.9456603046006402,2.6796822100049633,2.1735572622751853,2.7118778925808695,1.9877733714879842,0.0,0.0
