problem,access,navigate,page_close,video,discussion,wiki
1.752715278979705,3.164391682794487,2.5274213294333796,2.8073549220576046,2.9219280948873623,0,0
