problem,access,navigate,page_close,video,discussion,wiki
0.0,1.8915107774877755,0.9709505944546686,2.1079637556972086,2.1219280948873624,0.0,0
