problem,access,navigate,page_close,video,discussion,wiki
1.0,2.884359826782596,1.2516291673878228,3.1123008763572906,2.636056086195823,0,0.0
