problem,access,navigate,page_close,video,discussion,wiki
0.0,2.4514927966619107,2.25,2.5294881142662007,1.8423709931771086,0,0
