problem,access,navigate,page_close,video,discussion,wiki
1.5221898721658214,2.0741647430225756,2.2516291673878226,1.6577427265048887,1.0,0,0
