problem,access,navigate,page_close,video,discussion,wiki
1.2468099972982716,2.113283334294875,2.1199172593025986,2.112585390635543,0.0,0.9709505944546686,1.2516291673878228
