problem,access,navigate,page_close,video,discussion,wiki
0.0,2.8440319350530707,2.625814583693911,2.8553885422075336,2.2359263506290326,0,0
