problem,access,navigate,page_close,video,discussion,wiki
0.0,2.9522565961243163,1.7273966735744792,2.7527152789797045,2.4193819456463714,0.6840384356390417,1.0
