problem,access,navigate,page_close,video,discussion,wiki
1.5304930567574826,2.3651463032930127,1.950212064914747,2.1514998691284055,1.931208948910323,0,0
