problem,access,navigate,page_close,video,discussion,wiki
0,2.0379346483488634,1.75,1.6644977792004614,0.9182958340544896,0,0
