problem,access,navigate,page_close,video,discussion,wiki
0,2.605614190209584,1.3709505944546687,1.9056390622295665,1.4591479170272446,0,0
