problem,access,navigate,page_close,video,discussion,wiki
1.458618550884106,2.2936858153337556,1.5566567074628228,2.538688570451097,2.3764281306111803,1.0,0
