problem,access,navigate,page_close,video,discussion,wiki
0.0,2.043073886289341,1.7164015396241123,2.452819531114783,1.792481250360578,0.0,0
