problem,access,navigate,page_close,video,discussion,wiki
3.913433675933688,3.9398958467872203,2.944394948656537,3.6336175009963134,3.4825887305018326,1.8765975550731941,0
