problem,access,navigate,page_close,video,discussion,wiki
1.8776402831734211,2.542482693809727,2.1339375660949167,1.584962500721156,1.0,0,0
