problem,access,navigate,page_close,video,discussion,wiki
0,1.7798299876761596,2.128085278891394,1.4911148500551856,0,0.8112781244591328,0
