problem,access,navigate,page_close,video,discussion,wiki
0.0,1.648238712995888,0.9182958340544896,1.841250170281555,1.061278124459133,0,0
