problem,access,navigate,page_close,video,discussion,wiki
0,1.5705325461159956,2.952819531114783,0.0,0.6500224216483541,1.603265831512014,0
