problem,access,navigate,page_close,video,discussion,wiki
0.8112781244591328,1.4315602842833157,1.0,1.789929075309999,1.9502120649147465,0,0
