problem,access,navigate,page_close,video,discussion,wiki
0,1.7956828983511026,0.9182958340544896,1.8810947601100747,1.836591668108979,0,0
