problem,access,navigate,page_close,video,discussion,wiki
1.5,2.3931904965883803,1.5,2.4152788266973655,2.275431601001136,0,0
