problem,access,navigate,page_close,video,discussion,wiki
0.8453509366224365,1.407761660594867,1.1488348542809166,1.3567796494470397,0.0,0.0,0.0
