problem,access,navigate,page_close,video,discussion,wiki
0.9940302114769565,2.8493593508442543,3.3248629576173574,3.042481250360578,2.015275674678275,0.7219280948873623,0
