problem,access,navigate,page_close,video,discussion,wiki
2.1166525820837614,2.977991377345387,2.128085278891394,3.0886947828644784,2.12817831443511,0,0
