problem,access,navigate,page_close,video,discussion,wiki
0.7219280948873623,2.0894786419364966,1.6691803368667308,1.0,0,0.5435644431995964,0
