problem,access,navigate,page_close,video,discussion,wiki
0,2.063558608511122,1.0,2.1180782093497093,2.1219280948873624,0,0
