problem,access,navigate,page_close,video,discussion,wiki
0.8812908992306927,3.415854381449571,2.725480556997868,3.6762356371640705,3.368522527728206,0,0
