problem,access,navigate,page_close,video,discussion,wiki
0.0,2.580462199727102,1.863120568566631,2.816340113853408,2.4464393446710155,0,0
