problem,access,navigate,page_close,video,discussion,wiki
0.0,2.618028529274852,2.289820985861822,0,0,0.9182958340544896,1.0
