problem,access,navigate,page_close,video,discussion,wiki
0.9709505944546686,2.660899166142587,2.1607047528877827,2.624726209504296,2.2359263506290326,0.0,0.0
