problem,access,navigate,page_close,video,discussion,wiki
0.0,3.352058590409395,3.0048861640918423,2.584962500721156,1.0,0.9768984915645675,0.0
