problem,access,navigate,page_close,video,discussion,wiki
0,2.4130884364257574,1.584962500721156,2.413088436425758,1.0529815751302694,0,0
