problem,access,navigate,page_close,video,discussion,wiki
0.0,1.409975018822061,0.7219280948873623,1.7464657985040721,1.3787834934861753,0,0
