problem,access,navigate,page_close,video,discussion,wiki
0.0,2.8541747328782408,2.0524212838293647,2.737386625190374,2.6424239617719754,0,0.0
