problem,access,navigate,page_close,video,discussion,wiki
0.0,2.994319301729309,2.1219280948873624,1.9056390622295665,1.9219280948873623,0.0,0.0
