problem,access,navigate,page_close,video,discussion,wiki
1.4180260055608094,2.7187802506095906,1.9609640474436814,2.530601698544076,2.38926460599383,0.0,0.0
