problem,access,navigate,page_close,video,discussion,wiki
0,2.250102714414031,1.7272486062639207,2.2516291673878226,1.9219280948873623,0,0
