problem,access,navigate,page_close,video,discussion,wiki
0,2.1820058147602133,1.8412501702815547,1.895461844238322,1.5,0.0,0.0
