problem,access,navigate,page_close,video,discussion,wiki
0,1.8553885422075338,1.7841591278514217,2.113283334294875,1.7924812503605778,0,0
