problem,access,navigate,page_close,video,discussion,wiki
0.0,2.751390444121753,2.1658942083900237,2.5805424477245413,0,0.0,0
