problem,access,navigate,page_close,video,discussion,wiki
1.5243166733459836,3.2679884509664276,2.6887727794065057,3.4754717705458074,3.315977716456259,0,0
