problem,access,navigate,page_close,video,discussion,wiki
0.0,3.111529536803086,2.2841591278514217,3.4165156243414536,3.3232314287976212,0.0,0.0
