problem,access,navigate,page_close,video,discussion,wiki
1.4772170014624826,2.924475491350252,2.321928094887362,2.4677201004744993,2.642423961771975,0.0,0
