problem,access,navigate,page_close,video,discussion,wiki
1.3516441151533922,3.095099126675182,1.584962500721156,2.970184088987018,2.580972906784841,0,0
