problem,access,navigate,page_close,video,discussion,wiki
0.0,2.016875695766564,1.5219280948873621,2.040223928941852,1.4911148500551858,0,0
