problem,access,navigate,page_close,video,discussion,wiki
0.0,1.9122374138377567,1.0,2.224394445405986,1.9502120649147465,0,0
