problem,access,navigate,page_close,video,discussion,wiki
1.9728284857175908,2.0920126577719445,1.9056390622295665,2.14057781226685,0,0,0.0
