problem,access,navigate,page_close,video,discussion,wiki
1.8262452584026092,2.683240358011977,2.584962500721156,2.9139770731827523,2.94770277922009,0,0
