problem,access,navigate,page_close,video,discussion,wiki
0.0,2.427694271103767,1.0,2.199687794731328,1.4591479170272448,0,0
