problem,access,navigate,page_close,video,discussion,wiki
0.0,2.9185722808499763,1.6105772433316423,1.6644977792004614,0.8112781244591328,0.9709505944546686,0
