problem,access,navigate,page_close,video,discussion,wiki
0,1.6648530979805174,1.9717472571281807,1.8322488896002307,1.5709505944546687,0.8112781244591328,0
