problem,access,navigate,page_close,video,discussion,wiki
1.0,2.819957898557147,2.1219280948873624,2.8962915290459277,2.503258334775646,0.0,0
