problem,access,navigate,page_close,video,discussion,wiki
3.0686175861234783,3.687304215753293,2.7516291673878226,3.689729069514723,3.3802510855608427,1.4488156357251847,0
