problem,access,navigate,page_close,video,discussion,wiki
0.8812908992306927,1.8370206542387149,1.4885252948977485,0.9182958340544896,0,0,0
