problem,access,navigate,page_close,video,discussion,wiki
0,1.5304930567574824,2.503258334775646,1.4591479170272448,0.0,0,0
