problem,access,navigate,page_close,video,discussion,wiki
0.0,1.8521871419995197,1.0,1.584962500721156,2.2359263506290326,0.0,0.0
