problem,access,navigate,page_close,video,discussion,wiki
0.9910760598382222,2.465147893142652,2.0464393446710156,2.5342495045392184,2.2569089895583545,0.8453509366224365,0
