problem,access,navigate,page_close,video,discussion,wiki
0,2.5274955437916096,1.7924812503605778,2.8553885422075336,1.9219280948873623,0.3227569588973982,0
