problem,access,navigate,page_close,video,discussion,wiki
0.0,1.9261207468426806,1.1567796494470395,1.7841591278514217,1.0,0.0,0
