problem,access,navigate,page_close,video,discussion,wiki
1.0,2.887918502671133,1.0,2.9151512344992474,2.481714572986073,0.0,0
