problem,access,navigate,page_close,video,discussion,wiki
1.3965354233178193,2.9338998431904013,1.4591479170272446,2.689246428509158,2.6235166412180155,0,0
