problem,access,navigate,page_close,video,discussion,wiki
2.889667451446134,3.5837495186236152,3.352217001462482,3.5507949194906048,2.7709505944546686,0.9182958340544896,1.584962500721156
