problem,access,navigate,page_close,video,discussion,wiki
0,1.893660301709418,1.75,1.896240625180289,0.6433554975880187,0.0,0
