problem,access,navigate,page_close,video,discussion,wiki
2.6307271261158744,3.0853895747332265,1.950212064914747,2.725480556997868,1.9502120649147465,1.360964047443681,0
