problem,access,navigate,page_close,video,discussion,wiki
0,1.6140054628542204,2.2359263506290326,1.6644977792004614,1.0,1.4353713907745331,0
