problem,access,navigate,page_close,video,discussion,wiki
2.716447067161327,2.7973946778327554,2.41379956460568,3.127986806877675,2.058813890331201,0.6722948170756379,0.0
