problem,access,navigate,page_close,video,discussion,wiki
2.0294732983598407,2.7745981608277517,1.6487225970568016,2.3531906713383224,2.7187859865037844,1.281658712408871,0.0
