problem,access,navigate,page_close,video,discussion,wiki
0.9828586897127056,2.9334817410027436,2.521640636343318,3.2232252534487467,3.014819142645923,1.1660870601063933,0
