problem,access,navigate,page_close,video,discussion,wiki
1.0,2.1819370635467044,0.0,2.1626441180472606,2.113283334294875,0,0
