problem,access,navigate,page_close,video,discussion,wiki
0,1.8163401138534079,2.1709505944546685,1.4854752972273344,1.2987949406953985,1.3143204867061788,0
