problem,access,navigate,page_close,video,discussion,wiki
0,1.4591479170272448,1.5510981710072647,0.9709505944546686,0,0.7871265862012691,1.3709505944546687
