problem,access,navigate,page_close,video,discussion,wiki
0.6840384356390417,3.1936820582178234,3.031821334092856,3.0747469389655566,2.744842531753244,1.686911500046301,0.0
