problem,access,navigate,page_close,video,discussion,wiki
2.6455933144511468,2.9015064025015063,1.584962500721156,0.0,2.2998963911678914,2.5739750693900794,0
