problem,access,navigate,page_close,video,discussion,wiki
1.1669527240200814,2.08429531609601,1.6644977792004614,2.0,2.0132790219068077,0,0
