problem,access,navigate,page_close,video,discussion,wiki
0.5916727785823275,2.377443751081734,1.5,2.481714572986073,2.3685225277282065,0,0
