problem,access,navigate,page_close,video,discussion,wiki
1.9712772083741847,2.3168835011157656,2.309563228006194,2.5073801024236357,1.934241351212544,1.9300748728096027,1.0
