problem,access,navigate,page_close,video,discussion,wiki
1.530032149715416,1.8281549190329065,1.9219280948873623,1.4447470033120828,0.0,0.8995676323871852,0
