problem,access,navigate,page_close,video,discussion,wiki
0.0,2.9628337996974135,0.0,3.2323108583196616,3.1379514107753237,0.0,0
