problem,access,navigate,page_close,video,discussion,wiki
2.0599734953931446,2.082181869589009,1.584962500721156,1.9877733714879842,2.0535088547976783,2.015829809349289,0
