problem,access,navigate,page_close,video,discussion,wiki
2.7291705930220154,3.1773118198482164,1.895461844238322,2.463865121950854,3.3497108266753157,1.584962500721156,0
