problem,access,navigate,page_close,video,discussion,wiki
0.8315435491770659,2.313693090920432,0.7219280948873623,3.1018812234760182,1.7924812503605778,0.8904916402194913,0
