problem,access,navigate,page_close,video,discussion,wiki
0,1.3346791410515946,1.5,1.1488348542809166,0.0,0.3227569588973982,0
