problem,access,navigate,page_close,video,discussion,wiki
0,1.1405350241251078,1.3709505944546687,1.2516291673878228,0.0,0.6840384356390417,0
