problem,access,navigate,page_close,video,discussion,wiki
2.835853231619279,3.2453918670895536,1.5485806065228545,2.7272170014624826,3.0529047993961185,2.1047412314783913,0.0
