problem,access,navigate,page_close,video,discussion,wiki
0.7793498372920852,2.2390979179887864,1.75,2.125,0,0.0,0
