problem,access,navigate,page_close,video,discussion,wiki
1.0,1.9131226292013046,0.9182958340544896,1.9056390622295665,1.4299111709758698,0.0,0
