problem,access,navigate,page_close,video,discussion,wiki
2.5849625007211565,3.032757200801046,2.004886164091843,2.8981672610459626,1.7924812503605778,0.0,0
