problem,access,navigate,page_close,video,discussion,wiki
0.9852281360342516,1.6798229071556268,0.0,1.3787834934861753,1.6858157091530304,0.0,0
