problem,access,navigate,page_close,video,discussion,wiki
1.3731288202097394,2.36766430344046,2.2464393446710154,2.6282019984378557,2.329390686118258,1.512156813475983,0.0
