problem,access,navigate,page_close,video,discussion,wiki
0.0,1.0214554656116668,0.0,1.584962500721156,0.5435644431995964,0,0
