problem,access,navigate,page_close,video,discussion,wiki
2.4667487974839744,3.9403039563022144,3.1390073690378584,3.746530652578633,4.061410053848583,1.5,1.5
