problem,access,navigate,page_close,video,discussion,wiki
2.929510223445525,3.413663338340512,2.7744019192887706,3.0220552088742,3.472445544178841,1.441786128982185,0
