problem,access,navigate,page_close,video,discussion,wiki
0.32984607020714635,1.928517086051376,1.8322628970242687,2.0,0.9182958340544896,0.0,0.0
