problem,access,navigate,page_close,video,discussion,wiki
0.0,2.190515847687587,1.9502120649147465,2.4420705221036556,2.4137995646056805,0,0
