problem,access,navigate,page_close,video,discussion,wiki
0,1.6395862451836645,1.75,1.8352377453121176,0.9709505944546686,0.0,0.0
