problem,access,navigate,page_close,video,discussion,wiki
0.0,3.309355279225302,2.927451224964519,3.396356350554415,3.0545851693377997,2.027328016079579,0.0
