problem,access,navigate,page_close,video,discussion,wiki
1.7381493331928664,1.669180336866731,0.0,0.7219280948873623,0.0,0,0
