problem,access,navigate,page_close,video,discussion,wiki
1.500691470839726,2.2194035962895002,0.8112781244591328,2.021782221599798,1.825605199016944,0.0,0
