problem,access,navigate,page_close,video,discussion,wiki
0,2.802487994365983,2.1556390622295662,2.8932333352564163,2.8333208226910545,0.0,0
