problem,access,navigate,page_close,video,discussion,wiki
2.931896818665556,3.4458146191899233,3.2376436356744254,3.2070587145216574,3.007516163102496,1.9996250531046353,0.0
