problem,access,navigate,page_close,video,discussion,wiki
2.6087635015269233,3.621624567730354,0.0,2.9477027792200903,2.974937501201927,2.251629167387823,0
