problem,access,navigate,page_close,video,discussion,wiki
0,1.5,2.263809173883546,0.9182958340544896,0,2.105407169172325,0
