problem,access,navigate,page_close,video,discussion,wiki
0,2.997416845103709,1.6858157091530304,0.8112781244591328,1.0,2.099716172620729,0
