problem,access,navigate,page_close,video,discussion,wiki
1.0,1.336753755155502,0.9709505944546686,1.5379841082136025,1.5052408149441479,0,0
