problem,access,navigate,page_close,video,discussion,wiki
0.0,2.170882503974369,1.0,2.1963538066948196,2.2359263506290326,0.26676498780302604,0
