problem,access,navigate,page_close,video,discussion,wiki
1.4880103241183074,1.848566210510886,1.0,1.0,0.8112781244591328,0,0
