problem,access,navigate,page_close,video,discussion,wiki
0.0,2.7212401780093094,2.561211300864365,2.0670314951575843,2.2464393446710154,1.8262452584026092,0.0
