problem,access,navigate,page_close,video,discussion,wiki
0,2.9906232856973225,1.75,3.087929346985106,2.5577277787393196,1.4674579648482995,0.0
