problem,access,navigate,page_close,video,discussion,wiki
0,2.5190795706241746,2.1867043459100244,1.9182958340544893,1.5,0.0,0.0
