problem,access,navigate,page_close,video,discussion,wiki
1.3774704131643798,2.0717350271381694,0.0,1.584962500721156,1.9877733714879842,0.0,0
