problem,access,navigate,page_close,video,discussion,wiki
0,1.3821022532543101,1.295461844238322,1.4488156357251847,1.4591479170272448,0.0,0.0
