problem,access,navigate,page_close,video,discussion,wiki
1.781937063546704,2.0993642355299187,1.5219280948873621,1.792481250360578,1.5545851693377997,1.9376064794358854,0
