problem,access,navigate,page_close,video,discussion,wiki
0,1.4854752972273344,0.7742433029172697,1.4591479170272448,0.0,0.0,0.0
