problem,access,navigate,page_close,video,discussion,wiki
2.406353981854308,2.7116494728457057,2.321928094887362,1.584962500721156,0.9182958340544896,1.6768434551584657,0.0
