problem,access,navigate,page_close,video,discussion,wiki
2.2920966889958763,2.949465102702635,1.9219280948873623,2.6470488004577506,0.9182958340544896,1.0,0
