problem,access,navigate,page_close,video,discussion,wiki
1.3249692858267146,3.266139231917192,2.4464393446710155,2.9960634364226513,3.12172123104524,0.0,0.0
