problem,access,navigate,page_close,video,discussion,wiki
1.8770341680403249,2.8242910850815166,2.6416041678685933,1.9219280948873623,1.5219280948873621,0.908653933541588,0
