problem,access,navigate,page_close,video,discussion,wiki
3.367258228062923,3.244650040705288,2.2359263506290326,2.7087311666971385,3.4613201402110083,1.1994602933016414,0
