problem,access,navigate,page_close,video,discussion,wiki
1.0,2.4681390622295662,2.0,2.5272925846688996,1.8879185026711327,1.384431504340598,0
