problem,access,navigate,page_close,video,discussion,wiki
2.663532754804255,2.896123995486845,1.0,2.2458696177958086,1.7947367178034825,0,0
