problem,access,navigate,page_close,video,discussion,wiki
0,1.4488156357251847,0.7219280948873623,1.0,0,1.5693078231812962,0
