problem,access,navigate,page_close,video,discussion,wiki
0,2.1741312966965833,1.584962500721156,2.1055872616982603,1.8454372523105549,0,0
