problem,access,navigate,page_close,video,discussion,wiki
0.0,3.692334617629516,1.5,2.9852281360342516,3.0464393446710156,0.0,0
