problem,access,navigate,page_close,video,discussion,wiki
0,1.9241743523004413,1.5,1.2516291673878228,0.0,1.9546859469463558,0
