problem,access,navigate,page_close,video,discussion,wiki
2.499326796810859,2.969634957684611,2.613547137178142,2.724013082646574,2.9076364793051623,1.3709505944546687,0.0
