problem,access,navigate,page_close,video,discussion,wiki
0,2.2272170014624826,2.4193819456463714,2.2516291673878226,0.0,0,0
