problem,access,navigate,page_close,video,discussion,wiki
1.5721747302538347,2.1953945377572124,1.7381493331928661,1.6854752972273344,2.4225797618424916,1.0,0
