problem,access,navigate,page_close,video,discussion,wiki
0,1.921541933335928,1.4591479170272446,0.0,0.5916727785823275,0,0
