problem,access,navigate,page_close,video,discussion,wiki
1.4501791086409086,1.1941737342569119,2.049452072789394,0,0,0.0,0.0
