problem,access,navigate,page_close,video,discussion,wiki
0.9932338197397066,2.301393740363457,1.6577427265048887,2.35352798332702,2.014130470334824,0.0,0.0
