problem,access,navigate,page_close,video,discussion,wiki
1.632935039619369,2.4391144718101816,1.823067982273661,2.1556390622295662,1.5,0,0
