problem,access,navigate,page_close,video,discussion,wiki
0.0,1.5546097612655665,1.7232314287976207,1.3709505944546687,1.198183947911799,1.1567796494470395,0
