problem,access,navigate,page_close,video,discussion,wiki
0,1.4949188482339508,0.6500224216483541,1.224394445405986,0.8112781244591328,0.5916727785823275,0
