problem,access,navigate,page_close,video,discussion,wiki
2.156577668803232,2.981262048687371,2.7272170014624826,3.266332639970623,2.5000313258998554,1.4731864679927211,0
