problem,access,navigate,page_close,video,discussion,wiki
0.6394571324851641,1.9881488635897115,0.9182958340544896,1.0,1.584962500721156,0.9182958340544896,0
