problem,access,navigate,page_close,video,discussion,wiki
0.0,1.5581596248780498,1.5,0.9055872616982603,1.3446983751597128,0.9456603046006402,0
