problem,access,navigate,page_close,video,discussion,wiki
2.6280852788913944,3.529302729240804,3.296148374747624,3.5624942703762073,3.5804621997271022,1.447974570539304,0
