problem,access,navigate,page_close,video,discussion,wiki
1.3991108350726587,1.7636922186556347,1.7924812503605778,0.9864267287308424,1.5566567074628228,0,0
