problem,access,navigate,page_close,video,discussion,wiki
1.3995812306460647,1.3566695198333112,1.5,1.8423709931771084,1.7527152789797047,1.7763318528003074,0.0
