problem,access,navigate,page_close,video,discussion,wiki
1.0072174966554983,1.1592876846203533,1.4056390622295665,0.863120568566631,1.3709505944546687,0,0
