problem,access,navigate,page_close,video,discussion,wiki
2.7844696402321536,3.2014607971911233,2.2810361125534238,3.1572682296173893,3.0439726175451853,2.1800365325772657,0
