problem,access,navigate,page_close,video,discussion,wiki
0,1.8339272176418302,1.3787834934861753,2.197159723424149,1.0,0.0,0.0
