problem,access,navigate,page_close,video,discussion,wiki
0.9640787648082291,1.437436632688363,1.5219280948873621,0.9852281360342516,0.9182958340544896,0,0
