problem,access,navigate,page_close,video,discussion,wiki
0.0,1.3709505944546687,1.7609640474436812,1.4056390622295665,0.0,0.6500224216483541,0.0
