problem,access,navigate,page_close,video,discussion,wiki
0.5032583347756457,2.5607813940100193,1.5,1.584962500721156,1.9219280948873623,0.7219280948873623,0
