problem,access,navigate,page_close,video,discussion,wiki
1.5219280948873621,2.281116996741346,0.9182958340544896,0.0,1.584962500721156,0,0
