problem,access,navigate,page_close,video,discussion,wiki
2.8792936338808377,3.304942260658454,2.8630945514207635,2.7155894378827394,1.5,0,0.0
