problem,access,navigate,page_close,video,discussion,wiki
0,2.192215752170299,1.5,2.1180782093497097,1.5219280948873621,0,0
