problem,access,navigate,page_close,video,discussion,wiki
0.5916727785823275,1.8609160255788084,1.584962500721156,1.7601553465802904,1.6382533594712747,0,0
