problem,access,navigate,page_close,video,discussion,wiki
0.0,2.706956909971567,1.584962500721156,2.8553885422075336,2.656564762130954,0.0,0.0
