problem,access,navigate,page_close,video,discussion,wiki
1.3921472236645345,2.2643600549985914,2.6635327548042547,1.0,1.0,0.28639695711595625,0
