problem,access,navigate,page_close,video,discussion,wiki
1.1488348542809166,2.2963489685485134,1.0,2.2359263506290326,2.3718956694089637,0,0
