problem,access,navigate,page_close,video,discussion,wiki
2.1801381012675236,3.25075141803484,2.546631615393778,2.8888840705376357,2.133937566094917,1.957649389060176,1.506734817815005
