problem,access,navigate,page_close,video,discussion,wiki
0,1.3346791410515946,1.7609640474436812,1.1567796494470395,0.0,0.0,0
