problem,access,navigate,page_close,video,discussion,wiki
0.9366673818775625,2.0040702154773884,1.6729055953200562,0,0.5032583347756457,0.0,0.9182958340544896
