problem,access,navigate,page_close,video,discussion,wiki
0.3760198509692728,0.8112781244591328,1.0,0.37123232664087563,0.5916727785823275,0.0,0
