problem,access,navigate,page_close,video,discussion,wiki
0.9182958340544896,2.5032583347756456,2.2516291673878226,2.4772170014624826,1.8423709931771084,0,0
