problem,access,navigate,page_close,video,discussion,wiki
1.3566695198333112,2.108393476855505,1.5,2.3318026736242854,1.9808259362290785,1.2582658857615794,0
