problem,access,navigate,page_close,video,discussion,wiki
1.5219280948873621,2.7922753423657825,0.0,2.9540036423298544,3.0269868333592873,0,0.0
