problem,access,navigate,page_close,video,discussion,wiki
0.0,2.6416041678685938,0,2.6416041678685938,2.807354922057604,0,0
