problem,access,navigate,page_close,video,discussion,wiki
1.5183593905083002,1.7386085007312413,1.2776134368191154,0,1.7381493331928661,0.0,0.0
