problem,access,navigate,page_close,video,discussion,wiki
0.863120568566631,2.465069461815837,2.3266347815795867,1.5,1.9591479170272446,0,0.0
