problem,access,navigate,page_close,video,discussion,wiki
1.5566567074628228,2.0524568140938713,1.836591668108979,2.9139770731827523,0,0.6193821946787638,0
