problem,access,navigate,page_close,video,discussion,wiki
1.584962500721156,2.735563997866847,1.9219280948873623,2.5804621997271022,1.9219280948873623,0.0,0
