problem,access,navigate,page_close,video,discussion,wiki
0.9023932827949788,2.0841837197791886,0.5916727785823275,0.0,0.0,0.0,0.0
