problem,access,navigate,page_close,video,discussion,wiki
2.0213152774012366,2.9074380822210975,2.332914563979398,2.6493974703476995,2.5820599105802575,2.8261609628209614,0.0
