problem,access,navigate,page_close,video,discussion,wiki
2.665428731993503,3.6377114448539274,2.4464393446710155,3.500593988192766,2.8000446184790095,0.9182958340544896,0
