problem,access,navigate,page_close,video,discussion,wiki
0,2.625050421229446,1.584962500721156,2.66122625626979,2.5654483718208256,0,0
