problem,access,navigate,page_close,video,discussion,wiki
0,1.4654003240836118,0.7219280948873623,1.316322767272539,1.2675895563851416,0.0,0
