problem,access,navigate,page_close,video,discussion,wiki
0,1.8464393446710154,1.584962500721156,2.2516291673878226,1.0,0,0
