problem,access,navigate,page_close,video,discussion,wiki
0,2.9828887343025694,1.867633890971212,3.026226021337478,3.110577243331642,1.8014992993996284,0.0
