problem,access,navigate,page_close,video,discussion,wiki
1.5816190528451362,1.6514894622909229,1.5,1.9142650410022009,1.5709505944546684,0,0
