problem,access,navigate,page_close,video,discussion,wiki
0,1.9847611826697245,1.5219280948873621,0,1.8676338909712125,1.0,0
