problem,access,navigate,page_close,video,discussion,wiki
2.7422594192597196,3.017680024327965,0.0,0.0,3.061173047439131,0.0,0.0
