problem,access,navigate,page_close,video,discussion,wiki
2.2197651083758796,2.3619331916751323,0.9182958340544896,2.340872312272276,2.4464124990649547,0.8166890883150209,0
