problem,access,navigate,page_close,video,discussion,wiki
0,2.568200719475571,2.2464393446710154,2.5995812306460646,1.5219280948873621,0,0
