problem,access,navigate,page_close,video,discussion,wiki
0,2.0773238024297203,1.3709505944546687,1.584962500721156,1.0,0,0
