problem,access,navigate,page_close,video,discussion,wiki
0.0,2.063558608511122,1.9219280948873623,2.117492461184755,2.058813890331201,0.0,0
