problem,access,navigate,page_close,video,discussion,wiki
0.863120568566631,1.4772170014624826,0.9182958340544896,1.4949188482339508,0.9709505944546686,0.0,0
