problem,access,navigate,page_close,video,discussion,wiki
1.4237949406953985,2.1563095771470078,1.584962500721156,1.657742726504889,1.9182958340544893,0,0
