problem,access,navigate,page_close,video,discussion,wiki
0.6292492238560345,1.8875386446885056,0.0,1.746465798504072,0.9852281360342516,0,0.0
