problem,access,navigate,page_close,video,discussion,wiki
0.0,2.8999142147053076,1.8464393446710154,3.173533209849189,3.041625614369223,0.24988229283318544,0
