problem,access,navigate,page_close,video,discussion,wiki
0.0,2.2043000701114575,1.7527152789797047,2.2569089895583545,2.270942421748537,0.9182958340544896,0.0
