problem,access,navigate,page_close,video,discussion,wiki
2.6442837647366257,2.7619656773449206,1.8464393446710154,2.5949066182439395,2.900051698999542,0,0
