problem,access,navigate,page_close,video,discussion,wiki
0,1.8566532127809319,2.321928094887362,1.811278124459133,1.789929075309999,0,0
