problem,access,navigate,page_close,video,discussion,wiki
0.7219280948873623,1.9343077187525357,2.0242600666933597,2.009503136240296,1.4911148500551858,0.8812908992306927,0.0
