problem,access,navigate,page_close,video,discussion,wiki
0.0,1.4195562985716133,1.8423709931771086,1.7609640474436812,0.0,0,0
