problem,access,navigate,page_close,video,discussion,wiki
3.077903457820112,3.3228504544374267,2.2516291673878226,2.663532754804255,3.0812082741639752,0.0,0
