problem,access,navigate,page_close,video,discussion,wiki
2.103909910282364,2.4475734146830006,1.8423709931771086,2.3576004726263524,2.5027361715940035,0,0
