problem,access,navigate,page_close,video,discussion,wiki
2.2492870686521593,2.8509613871067634,2.584962500721156,2.839691408280422,2.7744998774912797,0,0
