problem,access,navigate,page_close,video,discussion,wiki
1.1656062405705747,1.3250112108241772,1.584962500721156,0.0,0,0,0
