problem,access,navigate,page_close,video,discussion,wiki
2.1931608938525913,2.524547088727886,1.5,2.340974563987546,2.2592232170864768,1.8567796494470397,0
