problem,access,navigate,page_close,video,discussion,wiki
0,1.8496017527145814,1.0,1.9182958340544896,1.5545851693377997,0,0
