problem,access,navigate,page_close,video,discussion,wiki
0.9182958340544896,1.4761207211492744,1.4488156357251847,0.9774178175281716,0.9852281360342516,0.9182958340544896,0
