problem,access,navigate,page_close,video,discussion,wiki
0.9910760598382222,2.3045522624056614,0.9709505944546686,2.103909910282364,1.5588718484453603,0,0
