problem,access,navigate,page_close,video,discussion,wiki
0.9055872616982603,2.90769109546246,2.584962500721156,2.889549430862088,2.0,0,0
