problem,access,navigate,page_close,video,discussion,wiki
1.224394445405986,2.572623663895164,2.0,1.9182958340544896,1.8910611120726526,0.0,0
