problem,access,navigate,page_close,video,discussion,wiki
1.584962500721156,1.8077635764171942,1.0,0.9182958340544896,0.9182958340544896,0.0,0
