problem,access,navigate,page_close,video,discussion,wiki
2.0117829608673783,2.0012791620378194,2.454693951646702,0,0,0,0
