problem,access,navigate,page_close,video,discussion,wiki
1.565596230357602,1.5394847569315018,1.0,1.5545851693377997,1.2516291673878228,0.0,0.0
