problem,access,navigate,page_close,video,discussion,wiki
1.3731999597495852,1.599728581767422,1.6767370300521325,0.0,1.0,0,0
