problem,access,navigate,page_close,video,discussion,wiki
0.8112781244591328,1.5940456015986166,0.0,1.7295739585136223,1.4591479170272448,0.0,0
