problem,access,navigate,page_close,video,discussion,wiki
1.3516441151533924,2.2272170014624826,1.0,2.209888638014727,2.186704345910025,0.0,0
