problem,access,navigate,page_close,video,discussion,wiki
0.9967916319816366,2.711820357338913,1.584962500721156,2.6862909803909405,2.610577243331642,0,0
