problem,access,navigate,page_close,video,discussion,wiki
0.0,1.5090275125326515,1.5219280948873621,2.058813890331201,1.584962500721156,0,0
