problem,access,navigate,page_close,video,discussion,wiki
0.8366407419411673,2.2566504131258123,1.584962500721156,2.0464393446710156,1.1488348542809166,1.288649764535596,0
