problem,access,navigate,page_close,video,discussion,wiki
1.4591479170272446,1.9803464138951994,1.657742726504889,1.9261207468426806,1.4591479170272446,1.584962500721156,0.0
