problem,access,navigate,page_close,video,discussion,wiki
0.0,3.366088725865904,2.0,3.203365087509175,2.6556390622295662,0.0,0
