problem,access,navigate,page_close,video,discussion,wiki
0.0,2.543148397216899,1.8464393446710154,2.660129752633257,0.0,0,0
