problem,access,navigate,page_close,video,discussion,wiki
0.0,1.3709505944546687,0.6500224216483541,1.419556298571613,1.3609640474436813,0,0
