problem,access,navigate,page_close,video,discussion,wiki
0,2.155968102145908,2.321928094887362,2.2312702546075758,1.9056390622295665,0,0
