problem,access,navigate,page_close,video,discussion,wiki
0.0,2.97965869499932,1.0,1.7924812503605778,2.2359263506290326,0,0
