problem,access,navigate,page_close,video,discussion,wiki
0.9182958340544896,1.2896085583481507,1.8339272176418302,0,0,1.0,1.0
