problem,access,navigate,page_close,video,discussion,wiki
1.7057328617496865,1.8464393446710154,1.75,2.0419460322060456,1.9182958340544893,0.0,0.0
