problem,access,navigate,page_close,video,discussion,wiki
1.3965354233178195,2.6637176697431966,1.974937501201927,2.809918128920549,2.8575109888759522,0.0,0.0
