problem,access,navigate,page_close,video,discussion,wiki
1.3250112108241772,2.5402622775501635,0.6500224216483541,2.9180861336525608,2.5786539222751745,0.0,0.0
