problem,access,navigate,page_close,video,discussion,wiki
1.0,2.488785591776994,1.584962500721156,2.5304930567574826,2.5220552088742005,0,0
