problem,access,navigate,page_close,video,discussion,wiki
1.5294283316328894,2.911358244777726,2.0,3.119830238004582,2.054585169337799,0,0
