problem,access,navigate,page_close,video,discussion,wiki
0,1.6135197342325187,1.3709505944546687,1.5744174271404585,0.863120568566631,0,0
