problem,access,navigate,page_close,video,discussion,wiki
0.0,1.8860872841497838,1.9219280948873623,2.0086949695628418,1.9852281360342514,0.0,0.0
