problem,access,navigate,page_close,video,discussion,wiki
0,1.6105772433316423,0.5916727785823275,2.1556390622295662,1.9219280948873623,0,0.0
