problem,access,navigate,page_close,video,discussion,wiki
0,1.8365916681089791,0.8112781244591328,1.6577427265048887,0.863120568566631,0,0
