problem,access,navigate,page_close,video,discussion,wiki
1.5790132072799712,2.5015637254725456,1.9219280948873623,0.0,0,0.0,0
