problem,access,navigate,page_close,video,discussion,wiki
1.522892318945373,2.3369394500437664,2.251629167387823,2.5220552088742005,2.094017981486945,0.0,0
