problem,access,navigate,page_close,video,discussion,wiki
2.6509101243472184,2.4871798736129005,2.103909910282364,0,0,0,0
