problem,access,navigate,page_close,video,discussion,wiki
2.3631473130494447,3.7348396108138364,3.1898980954642875,3.7903515924877227,3.152391277629867,0.0,0
