problem,access,navigate,page_close,video,discussion,wiki
2.648262650536423,3.215784609158083,2.6612262562697895,3.2840014480990942,2.08410547507639,0.9910760598382222,0
