problem,access,navigate,page_close,video,discussion,wiki
0.8112781244591328,1.8478548143998654,1.7924812503605778,1.9086126988727123,0.0,0,0
