problem,access,navigate,page_close,video,discussion,wiki
3.1537570483674138,3.185096381576057,3.2608281712244556,3.179191757751591,2.4606057799537933,2.5039975273348487,0.0
