problem,access,navigate,page_close,video,discussion,wiki
1.952389217314685,3.178564257348559,2.879157290592406,2.9007807082985275,1.6644977792004614,1.969389419529156,0.0
