problem,access,navigate,page_close,video,discussion,wiki
0.8497511372532974,1.7187819485057634,1.584962500721156,1.5802792792200835,1.3935247791460728,0.0,0
