problem,access,navigate,page_close,video,discussion,wiki
1.188721875540867,2.134944832404585,2.1556390622295662,2.08429531609601,0.9182958340544896,0,0
