problem,access,navigate,page_close,video,discussion,wiki
2.464821123842521,4.028423793560741,1.811278124459133,2.584962500721156,3.994680368408908,2.3437621626224825,0
