problem,access,navigate,page_close,video,discussion,wiki
2.1209520310264036,3.558530236428831,3.334679141051595,3.385512746416208,2.689246428509158,0.0,1.584962500721156
