problem,access,navigate,page_close,video,discussion,wiki
0.0,1.9762822787735765,3.251629167387823,1.6644977792004612,1.6644977792004614,4.189798535086543,0
