problem,access,navigate,page_close,video,discussion,wiki
0,2.0403733936884962,1.0,1.8423709931771084,1.9182958340544893,0.9182958340544896,0
