problem,access,navigate,page_close,video,discussion,wiki
0.0,3.4858199193906434,2.2221915755066783,3.175123135113461,3.175123135113461,0,0
