problem,access,navigate,page_close,video,discussion,wiki
2.0875781777407676,2.6805839934739186,1.0,2.579210626715167,2.6668147326439997,0,0
