problem,access,navigate,page_close,video,discussion,wiki
0.0,2.5929786596998916,2.5225631916634224,1.584962500721156,1.0,1.9270546827120492,0.5032583347756457
