problem,access,navigate,page_close,video,discussion,wiki
0.0,2.1273877651912745,1.0,2.4040097573248604,2.1280852788913944,0,0
