problem,access,navigate,page_close,video,discussion,wiki
0,1.4355205042826666,3.396039033895927,1.3709505944546687,0.0,3.601374660325003,0.9182958340544896
