problem,access,navigate,page_close,video,discussion,wiki
0.9927744539878084,3.08542293596598,2.7743974703476995,1.584962500721156,1.0,1.9982975702780197,0
