problem,access,navigate,page_close,video,discussion,wiki
1.4591479170272448,1.8394910703001344,2.0,2.311278124459133,0.0,0,0
