problem,access,navigate,page_close,video,discussion,wiki
2.694876950386237,3.1885485550581696,2.2516291673878226,3.4992275417233563,2.8423709931771093,2.426402541105223,0
