problem,access,navigate,page_close,video,discussion,wiki
1.1630248196510937,2.6212875386918486,3.0269868333592873,2.8866122111529737,2.587528296235419,1.0,0
