problem,access,navigate,page_close,video,discussion,wiki
2.4430655362756584,3.5679598972061135,2.9906015629507228,3.5339846406206146,3.7877256205795273,0.0,0.0
