problem,access,navigate,page_close,video,discussion,wiki
2.2228757542334763,2.499656543596323,2.4300365325772657,2.0,0.8112781244591328,0,0
