problem,access,navigate,page_close,video,discussion,wiki
0.0,1.8301121810593606,2.8832726727387756,3.408694969562842,2.5,0,0
