problem,access,navigate,page_close,video,discussion,wiki
0,2.0,3.0269868333592873,1.6644977792004614,0,0.782444129406689,0.0
