problem,access,navigate,page_close,video,discussion,wiki
0.9957274520849256,2.0693339122559564,0,1.6140054628542202,1.4355205042826666,0,0
