problem,access,navigate,page_close,video,discussion,wiki
1.4689955935892813,1.9195367042788969,1.5487949406953985,1.061278124459133,0,0,0
