problem,access,navigate,page_close,video,discussion,wiki
4.053701696057348,4.113926522909907,3.027169118440619,3.2516291673878226,2.8855130303998817,1.0,0
