problem,access,navigate,page_close,video,discussion,wiki
2.5192702348614975,2.7498887908574874,2.1556390622295662,0.0,0,0,0
