problem,access,navigate,page_close,video,discussion,wiki
1.95006375643621,2.7261064386306386,1.7709505944546688,2.923231428797621,3.010434089033337,0.12741851179235877,0.0
