problem,access,navigate,page_close,video,discussion,wiki
0,2.3097229499111442,3.5068905956085183,1.5,2.4137995646056796,0.0,0
