problem,access,navigate,page_close,video,discussion,wiki
0.7642045065086203,2.7270984892010044,2.7132162356911396,2.879735267751115,1.5279749262361255,0.9182958340544896,0.0
