problem,access,navigate,page_close,video,discussion,wiki
2.452359956409912,2.9715360920142793,1.5,1.8980933736695382,2.863865121950854,1.5304930567574826,0
