problem,access,navigate,page_close,video,discussion,wiki
2.6067971286723592,3.4170735205877025,2.6258145836939115,3.273269689515108,2.895423870280316,0,0
