problem,access,navigate,page_close,video,discussion,wiki
1.584962500721156,2.090468570732828,1.584962500721156,2.3071885761626683,2.1556390622295662,0,0
