problem,access,navigate,page_close,video,discussion,wiki
2.9077670081048943,3.021233668432299,2.5828765043125577,0.9182958340544896,2.0588138903312014,1.5098693043797229,0
