problem,access,navigate,page_close,video,discussion,wiki
1.4836591643979626,2.740174026355418,1.9182958340544893,2.751711380838097,2.30827083453526,0,0
