problem,access,navigate,page_close,video,discussion,wiki
0.0,2.8842664673843847,0,3.2089873002588005,3.1279868068776753,0.0,0
