problem,access,navigate,page_close,video,discussion,wiki
1.9056390622295665,1.6027395395328303,1.5487949406953985,1.0,1.0,0.0,0.0
