problem,access,navigate,page_close,video,discussion,wiki
3.289783879184124,3.666800740623836,2.8553885422075336,2.0,3.077819531114783,0,0
