problem,access,navigate,page_close,video,discussion,wiki
0,2.858450635563612,0,2.965957320949175,2.6887218755408666,0,0
