problem,access,navigate,page_close,video,discussion,wiki
0.0,2.7507208558230305,1.9128876215181605,2.6119317568597356,2.459042675389012,2.0027395395328305,0.0
