problem,access,navigate,page_close,video,discussion,wiki
2.7276665303278573,3.3317990329445837,2.2516291673878226,3.3549262913197873,3.1611472485025245,2.1118639908793053,0
