problem,access,navigate,page_close,video,discussion,wiki
1.6729042651698203,2.5404985371427573,2.199687794731328,2.263809173883546,2.751629167387823,0,0
