problem,access,navigate,page_close,video,discussion,wiki
2.7911509061632422,3.698503871720016,1.384431504340598,2.879506460812006,3.7316596049202793,2.1556390622295662,0.0
