problem,access,navigate,page_close,video,discussion,wiki
0,3.182203514823212,2.75,3.070297003816653,2.549523459597832,0,0
