problem,access,navigate,page_close,video,discussion,wiki
0,2.308029864926688,2.59490661824394,2.6312929881819005,1.8423709931771086,2.716313853161256,0
