problem,access,navigate,page_close,video,discussion,wiki
0,2.5745856121249147,1.5,2.8350849518197796,2.739572261986723,1.561278124459133,0
