problem,access,navigate,page_close,video,discussion,wiki
0,1.4911148500551858,0.0,0.9864267287308424,1.3567796494470397,0,0
