problem,access,navigate,page_close,video,discussion,wiki
1.9086126988727123,2.797480500916622,2.4193819456463714,2.827819531114783,2.7729244557748216,1.6854752972273344,0.0
