problem,access,navigate,page_close,video,discussion,wiki
0,2.4021077582354775,2.251629167387823,2.4387439204017474,1.4355205042826666,0,0
