problem,access,navigate,page_close,video,discussion,wiki
0.5435644431995964,2.0660234430433606,1.7444354529773323,2.1556390622295662,1.9414280318460246,0,0.0
