problem,access,navigate,page_close,video,discussion,wiki
3.402169359189508,3.844977853703785,2.725480556997868,3.6064725381170852,3.2653429202128677,2.9171554900203143,0
