problem,access,navigate,page_close,video,discussion,wiki
0.9986359641585718,1.6727101714517338,2.0021722231837638,1.9047467522760366,1.3885308110207435,1.280672129520887,0.0
