problem,access,navigate,page_close,video,discussion,wiki
3.960095233336403,4.01639769385008,3.521914811231742,2.1416195253341384,2.8218881955261783,2.715589437882739,0.0
