problem,access,navigate,page_close,video,discussion,wiki
0.74959525725948,1.3085024445205309,0.8112781244591328,0.9182958340544896,0.961236604722876,0.0,0.0
