problem,access,navigate,page_close,video,discussion,wiki
0.0,3.119096447594484,2.321928094887362,3.2401801638905483,2.950292659616669,0.863120568566631,0
