problem,access,navigate,page_close,video,discussion,wiki
0,2.197159723424149,2.0,2.0741647430225756,1.8365916681089791,0.0,0
