problem,access,navigate,page_close,video,discussion,wiki
1.1261846801618565,0.9655272622660829,1.721928094887362,1.3709505944546687,1.9219280948873623,1.2389012566026305,0
