problem,access,navigate,page_close,video,discussion,wiki
0.9182958340544896,2.436490890500423,2.5216406363433186,2.5027361715940035,1.971747257128181,1.584962500721156,0
