problem,access,navigate,page_close,video,discussion,wiki
0.7355085815538398,2.5695484421211825,1.2516291673878228,0.0,1.1401156785146092,0,0
