problem,access,navigate,page_close,video,discussion,wiki
0.863120568566631,3.158368938827317,1.6258145836939115,0,0,0.0,1.0
