problem,access,navigate,page_close,video,discussion,wiki
1.8321609890515806,2.653795851142778,0.9709505944546686,2.5220552088742005,2.5187601571027547,0.0,0
