problem,access,navigate,page_close,video,discussion,wiki
2.7021477431570933,3.113134054783455,3.000972825245975,3.4080289092095426,2.7550576199383072,2.48702144807822,1.584962500721156
