problem,access,navigate,page_close,video,discussion,wiki
3.5688546845894984,4.066121738214116,3.5867911477819336,3.9703267919605714,3.852996656913475,2.592624897047567,0.7219280948873623
