problem,access,navigate,page_close,video,discussion,wiki
2.254262313571809,2.52467560383839,2.4137995646056796,2.4138338639736006,2.2322628970242686,0,0
