problem,access,navigate,page_close,video,discussion,wiki
0.0,3.003792319763492,1.6577427265048887,1.9182958340544896,1.0,0.0,0
