problem,access,navigate,page_close,video,discussion,wiki
0.9456603046006402,2.21153713434193,2.6450613022330414,1.5919171866886992,1.5,0.0,1.0
