problem,access,navigate,page_close,video,discussion,wiki
2.330715706093051,3.1139343191452618,2.197159723424149,2.874483800935062,2.769099746425994,0.7219280948873623,0
