problem,access,navigate,page_close,video,discussion,wiki
0.9656361333706098,1.198183947911799,1.75,0,0.8112781244591328,0.0,0
