problem,access,navigate,page_close,video,discussion,wiki
0.9986359641585718,1.3787834934861753,1.792481250360578,0.0,0.9182958340544896,0.863120568566631,0.0
