problem,access,navigate,page_close,video,discussion,wiki
1.5954618442383217,3.530211950247993,2.4116022179746714,3.447401504705915,2.8423709931771093,1.8514650936774997,0
