problem,access,navigate,page_close,video,discussion,wiki
3.4700521619793836,4.096995819566872,3.125,3.914465097233865,0,3.18972830258175,0.0
