problem,access,navigate,page_close,video,discussion,wiki
2.3491733392255747,2.615866898896298,2.0464393446710156,2.7272170014624826,1.0,1.1660870601063933,0.0
