problem,access,navigate,page_close,video,discussion,wiki
2.5531714940844163,3.1348660580382064,2.5243974703476995,2.50558726169826,0,2.321928094887362,0
