problem,access,navigate,page_close,video,discussion,wiki
1.4218794424287755,2.939816156617675,1.584962500721156,0.0,0.0,1.9182958340544896,0
