problem,access,navigate,page_close,video,discussion,wiki
1.63388510805221,1.9409635397280511,2.046439344671015,0,1.5487949406953985,0.8112781244591328,0
