problem,access,navigate,page_close,video,discussion,wiki
1.4488156357251847,1.8061656006760192,1.4591479170272448,1.0,1.8464393446710154,0,0
