problem,access,navigate,page_close,video,discussion,wiki
0,2.483006780520075,1.0,2.2322628970242686,1.9182958340544893,0,0
