problem,access,navigate,page_close,video,discussion,wiki
3.0856383474660536,3.4832864989702754,3.260891110799899,3.6377809392987612,3.45805371438544,2.0005946391181317,1.1488348542809166
