problem,access,navigate,page_close,video,discussion,wiki
0,3.5854691022094496,3.1556390622295662,3.576886286122407,3.398242691024846,1.2448406699719212,0
