problem,access,navigate,page_close,video,discussion,wiki
3.145965896537631,3.7628855270789114,3.0,3.59115693488008,3.1724886805569144,1.8262452584026092,0
