problem,access,navigate,page_close,video,discussion,wiki
0,2.3949645376549995,2.1709505944546685,2.660673233416842,1.142296097878374,0.0,0
