problem,access,navigate,page_close,video,discussion,wiki
1.9407485104234266,2.8340903805492434,3.8199586055230994,2.321928094887362,0,3.3771248372490072,0.0
