problem,access,navigate,page_close,video,discussion,wiki
0,2.6328318567489233,2.682588730501833,2.548794940695399,0,0.0,0
