problem,access,navigate,page_close,video,discussion,wiki
0.0,2.311278124459133,1.9219280948873623,2.0588138903312014,0.0,1.4713544870139292,0
