problem,access,navigate,page_close,video,discussion,wiki
1.2987949406953985,3.272834136780765,3.1060480954183274,3.2661215907276224,2.5306390622295662,0.9910760598382222,0
