problem,access,navigate,page_close,video,discussion,wiki
1.0,1.2363864108712894,1.5726236638951638,0.954434002924965,1.3221793455166666,0.0,0.0
