problem,access,navigate,page_close,video,discussion,wiki
0,1.938708497286834,1.9182958340544896,1.5,1.7924812503605778,0,0
