problem,access,navigate,page_close,video,discussion,wiki
1.8148493701198407,2.382934545702362,0.9182958340544896,2.1258145836939115,2.334209459448049,1.5,0
