problem,access,navigate,page_close,video,discussion,wiki
0,2.5820644602214755,2.5073801024236357,2.054585169337799,1.6493974703476995,0.9182958340544896,0.0
