problem,access,navigate,page_close,video,discussion,wiki
0,3.761114577791125,3.440070116549512,4.071854365656767,3.125,3.833914115559335,0
