problem,access,navigate,page_close,video,discussion,wiki
0,2.0758692966977272,0.0,2.2295739585136225,2.1709505944546685,0.0,0.0
