problem,access,navigate,page_close,video,discussion,wiki
0.9182958340544896,3.4124145846972675,1.584962500721156,2.2062389286533897,2.1709505944546685,0,0
