problem,access,navigate,page_close,video,discussion,wiki
0.9709505944546686,1.0957952550009336,0.0,1.3709505944546687,1.4591479170272448,0,0
