problem,access,navigate,page_close,video,discussion,wiki
0.0,1.3000881931170716,4.023786436396811,1.0219280948873624,0.0,4.050625649862816,3.039148671903071
