problem,access,navigate,page_close,video,discussion,wiki
1.5566567074628228,2.418722908066561,2.877220922856673,2.102187170949333,1.5,0.2351933818192415,0.0
