problem,access,navigate,page_close,video,discussion,wiki
0.0,3.2935673619524595,1.9591479170272446,3.359879028736861,3.0151390045092366,1.2651680569341983,0.0
