problem,access,navigate,page_close,video,discussion,wiki
0.9709505944546686,3.1684539577019213,2.3685225277282065,1.0,1.0,0.7219280948873623,0
