problem,access,navigate,page_close,video,discussion,wiki
0.874362043631072,0.8451064151274781,1.5,1.061278124459133,0.0,0.0,0
