problem,access,navigate,page_close,video,discussion,wiki
2.471843277974793,2.551725313260156,1.9237949406953987,2.47450498810543,2.4162795443213496,0.0,0.0
