problem,access,navigate,page_close,video,discussion,wiki
2.2008648069344074,2.4734001378081967,2.573557262275185,2.767375797816041,2.477095495955816,1.3605273114437082,0.0
