problem,access,navigate,page_close,video,discussion,wiki
0,2.1508713301867597,1.9219280948873623,0.9709505944546686,1.7712589600219495,0.0,0.0
