problem,access,navigate,page_close,video,discussion,wiki
0,2.1632156925345845,2.744498451560163,1.9609640474436814,0.0,0.9780155566622415,0.7219280948873623
