problem,access,navigate,page_close,video,discussion,wiki
3.10282849340791,3.5197241714129603,3.210589693098158,3.5573222436183705,3.168232893338811,1.7195538283221254,2.1747379196765606
