problem,access,navigate,page_close,video,discussion,wiki
0,1.4964210202672685,1.0,1.610577243331642,1.3567796494470397,0,0
