problem,access,navigate,page_close,video,discussion,wiki
2.2506754284742967,2.084534300268012,1.4488156357251847,1.3516441151533924,2.218437210664321,2.1219280948873624,0.0
