problem,access,navigate,page_close,video,discussion,wiki
1.3250112108241772,1.4277254052800654,1.5,1.3221793455166666,1.5156546557441943,0.7642045065086203,0
