problem,access,navigate,page_close,video,discussion,wiki
2.3826831892554923,3.40258517215079,2.40400975732486,3.452819531114783,3.4357474309724445,2.536608254391499,0
