problem,access,navigate,page_close,video,discussion,wiki
0.0,2.4394287968209865,3.463465189601647,2.058813890331201,1.584962500721156,3.4201864771792514,0
