problem,access,navigate,page_close,video,discussion,wiki
2.5219007036254983,3.4126815422922614,2.855279393101204,2.063458298648303,3.083074189428569,2.952819531114783,0
