problem,access,navigate,page_close,video,discussion,wiki
0,1.573330641443176,1.5545851693377997,1.5,1.7884504573082893,0.0,0.0
