problem,access,navigate,page_close,video,discussion,wiki
0.0,3.8064985287918303,2.6416041678685933,2.807354922057604,1.584962500721156,1.5545851693377997,0
