problem,access,navigate,page_close,video,discussion,wiki
0,2.1180782093497093,2.52473261568954,2.1492553971685,1.75,0.3372900666170139,1.0
