problem,access,navigate,page_close,video,discussion,wiki
1.675143246409987,1.9954744889643141,1.8423709931771088,0.0,1.5,0.0,0.0
