problem,access,navigate,page_close,video,discussion,wiki
0.9949848281859701,2.229276105529201,1.5566567074628228,1.5,0.0,0,0
