problem,access,navigate,page_close,video,discussion,wiki
0,2.057937065224321,1.1488348542809166,2.117492461184755,1.474041717473638,1.5774062828523454,0
