problem,access,navigate,page_close,video,discussion,wiki
0,1.9932428427267515,2.208196592277087,2.345851989338261,1.0,0.9182958340544896,0.0
