problem,access,navigate,page_close,video,discussion,wiki
1.9549282163988413,2.720550283679581,2.355388542207534,0.0,2.0,0.0,0.0
