problem,access,navigate,page_close,video,discussion,wiki
0.0,3.1674975380287806,2.112585390635543,3.2880192802796886,3.101508755867878,1.4430310852668264,0.0
