problem,access,navigate,page_close,video,discussion,wiki
0.8865703508911296,1.6479181946455819,0.5916727785823275,0.9182958340544896,0.7219280948873623,1.280672129520887,0.0
