problem,access,navigate,page_close,video,discussion,wiki
0,3.0091255469473577,2.4419235206010987,3.381580488309164,2.251629167387823,0.0,1.0
