problem,access,navigate,page_close,video,discussion,wiki
0.0,1.4471919205656705,1.9219280948873623,2.2607845582978525,1.9591479170272448,0.0,0.0
