problem,access,navigate,page_close,video,discussion,wiki
0,0.6722948170756379,2.4066663167406888,0.5916727785823275,0.8112781244591328,1.6375861407925898,0
