problem,access,navigate,page_close,video,discussion,wiki
0.0,2.6092386588026435,0.5916727785823275,1.836591668108979,1.9182958340544893,0.0,0.0
