problem,access,navigate,page_close,video,discussion,wiki
0.0,3.1180655465353526,3.5026831892554915,3.0308587866673657,2.301188164002485,1.8423709931771084,1.584962500721156
