problem,access,navigate,page_close,video,discussion,wiki
0,2.2806390622295662,1.9182958340544893,1.6644977792004614,0.7219280948873623,0,0
