problem,access,navigate,page_close,video,discussion,wiki
0.0,1.4353713907745331,0.8112781244591328,0.0,0,1.6137149724283613,0
