problem,access,navigate,page_close,video,discussion,wiki
1.2895281606953652,2.1513636691975435,1.4591479170272446,1.6140054628542202,2.0182155146751493,1.0,0.0
