problem,access,navigate,page_close,video,discussion,wiki
0.6193821946787638,2.495088105562465,1.792481250360578,2.146782221599798,2.2609811810172245,1.468090781663233,0
