problem,access,navigate,page_close,video,discussion,wiki
0,2.3904782287596094,0.9182958340544896,2.4789990674205957,2.440223928941852,0.9709505944546686,0
