problem,access,navigate,page_close,video,discussion,wiki
1.4462115340503299,1.2576262380747258,1.5219280948873621,1.4353713907745331,1.4365455520910289,1.3787834934861753,0
