problem,access,navigate,page_close,video,discussion,wiki
2.1833830982290134,2.444791893575054,1.0,1.584962500721156,2.2813172094432983,0,0
