problem,access,navigate,page_close,video,discussion,wiki
0,1.769742378465751,1.198192411043098,1.8339272176418304,0,0.7219280948873623,0.0
