problem,access,navigate,page_close,video,discussion,wiki
0.5225593745369408,2.668526604391544,2.725480556997868,1.5,0.0,0,0
