problem,access,navigate,page_close,video,discussion,wiki
0.0,2.365596230357602,2.584962500721156,2.521640636343318,1.0,2.0225797618424917,0
