problem,access,navigate,page_close,video,discussion,wiki
1.4833557549816876,1.9274521054244969,1.295461844238322,0.0,1.903967813087766,0.0,0.0
