problem,access,navigate,page_close,video,discussion,wiki
0,1.5736606896881862,1.6493974703476995,1.5,1.5219280948873621,0.0,0.0
