problem,access,navigate,page_close,video,discussion,wiki
1.2799376545731964,2.234187201382476,1.3250112108241772,0.0,1.8710191208788403,0,0.0
