problem,access,navigate,page_close,video,discussion,wiki
1.2406705316766886,2.705390682190956,2.1054105870684143,0,2.2841837197791888,1.9412451922921392,0
