problem,access,navigate,page_close,video,discussion,wiki
0,1.9431095461522085,1.3516441151533924,1.9592989105296892,1.7609640474436812,1.0971245697587872,0
