problem,access,navigate,page_close,video,discussion,wiki
0.9864267287308424,1.5991455775558425,1.5,1.9182958340544896,1.1567796494470395,0.954434002924965,0
