problem,access,navigate,page_close,video,discussion,wiki
1.1488348542809166,2.5860857878938246,2.5,2.7152088061657307,1.836591668108979,1.4854752972273344,0
