problem,access,navigate,page_close,video,discussion,wiki
2.364101032456526,3.0391770157330638,3.0,3.0037016960573486,2.5834360027897394,0.9852281360342516,0
