problem,access,navigate,page_close,video,discussion,wiki
3.954855726748472,4.6000426483659105,3.732449797713433,4.220569694652005,4.598209263544128,4.4398821313781145,0.0
