problem,access,navigate,page_close,video,discussion,wiki
1.584962500721156,2.927740976232937,2.8225797618424915,1.0,0.0,2.871789347288105,0
