problem,access,navigate,page_close,video,discussion,wiki
1.236032213759607,1.531502701188372,1.7527152789797047,1.9015064025015058,1.4591479170272446,0,0
