problem,access,navigate,page_close,video,discussion,wiki
0.8212809417449863,1.1981174211304033,0,0.0,0.9709505944546686,0.0,0
