problem,access,navigate,page_close,video,discussion,wiki
1.3709505944546687,2.494779425349366,1.9502120649147465,2.278959443322995,2.1971597234241496,0.0,0
