problem,access,navigate,page_close,video,discussion,wiki
1.0,1.7758589482446405,1.3787834934861753,2.113283334294875,1.0,0.0,0
