problem,access,navigate,page_close,video,discussion,wiki
0.9784493292686189,2.6631926409894078,2.861192552331381,2.5468030689968533,2.1556390622295662,0.0,0
