problem,access,navigate,page_close,video,discussion,wiki
0.9456603046006402,2.231271925293061,1.5683164932728872,2.2440023609996653,2.0892446619882707,0.5916727785823275,1.0
