problem,access,navigate,page_close,video,discussion,wiki
1.198192411043098,2.8698629228028905,2.1971597234241496,0.0,0,0.0,0
