problem,access,navigate,page_close,video,discussion,wiki
2.532593806533559,3.2922471351773357,2.208408714297722,2.6464393446710157,3.2310094448161117,2.7897384340680795,0
