problem,access,navigate,page_close,video,discussion,wiki
1.0,1.2474241244334552,0.9182958340544896,1.6854752972273344,1.0,0.0,0.0
