problem,access,navigate,page_close,video,discussion,wiki
0,1.8372240546908327,1.3342094594480487,0.0,0.863120568566631,0.0,0.0
