problem,access,navigate,page_close,video,discussion,wiki
2.4744942006037514,2.5145109106749266,2.851149423893033,2.66329080817766,2.641084980573949,0,0
