problem,access,navigate,page_close,video,discussion,wiki
1.7526131408909118,2.7401294141999335,2.6393538721672014,2.3938299736093454,2.197159723424149,1.855388542207534,0.8112781244591328
