problem,access,navigate,page_close,video,discussion,wiki
0,2.019973094021975,1.792481250360578,2.049452072789394,1.6644977792004612,0,0
