problem,access,navigate,page_close,video,discussion,wiki
1.469542919771371,1.3830637132486205,0.5435644431995964,1.5709505944546684,1.4591479170272448,0,0
