problem,access,navigate,page_close,video,discussion,wiki
1.4355205042826666,2.211764904417689,2.751629167387823,0,0,0.9182958340544896,0
