problem,access,navigate,page_close,video,discussion,wiki
0,1.7047668562193676,1.4854752972273344,1.7381493331928661,0.0,0,0
