problem,access,navigate,page_close,video,discussion,wiki
0,2.268472751631122,1.6729330318733675,1.9219280948873623,0.0,1.0,0.9182958340544896
