problem,access,navigate,page_close,video,discussion,wiki
0.6722948170756379,2.4407908439887827,0.8812908992306927,0,0,0,0
