problem,access,navigate,page_close,video,discussion,wiki
0.0,2.6543154058995335,2.5046934208291405,1.4056390622295665,1.5219280948873621,0.0,0
