problem,access,navigate,page_close,video,discussion,wiki
0.8656939941993218,2.25,2.0381596816459533,2.2359263506290326,1.0,0.0,0.0
