problem,access,navigate,page_close,video,discussion,wiki
0.0,0.8503259045049341,1.5566567074628228,1.0389205950315936,1.061278124459133,0.0,0
