problem,access,navigate,page_close,video,discussion,wiki
1.3062727366393865,3.1920148728656876,2.5211274733371867,2.0419460322060456,1.9219280948873623,1.830214171482153,0.0
