problem,access,navigate,page_close,video,discussion,wiki
0.5032583347756457,2.839775539645508,1.0,2.9139770731827523,2.3685225277282065,0,0
