problem,access,navigate,page_close,video,discussion,wiki
1.7179388983351962,2.407591129786537,2.321928094887362,2.4827347174280896,0.9933927290103626,0.6665783579949205,0
