problem,access,navigate,page_close,video,discussion,wiki
0.9709505944546686,2.688054690915721,1.5219280948873621,2.702819531114783,2.6258145836939115,0.9182958340544896,0
