problem,access,navigate,page_close,video,discussion,wiki
1.2987949406953985,3.2891502051477812,3.192380602454975,2.314742335751668,2.4240819324382246,0.9402859586706311,0.0
