problem,access,navigate,page_close,video,discussion,wiki
1.2364677957583912,3.975539896743032,2.9587392367893894,1.0,3.301804026733389,0.39124356362925566,1.0
