problem,access,navigate,page_close,video,discussion,wiki
1.4056390622295665,2.292481250360578,1.3709505944546687,1.0,0,0.0,0.0
