problem,access,navigate,page_close,video,discussion,wiki
0.0,1.3527241956246545,0.8112781244591328,1.7527152789797045,1.6767370300521325,0,0.0
