problem,access,navigate,page_close,video,discussion,wiki
0,2.0998625053956435,2.725480556997868,2.1556390622295662,0,1.4618381992568745,0.0
