problem,access,navigate,page_close,video,discussion,wiki
1.0,3.590301744942941,3.243300368538958,3.5597359842163034,3.2841837197791883,1.432983121056005,1.0
