problem,access,navigate,page_close,video,discussion,wiki
0.930586129131993,1.5304930567574826,2.0989295636909353,0.0,0.0,0,0
