problem,access,navigate,page_close,video,discussion,wiki
2.1915745244315845,3.4752150106913513,3.408694969562842,3.6088424830641026,3.3496929689578714,2.0219839599841714,0.0
