problem,access,navigate,page_close,video,discussion,wiki
3.7878789399171984,4.126995271454848,3.633974075997158,4.21123599838789,3.9174021397532917,2.974937501201927,0.0
