problem,access,navigate,page_close,video,discussion,wiki
0,1.5727041415453689,0.5435644431995964,1.991571439586909,1.805036532577266,0,0
