problem,access,navigate,page_close,video,discussion,wiki
1.1897319168207328,1.2098003386604828,0.9709505944546686,1.5058231002082845,1.3221793455166666,0.0,0
