problem,access,navigate,page_close,video,discussion,wiki
1.9060013290178117,2.4917410294938196,2.292481250360578,0.0,0.0,1.3709505944546687,0
