problem,access,navigate,page_close,video,discussion,wiki
1.5126447478210652,3.363734363399759,1.9219280948873623,3.0129665265669683,2.4749525415173124,0,0
