problem,access,navigate,page_close,video,discussion,wiki
0,1.8638263900908159,1.6140054628542202,1.224394445405986,1.0,0.0,0
