problem,access,navigate,page_close,video,discussion,wiki
0.9182958340544896,2.907371614978873,2.1280852788913944,2.907339261173482,2.7138151514246736,0,0
