problem,access,navigate,page_close,video,discussion,wiki
3.580344732445973,4.022050254911468,3.1230732264361456,2.8553885422075336,3.5783048773131343,0.0,0
