problem,access,navigate,page_close,video,discussion,wiki
0.9182958340544896,1.7176856953872668,1.7527152789797047,1.6960736118322672,0.8112781244591328,0.9927744539878084,0.0
