problem,access,navigate,page_close,video,discussion,wiki
3.4325666119404974,3.5935744918553354,2.972067094075591,3.6944727892051175,3.2303567055024636,0.9709505944546686,0.0
