problem,access,navigate,page_close,video,discussion,wiki
0,2.4825925092654466,1.4237949406953985,1.584962500721156,1.0,0,0
