problem,access,navigate,page_close,video,discussion,wiki
1.7546610243755525,3.548057833199136,2.1168565149190144,3.2917865878785486,3.418032833976211,1.4901944396527276,2.0
