problem,access,navigate,page_close,video,discussion,wiki
0.9910760598382222,1.896240625180289,2.186704345910025,2.321928094887362,0.0,2.0682426221292234,0
