problem,access,navigate,page_close,video,discussion,wiki
2.2814249385966776,2.434196946695718,1.584962500721156,0.9182958340544896,0.0,1.5485806065228545,0
