problem,access,navigate,page_close,video,discussion,wiki
0,2.584962500721156,3.085055102756477,2.321928094887362,2.321928094887362,0.0,0
