problem,access,navigate,page_close,video,discussion,wiki
0.9709505944546686,2.383532295170392,2.5219280948873624,2.6159835655819164,2.467720100474499,0,0
