problem,access,navigate,page_close,video,discussion,wiki
0.7793498372920852,3.2485293271285753,1.9182958340544896,1.7924812503605778,2.3219280948873626,0,0
