problem,access,navigate,page_close,video,discussion,wiki
1.8339272176418302,3.1839667556155535,2.321928094887362,3.4441009888701273,3.384183719779189,1.7574839898128802,0.0
