problem,access,navigate,page_close,video,discussion,wiki
0.9113423759758417,2.365987743474797,0.37123232664087563,2.1690766114092233,1.8390343235579991,0,0.0
