problem,access,navigate,page_close,video,discussion,wiki
1.400212255886815,2.7568877893280015,2.7806390622295662,2.038159681645953,1.780672129520887,0.0,0
