problem,access,navigate,page_close,video,discussion,wiki
2.4019634625507575,3.2825580485721715,2.8522170014624826,3.0216148719112956,2.2783518117113117,0.863120568566631,0.0
