problem,access,navigate,page_close,video,discussion,wiki
2.0682079573374264,3.337887005787258,3.1403611636984845,2.592826118980925,3.158294658787754,2.193444818985123,0
