problem,access,navigate,page_close,video,discussion,wiki
0,1.3838077354640828,1.4591479170272448,1.0,1.0,0.7642045065086203,0.6500224216483541
