problem,access,navigate,page_close,video,discussion,wiki
0.9940302114769565,2.254301088598707,1.2916919971380594,1.0,0.0,0.0,0.0
