problem,access,navigate,page_close,video,discussion,wiki
0.0,1.8955056206115384,1.9502120649147465,1.3787834934861753,0.7219280948873623,1.6105772433316423,0
