problem,access,navigate,page_close,video,discussion,wiki
1.3216069583883467,2.432230155485536,3.5464393446710156,2.1556390622295662,0.0,3.4111727591579166,0
