problem,access,navigate,page_close,video,discussion,wiki
0.9819407868640977,0.9980008838722996,1.9219280948873623,0,0,0,0
