problem,access,navigate,page_close,video,discussion,wiki
0.0,2.103414639559314,1.5219280948873621,2.199687794731328,1.5,0,0
