problem,access,navigate,page_close,video,discussion,wiki
2.4459689815113723,2.8177418094644775,1.9219280948873623,2.8389205950315937,1.8423709931771084,0.6193821946787638,0
