problem,access,navigate,page_close,video,discussion,wiki
0,2.6033743919649512,0.9182958340544896,2.3158243335257076,2.521928094887362,0,0
