problem,access,navigate,page_close,video,discussion,wiki
0.0,0.7950402793845223,0.8112781244591328,0.6840384356390417,0.6500224216483541,0.74959525725948,1.0
