problem,access,navigate,page_close,video,discussion,wiki
0.8497511372532974,2.4407738755863946,0.9182958340544896,2.4294945204514447,2.3893643477641704,0,0
