problem,access,navigate,page_close,video,discussion,wiki
0,1.922023142851573,1.6729330318733675,1.9219280948873623,1.5,0,0.0
