problem,access,navigate,page_close,video,discussion,wiki
3.388576665604752,3.3763974722511727,1.9523612813926658,0.9182958340544896,2.4182958340544896,1.9182958340544893,0
