problem,access,navigate,page_close,video,discussion,wiki
0.5916727785823275,2.5942940019453165,2.7534343861887844,2.6497944620435705,2.498929563690935,1.2516291673878228,0.0
