problem,access,navigate,page_close,video,discussion,wiki
0.0,2.2148122248598647,1.9182958340544893,2.125814583693911,0.5916727785823275,0.0,0.9182958340544896
