problem,access,navigate,page_close,video,discussion,wiki
1.273164184711315,2.056084111297435,2.6986604604011157,1.9219280948873623,0,0,0.9182958340544896
