problem,access,navigate,page_close,video,discussion,wiki
1.0,2.1499844950373648,1.584962500721156,2.1258145836939115,0.9182958340544896,0.0,0
