problem,access,navigate,page_close,video,discussion,wiki
1.584962500721156,2.082805767286353,2.188721875540867,2.0913438507948,2.1556390622295662,1.4056390622295665,0.0
