problem,access,navigate,page_close,video,discussion,wiki
1.5566567074628228,2.743717245590242,2.6556390622295662,2.6057051809532723,2.270942421748537,1.2516291673878228,0.0
