problem,access,navigate,page_close,video,discussion,wiki
0.954434002924965,2.214700801125745,0.8112781244591328,2.4591479170272446,2.0,0.0,0
