problem,access,navigate,page_close,video,discussion,wiki
2.020727779800787,2.440253700023253,2.4116022179746714,2.596562933685132,2.493283939219346,0.0,0.0
