problem,access,navigate,page_close,video,discussion,wiki
0.0,2.284560633641686,2.251629167387823,2.288019280279689,1.0,0,0
