problem,access,navigate,page_close,video,discussion,wiki
0.6500224216483541,2.1296160304053715,2.687412932462732,2.427663442081703,2.054585169337799,1.9547140435081158,0.7219280948873623
