problem,access,navigate,page_close,video,discussion,wiki
1.9942994759573032,2.154721399493004,2.25,2.2037201229354646,1.6137129703673825,0.7642045065086203,0
