problem,access,navigate,page_close,video,discussion,wiki
2.324889451733241,3.191769878633781,2.222191575506678,3.043908894176529,2.866247897312731,1.219240704636849,0.0
