problem,access,navigate,page_close,video,discussion,wiki
0.0,2.2261207468426805,1.8910611120726528,2.043057694064253,1.2516291673878228,0.9709505944546686,0.0
