problem,access,navigate,page_close,video,discussion,wiki
0.9994110647387553,2.7742700980523236,1.924174352300441,0.9182958340544896,0,0.9182958340544896,0.0
