problem,access,navigate,page_close,video,discussion,wiki
0.8112781244591328,2.0631476525031034,1.4488156357251847,2.1770076709572614,2.0042859090703913,0.7219280948873623,0
