problem,access,navigate,page_close,video,discussion,wiki
1.4956321302677145,2.505123044017255,1.3709505944546687,2.6565647621309543,2.4591479170272446,0,0
