problem,access,navigate,page_close,video,discussion,wiki
1.5,1.0408520829727552,0.0,1.1567796494470395,0.9182958340544896,0,0
