problem,access,navigate,page_close,video,discussion,wiki
1.5793916039698068,2.037652932199318,1.5744174271404585,2.2335169794023564,2.186704345910025,0.0,0
