problem,access,navigate,page_close,video,discussion,wiki
1.9793982397325118,2.0915575756797056,2.2031730604706414,2.0731801407520836,1.3571967823587612,0.863120568566631,1.584962500721156
