problem,access,navigate,page_close,video,discussion,wiki
0.0,3.2962179471540556,2.25,3.5225715891363594,3.0062389286533895,0,0
