problem,access,navigate,page_close,video,discussion,wiki
0.7219280948873623,1.5774062828523454,1.4488156357251847,1.5,1.1488348542809166,0,0.0
