problem,access,navigate,page_close,video,discussion,wiki
3.2530013912443296,3.6162557987542074,2.5546097612655667,3.606015279620733,2.1556390622295662,2.3564761486778165,0
