problem,access,navigate,page_close,video,discussion,wiki
0.9182958340544896,0.9886994082884974,0.9182958340544896,1.188721875540867,0.6500224216483541,0,0
