problem,access,navigate,page_close,video,discussion,wiki
0.9182958340544896,3.262717099896123,1.5219280948873621,3.339572261986723,3.4464393446710155,0.0,0
