problem,access,navigate,page_close,video,discussion,wiki
0.0,1.861476859389223,1.9219280948873623,1.9746017527145814,1.8365916681089791,0,0
