problem,access,navigate,page_close,video,discussion,wiki
1.958542981880303,2.3761271824376378,1.5219280948873621,2.4037711312818235,2.1492553971685,0,0
