problem,access,navigate,page_close,video,discussion,wiki
2.475365272149756,3.109939305223162,2.6600216175235283,3.1126876961765433,3.202851697141272,0.7219280948873623,0
