problem,access,navigate,page_close,video,discussion,wiki
0.9182958340544896,1.9889457116604845,1.1567796494470395,2.4326198263535628,2.35274578087187,0.9182958340544896,0.0
