problem,access,navigate,page_close,video,discussion,wiki
0,1.923794940695399,2.2516291673878226,1.895461844238322,0,0,0
