problem,access,navigate,page_close,video,discussion,wiki
0.0,0.946372935985442,1.5304930567574826,1.5487949406953985,0.9182958340544896,1.0863128407412879,0.0
