problem,access,navigate,page_close,video,discussion,wiki
0,3.5330541059845,0.8112781244591328,3.5944656369614525,2.8453509366224368,0.0,0
