problem,access,navigate,page_close,video,discussion,wiki
2.754459519979362,4.20555998176933,3.0786968760216378,3.9772049072010347,4.057189765710266,3.452659063072086,0.0
