problem,access,navigate,page_close,video,discussion,wiki
3.211506586450989,3.4098777382657883,2.355388542207534,2.949713552728242,2.5102415025019114,1.6854752972273346,0
