problem,access,navigate,page_close,video,discussion,wiki
0.6235702082127974,1.863120568566631,1.6644977792004612,2.1251916859008166,1.9211854965885542,0.8739810481273578,0.0
