problem,access,navigate,page_close,video,discussion,wiki
0.0,1.3249692858267146,1.5219280948873621,1.7841591278514217,0.8112781244591328,0,0
