problem,access,navigate,page_close,video,discussion,wiki
0.0,2.3811986458239143,1.3709505944546687,2.41896119556797,1.75,1.2309595631140104,0.0
