problem,access,navigate,page_close,video,discussion,wiki
0.0,2.048794940695399,1.0,2.2312702546075758,1.5219280948873621,0,0
