problem,access,navigate,page_close,video,discussion,wiki
0,0.863120568566631,2.1180782093497093,0,0,1.8654371053199075,0.0
