problem,access,navigate,page_close,video,discussion,wiki
0.9774178175281716,1.4536935535296664,0.8112781244591328,0.0,0.0,0.0,0
