problem,access,navigate,page_close,video,discussion,wiki
0.0,1.9854752972273344,2.0,1.4488156357251847,1.2987949406953985,0,0
