problem,access,navigate,page_close,video,discussion,wiki
1.419556298571613,2.598186431313851,2.584962500721156,1.0,0.0,1.086987702339905,0
