problem,access,navigate,page_close,video,discussion,wiki
1.1495728712492275,2.2439427079182686,0.9182958340544896,0.0,0.0,0.0,0
