problem,access,navigate,page_close,video,discussion,wiki
2.5258536510551104,3.21898544500638,3.2181288207064678,0.0,1.4591479170272448,0.6219041416291193,1.4591479170272448
