problem,access,navigate,page_close,video,discussion,wiki
1.4488156357251847,2.417248810888447,2.771857196337515,2.586453306130082,2.1492553971685,0.6840384356390417,0.0
