problem,access,navigate,page_close,video,discussion,wiki
0.74959525725948,2.5993485275855766,2.75,1.0,0.8112781244591328,1.3709505944546687,0
