problem,access,navigate,page_close,video,discussion,wiki
1.3709505944546687,2.14229100788609,2.0670314951575843,2.180387732845587,1.0,0.0,0
