problem,access,navigate,page_close,video,discussion,wiki
0.0,2.7040841030988747,2.0403733936884962,2.5514028023326767,1.8464393446710154,1.83748482971194,0
