problem,access,navigate,page_close,video,discussion,wiki
1.5219280948873621,2.658017452527871,2.2516291673878226,2.687532047384876,2.1029334343823503,0,0
