problem,access,navigate,page_close,video,discussion,wiki
1.3634799195024832,2.4068769450837015,2.503258334775646,3.086048612313038,1.584962500721156,0.0,0
