problem,access,navigate,page_close,video,discussion,wiki
2.575966485831147,3.3426167248614314,3.4377648749912244,3.3603820666754634,3.0994364124846885,3.3936210908366724,0.0
