problem,access,navigate,page_close,video,discussion,wiki
0,1.9220231428515733,1.5219280948873621,1.8423709931771084,0,0,0
