problem,access,navigate,page_close,video,discussion,wiki
1.7924812503605778,2.5539274293775214,1.0,2.592850131858461,2.197159723424149,0,0
