problem,access,navigate,page_close,video,discussion,wiki
0.6500224216483541,2.0741647430225756,1.75,1.0,0.0,0.9370927081530444,0
