problem,access,navigate,page_close,video,discussion,wiki
0,2.1055872616982603,1.7924812503605778,1.4591479170272448,1.584962500721156,0,0.0
