problem,access,navigate,page_close,video,discussion,wiki
0.9055872616982603,2.2810361125534238,1.0,1.9182958340544896,0.9182958340544896,0,0
