problem,access,navigate,page_close,video,discussion,wiki
0.5547781633412736,1.5952650782644524,1.781937063546704,1.5506924959401651,1.2776134368191154,0.9182958340544896,0.0
