problem,access,navigate,page_close,video,discussion,wiki
0.9514214689660135,1.6686681363951652,2.2359263506290326,2.080500530640267,1.4604846813131116,0,0
