problem,access,navigate,page_close,video,discussion,wiki
0,2.2464393446710154,2.5216406363433186,2.6464393446710153,2.2516291673878226,0,0
