problem,access,navigate,page_close,video,discussion,wiki
1.729858710248523,2.5780319841627906,2.5,2.819957898557147,1.5709505944546687,0.8453509366224365,1.5
