problem,access,navigate,page_close,video,discussion,wiki
0.7219280948873623,1.4604846813131116,0.0,1.3787834934861753,1.5,0,0
