problem,access,navigate,page_close,video,discussion,wiki
2.2359263506290326,2.4076661213957635,1.8910611120726526,2.4062493277582755,2.0306390622295662,0.0,0.0
