problem,access,navigate,page_close,video,discussion,wiki
1.4677244225937902,2.0821427344795653,2.1280852788913944,1.4891353321499974,0,0.0,0.0
