problem,access,navigate,page_close,video,discussion,wiki
0.0,2.4305946180235427,2.1556390622295662,2.663532754804255,1.9219280948873623,0,0
