problem,access,navigate,page_close,video,discussion,wiki
0.0,1.1913640615027208,1.4056390622295665,0.39124356362925566,0.4689955935892812,0,0
