problem,access,navigate,page_close,video,discussion,wiki
1.8369179809003282,2.7726197720094197,2.40400975732486,2.8016094970590277,2.105500426408911,2.6014921401907882,0
