problem,access,navigate,page_close,video,discussion,wiki
0,1.3382689280764646,2.2810361125534238,1.584962500721156,1.0,2.360964047443681,0
