problem,access,navigate,page_close,video,discussion,wiki
0,2.2480300577957406,3.0957952550009344,2.2128639637770497,1.1400677626718572,2.340875255702733,0
