problem,access,navigate,page_close,video,discussion,wiki
0,2.039353872167201,0,1.9570531047910042,1.6469666682736497,0,0
