problem,access,navigate,page_close,video,discussion,wiki
0.9182958340544896,0.8451064151274781,1.3328204045850196,0.41381685030363374,1.2987949406953985,0.0,0.0
