problem,access,navigate,page_close,video,discussion,wiki
0.6500224216483541,2.269617409804003,1.0957952550009336,2.385473855828761,1.9852281360342514,0.0,0.0
