problem,access,navigate,page_close,video,discussion,wiki
0.4394969869215134,1.5566567074628228,0.9182958340544896,1.584962500721156,0,0.7219280948873623,0
