problem,access,navigate,page_close,video,discussion,wiki
3.1113177159632635,3.029080706068807,2.794653473544342,2.860026040729018,0,1.901506402501506,0
