problem,access,navigate,page_close,video,discussion,wiki
0.0,1.3328204045850196,1.0,1.6577427265048887,1.4056390622295665,0,0
