problem,access,navigate,page_close,video,discussion,wiki
0,3.578626767019874,1.224394445405986,1.584962500721156,1.584962500721156,0.0,0.0
