problem,access,navigate,page_close,video,discussion,wiki
0.0,0.9790231724570174,4.762580209740622,1.573402452417767,1.040852082972755,4.840034301962337,0
