problem,access,navigate,page_close,video,discussion,wiki
0.0,1.0540157730728,1.4591479170272446,1.4911148500551856,1.0,0.0,0
