problem,access,navigate,page_close,video,discussion,wiki
0.9182958340544896,2.1767526697769197,1.5,2.2062389286533897,2.0,0,0
