problem,access,navigate,page_close,video,discussion,wiki
1.2516291673878228,3.6054871342731953,3.2437357573362,3.5169435668654394,3.027880447234184,0,1.5
