problem,access,navigate,page_close,video,discussion,wiki
1.5288018145253182,3.1106094927963195,2.199687794731328,3.12742132943338,3.09306920777189,2.298763719693305,0.0
