problem,access,navigate,page_close,video,discussion,wiki
1.951597655573916,3.4166719687657925,2.6900616179453083,3.474541147676411,3.0937996344817047,0.0,0.0
