problem,access,navigate,page_close,video,discussion,wiki
1.721928094887362,2.3091507141858907,2.881195107760607,1.9211796919474975,2.1556390622295662,1.0,0.9182958340544896
