problem,access,navigate,page_close,video,discussion,wiki
1.53012496531497,3.1296308100108927,2.6859679340356912,3.2003242510513985,2.9138244293481312,1.5219280948873621,0.0
