problem,access,navigate,page_close,video,discussion,wiki
0,1.7742333923765403,1.9182958340544896,2.1583445441575106,1.7919407507994303,0.0,0
