problem,access,navigate,page_close,video,discussion,wiki
2.082144915739044,3.069500113204875,2.2359263506290326,3.335828733140195,2.744498451560163,0,0
