problem,access,navigate,page_close,video,discussion,wiki
0,1.7295739585136223,0.9709505944546686,1.561278124459133,1.5566567074628228,0.0,0
