problem,access,navigate,page_close,video,discussion,wiki
0,2.6770427616381554,0.0,2.324862957617356,1.8676338909712122,0,0
