problem,access,navigate,page_close,video,discussion,wiki
0.9182958340544896,2.5380373825559115,1.3709505944546687,1.6767370300521325,1.2516291673878228,0.0,1.0
