problem,access,navigate,page_close,video,discussion,wiki
0.0,2.485932722286621,2.007856063692049,2.542989656179725,2.6235166412180155,0.0,0.0
