problem,access,navigate,page_close,video,discussion,wiki
1.613519734232519,3.395892525982977,2.94770277922009,2.7528553052032327,2.4591479170272446,0,0
