problem,access,navigate,page_close,video,discussion,wiki
2.8157951711087543,3.7773234615581117,2.2312702546075758,1.0,2.0,1.0,0
