problem,access,navigate,page_close,video,discussion,wiki
1.4833557549816876,2.7482936557930824,1.384431504340598,2.7287045553813236,2.3804820237218407,0.6193821946787638,0.0
