problem,access,navigate,page_close,video,discussion,wiki
1.978402689368553,3.471038542123411,2.4193819456463714,3.6147352865630547,3.3714033759355244,0,0
