problem,access,navigate,page_close,video,discussion,wiki
0.0,2.6497944620435705,1.0,2.8225797618424915,2.1556390622295662,0.0,0
