problem,access,navigate,page_close,video,discussion,wiki
2.2442722861402946,3.1222338301418158,1.9591479170272446,3.2150225230203797,2.7898980954642876,0,0
