problem,access,navigate,page_close,video,discussion,wiki
1.4353713907745331,2.6519046854832338,2.4996981431844145,2.567932811966324,2.35274578087187,0.9940302114769565,0.0
