problem,access,navigate,page_close,video,discussion,wiki
1.5262349099495225,2.8191194751808584,1.7924812503605778,0.0,0,0,0
