problem,access,navigate,page_close,video,discussion,wiki
1.3382689280764646,2.256594603759768,0.9182958340544896,2.345719283930527,2.1180782093497093,0,0
