problem,access,navigate,page_close,video,discussion,wiki
2.9009757665772855,3.9267825796782243,2.4193819456463714,2.2359263506290326,1.3709505944546687,0,0.0
