problem,access,navigate,page_close,video,discussion,wiki
0.9709505944546686,3.089517877819773,2.463366342754057,3.4701755214643453,3.182005814760214,0.0,0.0
