problem,access,navigate,page_close,video,discussion,wiki
0.0,2.5103638899003937,2.4591479170272446,2.4368670948765576,1.5794340029249652,0,0
