problem,access,navigate,page_close,video,discussion,wiki
0.9466333763705437,2.413316573279332,2.5192063271012017,0.0,0,2.0679215652997676,0.954434002924965
