problem,access,navigate,page_close,video,discussion,wiki
0.9182958340544896,2.406011843945231,1.950212064914747,2.0805005306402675,2.1180782093497093,0,0
