problem,access,navigate,page_close,video,discussion,wiki
2.934296352996949,3.6834648014433746,2.292481250360578,1.0,0,1.2406705316766886,0
