problem,access,navigate,page_close,video,discussion,wiki
0.9798687566511528,2.7322416348553427,2.556656707462823,2.8121913589143688,2.6556390622295662,0.6500224216483541,0.0
