problem,access,navigate,page_close,video,discussion,wiki
1.80331442425565,2.9369303278188843,1.75,0.0,0,1.7763318528003076,0
