problem,access,navigate,page_close,video,discussion,wiki
2.5440098745774486,3.4896353808405447,3.2535688950458055,2.4056390622295662,2.5216406363433186,0.9709505944546686,1.0
