problem,access,navigate,page_close,video,discussion,wiki
0.9182958340544896,1.47283015230032,1.0957952550009336,1.4056390622295665,0.0,0.0,0.0
