problem,access,navigate,page_close,video,discussion,wiki
1.5715416718219246,1.760495029766198,0.0,1.8423709931771086,0,0,0
