problem,access,navigate,page_close,video,discussion,wiki
1.6022537212662316,2.045841640885174,2.094856783548739,2.067740814944148,0.5032583347756457,2.036749706134853,0.0
