problem,access,navigate,page_close,video,discussion,wiki
1.4241055030202836,2.3210081221069747,2.054585169337799,0.0,1.0,0,0
