problem,access,navigate,page_close,video,discussion,wiki
0.5435644431995964,1.784159127851422,2.4116022179746714,2.321928094887362,0,1.4415964871265927,0.954434002924965
