problem,access,navigate,page_close,video,discussion,wiki
0.9182958340544896,1.6687665729286707,0.9182958340544896,1.565596230357602,1.5052408149441479,0,0
