problem,access,navigate,page_close,video,discussion,wiki
1.7884504573082893,2.900369141007438,2.260964047443681,3.010371144390621,2.7655907818868477,0.0,0.0
