problem,access,navigate,page_close,video,discussion,wiki
0.6193821946787638,1.5451531398349103,1.5219280948873621,1.4137995646056802,1.5304930567574824,0,0
