problem,access,navigate,page_close,video,discussion,wiki
1.437181403208764,2.6344614001436844,1.8380267541624737,2.7527152789797045,2.7527152789797045,0.7219280948873623,0
