problem,access,navigate,page_close,video,discussion,wiki
1.8428133542298681,2.437065831519022,2.274983599956846,2.5418767612375115,2.5342436128428614,0,0
