problem,access,navigate,page_close,video,discussion,wiki
0.0,1.5229571181374095,1.4226754683112182,0.9182958340544896,0,0.0,1.0
