problem,access,navigate,page_close,video,discussion,wiki
0.7642045065086203,1.7420763712293132,1.360964047443681,1.5744174271404583,0,2.0131324651707385,0
