problem,access,navigate,page_close,video,discussion,wiki
1.278897902987479,1.5835382325345573,1.7527152789797047,0.9182958340544896,1.1981174211304033,0,0
