problem,access,navigate,page_close,video,discussion,wiki
0,1.9977298369794543,2.125807235905091,2.321928094887362,1.0,0.9798687566511528,0
