problem,access,navigate,page_close,video,discussion,wiki
1.862821447599534,2.657264364487057,2.048794940695399,2.776210641914682,2.8511494238930326,0.0,0.0
