problem,access,navigate,page_close,video,discussion,wiki
1.3250112108241772,2.6479191505312096,2.807354922057604,2.584962500721156,0.0,0.0,0
