problem,access,navigate,page_close,video,discussion,wiki
0.9910760598382222,2.0506761416187427,1.8954618442383218,0,0.0,0,0
