problem,access,navigate,page_close,video,discussion,wiki
0.0,1.95006375643621,1.2516291673878228,1.9709505944546688,1.5,0.0,0
