problem,access,navigate,page_close,video,discussion,wiki
0.9587118829771317,3.152514838201618,2.936615883491709,3.0085507416217987,2.7579235654413843,2.194164749951081,1.5219280948873621
