problem,access,navigate,page_close,video,discussion,wiki
2.97821273777773,3.3711460520633074,1.0,3.177566232096525,2.917477963619558,0.0,0
