problem,access,navigate,page_close,video,discussion,wiki
1.5774287729134877,2.1191379894878577,2.133937566094917,0.0,0,1.0529407605626349,0
