problem,access,navigate,page_close,video,discussion,wiki
0,1.924174352300441,1.1488348542809166,1.8910611120726526,2.0,0,0
