problem,access,navigate,page_close,video,discussion,wiki
0.9819407868640977,2.000932785185867,1.0,2.2516291673878226,1.8464393446710154,0,0
