problem,access,navigate,page_close,video,discussion,wiki
1.0,1.5221898721658211,0.0,1.8352377453121174,1.3921472236645345,0,0
