problem,access,navigate,page_close,video,discussion,wiki
0,1.610577243331642,2.0,1.9609640474436814,1.9219280948873623,0,0
