problem,access,navigate,page_close,video,discussion,wiki
0.0,1.4237949406953985,1.584962500721156,1.0529815751302694,1.188721875540867,2.1836670779209113,0
