problem,access,navigate,page_close,video,discussion,wiki
0.9182958340544896,1.9836369220739454,1.0,2.2359263506290326,2.054585169337799,0,0
