problem,access,navigate,page_close,video,discussion,wiki
0.0,2.8072103113389795,2.058813890331201,3.0574760762899316,2.1280852788913944,0.7793498372920852,0
