problem,access,navigate,page_close,video,discussion,wiki
0.0,2.9772456189964305,2.299896391167891,2.7519586137292635,2.6702911516311163,0.0,0
