problem,access,navigate,page_close,video,discussion,wiki
0.8314743880097293,0.9910760598382222,1.584962500721156,0.0,0,0,0
