problem,access,navigate,page_close,video,discussion,wiki
2.8278577090140122,3.6750063180579993,3.0850551027564768,2.423794940695399,2.4056390622295662,0.0,0
