problem,access,navigate,page_close,video,discussion,wiki
0.9182958340544896,1.6219011889093373,1.0,1.5435644431995963,2.1709505944546685,0,0
