problem,access,navigate,page_close,video,discussion,wiki
1.4488156357251847,2.6482583410477263,2.1280852788913944,2.7110804962442785,2.4677201004744993,0,0
