problem,access,navigate,page_close,video,discussion,wiki
2.8507514180348394,3.0697517715683507,1.4591479170272446,2.7534111926211233,2.8000446184790095,1.62288402669508,0
