problem,access,navigate,page_close,video,discussion,wiki
1.4466479595102752,3.2532794217968335,2.699513850319966,3.3206588342592767,3.1173143543437782,1.9609640474436811,0.0
