problem,access,navigate,page_close,video,discussion,wiki
1.188721875540867,2.20208227614748,1.5919171866886992,2.297330817147107,2.209888638014727,1.0,1.0
