problem,access,navigate,page_close,video,discussion,wiki
1.3787834934861753,2.4326961481562863,1.4591479170272448,1.7924812503605778,0,1.7924812503605778,0.0
