problem,access,navigate,page_close,video,discussion,wiki
2.2295739585136225,2.5903710304928893,0.9182958340544896,2.414764949806907,2.0741647430225756,0,0
