problem,access,navigate,page_close,video,discussion,wiki
1.3382689280764644,2.2322628970242686,1.3787834934861753,1.789929075309999,1.6854752972273344,0.9182958340544896,0.0
