problem,access,navigate,page_close,video,discussion,wiki
0.9876925088958034,0.7024665512903903,0,0.8314743880097293,0.6722948170756379,0,0
