problem,access,navigate,page_close,video,discussion,wiki
0.0,1.295461844238322,0,0.8812908992306927,0.863120568566631,0.0,0
