problem,access,navigate,page_close,video,discussion,wiki
2.2574748446966866,2.6417265611816863,1.3709505944546687,2.1219280948873624,2.4834585933443494,0.0,0
