problem,access,navigate,page_close,video,discussion,wiki
2.842847820296878,3.084774854243009,2.0,2.0,2.8324402616508313,2.7545677085891436,0
