problem,access,navigate,page_close,video,discussion,wiki
0.9957274520849256,2.277357423024205,1.584962500721156,0.6500224216483541,0,0,0
