problem,access,navigate,page_close,video,discussion,wiki
0.0,2.1669431339798013,2.1180782093497093,1.0,1.6854752972273344,0,0
