problem,access,navigate,page_close,video,discussion,wiki
1.168645033308507,3.099747004457991,2.0,1.584962500721156,3.086048612313038,0.9182958340544896,0
