problem,access,navigate,page_close,video,discussion,wiki
0,0.7219280948873623,0.9910760598382222,0.6193821946787638,0,0.7382848661434506,0.0
