problem,access,navigate,page_close,video,discussion,wiki
0.6500224216483541,2.0274893113295236,1.0,0.0,0.0,0.9182958340544896,0
