problem,access,navigate,page_close,video,discussion,wiki
2.1683867697993473,2.964285991829975,1.584962500721156,1.9056390622295665,2.905307776373746,0.863120568566631,0
