problem,access,navigate,page_close,video,discussion,wiki
0.9587118829771317,1.4158209991620063,1.6068322783181097,1.3382689280764646,1.295461844238322,0,0
