problem,access,navigate,page_close,video,discussion,wiki
2.150512476701973,3.2703458242099868,2.521640636343318,0,0.0,0,0
