problem,access,navigate,page_close,video,discussion,wiki
0,1.4474519468397147,0,1.2870540281187268,1.0,0.7642045065086203,0
