problem,access,navigate,page_close,video,discussion,wiki
0.5665095065529053,2.696468026574541,2.315824333525708,2.4481020701914806,1.771782221599798,0,0
