problem,access,navigate,page_close,video,discussion,wiki
2.5459585933443494,2.573550135504634,2.2810361125534233,2.6717897106839215,1.0934255569822822,0,0
