problem,access,navigate,page_close,video,discussion,wiki
0,1.7295739585136223,0.9182958340544896,1.224394445405986,1.224394445405986,0,0
