problem,access,navigate,page_close,video,discussion,wiki
2.523231428797621,3.1195432208015927,2.064042639445697,3.1548541066775275,3.186392934223819,0.0,0.0
