problem,access,navigate,page_close,video,discussion,wiki
0.0,2.7045348998193433,1.8423709931771084,2.5220552088742005,1.9219280948873623,1.086312840741288,0
