problem,access,navigate,page_close,video,discussion,wiki
0.0,1.548565226030918,1.0,1.565596230357602,0.9182958340544896,0.0,0.0
