problem,access,navigate,page_close,video,discussion,wiki
1.924174352300441,2.9782646171904315,2.1258145836939115,2.885394422871096,2.8423709931771084,0.9182958340544896,0
