problem,access,navigate,page_close,video,discussion,wiki
1.0,1.4488156357251847,1.0957952550009336,0.9182958340544896,0.0,0.0,0
