problem,access,navigate,page_close,video,discussion,wiki
0.0,1.964783375720922,2.041946032206046,1.4056390622295665,1.6171895725927152,0.0,0.3372900666170139
