problem,access,navigate,page_close,video,discussion,wiki
0.7219280948873623,2.0430107341495627,1.7924812503605778,2.188721875540867,1.8423709931771084,0.0,0
