problem,access,navigate,page_close,video,discussion,wiki
1.974937501201927,2.1909858079115203,1.7609640474436812,2.2430743081693905,1.8339272176418302,0.7219280948873623,0.0
