problem,access,navigate,page_close,video,discussion,wiki
1.2486545206672304,2.401058322494375,1.3516441151533922,1.9182958340544893,1.5,0.0,0
