problem,access,navigate,page_close,video,discussion,wiki
1.9099782970779313,2.729906265810957,1.1488348542809166,3.0441104177484006,1.855388542207534,1.8776402831734211,0.0
