problem,access,navigate,page_close,video,discussion,wiki
2.4934313650559776,2.9921548475339943,2.653811355748633,0.7219280948873623,1.6158045319402516,1.3672635626563618,0.28639695711595625
