problem,access,navigate,page_close,video,discussion,wiki
2.5,2.7534053824488693,2.2825887305018333,2.8168345321007515,2.5,2.133529960702735,1.5
