problem,access,navigate,page_close,video,discussion,wiki
0,2.07838982472352,1.584962500721156,1.3250112108241772,1.3221793455166666,0,0
