problem,access,navigate,page_close,video,discussion,wiki
0.9774178175281716,3.328336508856536,2.6464393446710157,3.3698145760602705,3.2390979179887864,0.0,0.0
