problem,access,navigate,page_close,video,discussion,wiki
0.9709505944546686,2.7370414201791484,1.5,2.5896729250272688,2.5995812306460646,0,0
