problem,access,navigate,page_close,video,discussion,wiki
1.9037164512140086,3.8819925533997357,2.271782221599798,3.3209966173839494,2.4116022179746714,0,0
