problem,access,navigate,page_close,video,discussion,wiki
0.9886994082884974,1.6894822670191825,2.23577593064482,0,0.0,0.0,0.28639695711595625
