problem,access,navigate,page_close,video,discussion,wiki
1.2211041043430517,3.3947245742379857,3.101508755867878,2.0,0,2.2189899079232918,0.0
