problem,access,navigate,page_close,video,discussion,wiki
0.0,2.438900553901808,0.0,2.134969974603941,2.155968102145908,0,0
