problem,access,navigate,page_close,video,discussion,wiki
0,2.341876948909004,0.863120568566631,2.1866660446720374,2.197159723424149,0.0,0
