problem,access,navigate,page_close,video,discussion,wiki
1.561278124459133,2.4284930703645586,1.0,2.4885548621928453,2.4116022179746714,0,0
