problem,access,navigate,page_close,video,discussion,wiki
0.7642045065086203,2.699450017874447,2.2841591278514217,2.6122271189941757,2.4687304374117938,1.2108100261060328,0
