problem,access,navigate,page_close,video,discussion,wiki
2.203541910288262,2.288366652093353,1.3778903318832145,2.3099117858194065,2.3881395237393526,0.1792560669283215,0.9182958340544896
