problem,access,navigate,page_close,video,discussion,wiki
3.849808223810809,4.314598410611452,1.9219280948873623,3.430457025500558,4.112688638113713,3.404802979388269,0
