problem,access,navigate,page_close,video,discussion,wiki
1.8666344389709904,2.465093915250162,1.7709505944546688,2.521412877959018,2.467601311512057,0.9182958340544896,0.0
