problem,access,navigate,page_close,video,discussion,wiki
0,1.624821327228443,0.8112781244591328,1.3328204045850196,1.2987949406953985,0,0
