problem,access,navigate,page_close,video,discussion,wiki
1.4353713907745331,2.7379699194396094,2.0,2.8311127523705095,2.9796586949993205,0.9182958340544896,0.0
