problem,access,navigate,page_close,video,discussion,wiki
0.0,0.8739810481273578,0.9182958340544896,1.4911148500551858,1.2638091738835462,0,0.0
