problem,access,navigate,page_close,video,discussion,wiki
0.9852281360342516,3.033794020992213,1.617189572592715,3.350209029099897,3.0957952550009344,0,0
