problem,access,navigate,page_close,video,discussion,wiki
1.1034060205555787,2.313271108383859,2.1219280948873624,2.3242764617775693,2.1280852788913944,0,0
