problem,access,navigate,page_close,video,discussion,wiki
0.0,1.8851118186314675,0.9182958340544896,1.5655962303576019,1.4056390622295665,0,0
