problem,access,navigate,page_close,video,discussion,wiki
1.5,1.6605181583781377,1.4591479170272448,1.6703403030854325,1.7232314287976207,0.0,0.0
