problem,access,navigate,page_close,video,discussion,wiki
1.1868172563287205,3.2597571144137625,3.0849625007211556,3.3466868345235854,3.2946635862096043,2.5901894550596403,0
