problem,access,navigate,page_close,video,discussion,wiki
1.7381493331928664,3.033879541327127,1.5,2.9334073984966578,2.869737972729375,0,0
