problem,access,navigate,page_close,video,discussion,wiki
0,1.640223928941852,0.9709505944546686,1.8423709931771088,1.3709505944546687,0,0
