problem,access,navigate,page_close,video,discussion,wiki
0.9182958340544896,2.1042929895909244,1.0,2.2359263506290326,1.9219280948873623,0.9182958340544896,0
