problem,access,navigate,page_close,video,discussion,wiki
1.9056390622295665,2.811278661019045,2.125814583693911,2.815640330824069,2.3709505944546687,0.9852281360342516,0
