problem,access,navigate,page_close,video,discussion,wiki
0.0,2.627601311512057,2.2359263506290326,2.524944975084712,2.251629167387823,0,0
