problem,access,navigate,page_close,video,discussion,wiki
0.0,2.108694969562842,1.2987949406953985,2.406666316740689,2.2359263506290326,0,0
