problem,access,navigate,page_close,video,discussion,wiki
1.4833557549816876,3.182992639283418,2.9414460711655215,3.3758145836939115,2.1556390622295662,0.0,0
