problem,access,navigate,page_close,video,discussion,wiki
2.909674326545546,3.115266135661545,1.8799649487271108,3.1369427230514937,2.8329187608024515,0,0
