problem,access,navigate,page_close,video,discussion,wiki
2.377443751081734,2.2824739549933155,2.353533948577482,2.5304930567574826,1.811278124459133,0.0,0.0
