problem,access,navigate,page_close,video,discussion,wiki
0.0,2.8715127101857396,0.0,2.747167197306934,2.755256109837139,0,0
