problem,access,navigate,page_close,video,discussion,wiki
0.0,1.561278124459133,0.0,1.8423709931771084,0.9709505944546686,0,0
