problem,access,navigate,page_close,video,discussion,wiki
0,2.038159681645953,0.0,2.188721875540867,2.2359263506290326,0,0
