problem,access,navigate,page_close,video,discussion,wiki
1.8423709931771084,2.850496049581729,3.3320953986601696,2.687816657781894,0.9182958340544896,0,0
