problem,access,navigate,page_close,video,discussion,wiki
0,1.5504949818133702,1.2870540281187268,1.823067982273661,1.5,0.0,1.0
