problem,access,navigate,page_close,video,discussion,wiki
1.7640976555739163,2.553237425725548,1.5219280948873621,2.5320966889958756,2.1739731346044096,0.0,0
