problem,access,navigate,page_close,video,discussion,wiki
0,1.5304930567574826,2.4056390622295662,0.9709505944546686,0.8112781244591328,0,0
