problem,access,navigate,page_close,video,discussion,wiki
2.473283237904968,2.7040251318541526,2.6126502330422663,0.0,0.0,0,0
