problem,access,navigate,page_close,video,discussion,wiki
1.158938532350277,2.3018796874098557,1.7527152789797047,0.0,0,0,0
