problem,access,navigate,page_close,video,discussion,wiki
0.0,2.457654345123309,2.6464393446710153,2.5503407095463886,0.0,0,0
