problem,access,navigate,page_close,video,discussion,wiki
0,1.3995812306460644,1.3787834934861753,1.3221793455166666,0,0,0
