problem,access,navigate,page_close,video,discussion,wiki
0.0,1.4926140680171256,0.0,1.8250112108241772,1.811278124459133,0,0
