problem,access,navigate,page_close,video,discussion,wiki
2.929602693675454,3.2304336733823797,2.1280852788913944,3.284883833375794,2.6688388898504303,0.0,0
