problem,access,navigate,page_close,video,discussion,wiki
2.562108491837556,2.9395141140398433,1.780672129520887,1.584962500721156,1.9219280948873623,1.5566567074628228,1.0
