problem,access,navigate,page_close,video,discussion,wiki
2.1713600874958074,2.744263958483946,2.553767044928758,1.505876255604107,1.5487949406953985,1.3004328041979023,0.9182958340544896
