problem,access,navigate,page_close,video,discussion,wiki
2.170950594454669,2.3524791714104047,0.9182958340544896,0.0,0,0,0
