problem,access,navigate,page_close,video,discussion,wiki
2.171879780726823,2.6207435017595007,2.2464393446710154,2.663411555100508,2.167907078757383,0,0
