problem,access,navigate,page_close,video,discussion,wiki
0,0.41381685030363374,1.061278124459133,0.6840384356390417,0.5916727785823275,0,0
