problem,access,navigate,page_close,video,discussion,wiki
1.409975018822061,2.2353362828791568,1.3709505944546687,2.41896119556797,2.1219280948873624,0,0.0
