problem,access,navigate,page_close,video,discussion,wiki
0.0,2.5239860659612976,1.9182958340544896,2.7516291673878226,1.9219280948873623,0,0
