problem,access,navigate,page_close,video,discussion,wiki
2.337019353315419,3.416902726563056,2.60845859334435,3.5364131298570154,2.9266091903792275,0.0,0
