problem,access,navigate,page_close,video,discussion,wiki
0.9182958340544896,2.272499455586694,2.2359263506290326,2.411602217974672,1.0,0.0,0.0
