problem,access,navigate,page_close,video,discussion,wiki
0.9975025463691153,1.1628175871855553,0.0,0.0,1.5197284615795614,0,0
