problem,access,navigate,page_close,video,discussion,wiki
0.0,3.1765132642251626,3.3027227528624894,2.825327271154949,1.811278124459133,0.9182958340544896,0
