problem,access,navigate,page_close,video,discussion,wiki
0.9182958340544896,2.30700273142711,1.0,2.7179717342678003,2.4225797618424916,0,0
