problem,access,navigate,page_close,video,discussion,wiki
2.71030833266923,2.958427228783293,2.6416041678685933,1.8423709931771084,1.0,0.0,0
