problem,access,navigate,page_close,video,discussion,wiki
0,1.956066972363038,2.054585169337799,1.895461844238322,2.25,0,0
