problem,access,navigate,page_close,video,discussion,wiki
0.0,2.6684930703645584,0,2.446439344671016,2.6612262562697895,1.584962500721156,0
