problem,access,navigate,page_close,video,discussion,wiki
1.2147464308496203,1.7909294006771392,2.0,1.5227119556807573,0.9774178175281716,0,0
