problem,access,navigate,page_close,video,discussion,wiki
0.0,1.1188142278524384,0.863120568566631,1.3946169838545441,1.0,0,0
