problem,access,navigate,page_close,video,discussion,wiki
0,1.5539081800685834,1.6577427265048887,1.6954618442383218,1.75,0,0
