problem,access,navigate,page_close,video,discussion,wiki
0.0,2.5758231512165843,2.25,2.5185711907707358,1.2516291673878228,0.0,0
