problem,access,navigate,page_close,video,discussion,wiki
2.262824692361507,2.5691788299367606,2.1464657985040723,2.660129752633257,2.1774212838293643,0.0,0.0
