problem,access,navigate,page_close,video,discussion,wiki
0.0,0.6840384356390417,1.3709505944546687,1.061278124459133,0,0,0
