problem,access,navigate,page_close,video,discussion,wiki
0,2.307601311512057,1.784159127851422,1.0,1.0,0.0,0.8112781244591328
