problem,access,navigate,page_close,video,discussion,wiki
0.8112781244591328,1.4806821149663845,1.9808259362290785,0,0,0,0
