problem,access,navigate,page_close,video,discussion,wiki
0.9957274520849256,2.4683416681252877,1.0,2.543065072186744,2.161978179679554,0,0
