problem,access,navigate,page_close,video,discussion,wiki
1.5052408149441479,2.941754129581188,1.9219280948873623,2.8492861830630827,0.9182958340544896,0,0
