problem,access,navigate,page_close,video,discussion,wiki
1.9474746375173901,2.8757891813099183,2.5032583347756456,0,0.0,0,0
