problem,access,navigate,page_close,video,discussion,wiki
1.3337083101579088,1.8423709931771086,1.2516291673878228,0,0,0,0
