problem,access,navigate,page_close,video,discussion,wiki
0.0,3.2487956071585846,0.9182958340544896,3.4206423337380323,3.046381112945884,0,0
