problem,access,navigate,page_close,video,discussion,wiki
1.5219280948873621,2.4817060582598534,2.0,2.3719001138412854,2.2421263734913373,0.9182958340544896,0
