problem,access,navigate,page_close,video,discussion,wiki
1.4195562985716133,2.4488156357251847,1.9219280948873623,2.197159723424149,0,0,0.0
