problem,access,navigate,page_close,video,discussion,wiki
1.4488156357251847,2.410757513678951,2.188721875540867,2.5730235145750684,1.8464393446710154,0.15649106290570153,0
