problem,access,navigate,page_close,video,discussion,wiki
0.0,1.8481793489927383,1.9182958340544896,1.8129072918469558,1.6854752972273346,0,0.0
