problem,access,navigate,page_close,video,discussion,wiki
0.6840384356390417,2.604807463502868,0.0,2.550340709546389,2.321928094887362,0,0
