problem,access,navigate,page_close,video,discussion,wiki
0.8179252501386403,2.158379489725165,2.4591479170272446,2.0524212838293647,1.4591479170272446,1.0,0
