problem,access,navigate,page_close,video,discussion,wiki
0.9852281360342516,2.0406574090099765,2.1280852788913944,1.9591479170272446,0.0,0.0,0
