problem,access,navigate,page_close,video,discussion,wiki
0,1.5306189948485174,1.0,1.4185644431995963,1.3485878960124222,0,0
