problem,access,navigate,page_close,video,discussion,wiki
0.0,2.270942421748537,0.9182958340544896,1.9362600275315274,1.4591479170272446,0,0
