problem,access,navigate,page_close,video,discussion,wiki
0.0,1.8858158469071373,1.8423709931771084,2.353533948577482,1.9219280948873623,0.0,0
