problem,access,navigate,page_close,video,discussion,wiki
2.577697282049906,3.107156099113772,2.6612262562697895,3.090193215404899,2.8706918503612084,0.0,0.9182958340544896
