problem,access,navigate,page_close,video,discussion,wiki
1.0,2.065957320949175,1.9182958340544893,2.004886164091843,1.0,0,0
