problem,access,navigate,page_close,video,discussion,wiki
2.6144333668037403,2.7682235156933857,2.0874628412503395,2.7092762081945465,2.7290005848323515,1.672486215487785,0.0
