problem,access,navigate,page_close,video,discussion,wiki
2.1080277508752223,2.6241572823606636,1.3709505944546687,3.1555650133297184,3.09306920777189,0,0
