problem,access,navigate,page_close,video,discussion,wiki
1.3247497144200897,2.7296592035075014,2.2516291673878226,2.650907050357469,2.707282064282346,0,0
