problem,access,navigate,page_close,video,discussion,wiki
0.0,2.9261085007312415,1.9219280948873623,3.0009230918800163,2.5503407095463886,0,0
