problem,access,navigate,page_close,video,discussion,wiki
0.9402859586706311,2.7143804618672465,1.6774212838293645,2.3927474104487847,2.6416041678685933,0.9182958340544896,1.0
