problem,access,navigate,page_close,video,discussion,wiki
1.5566567074628228,1.4854752972273344,1.889246428509158,0.8112781244591328,0,0,0.0
