problem,access,navigate,page_close,video,discussion,wiki
2.5306390622295662,3.234677685443114,0.0,3.3002540903448656,3.215841172683753,0,0
