problem,access,navigate,page_close,video,discussion,wiki
0.0,2.143762162622482,2.321928094887362,2.086048612313038,0.9182958340544896,0,0
