problem,access,navigate,page_close,video,discussion,wiki
2.6464393446710157,3.423041245346053,2.6424239617719754,3.4345534189873437,3.4251185503571397,0,0.0
