problem,access,navigate,page_close,video,discussion,wiki
2.3935249938665044,3.054722758497814,2.7218314467801865,2.4116022179746714,0.7219280948873623,1.321606958388347,1.0
