problem,access,navigate,page_close,video,discussion,wiki
2.1709505944546685,3.2715360248069523,2.584962500721156,3.2702085769549294,3.0068665431825226,0,0
