problem,access,navigate,page_close,video,discussion,wiki
1.974937501201927,2.6729055953200564,2.2464393446710154,1.8092000326978117,0.0,0,0
