problem,access,navigate,page_close,video,discussion,wiki
1.2309595631140104,2.440486593207094,2.0458416408851736,0,0,0,0
