problem,access,navigate,page_close,video,discussion,wiki
1.5709505944546684,3.2379891148242255,2.5216406363433186,3.030848419628431,3.0507661742775687,0,0
