problem,access,navigate,page_close,video,discussion,wiki
0,1.7229712791784753,2.058813890331201,1.295461844238322,0,0.0,0
