problem,access,navigate,page_close,video,discussion,wiki
0.0,1.1216407621868583,1.3787834934861753,1.0957952550009336,0,0,0
