problem,access,navigate,page_close,video,discussion,wiki
1.4973386399248632,2.2713703745939915,1.640223928941852,2.259195044378299,2.419938774291791,0.7219280948873623,0
