problem,access,navigate,page_close,video,discussion,wiki
1.4488156357251847,2.4041834829029325,2.699513850319966,2.1552215288595122,1.5,0,0
