problem,access,navigate,page_close,video,discussion,wiki
2.6374431744850355,3.683996965707439,2.8546939516467025,3.7113010045497012,3.4543318860325467,0.946372935985442,1.0
