problem,access,navigate,page_close,video,discussion,wiki
0.8997437586982626,0.9809885491350743,1.0,1.0534081504863568,0.6840384356390417,0,0
