problem,access,navigate,page_close,video,discussion,wiki
0.9182958340544896,2.6153196182512763,1.3567796494470394,0,0,0,0
