problem,access,navigate,page_close,video,discussion,wiki
0.0,2.8651151452203907,2.0,2.833128381877778,3.0129665265669687,0,0
