problem,access,navigate,page_close,video,discussion,wiki
0.0,2.0800716986614414,2.2051099000738694,2.2704260414863775,2.35274578087187,0,0
