problem,access,navigate,page_close,video,discussion,wiki
0.0,2.1054105870684143,1.5,2.4056390622295662,2.004886164091843,0,0
