problem,access,navigate,page_close,video,discussion,wiki
0.0,2.6199707109276353,1.584962500721156,3.0574760762899316,2.2359263506290326,0.0,0
