problem,access,navigate,page_close,video,discussion,wiki
0.961236604722876,1.8190269457641055,1.5,1.4806821149663845,1.2958363892911637,0.0,0
