problem,access,navigate,page_close,video,discussion,wiki
0.9182958340544896,2.43493138213882,2.251629167387823,1.2987949406953985,1.0,0.362051251733998,0
