problem,access,navigate,page_close,video,discussion,wiki
0.0,0.6098403047164004,0.5032583347756457,1.0,0.9182958340544896,0.0,0.0
