problem,access,navigate,page_close,video,discussion,wiki
0.0,2.4834585933443494,1.3709505944546687,2.8150724101159437,2.4193819456463714,0,0
