problem,access,navigate,page_close,video,discussion,wiki
1.2482967416204291,1.6747581456321246,1.5219280948873621,1.7527152789797045,1.3921472236645345,0,0
