problem,access,navigate,page_close,video,discussion,wiki
1.8210319581338212,2.7529715339794265,1.584962500721156,2.7477127976346702,2.7606668272315984,0,0
