problem,access,navigate,page_close,video,discussion,wiki
0.8366407419411673,1.0408520829727552,1.584962500721156,1.4591479170272448,0.0,0.0,0
