problem,access,navigate,page_close,video,discussion,wiki
1.0,2.407926693419434,2.1867043459100244,0.7219280948873623,0.0,0.0,0
