problem,access,navigate,page_close,video,discussion,wiki
1.7629318074149194,3.0328145851416264,3.204986855772667,3.1420413006284815,2.833790948816829,0.0,0.0
