problem,access,navigate,page_close,video,discussion,wiki
0.8112781244591328,1.4277655050602363,1.5,1.4056390622295665,1.4488156357251847,0.0,0
