problem,access,navigate,page_close,video,discussion,wiki
1.3221793455166666,3.2623664220091055,2.423794940695399,0.0,0.9182958340544896,0.362051251733998,1.0
