problem,access,navigate,page_close,video,discussion,wiki
0.7918583525674836,2.8809360961246675,2.5122146031572044,2.9603299319132708,2.663532754804255,0.9640787648082291,0.0
