problem,access,navigate,page_close,video,discussion,wiki
0.6500224216483541,1.4949188482339508,1.3787834934861756,0,0,0.0,0
