problem,access,navigate,page_close,video,discussion,wiki
0.0,1.7212438617761494,1.9182958340544893,1.7617710990572055,1.4466479595102752,0.0,0.0
