problem,access,navigate,page_close,video,discussion,wiki
0,1.360964047443681,1.789929075309999,0.8112781244591328,1.0,0.0,0
