problem,access,navigate,page_close,video,discussion,wiki
2.2619736670191486,2.4092304493742147,2.321928094887362,1.0,0.0,1.9068189483525886,0
