problem,access,navigate,page_close,video,discussion,wiki
1.384431504340598,2.0781758650865774,1.8423709931771084,0.0,1.5,0,0
