problem,access,navigate,page_close,video,discussion,wiki
0,1.8810947601100747,0.9182958340544896,1.9219280948873623,0.0,0,0
