problem,access,navigate,page_close,video,discussion,wiki
0.0,2.5704397390021456,2.2470847539170844,0,0,0.4804334574529622,0
