problem,access,navigate,page_close,video,discussion,wiki
0.6962122601251458,1.5794340029249652,0.7219280948873623,1.5262349099495225,1.3516441151533924,0.0,0.0
