problem,access,navigate,page_close,video,discussion,wiki
0.8112781244591328,2.1751030807714087,2.0,1.6577427265048887,2.0588138903312014,0.0,0
