problem,access,navigate,page_close,video,discussion,wiki
1.882856063692049,2.586819311165902,1.0,2.7534343861887853,2.197159723424149,0,0
