problem,access,navigate,page_close,video,discussion,wiki
0,2.3282129458410017,2.321928094887362,2.751629167387823,1.5,0,0
