problem,access,navigate,page_close,video,discussion,wiki
0.7642045065086203,1.9086126988727123,1.5,1.823067982273661,1.4591479170272448,0.0,0
