problem,access,navigate,page_close,video,discussion,wiki
0.0,1.9679074521481286,1.2987949406953985,1.789929075309999,1.950212064914747,0,0.9182958340544896
