problem,access,navigate,page_close,video,discussion,wiki
2.6235166412180155,3.640092737418113,2.0,2.94770277922009,3.425835919836672,1.4854752972273344,0
