problem,access,navigate,page_close,video,discussion,wiki
2.1084585933443494,2.2516291673878226,0.0,1.9362600275315274,2.0,0,0
