problem,access,navigate,page_close,video,discussion,wiki
2.1572457234793947,3.090921675425471,1.5,3.0450501222495547,2.584962500721156,1.2554312795575997,0
