problem,access,navigate,page_close,video,discussion,wiki
2.631859480090719,3.1026409749161026,1.5,2.8423709931771084,2.7333330526810657,1.522189872165821,0
