problem,access,navigate,page_close,video,discussion,wiki
3.225187890016524,3.9308891390982224,1.0,1.4591479170272446,3.1971597234241487,2.1800365325772657,0
