problem,access,navigate,page_close,video,discussion,wiki
1.4315602842833157,2.638953561392113,2.0403733936884962,2.7492553971684996,2.6282129458410015,0.0,0
