problem,access,navigate,page_close,video,discussion,wiki
0,1.8787261337980536,1.753434386188785,2.1995812306460643,1.8423709931771084,0,0
