problem,access,navigate,page_close,video,discussion,wiki
2.1777968115985957,2.997530431679113,1.9219280948873623,1.584962500721156,0.0,0,0
