problem,access,navigate,page_close,video,discussion,wiki
0.9182958340544896,1.9182958340544896,2.25,1.9056390622295665,0,0.7219280948873623,0
