problem,access,navigate,page_close,video,discussion,wiki
2.7718736620712043,3.5424554655141556,2.622179989463411,3.231270254607575,3.562553683476779,2.2597992234005675,0
