problem,access,navigate,page_close,video,discussion,wiki
0.7219280948873623,1.0957952550009336,1.0,1.5219280948873621,0.9182958340544896,0.9852281360342516,0
