problem,access,navigate,page_close,video,discussion,wiki
0.0,2.2623147460276027,1.4355205042826666,2.2295739585136225,1.4488156357251847,0.0,0.0
