problem,access,navigate,page_close,video,discussion,wiki
2.094000160564931,3.188831855531164,2.058813890331201,2.732914563979398,3.305182907846109,0,0
