problem,access,navigate,page_close,video,discussion,wiki
3.1346437091878645,3.2968218142368535,2.521640636343318,2.556656707462823,3.259703167304785,0.0,0
