problem,access,navigate,page_close,video,discussion,wiki
0.07201647168541384,0.0,0.4394969869215134,0.2974722489192896,0.0,0,0
