problem,access,navigate,page_close,video,discussion,wiki
1.5566567074628228,3.0291367416609414,2.3242764617775693,2.064042639445697,2.1556390622295662,1.0,0.0
