problem,access,navigate,page_close,video,discussion,wiki
0,1.5343371980653047,1.4353713907745331,1.8423709931771086,1.0,0,0
