problem,access,navigate,page_close,video,discussion,wiki
0,1.145235779471061,1.061278124459133,0.8658566174572235,0.8112781244591328,0.0,0.0
