problem,access,navigate,page_close,video,discussion,wiki
0,1.2309595631140104,0.0,1.287054028118727,0.9864267287308425,0,0
