problem,access,navigate,page_close,video,discussion,wiki
1.4926140680171258,2.3164278953011666,1.9219280948873623,2.4214972408624718,2.646471121847664,0,0
