problem,access,navigate,page_close,video,discussion,wiki
0.0,2.1180782093497097,1.0,2.321928094887362,1.9182958340544896,0,0
