problem,access,navigate,page_close,video,discussion,wiki
0.0,1.7686211879749247,0.9182958340544896,1.924174352300441,1.6854752972273346,0.8757531082704262,0
