problem,access,navigate,page_close,video,discussion,wiki
0.9910760598382222,2.5282129458410014,1.584962500721156,2.7219280948873625,1.5219280948873621,0,0
