problem,access,navigate,page_close,video,discussion,wiki
0.6500224216483541,2.613058082359585,1.5,2.615983565581917,2.1820058147602133,0,0
