problem,access,navigate,page_close,video,discussion,wiki
1.3921472236645345,1.7812446598107456,0.0,1.950212064914747,1.4854752972273344,1.0,0
