problem,access,navigate,page_close,video,discussion,wiki
1.3382689280764646,3.0977876825927724,2.1234786725698864,1.584962500721156,0.0,0,0.9182958340544896
