problem,access,navigate,page_close,video,discussion,wiki
0.7219280948873623,1.4355205042826666,1.5304930567574826,1.8910611120726526,1.9219280948873623,0.0,0.0
