problem,access,navigate,page_close,video,discussion,wiki
2.2671178759649178,2.565605066392892,1.9508257945180887,2.5844161365007796,2.2322367178034823,1.4029848527173894,1.0
