problem,access,navigate,page_close,video,discussion,wiki
2.1511203579533484,2.614870133687504,1.2516291673878228,2.2806390622295662,2.3300346250937434,0,0
