problem,access,navigate,page_close,video,discussion,wiki
0,1.9502120649147465,2.2998963911678914,1.811278124459133,0.0,0,0
