problem,access,navigate,page_close,video,discussion,wiki
0.9910760598382222,3.3309786929755103,2.8423709931771084,3.5990795706241743,3.472905595320056,0,0
