problem,access,navigate,page_close,video,discussion,wiki
0,2.4116022179746714,1.8585552118703144,2.521640636343318,1.5,0,0
