problem,access,navigate,page_close,video,discussion,wiki
0.7642045065086203,1.705610850705282,1.7924812503605778,1.9232196723355077,1.8423709931771086,0,0
