problem,access,navigate,page_close,video,discussion,wiki
1.419556298571613,2.084962500721156,0.9182958340544896,0,1.0,0.7219280948873623,0
