problem,access,navigate,page_close,video,discussion,wiki
0,2.829066200602036,1.2516291673878228,2.470950594454669,2.072905595320056,0,0
