problem,access,navigate,page_close,video,discussion,wiki
1.7609640474436812,2.719140669973387,2.0,3.1578721140611075,2.2983440696564603,0.0,0
