problem,access,navigate,page_close,video,discussion,wiki
2.0894786419364966,2.720739057407689,1.8980933736695382,2.6586806629422512,2.0,0.0,0.7219280948873623
