problem,access,navigate,page_close,video,discussion,wiki
0,2.470950594454669,0.0,2.7052290027422967,2.345851989338261,0,0
