problem,access,navigate,page_close,video,discussion,wiki
1.0,2.224394445405986,1.9219280948873623,2.0464393446710156,0,0,0
