problem,access,navigate,page_close,video,discussion,wiki
2.3645946896699748,3.23015494946774,2.7395722619867224,2.5868878409958134,3.171265771239725,1.9219280948873623,0.0
