problem,access,navigate,page_close,video,discussion,wiki
0.0,3.214527264502953,1.9609640474436814,3.236186283255413,2.9139770731827523,0.0,0.0
