problem,access,navigate,page_close,video,discussion,wiki
0.0,1.3663146570363986,2.1180782093497093,1.2516291673878228,0.9709505944546686,1.456564762130954,0
