problem,access,navigate,page_close,video,discussion,wiki
2.321928094887362,2.523863061178295,1.9211854965885542,2.629473298359841,2.549787381523038,2.7827311650014996,1.2958363892911637
