problem,access,navigate,page_close,video,discussion,wiki
2.334690878295139,2.4978355801799563,0.0,2.625,2.5216406363433186,0,0
