problem,access,navigate,page_close,video,discussion,wiki
0.0,2.3576039891860257,2.0,2.418295834054489,2.2359263506290326,0.0,0
