problem,access,navigate,page_close,video,discussion,wiki
1.1017255630243876,1.231995556683116,1.6894822670191825,0,1.2516291673878228,0.0,0.0
