problem,access,navigate,page_close,video,discussion,wiki
0,1.6577427265048887,1.669180336866731,1.867633890971212,1.3709505944546687,0.0,0
