problem,access,navigate,page_close,video,discussion,wiki
0,1.5545851693377997,1.0,1.5709505944546684,1.3787834934861753,0,0
