problem,access,navigate,page_close,video,discussion,wiki
0.0,2.7738998482471144,2.4464393446710155,2.75,2.2516291673878226,0,0
