problem,access,navigate,page_close,video,discussion,wiki
3.5155626382860374,3.801713031836319,2.5073801024236357,0.9182958340544896,3.96228836907077,2.934227221973716,0
