problem,access,navigate,page_close,video,discussion,wiki
0.39124356362925566,1.9784845935086515,1.0,2.072905595320056,1.7295739585136223,0,0
