problem,access,navigate,page_close,video,discussion,wiki
0.0,1.792481250360578,0.9182958340544896,1.9056390622295665,1.5219280948873621,0,0
