problem,access,navigate,page_close,video,discussion,wiki
0,2.3545502265468965,1.0,2.3745560483818835,2.411602217974672,0,0
