problem,access,navigate,page_close,video,discussion,wiki
0.9182958340544896,2.197159723424149,1.9182958340544893,1.6854752972273346,0.8112781244591328,0,0
