problem,access,navigate,page_close,video,discussion,wiki
0,1.47283015230032,0.0,1.5243166733459836,1.5221898721658214,0,0
