problem,access,navigate,page_close,video,discussion,wiki
2.8411296663983867,3.9341829359070357,3.684922830806845,3.852735658319413,2.6100635408770714,2.917292377172219,0
