problem,access,navigate,page_close,video,discussion,wiki
1.5,2.78493493014395,1.6854752972273344,2.7529931664675837,2.251614471810182,0.0,1.0
