problem,access,navigate,page_close,video,discussion,wiki
0.9182958340544896,1.198183947911799,1.0,1.1567796494470395,0.5435644431995964,0,0
