problem,access,navigate,page_close,video,discussion,wiki
0.9709505944546686,3.1850585522408386,2.6235166412180155,2.8770954959558157,2.5935346841684104,1.4152689500270956,1.0
