problem,access,navigate,page_close,video,discussion,wiki
0,2.1610099374640837,1.7924812503605778,2.474601752714581,1.9609640474436814,0.0,0
