problem,access,navigate,page_close,video,discussion,wiki
2.660710964367744,3.711004744525571,3.897849986899739,3.5039346050486344,0.9182958340544896,3.2105863681701523,0
