problem,access,navigate,page_close,video,discussion,wiki
0.9790231724570173,2.8412898693467015,2.7548875021634682,2.8689801874552674,2.456801781775028,1.9719371654639861,0.0
