problem,access,navigate,page_close,video,discussion,wiki
0,1.561278124459133,1.8464393446710154,1.0,0,1.6348509171908068,0
