problem,access,navigate,page_close,video,discussion,wiki
0,2.1820058147602133,1.0,2.054585169337799,1.7527152789797047,0.5032583347756457,0
