problem,access,navigate,page_close,video,discussion,wiki
3.408444614417231,3.6462859097650178,3.308751351247166,3.7379378166986648,3.488525294897748,2.072905595320056,0.0
