problem,access,navigate,page_close,video,discussion,wiki
0.8112781244591328,2.1281783144351105,1.7399546474223628,2.2988252450030506,0,0.0,0.0
