problem,access,navigate,page_close,video,discussion,wiki
0,2.6606732334168424,2.4193819456463714,1.9749375012019272,0.9182958340544896,0,0
