problem,access,navigate,page_close,video,discussion,wiki
0.0,2.3908054820769817,1.3787834934861753,2.103909910282364,1.0,0,0
