problem,access,navigate,page_close,video,discussion,wiki
0.0,2.3734617625905603,2.4464393446710155,2.1219280948873624,1.584962500721156,0,0
