problem,access,navigate,page_close,video,discussion,wiki
0.9709505944546686,2.66329080817766,2.1556390622295662,2.7192945256669794,1.5219280948873621,0,0
