problem,access,navigate,page_close,video,discussion,wiki
0.0,2.359861271890522,0.9182958340544896,2.4848894517332405,2.2569089895583545,0,0
