problem,access,navigate,page_close,video,discussion,wiki
1.6143308351592656,2.7613788039964993,2.8731406795131336,3.040391277420701,2.321928094887362,0.0,0
