problem,access,navigate,page_close,video,discussion,wiki
0.8960382325345575,1.132540542697658,1.5,1.0,1.3709505944546687,0.0,0
