problem,access,navigate,page_close,video,discussion,wiki
0.0,2.199747734967381,0.5916727785823275,2.194292731751976,1.962757047352441,0,0.0
