problem,access,navigate,page_close,video,discussion,wiki
2.1492553971685,3.478451218658353,2.773131523414322,2.5124945324032364,2.262362377388258,0.9864267287308425,0
