problem,access,navigate,page_close,video,discussion,wiki
0.9182958340544896,2.346735853864054,1.4056390622295665,0,1.6895415593473972,0.0,0.0
