problem,access,navigate,page_close,video,discussion,wiki
0.9852281360342516,2.103909910282364,0.7219280948873623,2.3553885422075336,2.170950594454669,0.0,0.0
