problem,access,navigate,page_close,video,discussion,wiki
0.9851717468169149,1.83599628028329,1.7924812503605778,1.9500637564362102,0,0.0,0
