problem,access,navigate,page_close,video,discussion,wiki
0.0,1.0863128407412879,0.9182958340544896,1.3709505944546687,1.4591479170272448,0,0.9852281360342516
