problem,access,navigate,page_close,video,discussion,wiki
0.9402859586706311,1.6068322783181097,2.146465798504072,1.7924812503605778,1.0,0.9182958340544896,0.0
