problem,access,navigate,page_close,video,discussion,wiki
1.4060075793123286,1.5566157528156552,0.0,1.3516441151533924,1.5,0.0,0
