problem,access,navigate,page_close,video,discussion,wiki
0.0,2.0512693629222505,1.5219280948873621,1.7884504573082896,1.5545851693377997,0.0,0
