problem,access,navigate,page_close,video,discussion,wiki
0.0,2.0526370554812563,0.9182958340544896,1.4854752972273344,1.8585552118703144,0,0
