problem,access,navigate,page_close,video,discussion,wiki
1.0408520829727552,2.348083585113009,2.2516291673878226,1.584962500721156,1.584962500721156,1.9071861957538745,0
