problem,access,navigate,page_close,video,discussion,wiki
0.6840384356390417,2.0762893592941096,1.584962500721156,1.8322488896002305,1.2987949406953985,0,0
