problem,access,navigate,page_close,video,discussion,wiki
2.4116022179746714,2.9618918201691615,3.1590795706241748,1.0389205950315936,0.0,2.1216535224393334,0.0
