problem,access,navigate,page_close,video,discussion,wiki
2.3517528982184457,2.8913314700392236,2.7516291673878226,2.82177463214665,2.6464393446710153,1.7975210074823047,0
