problem,access,navigate,page_close,video,discussion,wiki
0,1.3092966682370037,0.8112781244591328,1.224394445405986,1.4591479170272448,0,0
