problem,access,navigate,page_close,video,discussion,wiki
0,1.924174352300441,0.6500224216483541,2.2312702546075758,2.197159723424149,0,0.0
