problem,access,navigate,page_close,video,discussion,wiki
0.0,1.7028195311147831,1.8365916681089791,1.8799649487271108,2.1280852788913944,0.7219280948873623,0.0
