problem,access,navigate,page_close,video,discussion,wiki
2.4005307830783993,3.140109591557099,2.5339809567736475,2.7917063488239875,1.8962915290459277,1.7622561304300102,1.4708128505375362
