problem,access,navigate,page_close,video,discussion,wiki
1.4926140680171258,2.438721875540867,2.0,2.6565647621309543,2.469670487371862,0,0
