problem,access,navigate,page_close,video,discussion,wiki
1.4353713907745331,2.4568905807431065,1.9219280948873623,2.510056460356539,2.2359263506290326,0.9182958340544896,0
