problem,access,navigate,page_close,video,discussion,wiki
2.161863732487894,2.84858361521339,1.9502120649147465,1.0,2.9031857884239676,1.3868421881310118,0
