problem,access,navigate,page_close,video,discussion,wiki
0.5435644431995964,2.6292492238560348,1.584962500721156,2.321928094887362,1.9219280948873623,1.0,0
