problem,access,navigate,page_close,video,discussion,wiki
0.0,2.1820058147602133,1.584962500721156,2.170950594454669,1.5,0.0,0
