problem,access,navigate,page_close,video,discussion,wiki
1.8050365325772657,3.16318739298733,2.4362781244591325,3.1778516908517687,2.7874302980927217,0,0.0
