problem,access,navigate,page_close,video,discussion,wiki
0.9886994082884974,1.8577174691301483,1.9219280948873623,1.8776402831734211,1.7884504573082896,0.0,0.0
