problem,access,navigate,page_close,video,discussion,wiki
0.0,2.1586918591550597,1.9219280948873623,0.9182958340544896,1.0,0,0
