problem,access,navigate,page_close,video,discussion,wiki
0.0,1.8496017527145814,0.8112781244591328,1.965596230357602,1.5566567074628228,0.0,0.0
