problem,access,navigate,page_close,video,discussion,wiki
1.5058231002082845,2.477064559692811,2.1556390622295662,1.799015670655122,1.971747257128181,0,0.0
