problem,access,navigate,page_close,video,discussion,wiki
1.94566030460064,3.9025208456507197,2.7205827761460126,2.0,0.0,2.2272170014624826,1.0
