problem,access,navigate,page_close,video,discussion,wiki
2.8789002130326367,3.4213769962560114,2.911389816577641,1.8423709931771086,2.3787834934861753,1.8352377453121176,0
