problem,access,navigate,page_close,video,discussion,wiki
1.9391798504645656,3.3625426321165497,3.0080244264467253,3.3912237797084948,3.048007835114008,1.3820750460765363,1.584962500721156
