problem,access,navigate,page_close,video,discussion,wiki
0.0,2.3857081581540793,1.9942994759573032,2.523231428797621,1.4056390622295665,0.0,0.0
