problem,access,navigate,page_close,video,discussion,wiki
0.0,2.126120746842681,1.5219280948873621,0.8112781244591328,0.0,0,0
