problem,access,navigate,page_close,video,discussion,wiki
0,2.700447679601178,2.4464393446710155,1.5219280948873621,1.0,0,0.0
