problem,access,navigate,page_close,video,discussion,wiki
0,1.995236640510314,1.903967813087766,2.4137995646056796,1.4591479170272448,0.7219280948873623,1.0
