problem,access,navigate,page_close,video,discussion,wiki
0.9990102708804813,1.8347715040483812,2.2464393446710154,2.2854752972273342,1.2987949406953985,1.4315602842833155,0
