problem,access,navigate,page_close,video,discussion,wiki
0.0,2.099598313565133,1.3921472236645345,2.0418145155018155,1.8910611120726526,1.0,0
