problem,access,navigate,page_close,video,discussion,wiki
0.0,3.2287219294299225,2.1556390622295662,3.1775662320965252,2.7321588913645702,0,0
