problem,access,navigate,page_close,video,discussion,wiki
1.5566567074628228,1.4622211975148145,2.2359263506290326,0.0,0,0.0,0.0
