problem,access,navigate,page_close,video,discussion,wiki
2.7739430724236196,3.4528329862190343,2.5875282962354187,1.0,0,2.1398101508033185,0.9182958340544896
