problem,access,navigate,page_close,video,discussion,wiki
1.4949188482339508,1.9372084335271702,2.1556390622295662,1.789929075309999,1.9591479170272446,0.863120568566631,0.0
