problem,access,navigate,page_close,video,discussion,wiki
0,1.4949188482339508,0.0,0.9709505944546686,1.1488348542809166,0,0
