problem,access,navigate,page_close,video,discussion,wiki
0.0,1.8070027314271102,1.9877733714879842,1.0,1.0,1.4591479170272448,0.9182958340544896
