problem,access,navigate,page_close,video,discussion,wiki
0.8112781244591328,2.2856549469008307,2.2359263506290326,2.6957749987827633,3.027169118440619,0.0,0
