problem,access,navigate,page_close,video,discussion,wiki
0.0,2.0574635032744535,1.061278124459133,2.2272170014624826,2.1556390622295662,0.0,0.0
