problem,access,navigate,page_close,video,discussion,wiki
1.086312840741288,2.843588316235608,1.0,2.747427630885909,2.793744332911475,0.0,0
