problem,access,navigate,page_close,video,discussion,wiki
0.0,1.3896409115705473,2.0,1.181899057917561,0.9456603046006402,0.0,0
