problem,access,navigate,page_close,video,discussion,wiki
2.2535532089563515,3.353419765316306,3.3800943362833302,3.4846184885796143,3.189898095464287,2.010891110799899,0.0
