problem,access,navigate,page_close,video,discussion,wiki
2.136800520148565,2.954750840756258,2.807354922057604,2.9925365325772657,2.6612262562697895,0.0,0
