problem,access,navigate,page_close,video,discussion,wiki
0.0,0.9182958340544896,0.9975025463691153,1.0408520829727552,1.280672129520887,0,0.0
