problem,access,navigate,page_close,video,discussion,wiki
2.5580510765444573,1.3677889030321666,0.0,2.5073801024236357,2.321928094887362,0,0
