problem,access,navigate,page_close,video,discussion,wiki
0.0,2.597802693564715,1.9219280948873623,2.512494532403236,2.6802785943371865,0,0
