problem,access,navigate,page_close,video,discussion,wiki
1.805705901814037,1.8864884484419815,0.7219280948873623,1.8776402831734214,1.9362600275315274,0.9182958340544896,0.0
