problem,access,navigate,page_close,video,discussion,wiki
0.0,1.287054028118727,0.6500224216483541,1.4854752972273344,1.4591479170272448,0,0.0
