problem,access,navigate,page_close,video,discussion,wiki
0,1.7382689280764647,1.721928094887362,1.584962500721156,1.0,1.4315602842833155,1.0
