problem,access,navigate,page_close,video,discussion,wiki
0,2.1735332098491886,1.5,1.9591479170272446,1.4591479170272446,0,0
