problem,access,navigate,page_close,video,discussion,wiki
0.6292492238560345,0.9949848281859701,0.8112781244591328,0.0,0.9182958340544896,0.0,0.0
