problem,access,navigate,page_close,video,discussion,wiki
0,0.9852281360342516,1.061278124459133,0.8112781244591328,0,1.295461844238322,0.0
