problem,access,navigate,page_close,video,discussion,wiki
1.2389012566026307,2.1847110457632315,1.9591479170272448,0.6500224216483541,0.8112781244591328,0.9864267287308424,0
