problem,access,navigate,page_close,video,discussion,wiki
0,1.6779842806377732,1.5546097612655667,1.4056390622295665,0,0.9967916319816366,0.0
