problem,access,navigate,page_close,video,discussion,wiki
2.623200467293995,3.4136171506826205,2.725480556997868,3.3803294831592856,2.6103230548188865,0.0,0
