problem,access,navigate,page_close,video,discussion,wiki
1.6484250118052257,3.2492805309360073,2.9638096525384383,3.157373540857405,2.941446071165522,1.9377944549314678,0
