problem,access,navigate,page_close,video,discussion,wiki
1.9238610585595914,2.638822318660025,2.128085278891394,2.8201661225503547,1.9219280948873623,0.8865408928220899,0.0
