problem,access,navigate,page_close,video,discussion,wiki
2.9344133467721143,3.7374634075041078,1.5,3.510086003110254,2.552841670172532,2.465957320949175,0
