problem,access,navigate,page_close,video,discussion,wiki
0,2.2264153534757116,1.8423709931771088,2.2312702546075758,1.584962500721156,0.6500224216483541,0
