problem,access,navigate,page_close,video,discussion,wiki
0.0,2.23330997708172,2.5294881142662007,2.8150724101159437,1.584962500721156,1.8419857583884833,0.0
