problem,access,navigate,page_close,video,discussion,wiki
1.5304930567574826,2.5370674975848804,2.4591479170272446,1.584962500721156,1.0,0.0,0
