problem,access,navigate,page_close,video,discussion,wiki
2.321928094887362,2.9141659795461923,2.1416195253341384,1.0,0,0.0,0.0
