problem,access,navigate,page_close,video,discussion,wiki
2.2359263506290326,3.2080553200370754,2.725480556997868,2.6320139422512874,0.0,0,0
