problem,access,navigate,page_close,video,discussion,wiki
1.3346791410515948,1.779902954840435,2.4696704873718613,0,0.9182958340544896,0.0,0
