problem,access,navigate,page_close,video,discussion,wiki
0,3.3535339485774815,0.7219280948873623,2.521640636343318,3.2961483747476232,0,0
