problem,access,navigate,page_close,video,discussion,wiki
1.549397853339606,1.8048956511448038,1.287054028118727,1.8250112108241772,0.0,0,0.0
