problem,access,navigate,page_close,video,discussion,wiki
0,0.863120568566631,0.0,1.584962500721156,1.4591479170272448,0,0
