problem,access,navigate,page_close,video,discussion,wiki
2.80889049267253,3.7042412793593122,2.953626767019874,3.687597235467968,3.0528786893420308,0.0,0.0
