problem,access,navigate,page_close,video,discussion,wiki
1.7822287189138017,2.3635431872780073,0.0,2.327632809290636,1.561278124459133,0,0
