problem,access,navigate,page_close,video,discussion,wiki
0.0,2.2731755948068324,1.633731420642133,2.6037016960573482,2.4193819456463714,1.5219280948873621,1.0
