problem,access,navigate,page_close,video,discussion,wiki
3.7399928258739754,4.237380658444382,3.4860328476851024,3.9612496398569657,3.6504457726974167,1.1567796494470395,0
