problem,access,navigate,page_close,video,discussion,wiki
1.198183947911799,3.0550365325772657,2.33012496531497,3.006866543182522,2.702819531114783,0.7642045065086203,0.0
