problem,access,navigate,page_close,video,discussion,wiki
1.022420703848328,2.8909088592182006,1.1488348542809166,3.116019349301063,2.708694969562842,0.0,0
