problem,access,navigate,page_close,video,discussion,wiki
0.0,2.102494251204622,1.7130788426267936,2.2405330040422813,2.251629167387823,0,0
