problem,access,navigate,page_close,video,discussion,wiki
1.6669654144019361,2.2331854513583593,1.8903360647604432,1.9219280948873623,2.291620193427939,0.961236604722876,0.0
