problem,access,navigate,page_close,video,discussion,wiki
0.0,2.7640704280924306,2.7345123817507715,1.9219280948873623,1.0,0,0
