problem,access,navigate,page_close,video,discussion,wiki
0.869137580612638,3.3720798628530493,2.8489410455481066,3.5015024995263087,3.2216204045696006,0.9864267287308425,1.0
