problem,access,navigate,page_close,video,discussion,wiki
0.954434002924965,1.3221793455166666,1.3567796494470397,0.0,0,0,0
