problem,access,navigate,page_close,video,discussion,wiki
0,2.99014612025681,1.5,3.2405823788938948,2.9888452815760616,0.0,0
