problem,access,navigate,page_close,video,discussion,wiki
3.433223885879272,3.8738611766637763,3.3660913291191923,3.361106909383572,3.76833941082293,3.0431112332020094,0
