problem,access,navigate,page_close,video,discussion,wiki
1.9497113644107373,3.54982203331778,2.8000446184790095,3.529624989865981,3.36461099945131,1.061278124459133,1.0
