problem,access,navigate,page_close,video,discussion,wiki
0,2.1658942083900232,1.4488156357251847,1.8262452584026092,1.8464393446710154,0,0
