problem,access,navigate,page_close,video,discussion,wiki
0.0,1.5,0.6500224216483541,2.1280852788913944,1.9219280948873623,0,0
