problem,access,navigate,page_close,video,discussion,wiki
1.922047812234312,1.8985422193070915,1.75,1.9357417972482365,1.4591479170272448,0,0
