problem,access,navigate,page_close,video,discussion,wiki
1.3398612456443044,1.4169850269491138,1.9182958340544896,1.4152689500270954,1.4591479170272446,1.136477334576122,0
