problem,access,navigate,page_close,video,discussion,wiki
0,2.252067510989146,1.879964948727111,2.0948567835487384,1.8423709931771088,0.8112781244591328,0
