problem,access,navigate,page_close,video,discussion,wiki
0.0,3.4604378505630824,2.8962915290459277,3.366975854576073,2.4772170014624826,0,0
