problem,access,navigate,page_close,video,discussion,wiki
1.3937676430903188,3.02721632369626,3.6232907575776423,2.321928094887362,2.614764949806906,0.8225797618424915,1.3709505944546687
