problem,access,navigate,page_close,video,discussion,wiki
1.0957952550009336,3.413539505228862,2.7773627950641693,3.3753827744663223,2.6088184770436325,2.123854833147995,1.0
