problem,access,navigate,page_close,video,discussion,wiki
0,1.0957952550009338,0.0,0.7219280948873623,0.8112781244591328,0,0
