problem,access,navigate,page_close,video,discussion,wiki
0,1.3709505944546687,1.1488348542809166,1.3709505944546687,0.0,1.5953912199382327,0.0
