problem,access,navigate,page_close,video,discussion,wiki
0.0,2.9613201402110083,2.503258334775646,2.6556390622295662,2.2359263506290326,0,0
