problem,access,navigate,page_close,video,discussion,wiki
0.0,0.7455178428108284,0.41381685030363374,0.5746356978376794,0.5916727785823275,0,0.0
