problem,access,navigate,page_close,video,discussion,wiki
0.0,1.5566567074628228,1.924174352300441,1.4854752972273344,1.0,0.0,0
