problem,access,navigate,page_close,video,discussion,wiki
1.4180260055608094,1.1488348542809166,0.9910760598382222,1.1401156785146092,0.9182958340544896,0,0.0
