problem,access,navigate,page_close,video,discussion,wiki
1.8501147827960236,2.681642101774748,2.2998963911678914,2.822717804806415,2.3556079021517613,0,0
