problem,access,navigate,page_close,video,discussion,wiki
0.934068055375491,0.954434002924965,0.8112781244591328,0,0,0,0
