problem,access,navigate,page_close,video,discussion,wiki
0.0,0.9798687566511528,0,1.3221793455166666,1.7527152789797045,0,0
