problem,access,navigate,page_close,video,discussion,wiki
0.0,2.2312702546075758,1.6858157091530304,2.224394445405986,1.7295739585136223,0.3227569588973982,0.0
