problem,access,navigate,page_close,video,discussion,wiki
2.3561714263279754,2.5569540429742394,2.610577243331642,2.611394799166164,2.0713451397302376,0,0
