problem,access,navigate,page_close,video,discussion,wiki
0,2.256564762130954,2.5219280948873624,2.235926350629032,0,1.4553467891236884,0
