problem,access,navigate,page_close,video,discussion,wiki
0,2.2644984515601636,2.058813890331201,1.75,0.8112781244591328,0.0,0
