problem,access,navigate,page_close,video,discussion,wiki
1.5304930567574826,2.184248876515113,1.2987949406953985,2.020716342110541,2.1219280948873624,0.0,0
