problem,access,navigate,page_close,video,discussion,wiki
2.5041514963786065,2.744528734112072,2.1219280948873624,2.2272170014624826,2.615319618251277,0,0
