problem,access,navigate,page_close,video,discussion,wiki
1.1515653788493414,2.0857225506480184,3.287783719941071,1.8919954870390203,0,3.06837663140161,0.0
