problem,access,navigate,page_close,video,discussion,wiki
0,2.311789547218889,0.0,2.3016094970590273,2.1416195253341384,0,0
