problem,access,navigate,page_close,video,discussion,wiki
0.8112781244591328,1.945530556036326,1.9749375012019272,1.7322216637616483,1.7295739585136223,0,0
