problem,access,navigate,page_close,video,discussion,wiki
2.658216478338038,3.5632258536080483,2.260820318171659,3.524566194146847,3.1858309104375326,1.5304930567574824,0.0
