problem,access,navigate,page_close,video,discussion,wiki
0.0,3.708789900161893,2.9341001148030923,3.7956227359032613,3.4713544870139295,3.122650862479383,1.5
