problem,access,navigate,page_close,video,discussion,wiki
0.0,2.694494103866846,2.2783518117113117,2.759079570624175,1.9219280948873623,0.37123232664087563,0.0
