problem,access,navigate,page_close,video,discussion,wiki
0.0,2.2659346284875874,2.3718956694089632,0,0,0.9182958340544896,0.0
