problem,access,navigate,page_close,video,discussion,wiki
0.0,2.335505556517097,1.5,2.449311833026446,1.9219280948873623,0,0
