problem,access,navigate,page_close,video,discussion,wiki
0.9444885341662053,2.2466633876047295,2.2464393446710154,2.2607845582978525,1.584962500721156,0,0
