problem,access,navigate,page_close,video,discussion,wiki
0,2.3522170014624826,1.9219280948873623,2.8553885422075336,2.321928094887362,0,0
