problem,access,navigate,page_close,video,discussion,wiki
0,2.5930664951964424,1.9182958340544893,2.2584598927441624,2.310443057719024,0.74959525725948,0
