problem,access,navigate,page_close,video,discussion,wiki
0.9636512739945753,1.5398409106693052,3.001599731258383,2.1493974703476995,2.038159681645953,0.7372586454754054,0.6722948170756379
