problem,access,navigate,page_close,video,discussion,wiki
3.7026347212565223,4.164763284786226,2.321928094887362,3.7845159220110363,3.8115110220603263,2.5424826938097276,0
