problem,access,navigate,page_close,video,discussion,wiki
0,1.7965050034651298,0.9709505944546686,1.4355205042826666,1.2987949406953985,0,0
