problem,access,navigate,page_close,video,discussion,wiki
2.5873219159238396,2.7217231448624295,2.709887415442095,2.8179760350419616,2.055036532577266,2.353060714264142,0.8112781244591328
