problem,access,navigate,page_close,video,discussion,wiki
1.3092966682370037,1.2363864108712896,0.8112781244591328,1.4488156357251847,1.5,0,0
