problem,access,navigate,page_close,video,discussion,wiki
0.0,1.3838077354640828,1.0,1.6767370300521327,0.9182958340544896,0,0
