problem,access,navigate,page_close,video,discussion,wiki
2.25875862867487,2.7600970304049217,0.863120568566631,2.828191258152219,1.954685946946356,0.0,0.0
