problem,access,navigate,page_close,video,discussion,wiki
0.7793498372920852,2.4280729963885093,1.9182958340544893,2.365596230357602,1.7924812503605778,0.0,0
