problem,access,navigate,page_close,video,discussion,wiki
1.5304930567574826,2.549373612473295,1.7322216637616483,2.3045851693377997,1.863120568566631,0.0,0.0
