problem,access,navigate,page_close,video,discussion,wiki
0.0,1.5816190528451362,1.4833557549816876,1.8464393446710154,0.9182958340544896,0.9182958340544896,0.0
