problem,access,navigate,page_close,video,discussion,wiki
0.0,1.3216069583883467,0.0,0.9864267287308425,0.9182958340544896,0,0
