problem,access,navigate,page_close,video,discussion,wiki
0.8112781244591328,1.56966700982349,1.0,1.1567796494470395,0,0,0
