problem,access,navigate,page_close,video,discussion,wiki
1.2958363892911637,2.3787360142284815,2.7179717342678003,0.0,1.2516291673878228,0.9967916319816366,0
