problem,access,navigate,page_close,video,discussion,wiki
2.623605643514347,3.3055149860357464,3.095795255000934,3.2010759551080956,3.218047831607605,1.849935433840441,0
