problem,access,navigate,page_close,video,discussion,wiki
1.0,2.134969974603941,1.0,2.4056390622295662,2.2312702546075758,0,0
