problem,access,navigate,page_close,video,discussion,wiki
1.3817296923222286,2.8510251757720977,2.792481250360578,3.1262145965695023,2.725480556997868,1.8397017667811677,0
