problem,access,navigate,page_close,video,discussion,wiki
0,2.5220552088742,1.7924812503605778,2.1971597234241496,1.5219280948873621,0,0
