problem,access,navigate,page_close,video,discussion,wiki
0.6665783579949205,1.633628414061469,0.9182958340544896,1.875,1.3787834934861753,0,0
