problem,access,navigate,page_close,video,discussion,wiki
2.2510217328956705,3.6297712559462187,2.251629167387823,3.3492750707107133,3.3168178546396656,3.084962500721156,0.0
