problem,access,navigate,page_close,video,discussion,wiki
0.6746799231474563,0.9182958340544896,0.6500224216483541,1.0949143184120975,1.0957952550009338,0,0
