problem,access,navigate,page_close,video,discussion,wiki
1.2516291673878228,1.4029342381953893,1.7640976555739163,0.0,0.0,0,0.0
