problem,access,navigate,page_close,video,discussion,wiki
0.0,1.7961796919474975,1.3787834934861756,1.75,1.9500637564362102,0,0.0
