problem,access,navigate,page_close,video,discussion,wiki
1.4056390622295665,2.614164262105116,0.9182958340544896,2.1556390622295662,1.3709505944546687,0,0
