problem,access,navigate,page_close,video,discussion,wiki
0,0.9182958340544896,2.2359263506290326,1.4488156357251847,1.0,0,0
