problem,access,navigate,page_close,video,discussion,wiki
2.2359263506290326,1.789929075309999,0.9182958340544896,2.4193819456463714,2.2359263506290326,0,0
