problem,access,navigate,page_close,video,discussion,wiki
0.9940302114769565,3.047742678581274,1.0,2.9309884567922007,2.8453509366224368,0.0,0
