problem,access,navigate,page_close,video,discussion,wiki
2.3785984395648714,2.7339020107552603,1.3784188527203236,1.7627022003449737,1.9942994759573032,1.188721875540867,0
