problem,access,navigate,page_close,video,discussion,wiki
0.6193821946787638,1.086312840741288,1.5,1.4315602842833155,0.9709505944546686,0,0
