problem,access,navigate,page_close,video,discussion,wiki
0.6962122601251458,2.5402672297185664,2.4225797618424916,0.8683927290103626,0.6500224216483541,0,0
