problem,access,navigate,page_close,video,discussion,wiki
1.756052061166987,2.6699691107050145,1.4355205042826666,1.5,1.4195562985716133,0.9182958340544896,0.0
