problem,access,navigate,page_close,video,discussion,wiki
0.0,1.3730174851339658,1.061278124459133,1.4772170014624826,1.0,0.0,0
