problem,access,navigate,page_close,video,discussion,wiki
0,1.7676503615477754,2.321928094887362,0.0,0.0,0.4689955935892812,0
