problem,access,navigate,page_close,video,discussion,wiki
1.7891312259695478,2.7858793288398584,3.031598715496905,3.0105709342684834,2.507812151679872,1.0,0
