problem,access,navigate,page_close,video,discussion,wiki
0,2.7036648350297985,0.8112781244591328,2.9019469592513696,3.0086949695628418,0,0
