problem,access,navigate,page_close,video,discussion,wiki
0.0,2.1890109092981254,3.653660689688186,0.0,0,3.7537148891319267,0
