problem,access,navigate,page_close,video,discussion,wiki
0.9852281360342516,3.157748288594563,2.5048003829823355,1.428794734004785,2.8876396789129504,0.9182958340544896,1.0
