problem,access,navigate,page_close,video,discussion,wiki
0,1.7033848993102918,2.6416041678685933,1.9056390622295665,0.9182958340544896,0,0
