problem,access,navigate,page_close,video,discussion,wiki
0.0,2.3789919869000626,2.1971597234241496,1.8702538164316223,0,1.8070027314271102,0
