problem,access,navigate,page_close,video,discussion,wiki
0,2.5037016960573486,2.2464393446710154,2.3329145639793976,1.9219280948873623,0.0,0.0
