problem,access,navigate,page_close,video,discussion,wiki
0,2.531869256975175,2.0,2.594117891631186,0,0.7219280948873623,0
