problem,access,navigate,page_close,video,discussion,wiki
0,1.8496017527145814,1.5219280948873621,0,0,0.9798687566511528,0
