problem,access,navigate,page_close,video,discussion,wiki
0,1.8464393446710154,0.9182958340544896,2.197159723424149,2.197159723424149,0,0
