problem,access,navigate,page_close,video,discussion,wiki
0,1.3995812306460644,1.6858157091530304,0,0.0,1.3420192178195207,1.0
