problem,access,navigate,page_close,video,discussion,wiki
3.5952124048572163,3.811281368033963,2.5987619739594163,3.470765506171956,2.662059326025933,2.686486963180119,1.0
