problem,access,navigate,page_close,video,discussion,wiki
0,0.9886994082884974,1.0,1.2987949406953985,1.3787834934861753,0.0,0.0
