problem,access,navigate,page_close,video,discussion,wiki
0,1.5262349099495225,1.3921472236645345,0.9910760598382222,1.360964047443681,1.4572659136233872,0.9182958340544896
