problem,access,navigate,page_close,video,discussion,wiki
0,2.1283310497671026,1.8423709931771088,2.2806390622295662,1.7527152789797045,0,0
