problem,access,navigate,page_close,video,discussion,wiki
0,1.432983121056005,1.0,1.2957378005380122,0.9456603046006402,0.0,0
