problem,access,navigate,page_close,video,discussion,wiki
3.056842897493069,3.480801960278892,3.03856233607563,3.499314491610877,3.4051876989901007,0,0.0
