problem,access,navigate,page_close,video,discussion,wiki
1.6752133966786191,2.4081162969850456,0.0,2.176908169168578,1.7169171866886992,0.0,0
