problem,access,navigate,page_close,video,discussion,wiki
2.81034967345426,3.8184342617527096,3.3787271036564666,2.8152023999804863,0.0,2.722803835125783,1.5566567074628228
