problem,access,navigate,page_close,video,discussion,wiki
0.9852281360342516,2.4497456148476355,2.1280852788913944,2.4962058480965483,2.5306390622295662,0.0,0
