problem,access,navigate,page_close,video,discussion,wiki
0.9456603046006402,2.911698837723464,2.473072414373093,3.2088068712230684,2.5820599105802575,0,0.8112781244591328
