problem,access,navigate,page_close,video,discussion,wiki
0,2.155968102145908,2.584962500721156,2.0588138903312014,0.9709505944546686,0.0,0
