problem,access,navigate,page_close,video,discussion,wiki
1.8868707145619594,2.6343419783981914,2.418295834054489,2.721439835297278,1.9903166968736792,0.7742433029172697,0
