problem,access,navigate,page_close,video,discussion,wiki
0.7642045065086203,1.4315602842833157,1.5,1.789929075309999,0.9709505944546686,0.9182958340544896,0
