problem,access,navigate,page_close,video,discussion,wiki
2.93299930663729,3.4273252907942986,1.9526832779469112,3.5346804055170518,3.503997527334848,0.7793498372920852,0.9182958340544896
