problem,access,navigate,page_close,video,discussion,wiki
0,2.190515847687587,1.4911148500551858,2.440223928941852,2.5,0.0,0.0
