problem,access,navigate,page_close,video,discussion,wiki
0.0,2.084320426768523,1.0,1.584962500721156,1.0,0.8112781244591328,0
