problem,access,navigate,page_close,video,discussion,wiki
0,2.1283310497671026,2.1280852788913944,1.584962500721156,1.584962500721156,0.0,0.8112781244591328
