problem,access,navigate,page_close,video,discussion,wiki
0.9182958340544896,2.546846589342404,0.8112781244591328,1.0,0.0,0,0
