problem,access,navigate,page_close,video,discussion,wiki
0.9910760598382222,2.317640005966218,1.6140054628542202,2.472905595320056,1.5,0,0.0
