problem,access,navigate,page_close,video,discussion,wiki
0.0,1.3516441151533924,1.8423709931771084,1.4591479170272448,0,0.0,0
