problem,access,navigate,page_close,video,discussion,wiki
1.5154406504607922,2.5359362461388986,2.197159723424149,2.37770136089396,1.811278124459133,0.0,0
