problem,access,navigate,page_close,video,discussion,wiki
1.3346791410515948,1.7765596254085052,1.8423709931771084,1.9015191363200532,1.7758589482446405,1.5485806065228545,1.0
