problem,access,navigate,page_close,video,discussion,wiki
2.298852726158181,2.3974251149633488,0.0,0.0,1.9182958340544893,0.0,0
