problem,access,navigate,page_close,video,discussion,wiki
0,1.7597755969553877,1.8675769461761949,1.0,1.9219280948873623,0.8112781244591328,0.9182958340544896
