problem,access,navigate,page_close,video,discussion,wiki
0.0,0.9934472383802027,0.0,0.7732283485249176,1.2326602568158205,0.9182958340544896,0
