problem,access,navigate,page_close,video,discussion,wiki
0.9182958340544896,1.5114710445140271,0.0,1.5545851693377997,1.5,0.0,0.0
