problem,access,navigate,page_close,video,discussion,wiki
0.9957274520849256,2.8543765791064866,1.9219280948873623,0.0,0.0,1.4949188482339508,0
