problem,access,navigate,page_close,video,discussion,wiki
2.6824829153900964,2.598564647605513,2.058813890331201,0,1.7177602521413333,1.807763576417194,0
