problem,access,navigate,page_close,video,discussion,wiki
3.5833024748887072,3.655413735230915,2.582059910580258,3.4045822176135294,3.2262330293679824,0,0
