problem,access,navigate,page_close,video,discussion,wiki
2.186704345910025,2.976161064156192,2.584962500721156,2.7769479618339257,2.3716535224393334,2.838837658274469,0
