problem,access,navigate,page_close,video,discussion,wiki
0.7219280948873623,3.0473454877047033,2.355388542207534,2.0,1.0,0.8112781244591328,0.0
