problem,access,navigate,page_close,video,discussion,wiki
0.9182958340544896,2.5021737430068587,1.561278124459133,2.5820311165404983,2.2221915755066783,0.0,0.0
