problem,access,navigate,page_close,video,discussion,wiki
0,1.040852082972755,1.4466166676282082,1.6644977792004614,1.3709505944546687,0,0
