problem,access,navigate,page_close,video,discussion,wiki
1.8677232172356986,2.764530262257575,3.137918502671133,2.1801381012675236,1.4195562985716133,2.712506404832088,0
