problem,access,navigate,page_close,video,discussion,wiki
2.1924559969845445,2.5090450143792937,2.188721875540867,1.0,1.9219280948873623,0.35335933502142136,0
