problem,access,navigate,page_close,video,discussion,wiki
0.9814538950336537,2.2274723294812273,1.9056390622295665,2.2485731395538666,1.8423709931771086,0,0
