problem,access,navigate,page_close,video,discussion,wiki
1.6860538942978618,2.748369998950215,2.40400975732486,2.6990199844009077,1.4056390622295665,0,0
