problem,access,navigate,page_close,video,discussion,wiki
0,1.9808259362290785,2.7278854298227073,1.974937501201927,1.5,2.6883273428322347,0.0
