problem,access,navigate,page_close,video,discussion,wiki
0,1.8423709931771084,1.5,1.9219280948873623,0.9182958340544896,0,0
