problem,access,navigate,page_close,video,discussion,wiki
0,1.061278124459133,1.1488348542809166,1.6644977792004614,1.584962500721156,0,0.0
