problem,access,navigate,page_close,video,discussion,wiki
2.866531480876842,3.326249173017076,2.2810361125534233,2.523986065961297,2.8150724101159437,2.7827790725285513,1.5
