problem,access,navigate,page_close,video,discussion,wiki
0,1.1488348542809166,1.4949188482339508,0.8112781244591328,0.0,0,0
