problem,access,navigate,page_close,video,discussion,wiki
0,0.5435644431995964,1.8464393446710154,1.0,0,1.3709505944546687,0
