problem,access,navigate,page_close,video,discussion,wiki
1.845417016305877,1.712935039619369,1.0,2.038159681645953,0,0.0,0
