problem,access,navigate,page_close,video,discussion,wiki
2.363784429613697,2.813140286873214,0.9182958340544896,2.4193819456463714,2.849745444868003,0.0,0
