problem,access,navigate,page_close,video,discussion,wiki
0.0,1.2415242038285013,2.5219280948873624,1.207518749639422,0.0,0,0
