problem,access,navigate,page_close,video,discussion,wiki
0.0,2.4659573209491747,1.8339272176418302,2.4193819456463714,1.5,0.0,0.0
