problem,access,navigate,page_close,video,discussion,wiki
0.9182958340544896,2.214812224859865,1.8553885422075338,2.2577560641285177,0.9182958340544896,0,0
