problem,access,navigate,page_close,video,discussion,wiki
1.901506402501506,2.737061483223738,2.792481250360578,2.6020280597617167,1.875,0.6500224216483541,0.0
