problem,access,navigate,page_close,video,discussion,wiki
2.757240941488696,2.9065256252307026,1.8423709931771084,2.390805482076982,2.9293790237237882,1.2516291673878228,0
