problem,access,navigate,page_close,video,discussion,wiki
3.584516014693403,4.05556701106351,3.594905461227893,4.151416763217682,3.61872391990717,3.901003432934685,0
