problem,access,navigate,page_close,video,discussion,wiki
1.360964047443681,2.5138755975478233,2.2359263506290326,2.610577243331642,0.9182958340544896,0.0,0
