problem,access,navigate,page_close,video,discussion,wiki
1.47283015230032,1.7865217796426034,0.4394969869215134,1.5304930567574826,0,0.9182958340544896,0.0
