problem,access,navigate,page_close,video,discussion,wiki
0.8453509366224365,2.422824692361507,1.8322488896002305,2.270942421748537,2.25,2.0042859090703917,0.0
