problem,access,navigate,page_close,video,discussion,wiki
0,2.558562035983959,1.8423709931771088,2.8443609377704338,2.8638263900908156,0,0
