problem,access,navigate,page_close,video,discussion,wiki
0,1.5058231002082845,1.4488156357251847,2.0588138903312014,0.0,0.0,0.0
