problem,access,navigate,page_close,video,discussion,wiki
1.5219280948873621,2.747268622738025,3.0472524369846297,2.6435932052212414,2.477629743472464,2.4087086868138297,1.0
