problem,access,navigate,page_close,video,discussion,wiki
0.14372616993938178,2.012595115586518,2.2464393446710154,1.8498687225851775,1.3516441151533924,0.0,0.0
