problem,access,navigate,page_close,video,discussion,wiki
0,1.991928396796324,2.021782221599798,1.684185736908434,1.3995812306460644,1.049398525415911,0.0
