problem,access,navigate,page_close,video,discussion,wiki
2.0713451397302376,2.1933722670260223,1.0,2.473364355362001,2.481714572986073,0.0,0
