problem,access,navigate,page_close,video,discussion,wiki
0.9709505944546686,1.8913736972060495,2.0,2.07838982472352,1.9182958340544893,0,0
