problem,access,navigate,page_close,video,discussion,wiki
0.961236604722876,1.1888906196492406,1.584962500721156,1.3709505944546687,0.0,0.0,0.0
