problem,access,navigate,page_close,video,discussion,wiki
0.0,1.5804055539441941,1.9219280948873623,0.9709505944546686,0.9182958340544896,0,0
