problem,access,navigate,page_close,video,discussion,wiki
1.9362600275315274,2.534986977923242,2.4943865446197475,2.4786498972009943,2.188721875540867,1.900022421648354,0.0
