problem,access,navigate,page_close,video,discussion,wiki
3.664143019762385,3.9013574259723116,3.253655312207321,0,3.5094877391050234,2.8375027576676572,0.9182958340544896
