problem,access,navigate,page_close,video,discussion,wiki
0.7219280948873623,2.1777968115985957,1.8423709931771088,2.4402239289418524,2.25,0,0
