problem,access,navigate,page_close,video,discussion,wiki
2.605337797403416,3.051398010919092,2.2062389286533897,2.684183719779189,2.794653473544342,0.0,0.0
