problem,access,navigate,page_close,video,discussion,wiki
0.8904916402194913,1.5294283316328894,1.3663146570363986,1.4355205042826666,0.0,0.7219280948873623,0.0
