problem,access,navigate,page_close,video,discussion,wiki
0,1.1557859861494433,0.9456603046006402,0,0,1.2957378005380122,0.0
