problem,access,navigate,page_close,video,discussion,wiki
2.230881706470099,2.6770100720089474,2.0,1.0,1.7924812503605778,0,0
