problem,access,navigate,page_close,video,discussion,wiki
0,2.2648149928450567,2.0,2.064042639445697,1.896240625180289,0,0
