problem,access,navigate,page_close,video,discussion,wiki
1.7148588449774256,2.124493253797433,2.481714572986073,2.4225797618424916,2.2854758559099855,0,0
