problem,access,navigate,page_close,video,discussion,wiki
0.6343095546405662,1.8084541072430207,1.5,0.9852281360342516,0.863120568566631,1.0,0.0
