problem,access,navigate,page_close,video,discussion,wiki
0.0,1.789929075309999,0.9709505944546686,2.1451363701530526,1.752715278979705,0,0
