problem,access,navigate,page_close,video,discussion,wiki
0.8904916402194913,2.262879631232199,1.936278124459133,2.040223928941852,0.7219280948873623,0,0.205592508185083
