problem,access,navigate,page_close,video,discussion,wiki
0.9774178175281716,1.5677116575334584,1.4056390622295665,1.4926140680171258,1.4591479170272448,0.9182958340544896,0
