problem,access,navigate,page_close,video,discussion,wiki
0.0,1.3609640474436813,0.863120568566631,1.3516441151533922,1.3787834934861753,0.0,0.0
