problem,access,navigate,page_close,video,discussion,wiki
0,2.756866543182522,1.8910611120726528,0,1.584962500721156,0,0
