problem,access,navigate,page_close,video,discussion,wiki
1.4591479170272448,2.415056059646081,2.0,1.8423709931771088,0.9182958340544896,0.0,0
