problem,access,navigate,page_close,video,discussion,wiki
1.0,2.917837797403416,1.8423709931771088,0.9182958340544896,1.5,0,0
