problem,access,navigate,page_close,video,discussion,wiki
1.188721875540867,1.937093968690974,1.2406705316766886,2.1023037954930768,1.0,0.0,0.0
