problem,access,navigate,page_close,video,discussion,wiki
0.0,1.854285871987246,1.2516291673878228,2.1180782093497093,0,0,0
