problem,access,navigate,page_close,video,discussion,wiki
2.619202254991793,3.6101355875417043,2.7219280948873625,3.5807634053535713,3.44884701615865,0,0
