problem,access,navigate,page_close,video,discussion,wiki
0,1.4488156357251847,1.5566567074628228,0.0,1.0,1.6464417904241373,0
