problem,access,navigate,page_close,video,discussion,wiki
2.226480271736669,2.8650569751653348,2.005977711423774,2.9758950778014612,2.9648894517332405,1.3250112108241772,0.0
