problem,access,navigate,page_close,video,discussion,wiki
2.2492870686521593,3.3071040495887014,2.481714572986073,3.226730915057127,3.0220552088742,0.0,0
