problem,access,navigate,page_close,video,discussion,wiki
0.9182958340544896,1.3995812306460644,1.9219280948873623,1.7527152789797045,1.2516291673878228,0.0,0
