problem,access,navigate,page_close,video,discussion,wiki
0.5787946246321198,1.1567796494470395,1.584962500721156,0,0,0.7219280948873623,0
