problem,access,navigate,page_close,video,discussion,wiki
1.2098003386604828,2.6986173651259904,2.390805482076982,2.610577243331642,1.0,0.5435644431995964,0.5032583347756457
