problem,access,navigate,page_close,video,discussion,wiki
2.959786640843338,3.4876237391767315,2.386687999079064,3.503139265917256,3.5236426142966555,0.4394969869215134,0.0
