problem,access,navigate,page_close,video,discussion,wiki
0.0,2.1973009779412154,1.4516607643577668,2.3598063039211006,1.971747257128181,0.0,0.0
