problem,access,navigate,page_close,video,discussion,wiki
0,1.9544340029249652,1.811278124459133,1.584962500721156,1.5219280948873621,2.259180910117019,0.0
