problem,access,navigate,page_close,video,discussion,wiki
0,1.2406705316766886,0.0,1.8910611120726526,0.9709505944546686,0.0,0.0
