problem,access,navigate,page_close,video,discussion,wiki
0.9182958340544896,3.2356519364214456,3.5121884039686613,3.204347484781421,2.2295739585136225,3.050006955898322,0
