problem,access,navigate,page_close,video,discussion,wiki
0.8315435491770659,1.6302220280610171,1.9219280948873623,2.016313165825732,1.728282381065477,0.0,0
