problem,access,navigate,page_close,video,discussion,wiki
1.974937501201927,2.6547055840918983,2.058813890331201,2.5326911909250693,1.822815600352516,0.0,0.0
