problem,access,navigate,page_close,video,discussion,wiki
1.4854752972273344,2.460586852609508,1.5,1.3784188527203236,0,0,0
