problem,access,navigate,page_close,video,discussion,wiki
0,1.8374848297119397,1.4353713907745331,1.360964047443681,0.0,0.0,0.0
