problem,access,navigate,page_close,video,discussion,wiki
3.307826044785163,2.381011724519074,1.7924812503605778,2.5785519909913264,2.4193819456463714,0,0
