problem,access,navigate,page_close,video,discussion,wiki
1.4591479170272448,1.7335244243257484,1.8077635764171942,1.3092966682370037,0,0.8112781244591328,0
