problem,access,navigate,page_close,video,discussion,wiki
0.0,3.0113434243766792,2.9086949695628417,2.2464393446710154,1.811278124459133,2.5359018236119333,1.0
