problem,access,navigate,page_close,video,discussion,wiki
0,2.8603207778330444,2.521640636343318,3.180832987205441,2.2359263506290326,0,0
