problem,access,navigate,page_close,video,discussion,wiki
0,1.584962500721156,1.6258145836939115,0.0,0,0.5916727785823275,0.0
