problem,access,navigate,page_close,video,discussion,wiki
1.5947024175446605,3.5244075915177446,2.974937501201927,3.228858734565074,2.3458519893382603,0.0,0
