problem,access,navigate,page_close,video,discussion,wiki
1.4488156357251847,2.3947747321251263,1.9182958340544896,1.7002237262558644,1.5709505944546684,0,0
