problem,access,navigate,page_close,video,discussion,wiki
0.8904916402194913,2.1048380844593053,0.0,2.133919825058653,2.1738787769214394,0,0
