problem,access,navigate,page_close,video,discussion,wiki
1.2987949406953985,2.2397603337652026,2.2516291673878226,2.4259786667057264,2.4056390622295662,0.0,0
