problem,access,navigate,page_close,video,discussion,wiki
0.863120568566631,2.3497301466508205,2.4182958340544896,2.5175199783432034,1.823026490712885,0.9852281360342516,0
