problem,access,navigate,page_close,video,discussion,wiki
2.4390795706241746,2.8947157073664975,2.617492461184755,2.890458857510062,2.8244984515601637,2.0223668094729823,0
