problem,access,navigate,page_close,video,discussion,wiki
0,3.0332696895151083,4.417812370155137,3.0269868333592873,1.0,4.671050434054845,1.0
