problem,access,navigate,page_close,video,discussion,wiki
1.8464393446710154,1.7779849042597489,1.3787834934861753,0.0,0.0,0,0.3095434291503252
