problem,access,navigate,page_close,video,discussion,wiki
0.9373012413074895,2.627648209395511,4.165837632423487,3.3990795706241737,1.2399234562132122,4.269304973889385,0
