problem,access,navigate,page_close,video,discussion,wiki
0.0,2.707332611362597,1.9219280948873623,2.66562285841712,2.2464393446710154,0.0,0
