problem,access,navigate,page_close,video,discussion,wiki
0,2.3329187608024515,2.094856783548739,2.7052290027422967,2.1180782093497093,1.3516441151533924,0.9182958340544896
