problem,access,navigate,page_close,video,discussion,wiki
2.3943903115044805,2.7663160001684908,2.25,0.0,2.1280852788913944,0.0,0
