problem,access,navigate,page_close,video,discussion,wiki
1.4970151057384782,1.7206856343376011,0.8112781244591328,1.8050365325772657,1.789929075309999,0.0,0
