problem,access,navigate,page_close,video,discussion,wiki
0.0,1.2406705316766886,0.9709505944546686,1.3787834934861756,1.5,0,0
