problem,access,navigate,page_close,video,discussion,wiki
0.0,2.79958437108296,2.9219280948873623,2.556656707462823,0.0,0,0
