problem,access,navigate,page_close,video,discussion,wiki
0,3.604433790982011,2.355388542207534,2.321928094887362,0.0,0.4394969869215134,0.0
