problem,access,navigate,page_close,video,discussion,wiki
1.555204548481333,2.4000334943705557,2.0,1.0,1.9528195311147831,0,0
