problem,access,navigate,page_close,video,discussion,wiki
2.094244435147134,2.8096670885251442,1.8423709931771084,2.604807463502868,2.038159681645953,0.0,0
