problem,access,navigate,page_close,video,discussion,wiki
0.0,1.4677244225937902,1.1488348542809166,1.7381493331928661,1.657742726504889,0.0,0.0
