problem,access,navigate,page_close,video,discussion,wiki
1.5566567074628228,3.549779975229889,2.1967916319816365,3.69929789168976,3.6679284722924486,0,0
