problem,access,navigate,page_close,video,discussion,wiki
1.7232314287976207,2.644413829577611,1.9182958340544896,2.0,0,0,0
