problem,access,navigate,page_close,video,discussion,wiki
3.0341837197791888,3.2525821869644704,0.0,3.2389211020256883,2.78845045730829,0.3227569588973982,0
