problem,access,navigate,page_close,video,discussion,wiki
0.7219280948873623,1.6849774484867255,0.7642045065086203,1.789929075309999,1.5304930567574824,0.0,0
