problem,access,navigate,page_close,video,discussion,wiki
1.295461844238322,2.893436329144917,2.197159723424149,2.8955056206115386,2.3685225277282065,1.5098718371939557,0
