problem,access,navigate,page_close,video,discussion,wiki
0.9709505944546686,2.189541517339139,1.5,2.074164743022575,1.5304930567574826,0.0,0
