problem,access,navigate,page_close,video,discussion,wiki
2.3069171952818,2.653401808661652,2.3553885422075336,0.0,0.0,0.0,0.0
