problem,access,navigate,page_close,video,discussion,wiki
1.4071052024019375,1.766402170507444,1.4488156357251847,1.0,1.0,0,0.0
