problem,access,navigate,page_close,video,discussion,wiki
2.29540465781267,2.7556161815915887,2.5366082543914996,0.0,2.1658942083900237,0.8112781244591328,0
