problem,access,navigate,page_close,video,discussion,wiki
1.9383159332954838,2.597481874886749,0.9182958340544896,1.0,2.0,1.8655074211313076,0
