problem,access,navigate,page_close,video,discussion,wiki
3.0943609377704338,3.5347901609171575,2.950212064914747,1.1216407621868583,1.3709505944546687,1.584962500721156,0
