problem,access,navigate,page_close,video,discussion,wiki
2.19231101473439,2.6891300033034313,1.0,2.3522170014624826,2.4403363329891175,0.0,0
