problem,access,navigate,page_close,video,discussion,wiki
1.4591479170272448,2.562292189082415,0,0.8112781244591328,0.9182958340544896,0,0
