problem,access,navigate,page_close,video,discussion,wiki
0.0,1.4195562985716133,0.8112781244591328,1.4355205042826666,1.0,0.0,0
