problem,access,navigate,page_close,video,discussion,wiki
0.9526092095121206,2.4822869399645953,0.0,1.2516291673878228,1.0,0,0
