problem,access,navigate,page_close,video,discussion,wiki
0.0,1.8419877070528812,1.7924812503605778,1.9103083326692296,1.4488156357251847,0,0.0
