problem,access,navigate,page_close,video,discussion,wiki
0.7642045065086203,2.4756413390528063,1.4182958340544896,2.4633663427540564,2.241541933335928,0.8112781244591328,0.0
