problem,access,navigate,page_close,video,discussion,wiki
1.5,1.9127317997674897,2.067031495157584,1.9621441567855664,1.922023142851573,0.0,0
