problem,access,navigate,page_close,video,discussion,wiki
0,2.9163413494626385,2.8221819586428722,2.7225196425556857,2.4193819456463714,0,0
