problem,access,navigate,page_close,video,discussion,wiki
1.5234181962533397,2.802238507739262,2.7743974703476995,1.0,1.0,1.1401156785146092,0
