problem,access,navigate,page_close,video,discussion,wiki
0.9182958340544896,2.7449056080965466,1.4353713907745331,2.815202399980486,2.5503407095463886,0.0,0
