problem,access,navigate,page_close,video,discussion,wiki
0,1.4833557549816876,0.0,1.5394847569315018,1.5304930567574824,0,0
