problem,access,navigate,page_close,video,discussion,wiki
0,1.81294527625988,0.0,2.126614471810182,2.1820058147602133,0,0
