problem,access,navigate,page_close,video,discussion,wiki
1.6495740587434335,1.9672534608576204,1.5,1.75,0.9182958340544896,0,0
