problem,access,navigate,page_close,video,discussion,wiki
2.011096028995643,2.402460985054449,2.5503407095463886,2.3553885422075336,0,1.4758079802516535,0
