problem,access,navigate,page_close,video,discussion,wiki
2.1180782093497093,4.109378337155239,3.6163485660751635,3.9706293232203596,2.773244053451041,2.0199730940219753,0.0
