problem,access,navigate,page_close,video,discussion,wiki
0.0,2.4722092797270987,1.584962500721156,2.4014473774842418,2.040223928941852,0,0
