problem,access,navigate,page_close,video,discussion,wiki
1.9942994759573032,2.5937348420721635,1.5,1.0,1.5,0.954434002924965,0
