problem,access,navigate,page_close,video,discussion,wiki
3.3572078920281574,3.2838164946554387,2.2359263506290326,3.319773835029478,3.1009166856947723,0,0
