problem,access,navigate,page_close,video,discussion,wiki
2.0550365325772657,3.087375447856382,3.7679968721993937,3.109280007319902,1.7794238321465294,3.9236214775163702,0.0
