problem,access,navigate,page_close,video,discussion,wiki
0,2.8895494308620884,1.3921472236645345,2.725480556997868,2.2516291673878226,0,0.0
