problem,access,navigate,page_close,video,discussion,wiki
1.584962500721156,2.7045348998193433,0.9182958340544896,2.6416041678685933,2.321928094887362,0,0
