problem,access,navigate,page_close,video,discussion,wiki
2.385381439788551,3.7299529017166533,3.696520773344194,3.7275475789483923,3.1556390622295662,2.6820372099170244,0.0
