problem,access,navigate,page_close,video,discussion,wiki
0.863120568566631,2.439268146254097,1.6500224216483543,0,0,0.5916727785823275,0.9182958340544896
