problem,access,navigate,page_close,video,discussion,wiki
1.5,2.4277103450809117,2.0,2.4758749730305976,2.263809173883546,0.0,0.0
