problem,access,navigate,page_close,video,discussion,wiki
3.4948327673425585,3.81973587818794,3.4387218755408675,3.6590381333134503,2.6568717302441915,2.7543756443558127,0.0
