problem,access,navigate,page_close,video,discussion,wiki
0.976020648236615,1.518850916195339,0.9182958340544896,1.4591479170272448,1.950212064914747,1.584962500721156,0
