problem,access,navigate,page_close,video,discussion,wiki
0,1.483831706844689,1.9301249653149701,1.9491378652735851,0.5916727785823275,1.3709505944546687,0.9182958340544896
