problem,access,navigate,page_close,video,discussion,wiki
2.4260092558034314,3.5809278157553264,2.827819531114783,3.6192509128388286,3.0273506907936274,1.944139581431503,0
