problem,access,navigate,page_close,video,discussion,wiki
0.0,3.280442858511902,2.8978493842644677,0.9182958340544896,0,2.5869258344809207,0
