problem,access,navigate,page_close,video,discussion,wiki
0.0,2.5536820529871744,2.209888638014727,2.7225196425556857,2.4116022179746714,0.0,0
