problem,access,navigate,page_close,video,discussion,wiki
2.341007604702427,2.772206387628619,1.9211854965885542,2.6557758928053166,2.51922792208277,0.6500224216483541,0
