problem,access,navigate,page_close,video,discussion,wiki
0.5328350630342235,1.7970832266696606,1.0,1.7028195311147831,1.360964047443681,0.0,0
