problem,access,navigate,page_close,video,discussion,wiki
0,2.353533948577482,1.584962500721156,2.2998963911678914,0,1.0,0
