problem,access,navigate,page_close,video,discussion,wiki
0,2.047299098426643,0.0,1.6368421881310118,1.4190352743388661,0.0,0
