problem,access,navigate,page_close,video,discussion,wiki
0.9957274520849256,1.3260875253642983,1.0,1.2467052127325733,1.1567796494470395,0,0
