problem,access,navigate,page_close,video,discussion,wiki
1.0,1.7813930778219071,1.3516441151533924,1.836591668108979,1.5,0.0,0
