problem,access,navigate,page_close,video,discussion,wiki
0.9182958340544896,1.7864335896219465,1.5566567074628228,1.900477269281539,1.5461796919474975,0.0,0
