problem,access,navigate,page_close,video,discussion,wiki
0.954434002924965,2.351340622289458,1.584962500721156,2.5220552088742005,2.2516291673878226,0,0
