problem,access,navigate,page_close,video,discussion,wiki
0.0,2.2202895764172954,2.0,1.6729055953200562,1.6858157091530304,0,0
