problem,access,navigate,page_close,video,discussion,wiki
0.9993375041688847,2.1299381464461318,1.584962500721156,2.2125823032160294,2.058813890331201,0.0,0
