problem,access,navigate,page_close,video,discussion,wiki
0.7219280948873623,1.7779849042597489,1.3752793655393794,1.7464657985040721,1.5465935642949384,0,0.0
