problem,access,navigate,page_close,video,discussion,wiki
0,2.0822287189138016,0.9182958340544896,2.155968102145908,1.9709505944546688,0,0
