problem,access,navigate,page_close,video,discussion,wiki
3.6710393820727973,3.8842573173255404,2.751629167387823,3.545685246510093,3.813502264433443,2.329489394979422,0.0
