problem,access,navigate,page_close,video,discussion,wiki
2.2742509218683473,2.6565142189793374,2.4464393446710155,2.6035540201800162,2.6584249819799437,1.9362600275315274,0
