problem,access,navigate,page_close,video,discussion,wiki
0.9182958340544896,2.194695016511119,1.9182958340544893,1.584962500721156,0.0,1.4591479170272448,0
