problem,access,navigate,page_close,video,discussion,wiki
1.4949188482339508,2.5058155840413208,1.0,2.4115091984199104,2.0027871993942608,0.0,0
