problem,access,navigate,page_close,video,discussion,wiki
0.8904916402194913,1.8863082816921724,0.0,1.9591479170272446,1.1488348542809166,0,0
