problem,access,navigate,page_close,video,discussion,wiki
1.468090781663233,2.9906962741675063,2.7806390622295662,2.9550071511321656,2.6812763696025814,0.0,0
