problem,access,navigate,page_close,video,discussion,wiki
1.3569053052618836,2.8086279527247613,2.557277991779064,2.7716151605149797,2.9648894517332405,0.0,0.0
