problem,access,navigate,page_close,video,discussion,wiki
2.6986604604011157,3.474197523395014,3.1018812234760182,3.7336606896881848,1.3787834934861756,2.1893151909382182,0
