problem,access,navigate,page_close,video,discussion,wiki
2.3488805431585216,2.749716370900657,2.6493974703476995,2.7772110478746708,2.305958492868042,0.0,0
