problem,access,navigate,page_close,video,discussion,wiki
2.2464393446710154,2.4853547941426344,2.5,2.4079850528769944,2.2841591278514217,0.0,0.0
