problem,access,navigate,page_close,video,discussion,wiki
1.0957952550009336,2.8520328384234266,2.7013757559060485,2.4701970429406517,1.8423709931771084,0,0
