problem,access,navigate,page_close,video,discussion,wiki
1.0,1.4269608142719163,0.9182958340544896,1.4505820084462417,1.4955380299191112,0,0.0
