problem,access,navigate,page_close,video,discussion,wiki
0.954434002924965,1.946083181479209,1.823067982273661,1.0,0.0,0.0,1.0
