problem,access,navigate,page_close,video,discussion,wiki
1.5485652260309177,3.3744909811671566,1.8799649487271108,3.3176713344352526,3.2360133717396784,2.3115866922269297,0
