problem,access,navigate,page_close,video,discussion,wiki
0,2.2806390622295662,2.1180782093497093,2.197159723424149,1.0,0.9940302114769565,0
