problem,access,navigate,page_close,video,discussion,wiki
1.1567796494470395,3.3307666889803835,2.841446071165522,3.5071964896856165,3.0685919166168656,2.371242668393648,0
