problem,access,navigate,page_close,video,discussion,wiki
0.7642045065086203,2.060336255347847,1.1488348542809166,1.9524876891689535,2.1180782093497093,0.9182958340544896,0.0
