problem,access,navigate,page_close,video,discussion,wiki
0.0,1.8412501702815547,0.9182958340544896,1.922023142851573,1.8464393446710154,0,0
