problem,access,navigate,page_close,video,discussion,wiki
0,1.6538368170522615,1.6893917467430877,0.8112781244591328,1.5,0.0,0.0
