problem,access,navigate,page_close,video,discussion,wiki
0.8112781244591328,2.3955536047101793,1.1488348542809166,2.3553885422075336,1.9182958340544893,0,0
