problem,access,navigate,page_close,video,discussion,wiki
2.5654483718208256,3.669235895218811,2.75,2.5944627458893175,2.5703326197105736,0.0,1.0
