problem,access,navigate,page_close,video,discussion,wiki
0,2.7848427771090125,2.753434386188785,2.8225797618424915,1.811278124459133,0.9175260751435628,0
