problem,access,navigate,page_close,video,discussion,wiki
0.0,1.3638428649791496,1.2870540281187268,0.9664516287472262,1.7924812503605778,0.6840384356390417,0.0
