problem,access,navigate,page_close,video,discussion,wiki
0.9182958340544896,2.512444963389002,2.133937566094917,2.562869409906007,2.4830067805200744,0.5293608652873644,0.0
