problem,access,navigate,page_close,video,discussion,wiki
0,2.0577174691301483,1.584962500721156,1.584962500721156,1.5,0,0
