problem,access,navigate,page_close,video,discussion,wiki
2.3012407854814616,3.0397308678460524,1.75,3.2192509128388287,2.5366082543914996,0.0,0
