problem,access,navigate,page_close,video,discussion,wiki
0.4689955935892812,1.5835382325345573,1.2406705316766886,0,0,0.0,1.0
