problem,access,navigate,page_close,video,discussion,wiki
0.8112781244591328,2.4832156925345843,2.197159723424149,0.0,2.113283334294875,0.9182958340544896,0
