problem,access,navigate,page_close,video,discussion,wiki
0,1.1567796494470395,1.0,1.2987949406953985,0.9182958340544896,0,0
