problem,access,navigate,page_close,video,discussion,wiki
0.0,1.2916919971380596,1.0,1.1488348542809166,0.9182958340544896,0,0
