problem,access,navigate,page_close,video,discussion,wiki
0.9182958340544896,1.494955629390005,0.8112781244591328,1.5262349099495225,1.360964047443681,0.8112781244591328,0
