problem,access,navigate,page_close,video,discussion,wiki
0,2.666247897312731,2.121928094887362,2.5887791855917497,1.4949188482339508,0.7219280948873623,0
