problem,access,navigate,page_close,video,discussion,wiki
0.8366407419411673,2.363212074869923,1.5744174271404585,1.8918521728839341,1.9387084972868345,1.0,0.0
