problem,access,navigate,page_close,video,discussion,wiki
0,1.9086126988727123,0.0,1.3709505944546687,1.8092000326978122,0,0
