problem,access,navigate,page_close,video,discussion,wiki
2.7505453622018643,3.5976150560613975,3.101125010956985,3.204447960708351,2.8423709931771093,0.785235442391543,0
