problem,access,navigate,page_close,video,discussion,wiki
0.0,0.9938972639364229,0.0,1.2607717938967942,1.5566567074628228,0,0
