problem,access,navigate,page_close,video,discussion,wiki
1.0,2.992655384606884,1.7924812503605778,3.040156860408859,2.8603207778330444,0,0
