problem,access,navigate,page_close,video,discussion,wiki
3.672515957037091,4.323944909743528,2.60623892865339,3.4314134569803283,3.2162692546297507,2.937014811252441,0.0
