problem,access,navigate,page_close,video,discussion,wiki
0,1.5304930567574824,1.5,1.2516291673878228,1.3709505944546687,0,0
