problem,access,navigate,page_close,video,discussion,wiki
2.2018785708618345,2.262317739906409,1.584962500721156,1.9182958340544893,2.270942421748537,1.4355205042826666,0
