problem,access,navigate,page_close,video,discussion,wiki
1.5,3.542974340018226,2.7212518360044666,3.390497134376275,2.8150724101159437,0.4394969869215134,0.0
