problem,access,navigate,page_close,video,discussion,wiki
0.9571814385446724,3.6602826460246956,2.7604212095219935,3.639079570624174,3.4204814557299708,2.702910899148411,0.0
