problem,access,navigate,page_close,video,discussion,wiki
0,0.8812908992306927,2.0870793466088498,0.9182958340544896,0,1.5002759454856227,0.0
