problem,access,navigate,page_close,video,discussion,wiki
0.0,2.057924310831006,0.7219280948873623,1.4056390622295665,1.0,1.3250112108241772,0.0
