problem,access,navigate,page_close,video,discussion,wiki
3.9363337336864714,3.5522202604371365,3.1358218241480365,2.7192945256669794,2.7898980954642876,0.0,0
