problem,access,navigate,page_close,video,discussion,wiki
2.7329145639793984,3.4734450877878817,2.617492461184755,3.32672678972872,1.3221793455166666,0.0,0
