problem,access,navigate,page_close,video,discussion,wiki
2.1625343755530984,2.682346153242886,1.6577427265048887,2.1601520795349525,2.7925365557581237,1.608700165519891,0.0
