problem,access,navigate,page_close,video,discussion,wiki
0.0,1.4029342381953893,1.7055872616982601,1.4488156357251847,1.3787834934861753,0.954434002924965,0.0
