problem,access,navigate,page_close,video,discussion,wiki
1.3424256522693587,1.4651441632863895,0.0,0.7219280948873623,0,0,0
