problem,access,navigate,page_close,video,discussion,wiki
1.8433308066503542,2.539969267684458,2.549787381523038,2.6130201924480456,1.8423709931771084,0,0
