problem,access,navigate,page_close,video,discussion,wiki
1.5229571181374093,3.6190473506820737,1.584962500721156,3.508694969562841,3.7297250895022676,0,0
