problem,access,navigate,page_close,video,discussion,wiki
0.0,1.6183941088363931,1.2776134368191157,1.4056390622295665,0.0,0,0
