problem,access,navigate,page_close,video,discussion,wiki
2.2892464285091583,2.949884396033344,3.348798912202497,3.2015457840323744,0.8112781244591328,3.7327903552254016,0
