problem,access,navigate,page_close,video,discussion,wiki
1.548565226030918,3.3132010596361,0.7219280948873623,1.584962500721156,0.0,0.9852281360342516,0
