problem,access,navigate,page_close,video,discussion,wiki
1.7219280948873623,2.357248559288594,2.1556390622295662,1.9182958340544896,2.503258334775646,0.0,0.0
