problem,access,navigate,page_close,video,discussion,wiki
1.2056790882462356,2.054295100247144,1.9182958340544893,2.0698936164374757,0.9182958340544896,0,0
