problem,access,navigate,page_close,video,discussion,wiki
2.165171613360732,2.7502738391653754,1.8423709931771088,1.0,2.513645929358371,2.674541554981273,0.0
