problem,access,navigate,page_close,video,discussion,wiki
0.6840384356390417,2.435371390774533,1.6644977792004614,2.530493056757482,2.3553885422075336,0,0.0
