problem,access,navigate,page_close,video,discussion,wiki
1.0,3.3567953789780214,1.8715699480384027,2.251629167387823,1.9219280948873623,0.2580186686648155,1.280672129520887
