problem,access,navigate,page_close,video,discussion,wiki
0.0,2.775775405999338,1.9709505944546686,1.584962500721156,2.41896119556797,0.908653933541588,1.0
