problem,access,navigate,page_close,video,discussion,wiki
0.0,2.1936764447854777,1.4591479170272448,0.0,0.9182958340544896,1.3709505944546687,0.0
