problem,access,navigate,page_close,video,discussion,wiki
0.9852281360342516,1.4098449412673983,1.584962500721156,1.352030101757953,1.224394445405986,0.0,0.0
