problem,access,navigate,page_close,video,discussion,wiki
0,1.8423709931771088,0.9182958340544896,1.836591668108979,1.3787834934861753,0.0,0
