problem,access,navigate,page_close,video,discussion,wiki
0.0,2.7737325092142644,1.3862740938959681,2.8179518219129482,0,0.5032583347756457,0.0
