problem,access,navigate,page_close,video,discussion,wiki
0.0,2.5262804816836244,2.0,2.0048861640918427,1.9219280948873623,1.0957952550009338,0.0
