problem,access,navigate,page_close,video,discussion,wiki
1.584962500721156,2.288019280279689,1.8423709931771084,2.688721875540867,2.321928094887362,0,0
