problem,access,navigate,page_close,video,discussion,wiki
1.5262349099495227,2.6472103113389793,1.0,2.4930168491445683,2.6258145836939115,0.0,0.0
