problem,access,navigate,page_close,video,discussion,wiki
0.9852281360342516,3.163502653316904,3.182005814760214,3.085055102756477,3.095795255000934,0.0,0.0
