problem,access,navigate,page_close,video,discussion,wiki
0.0,0.9975025463691153,1.3787834934861753,0.8453509366224365,0.8112781244591328,0.0,0
