problem,access,navigate,page_close,video,discussion,wiki
0.9940302114769565,2.260964047443681,1.9056390622295665,2.452819531114783,2.3685225277282065,0.976020648236615,0.0
