problem,access,navigate,page_close,video,discussion,wiki
1.115520093581932,1.287054028118727,1.0,0.0,0.0,1.4315602842833155,0
