problem,access,navigate,page_close,video,discussion,wiki
1.1401156785146092,2.850764362625347,2.523231428797621,2.9877733714879846,2.2810361125534233,0,0
