problem,access,navigate,page_close,video,discussion,wiki
0,0.6500224216483541,1.4355205042826666,0.9864267287308425,0,0.0,0.0
