problem,access,navigate,page_close,video,discussion,wiki
1.3709505944546687,1.9591479170272448,1.5744174271404583,1.0,1.0,0.0,0.9182958340544896
