problem,access,navigate,page_close,video,discussion,wiki
0.0,2.351227480952956,1.2516291673878228,2.2464393446710154,0.9182958340544896,0,0
