problem,access,navigate,page_close,video,discussion,wiki
1.8208438950586652,2.733341397161465,2.2359263506290326,2.704085557901762,2.2807886277052916,0.8112781244591328,0
