problem,access,navigate,page_close,video,discussion,wiki
0,2.5530900835303276,1.9502120649147465,2.413088436425758,1.7474130395316416,0,0
