problem,access,navigate,page_close,video,discussion,wiki
0,1.8464393446710154,0.0,1.5566567074628228,1.4591479170272448,0,0
