problem,access,navigate,page_close,video,discussion,wiki
0,2.5445313041488338,2.0,2.6031579868726,2.128085278891394,0,0
