problem,access,navigate,page_close,video,discussion,wiki
1.721476493691144,2.327168446489226,2.1748866251903745,2.1838014531853402,0.0,1.488148854186866,2.2516291673878226
