problem,access,navigate,page_close,video,discussion,wiki
3.1569343205831,3.272352402648136,2.503258334775646,3.1451363701530526,2.6464393446710157,1.6183941088363931,0
