problem,access,navigate,page_close,video,discussion,wiki
1.228580719868313,1.8181999129463595,1.789929075309999,0,0,0.7219280948873623,0
