problem,access,navigate,page_close,video,discussion,wiki
1.5604892887767208,2.9410418667540963,1.8250112108241772,2.731657261353535,2.792481250360578,0.0,0.0
