problem,access,navigate,page_close,video,discussion,wiki
1.1216407621868583,3.4026522006138085,2.251629167387823,3.467072236634316,3.0604590907794487,0,0
