problem,access,navigate,page_close,video,discussion,wiki
0.6840384356390417,2.820770893115201,1.8910611120726526,2.76497683333725,2.7950902619385714,0.9182958340544896,0
