problem,access,navigate,page_close,video,discussion,wiki
1.8423709931771084,2.9003637560528492,1.75,1.8423709931771084,1.0,0,0
