problem,access,navigate,page_close,video,discussion,wiki
0.5032583347756457,2.6003815701103528,2.0,2.385951186019279,2.023219672335508,0,0
