problem,access,navigate,page_close,video,discussion,wiki
0.0,2.2460728901362814,0.7642045065086203,2.349601752714581,1.7609640474436812,0,0.0
