problem,access,navigate,page_close,video,discussion,wiki
0.9182958340544896,1.7474130395316414,1.0,2.021614871911295,0,0.0,0
