problem,access,navigate,page_close,video,discussion,wiki
0.0,2.2806390622295662,0.9182958340544896,2.3787834934861753,2.5219280948873624,0.9709505944546686,0.0
