problem,access,navigate,page_close,video,discussion,wiki
0.8873068828532795,1.7199076202305301,1.5262349099495225,1.620014469607868,1.3381280379269256,0.5916727785823275,0.9182958340544896
