problem,access,navigate,page_close,video,discussion,wiki
0.0,2.609090414588857,2.2810361125534233,2.6995138503199656,2.2988252450030506,0,0.0
