problem,access,navigate,page_close,video,discussion,wiki
0.0,1.7187828921272557,1.4353713907745331,1.584962500721156,2.25,0,0
