problem,access,navigate,page_close,video,discussion,wiki
0.7531979910695014,1.6309826076665428,1.4488156357251847,1.4955380299191112,0.9709505944546686,0,0
