problem,access,navigate,page_close,video,discussion,wiki
0.0,0.863120568566631,0.9182958340544896,1.2987949406953985,1.1981174211304033,0.0,0
