problem,access,navigate,page_close,video,discussion,wiki
0.8112781244591328,2.2655833228877333,1.950212064914747,1.9609640474436814,0,0.0,0
