problem,access,navigate,page_close,video,discussion,wiki
0.0,1.9511153304307112,0.8658566174572235,1.97355611232775,1.7273966735744795,0,0.0
