problem,access,navigate,page_close,video,discussion,wiki
2.0830016785979373,2.90819949772831,1.7924812503605778,2.923231428797621,2.7650219693925866,1.8423709931771084,0
