problem,access,navigate,page_close,video,discussion,wiki
0.7642045065086203,1.931691922293641,2.1216535224393334,0,0.0,0.0,0
