problem,access,navigate,page_close,video,discussion,wiki
0,0.9940302114769565,0.9709505944546686,1.4591479170272446,1.5,0.49123734182433315,0
