problem,access,navigate,page_close,video,discussion,wiki
1.0,2.4591479170272446,0.0,2.5220552088742,2.2359263506290326,0.0,0
