problem,access,navigate,page_close,video,discussion,wiki
1.8727298369794545,2.5040727055649827,1.9219280948873623,1.0,1.5,1.5,0
