problem,access,navigate,page_close,video,discussion,wiki
1.4604846813131116,1.9555951196551709,2.298794940695399,2.411602217974672,1.584962500721156,1.4899343783255763,0
