problem,access,navigate,page_close,video,discussion,wiki
0.0,2.427141586914702,2.5,2.827819531114783,2.2359263506290326,0.0,0
