problem,access,navigate,page_close,video,discussion,wiki
0.0,1.5685495529138844,1.3709505944546687,1.5002723456084084,1.3709505944546687,0.0,0.0
