problem,access,navigate,page_close,video,discussion,wiki
0.0,3.9031862771953527,2.5219280948873624,3.9876492827408,3.9503441981686893,0,0
