problem,access,navigate,page_close,video,discussion,wiki
2.7265165374964417,3.2284190918015345,2.626501696879034,2.9219280948873623,1.584962500721156,2.0416479032235397,0.0
