problem,access,navigate,page_close,video,discussion,wiki
0.7553754125614287,1.2799749139041574,0.0,1.3921472236645345,1.2072100267448116,0,0
