problem,access,navigate,page_close,video,discussion,wiki
0.0,1.8449406079650554,1.7527152789797045,2.065957320949175,1.836591668108979,0.0,0.0
