problem,access,navigate,page_close,video,discussion,wiki
1.584962500721156,3.142316693930834,1.2516291673878228,3.3898191426459237,3.452819531114783,0,0.0
