problem,access,navigate,page_close,video,discussion,wiki
0.0,2.3260115182719727,1.8423709931771084,2.3507720234032266,2.4591479170272446,0,0
