problem,access,navigate,page_close,video,discussion,wiki
0.0,0.45502065977946415,1.6140054628542202,0.41381685030363374,1.0,0,0.0
