problem,access,navigate,page_close,video,discussion,wiki
1.3921472236645345,2.360495100219653,0.8743095546405661,1.5,1.0,0.0,0.0
