problem,access,navigate,page_close,video,discussion,wiki
0,1.5052408149441479,1.1221136771091087,1.75,0.7219280948873623,0.0,0.0
