problem,access,navigate,page_close,video,discussion,wiki
0.0,3.0589840894454263,1.0,3.2402239289418517,2.9219280948873623,0,0
