problem,access,navigate,page_close,video,discussion,wiki
0.39124356362925566,0.7320666900931938,1.0,0.828055725379504,0.0,0,0
