problem,access,navigate,page_close,video,discussion,wiki
0.6500224216483541,1.0,0.7219280948873623,1.5219280948873621,0,0,0
