problem,access,navigate,page_close,video,discussion,wiki
1.5645247207974509,2.1429676182697235,1.9219280948873623,1.9237949406953987,1.863120568566631,0,0
