problem,access,navigate,page_close,video,discussion,wiki
0,2.3434651896016474,0.8112781244591328,2.4772170014624826,2.320423374953668,0,0
