problem,access,navigate,page_close,video,discussion,wiki
1.951831864784806,2.579737281674559,2.688721875540867,2.581013401577586,0.0,0.0,0
