problem,access,navigate,page_close,video,discussion,wiki
0.0,1.9591479170272448,1.3485878960124222,2.1556390622295662,1.8423709931771088,0.0,1.0
