problem,access,navigate,page_close,video,discussion,wiki
0.0,1.3779630390761746,0.0,1.4056390622295665,1.4056390622295665,0,0
