problem,access,navigate,page_close,video,discussion,wiki
2.5706566914126094,3.5162078143430775,1.7924812503605778,2.7321588913645702,3.4251185503571393,2.481714572986073,0
