problem,access,navigate,page_close,video,discussion,wiki
0,2.2638651219508543,1.9182958340544896,2.349601752714581,2.121928094887362,0.0,0
