problem,access,navigate,page_close,video,discussion,wiki
0.0,3.011008214982762,2.0,1.584962500721156,2.939829017466402,1.7224945678306305,0
