problem,access,navigate,page_close,video,discussion,wiki
1.9182958340544896,2.2659868139843655,1.5,2.4315602842833153,2.4591479170272446,0.0,0
