problem,access,navigate,page_close,video,discussion,wiki
0,1.2210477851797181,1.0,0.954434002924965,0.5916727785823275,0.0,0
