problem,access,navigate,page_close,video,discussion,wiki
0,1.584962500721156,3.155565013329718,0,0,2.3921510425219696,0
