problem,access,navigate,page_close,video,discussion,wiki
1.5052408149441479,3.4246588581084585,2.321928094887362,3.5055402522129158,3.323934896284056,0,0
