problem,access,navigate,page_close,video,discussion,wiki
0.0,1.3995812306460647,0.9182958340544896,1.360964047443681,1.0,0,0
