problem,access,navigate,page_close,video,discussion,wiki
0.946372935985442,1.5426372291611505,1.5219280948873621,0,0.0,0,0
