problem,access,navigate,page_close,video,discussion,wiki
2.161978179679554,2.5304930567574826,0.6500224216483541,2.470950594454669,2.7219280948873625,0.0,0.0
