problem,access,navigate,page_close,video,discussion,wiki
0,1.3752793655393791,1.0,1.7609640474436812,1.9219280948873623,0,0
