problem,access,navigate,page_close,video,discussion,wiki
0,1.5,1.561278124459133,1.4056390622295665,1.3709505944546687,0,0
