problem,access,navigate,page_close,video,discussion,wiki
0.0,3.0299217104592193,2.663532754804255,2.9277409762329367,2.6493974703476995,1.6913501702383558,0
