problem,access,navigate,page_close,video,discussion,wiki
0.0,3.205417206586255,2.0,3.114409345247941,3.0129665265669687,0.0,0
