problem,access,navigate,page_close,video,discussion,wiki
0,2.189541517339139,2.2359263506290326,2.221251836004466,1.0,0,0
