problem,access,navigate,page_close,video,discussion,wiki
0,1.22934290810027,0.9182958340544896,1.640223928941852,1.278789740397119,0,0
