problem,access,navigate,page_close,video,discussion,wiki
0,3.27360427625771,0.0,2.8073549220576046,3.6143694458867563,1.2389012566026305,0
