problem,access,navigate,page_close,video,discussion,wiki
0.9709505944546686,1.5537631144722452,0.0,1.360964047443681,1.4591479170272446,0,0
