problem,access,navigate,page_close,video,discussion,wiki
0.0,2.566806192229703,1.5546097612655665,2.440388220517924,2.367450903670526,0.0,0.0
