problem,access,navigate,page_close,video,discussion,wiki
0.9967916319816366,2.970513117900866,0.6500224216483541,3.087283311002126,3.0105709342684834,0,0.0
