problem,access,navigate,page_close,video,discussion,wiki
0.0,1.0222973446412063,1.8423709931771088,1.1216407621868583,0.9709505944546686,0,0
