problem,access,navigate,page_close,video,discussion,wiki
3.9871585477390727,4.067457701021807,2.8150724101159437,4.020037079065869,3.7665870671241435,3.1640459612086165,0
