problem,access,navigate,page_close,video,discussion,wiki
2.019236241532476,2.941100905103979,2.8584585933443494,2.6032648102948692,1.8423709931771084,0,0.0
