problem,access,navigate,page_close,video,discussion,wiki
0.676941869780886,2.245562612146233,1.836591668108979,2.188121617016518,1.6052067078749124,0,0
