problem,access,navigate,page_close,video,discussion,wiki
0.8524051786494786,2.099601752714581,1.8365916681089791,2.054585169337799,1.5219280948873621,0,0
