problem,access,navigate,page_close,video,discussion,wiki
0.8112781244591328,2.408986592268207,2.0,2.48345859334435,2.5219280948873624,0,0
