problem,access,navigate,page_close,video,discussion,wiki
0.9910760598382222,1.6633726580786892,2.016875695766564,1.134969974603941,1.3516441151533922,0.0,0.9182958340544896
