problem,access,navigate,page_close,video,discussion,wiki
0,1.1567796494470395,0.4689955935892812,0.8112781244591328,0.9709505944546686,0.9940302114769565,0.0
