problem,access,navigate,page_close,video,discussion,wiki
0,1.280672129520887,0.9182958340544896,1.3787834934861753,1.5,0,0.0
