problem,access,navigate,page_close,video,discussion,wiki
0.0,2.4587122270740958,2.2256108145207376,2.5901998765158556,1.9182958340544893,0.0,0
