problem,access,navigate,page_close,video,discussion,wiki
0,1.3709505944546687,0.0,0.7642045065086203,0.7642045065086203,0,0
