problem,access,navigate,page_close,video,discussion,wiki
1.3221793455166666,2.0948567835487384,1.4056390622295665,2.133937566094917,1.811278124459133,0.0,0
