problem,access,navigate,page_close,video,discussion,wiki
2.5,2.4792846275785667,1.5219280948873621,2.3891725769439422,2.4834585933443494,0,0
