problem,access,navigate,page_close,video,discussion,wiki
0.0,1.6303858969483973,1.3709505944546687,1.5020352759844962,1.5306189948485172,0,0
