problem,access,navigate,page_close,video,discussion,wiki
0.0,2.606464856747655,1.950212064914747,2.7395722619867224,1.9182958340544893,0,0
