problem,access,navigate,page_close,video,discussion,wiki
0,1.456564762130954,0.0,0.9182958340544896,0.9182958340544896,0,0
