problem,access,navigate,page_close,video,discussion,wiki
1.7084209379711948,1.7879157369085372,1.4488156357251847,1.8880796165661917,1.8909209935891977,0.0,0
