problem,access,navigate,page_close,video,discussion,wiki
1.4152689500270956,2.075011210824177,1.2516291673878228,0,0,0,0
