problem,access,navigate,page_close,video,discussion,wiki
1.9500637564362098,2.4746048571524737,2.4193819456463714,2.4275019499768535,1.4056390622295665,0,0
