problem,access,navigate,page_close,video,discussion,wiki
0,2.2295739585136225,2.321928094887362,1.9182958340544896,1.896240625180289,0,0
