problem,access,navigate,page_close,video,discussion,wiki
2.292481250360578,3.014911221450015,1.6854752972273346,1.0,0.0,0.9081783472997051,0.0
