problem,access,navigate,page_close,video,discussion,wiki
1.584962500721156,2.4389389885475015,1.8423709931771084,2.7205827761460135,1.7924812503605778,0.0,0
