problem,access,navigate,page_close,video,discussion,wiki
0.0,1.7836632199604803,1.8423709931771088,1.7921951936824643,1.561278124459133,0.0,0.0
