problem,access,navigate,page_close,video,discussion,wiki
0.0,2.0948567835487384,2.400695810513601,2.0403733936884962,2.0,0.9182958340544896,1.5
