problem,access,navigate,page_close,video,discussion,wiki
0.0,1.7884504573082896,1.8423709931771084,1.8910611120726526,1.5219280948873621,0,0
