problem,access,navigate,page_close,video,discussion,wiki
0,2.1996877947313282,1.9219280948873623,2.2359263506290326,2.321928094887362,0,0
