problem,access,navigate,page_close,video,discussion,wiki
1.0,2.6865891565462663,2.1556390622295662,2.6774536372007747,2.4116022179746714,1.8149798205164813,0
