problem,access,navigate,page_close,video,discussion,wiki
2.481714572986073,3.387338620432165,3.303701696057348,3.5743214257661484,3.27720181120226,2.9640439727076737,0.0
