problem,access,navigate,page_close,video,discussion,wiki
0.0,1.9542473996920802,1.5,1.836591668108979,1.5566567074628228,0,0
