problem,access,navigate,page_close,video,discussion,wiki
0,3.225591860285233,1.584962500721156,1.4056390622295665,0.0,0,0
