problem,access,navigate,page_close,video,discussion,wiki
1.9219280948873623,2.1890109092981254,1.6783898247235198,0.0,0.0,1.0,0.9910760598382222
