problem,access,navigate,page_close,video,discussion,wiki
2.0534583689968984,2.635519116267279,2.188721875540867,1.0,1.5,1.4591479170272448,0
