problem,access,navigate,page_close,video,discussion,wiki
2.266270436896047,2.8288974557197535,2.688721875540867,2.4772170014624826,1.8910611120726528,0.0,0.0
