problem,access,navigate,page_close,video,discussion,wiki
1.1725586574724765,1.5394910703001345,1.4713544870139292,0,0.0,0.0,0
