problem,access,navigate,page_close,video,discussion,wiki
0,1.5058231002082845,1.2987949406953985,1.4949188482339508,1.4591479170272448,0.0,0
