problem,access,navigate,page_close,video,discussion,wiki
3.419908305732217,3.8013307569076633,2.6887218755408666,3.0708470936225174,3.256732018911929,2.911585162043687,0.0
