problem,access,navigate,page_close,video,discussion,wiki
0.0,2.6657710322985446,2.2516291673878226,2.9532433566073992,2.6947814605842733,0,0
