problem,access,navigate,page_close,video,discussion,wiki
0.9366673818775625,1.8016316573330917,1.950212064914747,1.8391564335416177,1.9076604601183145,0,0
