problem,access,navigate,page_close,video,discussion,wiki
1.219240704636849,2.363138112350699,1.2516291673878228,2.3069171952818,2.1800365325772657,0.0,0.0
