problem,access,navigate,page_close,video,discussion,wiki
1.5,1.6888197667866365,1.789929075309999,1.9057584610289318,1.789929075309999,0.0,0.0
