problem,access,navigate,page_close,video,discussion,wiki
3.4010513953671397,3.640789102631029,2.8504267963622034,3.3882870712362667,2.9300358085259193,2.4695083368391986,0
