problem,access,navigate,page_close,video,discussion,wiki
1.9056390622295665,2.270663570169371,1.9502120649147465,1.9609640474436814,1.9274512249645188,0.0,0
