problem,access,navigate,page_close,video,discussion,wiki
0.0,2.648677451905071,1.9405473800550375,2.2256051990169436,1.9056390622295665,1.0,0.9182958340544896
