problem,access,navigate,page_close,video,discussion,wiki
1.4411665441579462,1.6348224724072002,0.9182958340544896,0.0,1.0,0,0
