problem,access,navigate,page_close,video,discussion,wiki
0.0,0.9426831892554922,0.0,0.8112781244591328,0.8112781244591328,0.0,0.0
