problem,access,navigate,page_close,video,discussion,wiki
0.0,2.1131269842532245,1.9709505944546688,1.541982284286398,1.5461796919474975,1.2516291673878228,1.0
