problem,access,navigate,page_close,video,discussion,wiki
2.6907571515253634,2.562150286182805,2.584962500721156,2.724719803319052,1.188721875540867,0,0
