problem,access,navigate,page_close,video,discussion,wiki
0.0,1.040852082972755,1.3516441151533924,1.280672129520887,0.954434002924965,0.5435644431995964,0.6500224216483541
