problem,access,navigate,page_close,video,discussion,wiki
1.9329145639793976,3.2814536459234778,2.4193819456463714,0.0,0,0,0
