problem,access,navigate,page_close,video,discussion,wiki
0,1.9591479170272448,1.7609640474436812,2.5,1.584962500721156,0,0
