problem,access,navigate,page_close,video,discussion,wiki
0.0,1.568276913458965,0.9182958340544896,1.3709505944546687,1.287054028118727,0.0,0
