problem,access,navigate,page_close,video,discussion,wiki
0.9011701959974223,1.5770248173691936,0.9182958340544896,0,0,0,0
