problem,access,navigate,page_close,video,discussion,wiki
1.584962500721156,2.490377188070678,1.8423709931771088,2.4309181672073885,1.9056390622295665,0,0
