problem,access,navigate,page_close,video,discussion,wiki
1.288649764535596,2.1732203729713637,2.0,2.25,1.456564762130954,0.0,0
