problem,access,navigate,page_close,video,discussion,wiki
0.863120568566631,2.972503561468787,2.7219280948873625,3.143261939825016,2.197159723424149,0.7349933316162831,0
