problem,access,navigate,page_close,video,discussion,wiki
1.4986885704510973,1.5461796919474975,1.224394445405986,1.5774062828523454,1.4949188482339508,0.0,0.0
