problem,access,navigate,page_close,video,discussion,wiki
0.9182958340544896,1.185180192338382,1.8423709931771084,0,0,0,0.0
