problem,access,navigate,page_close,video,discussion,wiki
2.9239417976243596,3.5703576124112675,3.4056390622295662,3.4960416023044267,2.8600347852378802,0,0
