problem,access,navigate,page_close,video,discussion,wiki
0.6500224216483541,2.2030581284264046,1.5,2.154848657025984,0,0.0,0.0
