problem,access,navigate,page_close,video,discussion,wiki
0.0,1.4949188482339508,2.2954656791802917,1.6854752972273344,1.584962500721156,0.0,0
