problem,access,navigate,page_close,video,discussion,wiki
0.41381685030363374,0.9456603046006402,1.7924812503605778,0.9182958340544896,0,0,0
