problem,access,navigate,page_close,video,discussion,wiki
1.3921472236645345,3.774963455540317,1.6854752972273346,3.60693673217532,3.719294525666979,0.0,0
