problem,access,navigate,page_close,video,discussion,wiki
0.9182958340544896,1.4918603462795095,0.8112781244591328,0.9709505944546686,0.954434002924965,0.8112781244591328,0.0
