problem,access,navigate,page_close,video,discussion,wiki
1.0,2.8029100796497266,2.8150724101159437,2.8423709931771084,2.2359263506290326,0.0,0
