problem,access,navigate,page_close,video,discussion,wiki
0,1.491013870758994,0.0,1.789929075309999,1.6644977792004614,0,0
