problem,access,navigate,page_close,video,discussion,wiki
0,1.7967916319816366,0.0,1.4591479170272448,1.419556298571613,0,0
