problem,access,navigate,page_close,video,discussion,wiki
0.7642045065086203,2.6612262562697895,1.0,2.481714572986073,2.5216406363433186,0.0,0.0
