problem,access,navigate,page_close,video,discussion,wiki
0,0.7553754125614287,0.0,1.3516441151533922,1.4591479170272448,0,0
