problem,access,navigate,page_close,video,discussion,wiki
1.0,0.9709505944546686,0.6500224216483541,1.5744174271404585,1.5,0.0,0
