problem,access,navigate,page_close,video,discussion,wiki
0.9182958340544896,1.968130013765764,2.380430487800112,1.9746017527145812,0.0,0.0,0
