problem,access,navigate,page_close,video,discussion,wiki
0.0,1.3516871258043608,1.3787834934861753,1.4315602842833157,1.0,0,0
