problem,access,navigate,page_close,video,discussion,wiki
2.8332716379739025,3.334225884007829,2.688721875540867,3.3126027619314264,2.199687794731328,0.41381685030363374,0
