problem,access,navigate,page_close,video,discussion,wiki
1.0,3.8398227820087545,2.556054210413333,3.8100810205217313,3.43162356584743,0.8112781244591328,0.0
