problem,access,navigate,page_close,video,discussion,wiki
0.0,2.8727503428342276,2.192005835492107,2.896291529045928,2.2359263506290326,1.3709505944546687,0.9182958340544896
