problem,access,navigate,page_close,video,discussion,wiki
0.0,3.2803891884082534,1.5,2.969389419529156,2.5032583347756456,0,0
