problem,access,navigate,page_close,video,discussion,wiki
0,1.5709505944546684,1.4591479170272448,1.5566567074628228,0,0.0,0
