problem,access,navigate,page_close,video,discussion,wiki
0,2.561278124459133,1.9877733714879842,2.481714572986073,0.9709505944546686,1.905138552942077,0
