problem,access,navigate,page_close,video,discussion,wiki
0.8112781244591328,2.1909006274789586,1.8423709931771084,1.8810947601100747,1.2987949406953985,1.4591479170272448,0
