problem,access,navigate,page_close,video,discussion,wiki
1.9591479170272446,3.498227736933997,2.8235293260969097,3.3154683159046585,3.4642568988832534,0.0,0
