problem,access,navigate,page_close,video,discussion,wiki
0.9876925088958034,2.361974722845787,1.1488348542809166,2.155968102145908,1.9182958340544893,0.0,0
