problem,access,navigate,page_close,video,discussion,wiki
0,2.599389591616702,2.7527152789797045,1.7924812503605778,0.0,0,0
