problem,access,navigate,page_close,video,discussion,wiki
1.3516871258043608,2.0471924098697976,0.9182958340544896,1.9219280948873623,0,0,0
