problem,access,navigate,page_close,video,discussion,wiki
3.01431407854183,3.4817201082542164,2.950212064914747,3.3817109472103213,1.8012693629222505,1.1981174211304033,0
