problem,access,navigate,page_close,video,discussion,wiki
0.9182958340544896,2.0931254962522603,1.3921472236645345,1.9698452580387984,1.9328045775391227,0.0,0.0
