problem,access,navigate,page_close,video,discussion,wiki
0.9182958340544896,2.4806821149663842,0.9182958340544896,0.0,0,0,0
