problem,access,navigate,page_close,video,discussion,wiki
1.4488156357251847,2.798825245003051,0.0,2.536608254391499,2.521640636343318,1.584962500721156,0
