problem,access,navigate,page_close,video,discussion,wiki
0.8960382325345575,1.384431504340598,0.6500224216483541,0,0,0.0,0
