problem,access,navigate,page_close,video,discussion,wiki
1.6893917467430877,2.604573958513622,2.5282129458410014,2.53798568180643,2.619250912838829,1.633551333777253,0
