problem,access,navigate,page_close,video,discussion,wiki
0.0,2.1538141757380953,1.4591479170272448,2.4193819456463714,2.2516291673878226,0,0
