problem,access,navigate,page_close,video,discussion,wiki
0,0.6840384356390417,0.9709505944546686,0.8812908992306927,0.954434002924965,0,0
