problem,access,navigate,page_close,video,discussion,wiki
2.624680346973648,2.90194695925137,1.9056390622295665,2.321928094887362,0,0.0,0
