problem,access,navigate,page_close,video,discussion,wiki
0.0,2.661231470008187,1.4466166676282082,2.6206573285181993,1.7924812503605778,0.9640787648082291,0.0
