problem,access,navigate,page_close,video,discussion,wiki
0,2.71955639789297,2.7272170014624826,2.2354648607902976,2.130639569557365,0.0,0.0
