problem,access,navigate,page_close,video,discussion,wiki
0.6500224216483541,1.6151713102472967,1.2987949406953985,1.5602636729586163,1.5196445250837867,0.9709505944546686,0.0
