problem,access,navigate,page_close,video,discussion,wiki
0.0,1.1401156785146092,0.0,1.7527152789797045,1.5219280948873621,0,0
