problem,access,navigate,page_close,video,discussion,wiki
3.2961200061582554,3.449808593583424,2.197159723424149,2.199687794731328,2.9219280948873623,0,0
