problem,access,navigate,page_close,video,discussion,wiki
2.7819595435540507,3.246100493045096,2.0,3.1775662320965252,2.0,0.0,0
