problem,access,navigate,page_close,video,discussion,wiki
0,2.2190558839813517,1.9329145639793979,1.7004397181410922,2.1556390622295662,0.9480782435939055,0.0
