problem,access,navigate,page_close,video,discussion,wiki
0.0,2.539053260952488,2.41379956460568,2.7730201924480458,2.4464393446710155,0.7219280948873623,0
