problem,access,navigate,page_close,video,discussion,wiki
2.344292189446337,2.973761400915617,2.6556390622295662,2.629749329387845,3.106890595608519,0,0
