problem,access,navigate,page_close,video,discussion,wiki
2.268711542387949,2.9621125807765534,2.013132465170739,3.1103318281855246,2.197789637145722,2.1485357333138198,0.0
