problem,access,navigate,page_close,video,discussion,wiki
0,1.4577174691301482,1.2516291673878228,1.4195562985716133,0.8112781244591328,0,0
