problem,access,navigate,page_close,video,discussion,wiki
0.954434002924965,1.893658844055562,1.5566567074628228,2.180768321596845,2.307820398454125,0.0,0
