problem,access,navigate,page_close,video,discussion,wiki
0.0,0.8620452546736483,2.2577560641285177,0,0.2580186686648155,0.0,0
