problem,access,navigate,page_close,video,discussion,wiki
0.0,1.7004397181410922,1.4591479170272446,2.4464393446710155,1.75,0.0,0.4689955935892812
