problem,access,navigate,page_close,video,discussion,wiki
0.0,0.9219280948873623,2.1258145836939115,0.9864267287308424,0.0,1.7154314035345686,0.0
