problem,access,navigate,page_close,video,discussion,wiki
1.5709505944546684,1.8505602963278094,1.7028195311147831,1.924174352300441,0.9182958340544896,1.322305788853309,0.0
