problem,access,navigate,page_close,video,discussion,wiki
1.4747694800084439,2.4772170014624826,1.5566567074628228,2.625814583693911,2.4056390622295662,0,0
