problem,access,navigate,page_close,video,discussion,wiki
1.9362600275315274,2.9284477135300953,2.6556390622295662,0.9182958340544896,1.0,0.5916727785823275,0
