problem,access,navigate,page_close,video,discussion,wiki
0,1.5090275125326515,1.0,1.8050365325772657,1.5726236638951638,0.9852281360342516,0
