problem,access,navigate,page_close,video,discussion,wiki
1.7399546474223633,2.863562304197887,2.0,3.053728908203315,3.057476076289932,0,0
