problem,access,navigate,page_close,video,discussion,wiki
0.9784493292686189,2.28682995560197,1.0,1.7527152789797047,1.5802028162741761,0,0
