problem,access,navigate,page_close,video,discussion,wiki
1.584962500721156,2.0550365325772657,1.4488156357251847,2.120952031026403,1.8423709931771088,1.6273710182115209,0.0
