problem,access,navigate,page_close,video,discussion,wiki
1.9718925930973108,2.0114532696834617,2.075074223172834,2.149192991705387,1.9826831892554924,0.5032583347756457,0.9182958340544896
