problem,access,navigate,page_close,video,discussion,wiki
1.584962500721156,2.46876982831924,1.5,2.616818289620987,2.610577243331642,0.0,0
