problem,access,navigate,page_close,video,discussion,wiki
0.9852281360342516,2.33317842728242,0.9182958340544896,0.0,0,1.519644525083787,0
