problem,access,navigate,page_close,video,discussion,wiki
0.0,2.2548311096490115,0.7219280948873623,2.437065831519022,1.7709505944546688,0,0
