problem,access,navigate,page_close,video,discussion,wiki
2.9927156246352884,3.835183010493444,1.8423709931771086,3.2037016960573483,3.570445754024357,2.459813384441633,0
