problem,access,navigate,page_close,video,discussion,wiki
2.9219280948873623,3.23609938106213,2.4571430570779964,3.292186039444914,2.973048109394056,2.1784150574994374,1.584962500721156
