problem,access,navigate,page_close,video,discussion,wiki
1.584962500721156,1.8904916402194916,0.7219280948873623,1.8833830982290136,1.4591479170272446,0.0,0
