problem,access,navigate,page_close,video,discussion,wiki
0,1.5262349099495227,1.75,1.5304930567574824,1.3709505944546687,0,0
