problem,access,navigate,page_close,video,discussion,wiki
1.9761705842784778,2.0967065346444986,0.7219280948873623,2.0741647430225756,1.5306189948485174,1.3328204045850196,0.0
