problem,access,navigate,page_close,video,discussion,wiki
0.9182958340544896,3.0503018554349817,1.1488348542809166,0.0,1.0,1.3787834934861753,0.0
