problem,access,navigate,page_close,video,discussion,wiki
0.8904916402194913,2.106448313330357,1.1567796494470395,0.0,0,0.0,0
