problem,access,navigate,page_close,video,discussion,wiki
0,1.529237139029349,0.8112781244591328,1.2958363892911637,0.9709505944546686,0,0
