problem,access,navigate,page_close,video,discussion,wiki
0.0,1.5306189948485172,1.7609640474436812,1.4591479170272448,0.9709505944546686,0.0,0.0
