problem,access,navigate,page_close,video,discussion,wiki
0,2.5654483718208256,0.0,1.9362600275315276,1.8423709931771084,0,0
