problem,access,navigate,page_close,video,discussion,wiki
0.0,2.6566270324194705,1.8389205950315937,2.3282129458410017,1.4591479170272446,0.0,0
