problem,access,navigate,page_close,video,discussion,wiki
0,1.7130788426267936,1.8828560636920488,0.6500224216483541,0.0,1.0,0.0
