problem,access,navigate,page_close,video,discussion,wiki
0,1.8795324387773653,1.2987949406953985,1.9504809632118367,1.4353713907745331,0.9709505944546686,0
