problem,access,navigate,page_close,video,discussion,wiki
3.415403082955978,3.6576308108516233,2.4056390622295662,3.6061983328100946,3.417837797403416,0.0,0
