problem,access,navigate,page_close,video,discussion,wiki
0.7219280948873623,2.394558536651509,1.9219280948873623,2.606238928653389,2.4508257945180882,2.0673515214553624,0
