problem,access,navigate,page_close,video,discussion,wiki
0.0,1.4285384451205116,1.481863125136114,1.2957378005380122,0.9510456605801272,0.0,0
