problem,access,navigate,page_close,video,discussion,wiki
0.0,2.5032583347756456,1.5709505944546687,2.197159723424149,0,0,0
