problem,access,navigate,page_close,video,discussion,wiki
2.0403733936884962,3.118001753755262,2.350209029099897,1.584962500721156,1.584962500721156,0.0,0.0
