problem,access,navigate,page_close,video,discussion,wiki
0.8453509366224365,2.0199180897320606,1.584962500721156,0.0,1.3709505944546687,0.0,0
