problem,access,navigate,page_close,video,discussion,wiki
2.063558608511122,2.9789578661935696,2.2516291673878226,3.204986855772667,3.321928094887362,0,0
