problem,access,navigate,page_close,video,discussion,wiki
1.0,1.0219280948873624,0.9182958340544896,0.0,0.8658566174572235,0.0,0.0
