problem,access,navigate,page_close,video,discussion,wiki
0,0.8997437586982626,0.9182958340544896,1.4056390622295665,0.0,0.0,0.0
