problem,access,navigate,page_close,video,discussion,wiki
0.0,1.4926140680171258,1.5,1.0408520829727552,0.9219280948873623,0,0.0
