problem,access,navigate,page_close,video,discussion,wiki
1.669180336866731,1.784315128855494,1.0,2.049452072789394,1.6644977792004612,0,0
