problem,access,navigate,page_close,video,discussion,wiki
0.0,1.8339272176418302,2.2109736165067546,1.7527152789797045,1.3709505944546687,1.9574058114255184,1.0
