problem,access,navigate,page_close,video,discussion,wiki
1.0,1.4056390622295665,0.9182958340544896,1.3787834934861753,1.384431504340598,0,0
