problem,access,navigate,page_close,video,discussion,wiki
1.613519734232519,2.617145011611423,1.584962500721156,2.41379956460568,1.9942994759573032,0.0,0
