problem,access,navigate,page_close,video,discussion,wiki
0.0,1.1488348542809166,1.9628066316931743,0.9864267287308425,0.0,1.8262097813914586,0
