problem,access,navigate,page_close,video,discussion,wiki
0.9709505944546686,1.631904586941773,0.0,1.823067982273661,0,0.0,0
