problem,access,navigate,page_close,video,discussion,wiki
1.5,2.2854752972273347,2.4591479170272446,2.354550226546896,0,0,0
