problem,access,navigate,page_close,video,discussion,wiki
1.6577427265048887,2.4495044744353107,1.8423709931771084,1.75,1.0,0,0
