problem,access,navigate,page_close,video,discussion,wiki
1.4949188482339508,2.0634648712250887,2.2810361125534233,2.1477110700184037,2.121928094887362,0.0,0.0
