problem,access,navigate,page_close,video,discussion,wiki
1.5,1.2741912122206154,0.8112781244591328,1.9182958340544893,1.4534909080039504,0,0
