problem,access,navigate,page_close,video,discussion,wiki
2.1258145836939115,3.6807095825937473,1.0,3.5350262571573663,3.5530900835303276,1.7047699269477383,0
