problem,access,navigate,page_close,video,discussion,wiki
1.5090275125326515,1.5653402161740675,1.3485878960124222,1.5683164932728872,1.360964047443681,0.0,0.0
