problem,access,navigate,page_close,video,discussion,wiki
0.0,3.5754804143286356,1.971747257128181,1.0,1.0,1.8345901684333654,0
