problem,access,navigate,page_close,video,discussion,wiki
0.5916727785823275,0.7424875695421236,0.6500224216483541,0.5916727785823275,0.0,0.0,0
