problem,access,navigate,page_close,video,discussion,wiki
1.811329988518609,2.5803611644862903,2.1820058147602133,1.0,0.0,0,0
