problem,access,navigate,page_close,video,discussion,wiki
1.198183947911799,1.954685946946356,0.5916727785823275,2.084962500721156,1.5219280948873621,0,0
