problem,access,navigate,page_close,video,discussion,wiki
0.74959525725948,2.126614471810182,1.8365916681089791,1.5,0.0,0,0
