problem,access,navigate,page_close,video,discussion,wiki
0.863120568566631,2.2851527088444414,2.5220552088742005,2.2516291673878226,0.7219280948873623,0,0
