problem,access,navigate,page_close,video,discussion,wiki
1.0,2.1956252516033667,2.5495234595978324,2.2359263506290326,2.251629167387823,1.3404388162579375,0.0
