problem,access,navigate,page_close,video,discussion,wiki
0.0,2.941047461787451,3.11583409216322,2.71768403095637,1.9211854965885544,1.968873874720721,0
