problem,access,navigate,page_close,video,discussion,wiki
0.6024308020404452,2.2326163207606684,0.9709505944546686,2.155913095175825,1.4197367178034825,0.0,0
