problem,access,navigate,page_close,video,discussion,wiki
1.5,0.9819407868640977,0.9182958340544896,1.2639334294856335,1.0,0,0
