problem,access,navigate,page_close,video,discussion,wiki
1.836591668108979,2.6444287501044053,1.9219280948873623,2.5219280948873624,2.2516291673878226,0.8112781244591328,0
