problem,access,navigate,page_close,video,discussion,wiki
0.28639695711595625,2.7515656489030365,2.0545851693377997,2.703664835029799,2.5133096516211673,0,0.0
