problem,access,navigate,page_close,video,discussion,wiki
0.0,1.4284124677945966,1.5,1.3516441151533924,1.4315602842833155,0,0
