problem,access,navigate,page_close,video,discussion,wiki
0.4537163391869448,2.2663439333041424,1.9957274520849257,2.002755067189044,2.127986806877675,1.9591479170272446,1.0
