problem,access,navigate,page_close,video,discussion,wiki
0.6252624052234231,1.8898467855297008,1.9852281360342514,1.8787261337980536,1.8474201200521745,0.8112781244591328,0.0
