problem,access,navigate,page_close,video,discussion,wiki
1.6691803368667308,2.479497000916272,2.345851989338261,1.295461844238322,0.0,0,0.0
