problem,access,navigate,page_close,video,discussion,wiki
2.2764695474602714,3.427117959625106,3.2195282822995472,2.725480556997868,2.721928094887362,0.0,0.0
