problem,access,navigate,page_close,video,discussion,wiki
1.1191194231256714,2.466465823449233,2.004886164091843,2.324862957617356,2.8453509366224368,0.9852281360342516,0
