problem,access,navigate,page_close,video,discussion,wiki
0.0,1.4056390622295665,0.9910760598382222,1.792481250360578,1.5,0.0,0.0
