problem,access,navigate,page_close,video,discussion,wiki
0.9456603046006402,0.9774178175281716,2.117492461184755,1.2958363892911637,1.3921472236645345,0.5225593745369408,0
