problem,access,navigate,page_close,video,discussion,wiki
0.0,2.2733788624791447,2.0475602995535143,1.0,2.212503842372268,0.9709505944546686,1.3709505944546687
