problem,access,navigate,page_close,video,discussion,wiki
0,0.9886994082884974,0.0,0.9852281360342516,0.9182958340544896,0,0
