problem,access,navigate,page_close,video,discussion,wiki
0.0,0.7553754125614287,1.9219280948873623,0.8904916402194913,0.954434002924965,0,0
