problem,access,navigate,page_close,video,discussion,wiki
0.6343095546405662,0.6051865766334206,0.6500224216483541,0.5916727785823275,0.0,0,0
