problem,access,navigate,page_close,video,discussion,wiki
0.9917601481809735,2.7195988422715365,2.8729340238992696,2.5922056740710024,2.84403193505307,1.4387586809150084,0.0
