problem,access,navigate,page_close,video,discussion,wiki
0.863120568566631,0.4394969869215134,0.0,1.224394445405986,1.3787834934861753,0,0
