problem,access,navigate,page_close,video,discussion,wiki
0.9910760598382222,1.3092966682370037,1.3709505944546687,1.0,1.8676338909712122,0.0,0
