problem,access,navigate,page_close,video,discussion,wiki
1.739351846933579,2.371035708613391,1.1488348542809166,2.311873555409295,1.840223928941852,0,0
