problem,access,navigate,page_close,video,discussion,wiki
0.0,1.1783577099564695,0.7793498372920852,1.436545552091029,0.9852281360342516,0.0,0.6500224216483541
