problem,access,navigate,page_close,video,discussion,wiki
1.7359043167574755,2.6941776831309774,2.189010909298125,2.5382689280764645,2.350209029099897,0.9182958340544896,0
