problem,access,navigate,page_close,video,discussion,wiki
1.0,3.0202654247179335,2.5903672786934906,2.054585169337799,1.75,1.0,0.0
