problem,access,navigate,page_close,video,discussion,wiki
1.9543516117607593,1.8473316617032447,1.2987949406953985,1.81294527625988,1.3221793455166666,0.0,0
