problem,access,navigate,page_close,video,discussion,wiki
1.792481250360578,2.1283720286854444,2.2359263506290326,2.060012149061901,1.4609640474436811,1.8451000659284962,0
