problem,access,navigate,page_close,video,discussion,wiki
0.0,2.272482227562894,1.5,1.8332062193464953,2.345851989338261,0,0
