problem,access,navigate,page_close,video,discussion,wiki
1.0,1.257058709562681,0.9182958340544896,1.562688039303908,1.4488156357251847,0,0
