problem,access,navigate,page_close,video,discussion,wiki
0.9182958340544896,1.8843135277997989,0.7219280948873623,1.8910611120726526,1.5219280948873621,0,0
