problem,access,navigate,page_close,video,discussion,wiki
2.00042823556824,2.502638094111855,1.9182958340544896,2.199687794731328,1.3709505944546687,0,0
