problem,access,navigate,page_close,video,discussion,wiki
0.9940302114769565,2.6139246561366596,1.8423709931771084,2.694693951646702,2.221251836004466,0.0,0
