problem,access,navigate,page_close,video,discussion,wiki
0,1.4137995646056802,1.5566567074628228,1.224394445405986,1.2987949406953985,0,0
