problem,access,navigate,page_close,video,discussion,wiki
0.0,0.4689955935892812,0.9709505944546686,1.0408520829727552,0.4394969869215134,0,0
