problem,access,navigate,page_close,video,discussion,wiki
0.0,2.3882356581699424,0.9709505944546686,2.490468570732828,1.8585552118703144,0,0
