problem,access,navigate,page_close,video,discussion,wiki
0,2.541248737855799,2.401706277574314,2.556656707462823,0.0,0.0,0.0
