problem,access,navigate,page_close,video,discussion,wiki
0,1.9039678130877657,0.0,0.9182958340544896,1.9709505944546688,0,0
