problem,access,navigate,page_close,video,discussion,wiki
0.0,1.5229571181374095,1.9182958340544896,1.7709505944546688,0.9182958340544896,0,0
