problem,access,navigate,page_close,video,discussion,wiki
0,2.325929244650176,1.811278124459133,2.2506100451204634,1.867576946176195,0.6840384356390417,0
