problem,access,navigate,page_close,video,discussion,wiki
0.9629004147713269,1.3250112108241772,1.0,0.0,0.9910760598382222,0.0,0
