problem,access,navigate,page_close,video,discussion,wiki
1.0,2.8073549220576046,1.0,2.7321588913645702,2.75,0.9182958340544896,0
