problem,access,navigate,page_close,video,discussion,wiki
0.976020648236615,1.7725532114275782,1.4591479170272446,0,0,1.4281945908435036,0.0
