problem,access,navigate,page_close,video,discussion,wiki
0,1.4591479170272446,1.6140054628542202,0.9864267287308424,0.0,0.5916727785823275,0.0
