problem,access,navigate,page_close,video,discussion,wiki
0.0,1.9037016960573483,2.321928094887362,1.9182958340544896,2.0,0,0
