problem,access,navigate,page_close,video,discussion,wiki
0.9852281360342516,1.7841582466364434,0.0,1.8773870642966133,1.9502120649147465,0.0,0
