problem,access,navigate,page_close,video,discussion,wiki
2.321928094887362,3.0718944585156094,3.121928094887362,2.9976751198055647,2.4130884364257574,0.0,0.0
