problem,access,navigate,page_close,video,discussion,wiki
0.0,2.243773828551915,2.092271865683611,2.4193819456463714,1.4591479170272448,0.6500224216483541,0.8112781244591328
