problem,access,navigate,page_close,video,discussion,wiki
1.5219280948873621,2.6940484393180983,2.5216406363433186,2.0,1.0,0,0
