problem,access,navigate,page_close,video,discussion,wiki
1.9219280948873623,2.5300482670073854,1.5219280948873621,2.5456748913581144,2.4464393446710155,0,0
