problem,access,navigate,page_close,video,discussion,wiki
0.9990102708804813,1.8584793679612424,1.789929075309999,1.79030939970082,1.716763599199235,0.0,0.0
