problem,access,navigate,page_close,video,discussion,wiki
1.419556298571613,2.067611145628638,1.8365916681089791,2.1485357333138198,1.9591479170272446,0,0
