problem,access,navigate,page_close,video,discussion,wiki
2.9110804962442782,2.6913374365722564,1.4591479170272446,2.3012693629222505,2.287783719941071,0,0
