problem,access,navigate,page_close,video,discussion,wiki
2.8941458129440485,3.153630656014404,2.8731406795131336,2.959058677725595,2.593238317844939,1.8877068254834082,0.9182958340544896
