problem,access,navigate,page_close,video,discussion,wiki
1.9508257945180887,2.278787598135611,1.7924812503605778,0.0,0,0,0
