problem,access,navigate,page_close,video,discussion,wiki
0,2.7192945256669794,1.0,2.8731406795131336,2.446439344671016,0.0,0
