problem,access,navigate,page_close,video,discussion,wiki
2.278351811711312,3.779283585833866,3.027169118440619,3.7157498529161845,3.6378114473678984,0,0
