problem,access,navigate,page_close,video,discussion,wiki
0.9784493292686189,2.2751991424106435,1.4591479170272448,2.256594603759768,1.8955734405551428,0,0
