problem,access,navigate,page_close,video,discussion,wiki
0.0,2.1812056673346514,1.6644977792004614,2.2221915755066783,2.2516291673878226,0,0
