problem,access,navigate,page_close,video,discussion,wiki
0.954434002924965,2.243735757336199,1.3250112108241772,0.0,0.0,0.0,0.0
