problem,access,navigate,page_close,video,discussion,wiki
3.0891024455861142,3.7657245737877565,2.725480556997868,3.5695566021201484,2.90558726169826,0,0
