problem,access,navigate,page_close,video,discussion,wiki
0.8112781244591328,2.4761546341882665,2.2516291673878226,2.4308320512240846,1.0,0,0
