problem,access,navigate,page_close,video,discussion,wiki
0.9182958340544896,0.9886994082884974,1.2987949406953985,1.3609640474436813,0.863120568566631,0.5435644431995964,0.0
