problem,access,navigate,page_close,video,discussion,wiki
0,1.3328204045850196,0.0,1.287054028118727,1.224394445405986,0,0
