problem,access,navigate,page_close,video,discussion,wiki
1.4271835870684597,2.316243801407003,2.5,2.345719283930527,1.4911148500551856,1.5737888130660203,0
