problem,access,navigate,page_close,video,discussion,wiki
0,2.376260485958472,2.4464393446710155,2.7321588913645702,2.0,0,0
