problem,access,navigate,page_close,video,discussion,wiki
0.863120568566631,1.329334472220687,0.9709505944546686,1.4294732983598406,1.4591479170272446,0.0,0.0
