problem,access,navigate,page_close,video,discussion,wiki
0,1.8717374334224666,1.584962500721156,1.3092966682370037,1.061278124459133,0,0
