problem,access,navigate,page_close,video,discussion,wiki
1.3015742892816131,1.8844265062248478,1.789929075309999,0,0,0.0,0.0
