problem,access,navigate,page_close,video,discussion,wiki
1.4604846813131116,2.6940484393180983,2.1709505944546685,2.5086949695628418,0.9182958340544896,0,0
