problem,access,navigate,page_close,video,discussion,wiki
1.5566567074628228,2.1607047528877827,1.4488156357251847,2.495602923729013,1.8910611120726526,1.5566567074628228,0.0
