problem,access,navigate,page_close,video,discussion,wiki
0,2.851018723094229,2.378783493486176,1.584962500721156,1.0,0,0
