problem,access,navigate,page_close,video,discussion,wiki
0.9587118829771317,2.1808329872054406,1.224394445405986,1.882856063692049,2.0758692966977272,0.0,0.0
