problem,access,navigate,page_close,video,discussion,wiki
3.2507021123406012,3.8443850248859754,2.4116022179746714,3.735902344426084,3.3469888348640744,1.5156546557441946,0.0
