problem,access,navigate,page_close,video,discussion,wiki
0,2.7192945256669794,1.3787834934861756,2.8464393446710154,1.0,0.8812908992306927,0
