problem,access,navigate,page_close,video,discussion,wiki
1.584962500721156,2.918164606962778,2.0,0.0,1.5,0.9182958340544896,0
