problem,access,navigate,page_close,video,discussion,wiki
1.4056390622295665,3.401079847064691,3.153571738477581,3.4076169995874395,3.203529082279449,1.9877733714879842,0
