problem,access,navigate,page_close,video,discussion,wiki
1.339679706835654,1.9376752989907655,2.1180782093497093,1.3709505944546687,1.781937063546704,0.345117314944953,0
