problem,access,navigate,page_close,video,discussion,wiki
0.0,1.3978724128579043,2.1209520310264027,1.2934356963218767,1.1401156785146092,2.0578531007680825,0
