problem,access,navigate,page_close,video,discussion,wiki
0,1.5709505944546684,1.4591479170272446,1.950212064914747,0.0,0.0,0
