problem,access,navigate,page_close,video,discussion,wiki
1.53012496531497,2.2214908334752037,2.446439344671016,1.792481250360578,0.9182958340544896,0,0
