problem,access,navigate,page_close,video,discussion,wiki
0,2.633936607614698,1.9056390622295665,2.910440495218582,2.4056390622295662,1.4150659215555708,0
