problem,access,navigate,page_close,video,discussion,wiki
2.146560457663226,2.4284930703645586,1.9219280948873623,0.9182958340544896,0,0,0
