problem,access,navigate,page_close,video,discussion,wiki
0.8112781244591328,2.235890167936598,2.251629167387823,2.688721875540867,2.2295739585136225,0,0
