problem,access,navigate,page_close,video,discussion,wiki
0,1.9219280948873623,2.004886164091843,1.9182958340544893,0.0,1.2841463675989468,0
