problem,access,navigate,page_close,video,discussion,wiki
0.0,2.492878689342031,1.3709505944546687,2.586887840995814,2.321928094887362,1.5,0
