problem,access,navigate,page_close,video,discussion,wiki
0.9768290662171857,2.112483461921361,0.5916727785823275,0.0,1.823067982273661,0.0,0.0
