problem,access,navigate,page_close,video,discussion,wiki
0.863120568566631,0.6098403047164004,1.5219280948873621,0.8112781244591328,0.8904916402194913,0.0,0
