problem,access,navigate,page_close,video,discussion,wiki
0.954434002924965,2.2745382788617308,2.251185325340039,0,1.0,0.9669852958320848,1.584962500721156
