problem,access,navigate,page_close,video,discussion,wiki
0.9402859586706311,2.8562657572372663,2.413088436425758,1.9219280948873623,0.0,1.1241854163060885,0
