problem,access,navigate,page_close,video,discussion,wiki
0.4262286569981449,1.3092966682370037,0.9182958340544896,0.7219280948873623,0.8112781244591328,0,0
