problem,access,navigate,page_close,video,discussion,wiki
2.5711383468244855,3.3156244682155886,3.300559092390954,3.4214657301938027,2.8059197880818156,0,0
