problem,access,navigate,page_close,video,discussion,wiki
2.44099777508778,2.9606781879137403,3.03856233607563,2.9111949213138857,2.7025086017166213,0,0
