problem,access,navigate,page_close,video,discussion,wiki
1.5,2.1135087521234874,1.5219280948873621,2.1895415173391393,1.6858157091530304,0,0
