problem,access,navigate,page_close,video,discussion,wiki
1.4195562985716133,2.205025927212141,1.4166422780956522,2.214022152632502,2.2062389286533897,1.3346791410515948,0.0
