problem,access,navigate,page_close,video,discussion,wiki
0,1.561278124459133,2.4159220638351666,1.5219280948873621,1.0,2.5678904314665503,0.0
