problem,access,navigate,page_close,video,discussion,wiki
1.4870294605203356,2.756654199014159,3.383793057398511,2.551595655674384,2.084962500721156,3.657749252517718,1.7924812503605778
