problem,access,navigate,page_close,video,discussion,wiki
2.3183764825796924,2.8524696803697136,2.6902992307938414,2.844173057194349,2.728865924274026,1.6729055953200562,1.5
