problem,access,navigate,page_close,video,discussion,wiki
0.9852281360342516,1.9312952802328742,0.0,0.0,2.0,0.8366407419411673,0
