problem,access,navigate,page_close,video,discussion,wiki
0.6840384356390417,0.946372935985442,0.0,0.9864267287308424,1.061278124459133,0,0
