problem,access,navigate,page_close,video,discussion,wiki
1.9182958340544893,3.1014108972515624,2.439268146254097,1.9591479170272446,1.1488348542809166,1.5891788549782349,1.3709505944546687
