problem,access,navigate,page_close,video,discussion,wiki
0.9910760598382222,1.4591479170272446,1.3787834934861756,1.533206219346495,1.4353713907745331,0,0
