problem,access,navigate,page_close,video,discussion,wiki
0.0,2.5665331778239757,2.739572261986723,2.383382853628069,2.1047412314783913,2.1493974703476995,0
