problem,access,navigate,page_close,video,discussion,wiki
0.9910760598382222,2.4677201004744993,1.9056390622295665,0,0.0,1.0,1.5
