problem,access,navigate,page_close,video,discussion,wiki
0.863120568566631,1.4466479595102752,0.9182958340544896,1.5262349099495227,1.5304930567574824,0,0
