problem,access,navigate,page_close,video,discussion,wiki
2.5866117267938877,4.028446638818735,4.253434386188785,3.9006817444426996,3.522711955680758,0.0,0.0
