problem,access,navigate,page_close,video,discussion,wiki
0.954434002924965,0.9798687566511528,1.0,0.9940302114769565,0.863120568566631,0.0,0
