problem,access,navigate,page_close,video,discussion,wiki
0,1.7961796919474975,1.6140054628542202,1.3516441151533924,0,2.088255136400526,0.7219280948873623
