problem,access,navigate,page_close,video,discussion,wiki
0.0,1.6814963295286753,1.811278124459133,2.0588138903312014,1.792481250360578,0,0
