problem,access,navigate,page_close,video,discussion,wiki
1.807230641078267,2.846020992311625,2.211510777487775,2.8524113444626735,2.703097777798594,0.9709505944546686,0
