problem,access,navigate,page_close,video,discussion,wiki
0.9967916319816366,1.9505627476990113,0.9182958340544896,0.0,0,0.0,0.0
