problem,access,navigate,page_close,video,discussion,wiki
0.0,2.7667589966991657,3.2475767369558097,2.5370148112524404,2.038159681645953,0.954434002924965,0.0
