problem,access,navigate,page_close,video,discussion,wiki
1.584962500721156,1.0957952550009338,0.5435644431995964,1.5,1.5566567074628228,0,0.0
