problem,access,navigate,page_close,video,discussion,wiki
0.9709505944546686,0.9967916319816366,0.7642045065086203,1.2957378005380122,1.3516441151533924,0.0,0.0
