problem,access,navigate,page_close,video,discussion,wiki
0.5916727785823275,1.4958242288403438,1.3709505944546687,0.0,0.0,0.0,0.0
