problem,access,navigate,page_close,video,discussion,wiki
0.0,1.3108562983864118,2.038159681645953,0.9182958340544896,0.0,1.95006375643621,0.7219280948873623
