problem,access,navigate,page_close,video,discussion,wiki
1.9502120649147465,1.9798687566511526,1.7783283537314114,1.0,0.0,1.5379101587072448,0.0
