problem,access,navigate,page_close,video,discussion,wiki
0,2.862315375095599,2.2516291673878226,2.931208948910323,2.75,0.0,0
