problem,access,navigate,page_close,video,discussion,wiki
0.0,2.228212945841001,2.0,2.1055872616982603,1.789929075309999,0,0
