problem,access,navigate,page_close,video,discussion,wiki
1.0,2.5637812844538157,2.2359263506290326,2.4980775466236405,2.377443751081734,1.0,0
