problem,access,navigate,page_close,video,discussion,wiki
0.0,2.585475297227334,1.0,2.663532754804255,1.8423709931771088,0,0
