problem,access,navigate,page_close,video,discussion,wiki
0.5916727785823275,1.5416159218625491,1.3709505944546687,1.5,0.9852281360342516,1.3709505944546687,0.0
