problem,access,navigate,page_close,video,discussion,wiki
1.3516441151533924,1.7475333600746854,1.9182958340544893,1.7574364391410418,1.6767370300521325,0.0,0
