problem,access,navigate,page_close,video,discussion,wiki
0,1.14968388801495,0.9940302114769565,1.2419460322060458,1.3709505944546687,0,0
