problem,access,navigate,page_close,video,discussion,wiki
0.9852281360342516,1.3995812306460647,1.8423709931771088,1.295461844238322,0.0,0,0
