problem,access,navigate,page_close,video,discussion,wiki
0.9940302114769565,0.954434002924965,0.0,1.4488156357251847,1.4591479170272448,0,0
