problem,access,navigate,page_close,video,discussion,wiki
0,2.270942421748537,0.8112781244591328,1.9502120649147465,2.2359263506290326,0,0
