problem,access,navigate,page_close,video,discussion,wiki
2.426221479642774,3.4229849597738355,2.377443751081734,3.173416585305445,2.927798970294785,0.0,0
