problem,access,navigate,page_close,video,discussion,wiki
0.9366673818775625,0.8453509366224365,0.0,0.9182958340544896,0.954434002924965,0.0,0
