problem,access,navigate,page_close,video,discussion,wiki
1.2911002747979619,1.8424597860870016,1.0949143184120975,1.9206734909195053,1.971251836004466,0.0,0.0
