problem,access,navigate,page_close,video,discussion,wiki
0.9709505944546686,0.9910760598382222,0.0,1.3787834934861753,0.7219280948873623,0.0,0.0
