problem,access,navigate,page_close,video,discussion,wiki
0.8112781244591328,2.5955574804248287,2.5521796970665482,2.813209829505895,2.2516291673878226,0.0,0
