problem,access,navigate,page_close,video,discussion,wiki
1.5788720570183736,3.2821054484382786,3.0560310144308374,3.4302449705658367,3.056564762130954,2.472613895910568,0.0
