problem,access,navigate,page_close,video,discussion,wiki
1.984484211856485,2.6156974653032283,2.597416845103709,1.0,1.3921472236645345,0.9709505944546686,1.4195562985716133
