problem,access,navigate,page_close,video,discussion,wiki
2.41119841549929,2.4280446272309573,1.9237949406953987,2.488055839998336,2.1230741894285696,0.0,0.0
