problem,access,navigate,page_close,video,discussion,wiki
0.0,1.4603721872403521,2.022579761842491,0.5032583347756457,0.0,0.0,0.0
