problem,access,navigate,page_close,video,discussion,wiki
1.4744471922604154,2.7954324951787184,2.251629167387823,2.9275496777656036,2.950212064914747,0,0
