problem,access,navigate,page_close,video,discussion,wiki
1.923794940695399,2.9067494555619704,1.441946032206046,0.0,2.623219672335508,1.2486545206672304,0.0
