problem,access,navigate,page_close,video,discussion,wiki
0,1.4137995646056802,0.5435644431995964,1.9182958340544893,0.9219280948873623,0,0
