problem,access,navigate,page_close,video,discussion,wiki
0,1.7157679400990609,1.5,1.7028195311147831,1.5653402161740673,0.0,0
