problem,access,navigate,page_close,video,discussion,wiki
3.4037824114311968,3.763970777959673,3.388008909503755,3.8370479069527947,3.8410868510684946,3.325629939985502,0.0
