problem,access,navigate,page_close,video,discussion,wiki
0.9940302114769565,2.701000802587486,2.6458100851160973,2.083045102861393,2.3522170014624826,0.0,0.7631395237172489
