problem,access,navigate,page_close,video,discussion,wiki
0.0,3.4069042492836417,2.905764584655453,3.0286393118385755,2.913411192621123,0.0,0.0
