problem,access,navigate,page_close,video,discussion,wiki
0.9917033083725818,1.8896749186460426,1.570950594454669,2.0488423060748713,1.8753156176197314,0,0
