problem,access,navigate,page_close,video,discussion,wiki
2.965601531596979,3.8473229884015896,3.665452357432061,3.981607892338971,3.569530687466029,2.4796899633546596,1.584962500721156
