problem,access,navigate,page_close,video,discussion,wiki
0.9940302114769565,2.937977614414307,2.5306390622295662,0.0,0.0,0.0,0.0
