problem,access,navigate,page_close,video,discussion,wiki
0,2.226120746842681,0.6500224216483541,2.022579761842491,1.8802408149441479,0,0
