problem,access,navigate,page_close,video,discussion,wiki
1.7177648376739314,2.5304527953681184,2.472905595320056,2.3522170014624826,2.583465189601647,2.254447578972094,0.9182958340544896
