problem,access,navigate,page_close,video,discussion,wiki
2.326571707259554,3.5090430268179946,2.208196592277087,2.0,1.584962500721156,1.5619544490992996,0
