problem,access,navigate,page_close,video,discussion,wiki
1.0,3.2142219126198284,2.2810361125534233,3.396291529045928,3.4192509128388293,1.0,0
