problem,access,navigate,page_close,video,discussion,wiki
2.116905865151165,2.393709067103428,1.780672129520887,1.9219280948873623,2.217021885879718,1.584962500721156,0.0
