problem,access,navigate,page_close,video,discussion,wiki
0,1.829441495104053,0.9182958340544896,1.938248199671982,1.9125056054120886,1.115846725675976,0.7219280948873623
