problem,access,navigate,page_close,video,discussion,wiki
1.7273966735744792,2.3111389784073944,1.6858157091530304,2.3598063039211,1.895461844238322,0,0.0
