problem,access,navigate,page_close,video,discussion,wiki
0,0.6193821946787638,0.0,0.9709505944546686,0.7219280948873623,0.0,0
