problem,access,navigate,page_close,video,discussion,wiki
0,2.566441892934784,0.0,1.7924812503605778,1.7924812503605778,0,0
