problem,access,navigate,page_close,video,discussion,wiki
2.5083339280536787,3.582400235089072,2.6703397002311062,3.636789116192906,3.36030597770208,0,0
