problem,access,navigate,page_close,video,discussion,wiki
0,1.5715416718219246,1.4591479170272448,1.5566567074628228,1.5219280948873621,0,0
