problem,access,navigate,page_close,video,discussion,wiki
0.0,1.9039678130877662,1.5566567074628228,2.197159723424149,1.0,0,0
