problem,access,navigate,page_close,video,discussion,wiki
0,1.5709505944546684,1.4488156357251847,1.5566567074628228,1.5,0,0
