problem,access,navigate,page_close,video,discussion,wiki
1.8817434644265694,2.5275182662886326,1.5052408149441479,2.4528385678644478,2.251614471810182,0,1.0
