problem,access,navigate,page_close,video,discussion,wiki
0.943601631299382,1.0,0.8112781244591328,0.9957274520849256,0.9910760598382222,0,0.0
