problem,access,navigate,page_close,video,discussion,wiki
0.0,2.9462227768166,2.655050539417775,2.251629167387823,2.0,0,0
