problem,access,navigate,page_close,video,discussion,wiki
2.425756239190939,2.854726790289281,1.5064431878202946,2.5114449631220293,2.5324156286861546,0,0
