problem,access,navigate,page_close,video,discussion,wiki
0.9456603046006402,2.3936474604335363,1.4911148500551858,2.0588138903312014,1.584962500721156,0.7219280948873623,0.0
