problem,access,navigate,page_close,video,discussion,wiki
0.0,1.5376437149543918,0.9709505944546686,1.6767370300521325,1.9182958340544893,0,0
