problem,access,navigate,page_close,video,discussion,wiki
3.0423294609900844,3.7309228830339225,2.388371680214679,3.2130941022889044,3.551970547509392,2.3276328092906367,1.0
