problem,access,navigate,page_close,video,discussion,wiki
1.7474130395316416,3.337270264749088,3.069773835029478,3.1940085115544736,0,1.4772170014624826,0.9182958340544896
