problem,access,navigate,page_close,video,discussion,wiki
1.924174352300441,3.240217601848402,2.963809652538438,3.1960390338959277,2.0,2.6293259196516257,0.0
