problem,access,navigate,page_close,video,discussion,wiki
2.4166234479506126,3.2701718366692236,3.231090764947955,3.329521133196402,2.9833573582534934,1.7956227359032608,1.0
