problem,access,navigate,page_close,video,discussion,wiki
0.9980008838722996,1.8001992264848214,2.1219280948873624,1.9784845935086515,1.9056390622295665,0.0,0.0
