problem,access,navigate,page_close,video,discussion,wiki
0.225363639127395,1.2736509190759928,1.584962500721156,1.584962500721156,1.5,0,0
