problem,access,navigate,page_close,video,discussion,wiki
0.0,2.1209520310264036,1.75,2.1709505944546685,1.5219280948873621,0,0.0
