problem,access,navigate,page_close,video,discussion,wiki
1.8955734405551428,3.964376021972221,1.5,3.904588484369144,2.947091011626145,0,0
