problem,access,navigate,page_close,video,discussion,wiki
0.9798687566511528,3.6385885843810355,3.1495593584286556,2.9852281360342525,3.396231110405827,1.891852760033862,0.0
