problem,access,navigate,page_close,video,discussion,wiki
2.1645245336777723,3.376730454505298,3.169925001442312,2.260820318171659,2.8522170014624826,0.0,0.0
