problem,access,navigate,page_close,video,discussion,wiki
2.178238035577098,3.2394337738954104,2.75,2.400615411959636,2.0338955035165265,0,0
