problem,access,navigate,page_close,video,discussion,wiki
0.7871265862012691,2.7292498483010186,2.915151234499248,2.739572261986723,2.6833819072907272,0.8739810481273578,0.0
