problem,access,navigate,page_close,video,discussion,wiki
1.6691803368667308,3.1604589251428283,2.7321588913645702,2.951375662341526,1.9016094970590274,0.0,0.0
