problem,access,navigate,page_close,video,discussion,wiki
0.0,1.6627962493453097,1.7843151288554941,1.8460960334806216,1.9746017527145814,0.0,0.0
