problem,access,navigate,page_close,video,discussion,wiki
0,2.24261630395424,1.5589385323502771,2.298794940695399,1.584962500721156,0.0,0.0
