problem,access,navigate,page_close,video,discussion,wiki
0,1.8481805635708728,2.1887218755408666,0.9798687566511528,1.3709505944546687,0.0,0.0
