problem,access,navigate,page_close,video,discussion,wiki
2.675278680952877,3.5989813272904105,3.5110854081804264,3.612267937440209,3.433512586322084,0.0,0
