problem,access,navigate,page_close,video,discussion,wiki
0.863120568566631,1.6188386818320677,1.7735572622751856,1.2406705316766886,1.4591479170272446,0.9912642605354289,0.0
