problem,access,navigate,page_close,video,discussion,wiki
2.118858999499265,2.7829737905996996,2.94770277922009,3.0745158956199647,2.5248819514777336,0,0
