problem,access,navigate,page_close,video,discussion,wiki
2.4791891203827663,3.0584498757613474,3.3186091620720815,2.9781747780226495,2.775322884152352,1.8258234164792069,0.0
