problem,access,navigate,page_close,video,discussion,wiki
0,0.7871265862012691,0.8112781244591328,0.5032583347756457,0.9852281360342516,0,0
