problem,access,navigate,page_close,video,discussion,wiki
0.9967916319816366,2.959854122790417,1.3787834934861756,0.9182958340544896,1.584962500721156,0.8256265261578954,0.0
