problem,access,navigate,page_close,video,discussion,wiki
0,1.9196275363413569,0.9709505944546686,2.2998963911678914,2.3709505944546687,0,0
