problem,access,navigate,page_close,video,discussion,wiki
1.8890255736436505,2.8947286446829343,2.486793021302403,2.8865451235745474,2.209888638014727,1.8609640474436813,1.0
