problem,access,navigate,page_close,video,discussion,wiki
2.511493203400967,3.4425726320869225,3.2390979179887864,3.4601513644915256,3.368573682064998,1.790492223970158,0
