problem,access,navigate,page_close,video,discussion,wiki
1.450476567090058,1.53387187155964,0.9182958340544896,1.6258145836939115,0,0,0
