problem,access,navigate,page_close,video,discussion,wiki
0,0.7642045065086203,1.7735572622751856,0.6500224216483541,0.0,0,0.0
