problem,access,navigate,page_close,video,discussion,wiki
0,1.4591479170272448,1.561278124459133,0.8112781244591328,1.0,0,0
