problem,access,navigate,page_close,video,discussion,wiki
1.551263844313122,3.8134086077780713,3.5086949695628418,3.8603793708313976,3.2464393446710154,1.4772170014624826,1.0
