problem,access,navigate,page_close,video,discussion,wiki
3.2254899673916744,3.6835029636503775,2.807354922057604,3.662831205225653,3.039699362380188,0,0
