problem,access,navigate,page_close,video,discussion,wiki
0,2.5216406363433186,2.2096909728231857,2.2810361125534233,1.584962500721156,0,0
