problem,access,navigate,page_close,video,discussion,wiki
0,2.0787869843531763,1.3092966682370037,2.391979643393478,1.3709505944546687,0.0,0
