problem,access,navigate,page_close,video,discussion,wiki
0,3.905027445935262,3.6029100796497264,3.680089353694807,0.0,1.2682301580713344,0.0
