problem,access,navigate,page_close,video,discussion,wiki
3.036477837834624,3.78789817466526,3.6209520310264027,3.323364194525993,1.219240704636849,2.1288252620584465,0.0
