problem,access,navigate,page_close,video,discussion,wiki
1.584962500721156,2.5415446010991163,2.125,2.1822287189138017,2.677694271103767,0.954434002924965,0.0
