problem,access,navigate,page_close,video,discussion,wiki
0,1.4355917460279313,0.9182958340544896,1.1050139971135322,1.867633890971212,0,0
