problem,access,navigate,page_close,video,discussion,wiki
0,2.1868167719772553,1.584962500721156,2.1550239693955526,2.1044984515601635,0,0
