problem,access,navigate,page_close,video,discussion,wiki
0.9910760598382222,1.6224183115502746,1.4185644431995963,1.799015670655122,1.4466166676282082,0.9182958340544896,1.0
