problem,access,navigate,page_close,video,discussion,wiki
0.0,2.7026555965581878,2.133387491316597,2.492878689342031,2.1209520310264036,1.4633607363876622,0
