problem,access,navigate,page_close,video,discussion,wiki
0.9182958340544896,1.8356955265684065,2.097621918971843,1.6780986942499816,1.6963052716018405,0,0
