problem,access,navigate,page_close,video,discussion,wiki
0,1.1221136771091087,1.0,1.836591668108979,1.950212064914747,0,0
