problem,access,navigate,page_close,video,discussion,wiki
0,1.5262349099495225,0.9864267287308424,2.321928094887362,2.0,0,0.0
