problem,access,navigate,page_close,video,discussion,wiki
0.0,0.74959525725948,1.5,1.0408520829727552,1.2516291673878228,0,0
