problem,access,navigate,page_close,video,discussion,wiki
0,2.009503136240296,2.549787381523038,1.7295739585136223,0.0,1.8557114004045363,1.0
