problem,access,navigate,page_close,video,discussion,wiki
1.0,3.4781300810722438,3.084962500721156,1.0,2.251629167387823,2.4265102250612194,0.0
