problem,access,navigate,page_close,video,discussion,wiki
0,2.1920058354921066,1.295461844238322,1.0,0,0.8112781244591328,1.0
