problem,access,navigate,page_close,video,discussion,wiki
0,1.6157263931563703,2.683856297238366,1.7230913368258902,1.0,1.9860344359974063,1.0
