problem,access,navigate,page_close,video,discussion,wiki
1.561278124459133,2.899526744060479,2.915445572033141,2.4193819456463714,1.0,0,0
