problem,access,navigate,page_close,video,discussion,wiki
1.4013517630022396,2.2425551813479636,2.4477979600193267,2.1868085945630504,0.0,0.0,0
