problem,access,navigate,page_close,video,discussion,wiki
2.447265767997966,3.3301593087883012,2.6887218755408666,2.94770277922009,1.9056390622295665,0.0,0
