problem,access,navigate,page_close,video,discussion,wiki
1.4854752972273344,1.4604846813131114,0.0,1.5545851693377997,1.0,0,0
