problem,access,navigate,page_close,video,discussion,wiki
0.863120568566631,3.414332323565975,4.161000290595895,3.6671224125159307,2.7049868557726664,3.7186498113385817,0.0
