problem,access,navigate,page_close,video,discussion,wiki
2.982034834177547,3.8479502250648046,3.16070150120865,3.7859032456184893,3.6199435788482655,2.5275657801688274,0.0
