problem,access,navigate,page_close,video,discussion,wiki
0.0,1.823067982273661,1.584962500721156,2.4130884364257574,2.2516291673878226,0,0
