problem,access,navigate,page_close,video,discussion,wiki
2.197197590172723,2.577319142645923,1.584962500721156,2.6416041678685933,1.9219280948873623,1.5098693043797229,0
