problem,access,navigate,page_close,video,discussion,wiki
0.0,1.6764659725018167,1.5219280948873621,1.6140054628542202,1.4911148500551858,0.0,0.0
