problem,access,navigate,page_close,video,discussion,wiki
0.0,2.877617496899174,2.7321588913645702,1.573402452417767,1.5,0,0
