problem,access,navigate,page_close,video,discussion,wiki
2.0942444351471337,2.9923198313865123,3.3204780224153,2.7834592539306353,1.5262349099495225,2.1270656308933718,0
