problem,access,navigate,page_close,video,discussion,wiki
1.953152587415111,2.281317209443298,1.5219280948873621,0.0,0.9182958340544896,0.0,0.0
