problem,access,navigate,page_close,video,discussion,wiki
0,1.4488156357251847,0.9182958340544896,1.5726236638951638,1.3921472236645345,0,0
