problem,access,navigate,page_close,video,discussion,wiki
0,2.0900182662886326,2.0,2.40400975732486,0.9182958340544896,1.0,0
