problem,access,navigate,page_close,video,discussion,wiki
0.9709505944546686,2.1492553971684996,2.2062389286533897,1.7527152789797045,1.5219280948873621,1.4854752972273344,0.0
