problem,access,navigate,page_close,video,discussion,wiki
3.088119992309307,3.9537687963621653,3.7826262107499415,4.090171239978099,1.9361572675029426,3.384401457922003,1.5
