problem,access,navigate,page_close,video,discussion,wiki
3.233247352872252,3.5436665013005895,2.8872103113389795,2.120743071536249,2.5525842461721626,2.307855317945898,0.9709505944546686
