problem,access,navigate,page_close,video,discussion,wiki
0.9709505944546686,3.1497457916339413,2.8662478973127317,3.0800993188718526,2.1219280948873624,0.0,0.0
