problem,access,navigate,page_close,video,discussion,wiki
2.5905565335274963,3.3829967202367257,2.7871798736129,3.2950008623124964,3.080500530640267,2.4632431204148593,2.2516291673878226
