problem,access,navigate,page_close,video,discussion,wiki
1.0957952550009338,2.566603423655935,0.8683927290103626,0,0,0.0,0.0
