problem,access,navigate,page_close,video,discussion,wiki
0.0,2.6499107390469927,2.2221915755066783,2.3078203984541243,2.6105184777961434,1.4572659136233872,0
