problem,access,navigate,page_close,video,discussion,wiki
0.6500224216483541,2.5708485073368395,1.5487949406953985,2.8397755396455078,1.5766212201074912,1.2958363892911637,0
