problem,access,navigate,page_close,video,discussion,wiki
1.884313527799799,3.392835531203458,2.9882314549853706,2.0,0,2.6078127283450776,1.5
