problem,access,navigate,page_close,video,discussion,wiki
3.247954492444259,3.7780963198422666,3.1799763182878342,3.7996351912119994,3.563247423975141,1.5641590650192407,1.3709505944546687
