problem,access,navigate,page_close,video,discussion,wiki
1.0540589454420242,2.524738808655561,2.8073549220576037,2.372966377227965,2.2359263506290326,1.9086089622410274,0.0
