problem,access,navigate,page_close,video,discussion,wiki
1.3709505944546687,2.9921758030501566,2.9979526986606926,3.0057824764461,0.0,1.4854752972273344,0.0
