problem,access,navigate,page_close,video,discussion,wiki
1.6126502330422663,2.4535811762809243,2.64613747553258,0.0,0,1.2539878735947696,1.061278124459133
