problem,access,navigate,page_close,video,discussion,wiki
1.9435519223775093,2.384818249874391,1.5,2.642079563925711,2.389898095464287,0.6500224216483541,0
