problem,access,navigate,page_close,video,discussion,wiki
3.3595964924644415,4.284189661450538,4.171900327126789,4.293655810060277,3.9665963431354014,4.320624482086256,1.0
