problem,access,navigate,page_close,video,discussion,wiki
1.7413007886570155,3.752949440895038,3.641249800455479,3.4064821276822,2.969731566544131,1.7234100046343064,0.7219280948873623
