problem,access,navigate,page_close,video,discussion,wiki
0,0.9530138853315971,0.0,1.6140054628542202,1.9056390622295665,0,0
