problem,access,navigate,page_close,video,discussion,wiki
1.5306189948485172,1.4591479170272448,2.2810361125534238,1.75,0,0.0,0
