problem,access,navigate,page_close,video,discussion,wiki
1.0,2.3176400059662177,1.9709505944546686,2.054585169337799,2.2810361125534238,0.0,0.0
