problem,access,navigate,page_close,video,discussion,wiki
0,2.915693734316704,2.688721875540867,2.1556390622295662,2.4056390622295662,0,0
