problem,access,navigate,page_close,video,discussion,wiki
0.0,2.5492553971685004,1.9219280948873623,2.584962500721156,1.0,0,0
