problem,access,navigate,page_close,video,discussion,wiki
0,2.1013152774012367,1.9502120649147465,2.1055872616982603,1.746465798504072,0.0,0
