problem,access,navigate,page_close,video,discussion,wiki
0.0,2.592661338429376,3.077819531114783,2.7786885704510973,2.584962500721156,0.4689955935892812,0.0
