problem,access,navigate,page_close,video,discussion,wiki
0.6962122601251458,2.442947339660868,0.9910760598382222,1.0,1.7924812503605778,0.9182958340544896,0.0
