problem,access,navigate,page_close,video,discussion,wiki
0,2.2492870686521598,2.0199180897320606,2.2359263506290326,2.2359263506290326,1.0,0.9182958340544896
