problem,access,navigate,page_close,video,discussion,wiki
0.9182958340544896,1.2646726793957221,1.3787834934861753,1.4488156357251847,1.4353713907745331,0,0
