problem,access,navigate,page_close,video,discussion,wiki
0.0,2.265583322887734,1.811278124459133,2.321928094887362,0.0,0,0
