problem,access,navigate,page_close,video,discussion,wiki
0.9940302114769565,1.756623811079363,0.8112781244591328,1.855388542207534,1.9500637564362098,0,0
