problem,access,navigate,page_close,video,discussion,wiki
1.575114591410657,2.16520329656826,0.7219280948873623,1.584962500721156,0.9182958340544896,0.0,0.0
