problem,access,navigate,page_close,video,discussion,wiki
1.0,1.3709505944546687,0.9940302114769565,0.9182958340544896,0.0,0.0,1.0
