problem,access,navigate,page_close,video,discussion,wiki
2.3539464328718624,3.500553107092271,3.5736606896881855,3.3355055565170972,3.1416041678685938,1.7927846621897887,0
