problem,access,navigate,page_close,video,discussion,wiki
0.0,3.0331419839021057,2.927740976232937,2.630630058713335,2.387403488119374,0.8112781244591328,0
