problem,access,navigate,page_close,video,discussion,wiki
0.0,1.9620310230081115,2.0,2.584962500721156,0.8112781244591328,0.0,0
