problem,access,navigate,page_close,video,discussion,wiki
0.0,1.219992733146053,1.8464393446710154,1.2108100261060328,1.1488348542809166,1.4616318183834172,0.0
