problem,access,navigate,page_close,video,discussion,wiki
0.0,0.9182958340544896,0.8904916402194913,1.287054028118727,1.061278124459133,0,0
