problem,access,navigate,page_close,video,discussion,wiki
0,2.8482338297798933,2.5,2.8511494238930326,2.728212945841002,0,0
