problem,access,navigate,page_close,video,discussion,wiki
0.9709505944546686,2.8284930703645585,2.5464393446710156,3.2977968115985954,1.75,0.0,0.0
