problem,access,navigate,page_close,video,discussion,wiki
0.0,1.7460954150154404,1.75,1.360964047443681,0.9709505944546686,0,0
