problem,access,navigate,page_close,video,discussion,wiki
2.4461767632302807,2.921280493869703,2.491457185365824,2.0403733936884962,1.9182958340544896,1.5219280948873621,1.0
