problem,access,navigate,page_close,video,discussion,wiki
0,0.7793498372920852,0.4394969869215134,0.6840384356390417,0.9182958340544896,0.8112781244591328,0.0
