problem,access,navigate,page_close,video,discussion,wiki
2.1584476664897245,3.660307252525042,2.1709505944546685,3.213897999462493,3.2180300743855064,0,0
