problem,access,navigate,page_close,video,discussion,wiki
0,1.788864236882091,1.5709505944546687,1.9795739585136225,2.068273412406135,0.0,0.0
