problem,access,navigate,page_close,video,discussion,wiki
1.8419171866886992,3.2046685589989647,3.630112513971685,2.4193819456463714,2.321928094887362,1.0,0
