problem,access,navigate,page_close,video,discussion,wiki
3.4098639561634165,4.218085323314415,2.8659573209491747,4.086642569886029,3.9617768143255967,3.1627302176086896,0.0
