problem,access,navigate,page_close,video,discussion,wiki
0.5916727785823275,2.71331441255332,2.353533948577482,3.1841837197791887,2.8962915290459277,0,1.0
