problem,access,navigate,page_close,video,discussion,wiki
1.71648281190072,2.7253603883488635,2.4508257945180882,2.0,2.365596230357602,1.1981174211304033,0.0
