problem,access,navigate,page_close,video,discussion,wiki
0.9709505944546686,2.4138338639736006,2.2312702546075758,2.1709505944546685,2.0,0.0,0
