problem,access,navigate,page_close,video,discussion,wiki
0.4689955935892812,1.3663146570363986,1.950212064914747,1.4488156357251847,0,0,0.0
