problem,access,navigate,page_close,video,discussion,wiki
2.1836670779209113,2.0218399911552356,2.41896119556797,2.2298473320209378,2.1451363701530526,0.0,0.0
