problem,access,navigate,page_close,video,discussion,wiki
4.021792647780142,4.329851464418031,4.07127238011291,4.357823789437145,4.24035706729577,3.80846880901241,0
