problem,access,navigate,page_close,video,discussion,wiki
0.8112781244591328,2.291615921862549,0.9864267287308425,1.9898980954642873,1.8910611120726526,0.0,0
