problem,access,navigate,page_close,video,discussion,wiki
0.9182958340544896,2.0992054464923324,1.4591479170272448,0,0.9709505944546686,0.9182958340544896,0.0
