problem,access,navigate,page_close,video,discussion,wiki
1.322305788853309,1.7911602795458252,1.584962500721156,1.4394969869215133,1.198192411043098,0,0
