problem,access,navigate,page_close,video,discussion,wiki
2.045450160152842,2.216579228794265,0.4689955935892812,2.1209520310264027,2.16520329656826,1.764694686130739,0.0
