problem,access,navigate,page_close,video,discussion,wiki
1.4901944396527276,3.698508608041184,2.7339419795904845,2.521640636343318,1.5,2.095001428167036,0.0
