problem,access,navigate,page_close,video,discussion,wiki
0,1.586743843579991,1.1567796494470395,1.9509256607446965,1.9222921890824147,0.9456603046006402,0.0
