problem,access,navigate,page_close,video,discussion,wiki
4.112329993536931,4.40882444772051,3.913914610066567,4.367398584278407,4.001940334928129,4.019914061309769,2.049452072789394
