problem,access,navigate,page_close,video,discussion,wiki
0.934068055375491,2.902957039409632,3.258313203934565,1.9508257945180887,2.0,1.8053232276070963,0.9182958340544896
