problem,access,navigate,page_close,video,discussion,wiki
0,1.8577968115985957,1.789929075309999,1.561278124459133,1.3787834934861753,0,0
