problem,access,navigate,page_close,video,discussion,wiki
1.2987949406953985,3.010865035827184,2.504800382982335,1.0,0,0,0
