problem,access,navigate,page_close,video,discussion,wiki
2.077307149128691,2.948228843152148,3.1834864719890703,1.7924812503605778,1.5,1.5219280948873621,1.584962500721156
