problem,access,navigate,page_close,video,discussion,wiki
0.9709505944546686,1.7028195311147831,0.0,1.8352377453121176,1.811278124459133,0.0,0
