problem,access,navigate,page_close,video,discussion,wiki
0,2.5833738596493103,2.3685225277282065,2.4705117274874286,2.423224705174715,0.0,0
