problem,access,navigate,page_close,video,discussion,wiki
1.0,2.1032484387294543,2.0216148719112956,2.1908887189090467,1.6858157091530304,0.0,0
