problem,access,navigate,page_close,video,discussion,wiki
1.8858164926007295,3.2604768347196074,2.4361795103227517,3.1926539035986576,2.952276465449528,2.1718806729810884,0.9182958340544896
