problem,access,navigate,page_close,video,discussion,wiki
2.9540036423298544,3.3279997463587256,3.056564762130954,2.0,2.584962500721156,2.337704952390295,0.0
