problem,access,navigate,page_close,video,discussion,wiki
1.3787409141015914,3.290748655368138,2.8057456515210593,2.0280916850766384,1.3709505944546687,0,0
