problem,access,navigate,page_close,video,discussion,wiki
0.0,1.359992492218488,1.584962500721156,0.9182958340544896,1.2516291673878228,0.0,0
