problem,access,navigate,page_close,video,discussion,wiki
0.0,2.126428310992824,1.4591479170272448,2.0923953729624785,1.7295739585136223,0,0
