problem,access,navigate,page_close,video,discussion,wiki
1.1897319168207328,3.128928031846024,2.521640636343318,3.128085278891395,1.8423709931771086,0.9940302114769565,0
