problem,access,navigate,page_close,video,discussion,wiki
0.0,2.3892750707107133,2.217021885879718,1.9056390622295665,1.0,0.0,0.0
