problem,access,navigate,page_close,video,discussion,wiki
0.0,1.5997285817674223,1.0,1.5487949406953985,1.061278124459133,0,0
