problem,access,navigate,page_close,video,discussion,wiki
0.9899927915575186,1.2550327083958783,0.9219280948873623,1.0,1.0,0.0,0
