problem,access,navigate,page_close,video,discussion,wiki
2.217291283333682,2.892745756529361,3.154222184683522,2.512592050828757,2.5486222754159766,2.187825662336973,0
