problem,access,navigate,page_close,video,discussion,wiki
0.8112781244591328,2.06565455733285,2.089478641936496,2.2064688230730516,1.794468414860448,0.9182958340544896,0
