problem,access,navigate,page_close,video,discussion,wiki
1.0,3.054508716453626,1.8365916681089791,3.500823184481837,3.0105191162672784,0,0
