problem,access,navigate,page_close,video,discussion,wiki
2.8777049348957857,3.175417203943552,3.0061782124239067,3.033827768446775,2.7701565600832136,1.74917466839001,1.0
