problem,access,navigate,page_close,video,discussion,wiki
2.307102977766064,3.1949259869490634,3.0269868333592873,3.278050166707677,2.905764584655453,1.4591479170272448,0
