problem,access,navigate,page_close,video,discussion,wiki
1.4064296660718254,2.7482442949973445,2.7321588913645702,3.174418313907282,2.6062389286533896,0,0
