problem,access,navigate,page_close,video,discussion,wiki
2.301334511512853,3.069928251494895,1.8423709931771086,2.814527264502953,2.75,0,0
