problem,access,navigate,page_close,video,discussion,wiki
0,0.8812908992306927,0.8997437586982626,1.1589385323502772,0.8112781244591328,0.3095434291503252,0.8112781244591328
