problem,access,navigate,page_close,video,discussion,wiki
2.7112372993965894,3.22112124322889,3.328358044113281,2.625814583693911,2.8495558757500845,1.4833557549816876,0
