problem,access,navigate,page_close,video,discussion,wiki
0.9182958340544896,2.36203797366608,2.4056390622295662,2.546439344671015,2.235926350629032,0.0,0.0
