problem,access,navigate,page_close,video,discussion,wiki
0.0,2.228212945841001,1.8464393446710154,2.4677201004744993,2.0588138903312014,0.0,0.0
