problem,access,navigate,page_close,video,discussion,wiki
0.6500224216483541,3.527278082293664,3.2248809498103124,2.521640636343318,2.584962500721156,1.9220231428515733,0.8112781244591328
