problem,access,navigate,page_close,video,discussion,wiki
0,1.456564762130954,2.321928094887362,1.570950594454669,0.8112781244591328,0.0,0
