problem,access,navigate,page_close,video,discussion,wiki
3.6071493926130755,4.04229525207592,4.114826568689368,2.833175294232066,2.992487689168953,1.6755876897118571,0.5435644431995964
