problem,access,navigate,page_close,video,discussion,wiki
2.1492553971685,3.6533007124003465,2.895423870280316,3.552584246172162,3.226730915057127,0,0
