problem,access,navigate,page_close,video,discussion,wiki
1.4562191835613534,1.8502905002014545,2.0,1.186278124459133,0.0,0.863120568566631,0.0
