problem,access,navigate,page_close,video,discussion,wiki
0,2.0634693354820453,2.413088436425758,1.9877733714879842,1.3709505944546687,1.4056390622295665,0
