problem,access,navigate,page_close,video,discussion,wiki
1.0,2.5661902165503228,2.25,2.5025980682472606,2.0202442071537563,0,0
