problem,access,navigate,page_close,video,discussion,wiki
1.5219280948873621,2.4130962559092763,1.584962500721156,0.0,2.1815525171888464,1.0,0
