problem,access,navigate,page_close,video,discussion,wiki
3.0536839341622852,3.7321141245510514,3.232978660474587,3.383949168048318,3.6008352693684476,2.936306282724163,0.9182958340544896
