problem,access,navigate,page_close,video,discussion,wiki
0.9182958340544896,2.1908887189090467,2.505123044017255,1.384431504340598,1.5566567074628228,1.920104074205717,0.39124356362925566
