problem,access,navigate,page_close,video,discussion,wiki
2.218378281790496,3.717438067825633,3.5766176449086657,2.2516291673878226,0,0,0
