problem,access,navigate,page_close,video,discussion,wiki
0,0.9366673818775625,2.476796752685521,1.295461844238322,0.0,1.4836591643979626,0
