problem,access,navigate,page_close,video,discussion,wiki
3.096182574200067,3.004147271027795,2.8919796433934777,3.074099318285097,3.076139912208212,2.222850637827716,1.4591479170272446
