problem,access,navigate,page_close,video,discussion,wiki
2.243773828551915,3.6569921403821453,2.7329145639793975,3.378727103656466,2.7321588913645702,0.0,0.0
