problem,access,navigate,page_close,video,discussion,wiki
1.9211796919474975,2.553982998051588,3.471550003160732,2.648613185810075,0.4689955935892812,0.7642045065086203,1.0
