problem,access,navigate,page_close,video,discussion,wiki
2.2959722347772993,3.1779726510702493,2.5220552088742,2.0,1.9219280948873623,0,0
