problem,access,navigate,page_close,video,discussion,wiki
2.3830689830039224,3.2905958183498596,2.385442867481708,2.8927758097377674,1.505876255604107,0.8112781244591328,0.8112781244591328
