problem,access,navigate,page_close,video,discussion,wiki
0.0,2.69050625206659,1.5465935642949382,2.8531890817683436,2.5073801024236357,0.0,0
