problem,access,navigate,page_close,video,discussion,wiki
2.2515148217241325,2.6301387578639055,2.6464393446710153,2.6455560875389246,2.4996567710063733,0,0
