problem,access,navigate,page_close,video,discussion,wiki
0,1.7232314287976207,1.584962500721156,1.7841591278514217,1.5219280948873621,0,0
