problem,access,navigate,page_close,video,discussion,wiki
2.3027286113464034,2.652867105181003,2.8511494238930326,2.660506528437289,2.4464283109928244,1.1867198445327565,0.9182958340544896
