problem,access,navigate,page_close,video,discussion,wiki
2.793004449612595,3.1751307463954195,2.7921951936824643,2.058813890331201,2.952949440895038,1.9039678130877662,1.584962500721156
