problem,access,navigate,page_close,video,discussion,wiki
1.5574319619297041,3.2587906088833147,2.931208948910323,2.9919192352122232,2.5088360244206056,0,0
