problem,access,navigate,page_close,video,discussion,wiki
0,2.4662478973127313,0.0,1.9219280948873623,1.584962500721156,0,0
