problem,access,navigate,page_close,video,discussion,wiki
0.0,1.5726236638951638,1.8751310486364092,2.0,0.7219280948873623,0.0,0
