problem,access,navigate,page_close,video,discussion,wiki
1.1955408106806318,3.882241520027797,3.22290749432188,4.052435541097915,2.9219280948873623,0.0,0.0
