problem,access,navigate,page_close,video,discussion,wiki
0.0,3.2352377655605187,2.6493974703476995,3.226697689984208,2.863094551420763,1.3512274809529556,1.0
