problem,access,navigate,page_close,video,discussion,wiki
1.9890644779681905,3.457826541338798,2.922679924444498,1.0,0.0,1.5566567074628228,0
