problem,access,navigate,page_close,video,discussion,wiki
0,1.8149455891497535,1.9920139962755843,2.0419460322060456,0.8112781244591328,0,0
