problem,access,navigate,page_close,video,discussion,wiki
0.4854607607459134,2.910535286225209,2.9356159281842014,3.1163247994490417,2.446439344671015,0.863120568566631,0.9182958340544896
