problem,access,navigate,page_close,video,discussion,wiki
0.0,2.9174782229825666,2.866587105828959,1.9762822787735768,1.6644977792004614,1.224394445405986,0.0
