problem,access,navigate,page_close,video,discussion,wiki
0,1.1639904575514164,1.5628066316931741,0,0.0,0.24988229283318544,0
