problem,access,navigate,page_close,video,discussion,wiki
0,2.316390996079236,2.413088436425758,2.2194935020012836,1.419556298571613,1.0,0
