problem,access,navigate,page_close,video,discussion,wiki
2.213951123464573,3.487101565644923,2.699513850319966,3.576010789042101,3.4585250192341506,0,0
