problem,access,navigate,page_close,video,discussion,wiki
0.0,2.2474767717223214,1.819240704636849,2.4964645644232903,2.2516291673878226,1.3260875253642983,0
