problem,access,navigate,page_close,video,discussion,wiki
0,1.3709505944546687,2.5216406363433186,0.9852281360342516,1.0,0,0
