problem,access,navigate,page_close,video,discussion,wiki
2.0868879870590886,3.100285857253446,2.0902161796693437,2.7698895731171924,2.9199730940219744,1.6610896727583333,1.0
