problem,access,navigate,page_close,video,discussion,wiki
3.9175543215539497,4.041385969571113,4.118013660574471,3.4251786925158862,2.6214084489897216,1.9657827637391678,0.0
