problem,access,navigate,page_close,video,discussion,wiki
1.4725137493579352,1.729737582218172,2.2295739585136225,1.7399212838293647,1.6412075899804148,1.3030353968694504,0
