problem,access,navigate,page_close,video,discussion,wiki
0,2.2953570516174424,2.0403733936884962,2.469670487371862,1.3921472236645345,1.679094796258493,0.0
