problem,access,navigate,page_close,video,discussion,wiki
0,0.8453509366224365,0.8112781244591328,1.1488348542809166,0.7219280948873623,0,0
