problem,access,navigate,page_close,video,discussion,wiki
0.9709505944546686,1.4949188482339508,0.9182958340544896,1.0,1.3787834934861753,0.0,0
