problem,access,navigate,page_close,video,discussion,wiki
0,1.5451531398349103,0.9182958340544896,1.7344977967946407,1.6960736118322672,0,0
