problem,access,navigate,page_close,video,discussion,wiki
2.754441845713346,3.0703402835197515,2.9109922530150456,2.961576972531338,2.8282129458410017,2.1175365325772657,0.0
