problem,access,navigate,page_close,video,discussion,wiki
0.9899927915575186,3.43824580816205,1.9056390622295665,3.8246987351738495,3.8330709070912787,0.0,0
