problem,access,navigate,page_close,video,discussion,wiki
0,0.8960382325345575,0.7642045065086203,0.8812908992306927,0.9182958340544896,0.0,0
