problem,access,navigate,page_close,video,discussion,wiki
2.4464393446710155,3.312791243220903,3.0565647621309537,3.3584291203068113,2.6556390622295662,0.0,0
