problem,access,navigate,page_close,video,discussion,wiki
0,1.8690954395801547,2.1180782093497093,0.5916727785823275,1.7381493331928664,0.0,0.0
