problem,access,navigate,page_close,video,discussion,wiki
0,2.6282129458410015,0.9182958340544896,2.8553885422075336,2.251629167387823,0,0
