problem,access,navigate,page_close,video,discussion,wiki
1.4591479170272446,3.3112808351230005,2.688721875540867,3.329487476875225,2.739572261986723,0.0,0.0
