problem,access,navigate,page_close,video,discussion,wiki
0.0,1.5451521971989497,0.4394969869215134,1.8676338909712125,1.5219280948873621,0.0,0
