problem,access,navigate,page_close,video,discussion,wiki
0.0,1.9793041460962097,1.8262452584026092,1.924174352300441,2.1556390622295662,0.0,0.0
