problem,access,navigate,page_close,video,discussion,wiki
0,1.5737888130660203,2.1079637556972086,0,0.0,1.1567796494470395,1.0
