problem,access,navigate,page_close,video,discussion,wiki
1.9428189358424668,2.429938098834611,0.0,1.9609640474436814,2.4416298737872246,0,0
