problem,access,navigate,page_close,video,discussion,wiki
0,1.888011064020127,1.5,1.9035239700887407,1.6894822670191827,0,0
