problem,access,navigate,page_close,video,discussion,wiki
1.9502120649147465,2.566694889181796,1.5709505944546687,1.0,0.0,1.9548749841501443,0.0
