problem,access,navigate,page_close,video,discussion,wiki
0,0.975119064940866,0.9709505944546686,0.6500224216483541,0.7219280948873623,0.0,0.0
