problem,access,navigate,page_close,video,discussion,wiki
0,1.360964047443681,1.1488348542809166,1.8423709931771084,1.5,0.0,0.0
