problem,access,navigate,page_close,video,discussion,wiki
0.0,2.0204260414863775,1.8585552118703144,2.1219280948873624,1.5,0,0
