problem,access,navigate,page_close,video,discussion,wiki
3.613129081879304,3.677786818655053,2.6657769146135104,2.75,3.7576856586254097,2.281424938596677,1.3787834934861753
