problem,access,navigate,page_close,video,discussion,wiki
0.9672947789468944,2.141821596022348,1.924174352300441,2.0922718656836103,1.3485878960124222,0.8112781244591328,0.9182958340544896
