problem,access,navigate,page_close,video,discussion,wiki
0.0,3.0165334227428384,2.9096743265455456,2.0,2.584962500721156,0.7742433029172697,0.9182958340544896
