problem,access,navigate,page_close,video,discussion,wiki
0,2.2009557262041226,1.6282202760321463,2.0950014281670364,1.2516291673878228,1.9178708083875036,0.0
