problem,access,navigate,page_close,video,discussion,wiki
2.306753151877884,2.90440165332307,3.18114505811407,3.3379707812823303,2.443731173363665,2.4701596003420314,1.0
