problem,access,navigate,page_close,video,discussion,wiki
0.0,1.590468570732828,1.8464393446710154,0.0,0.0,0.7793498372920852,0
