problem,access,navigate,page_close,video,discussion,wiki
0,1.7108562983864117,1.3346791410515946,1.0,1.3516441151533924,0.0,1.0
