problem,access,navigate,page_close,video,discussion,wiki
2.741719141811811,2.8873658016573707,2.313100666415769,1.0,0.0,0.0,0.0
