problem,access,navigate,page_close,video,discussion,wiki
0.9910760598382222,2.765975659646995,2.2868156750835835,1.9219280948873623,2.0,0.4689955935892812,1.0
