problem,access,navigate,page_close,video,discussion,wiki
0,2.7810760119146076,2.64616808388253,3.0056785904566774,2.7534343861887853,0.0,0.0
