problem,access,navigate,page_close,video,discussion,wiki
1.6503452842745279,2.9316646515032865,2.9864983643832077,2.2516291673878226,1.0,0.5916727785823275,1.0
