problem,access,navigate,page_close,video,discussion,wiki
1.3681048373817144,1.7080986635018058,0.9709505944546686,0.9182958340544896,1.5394847569315018,1.5,0.9182958340544896
