problem,access,navigate,page_close,video,discussion,wiki
0.0,0.5032583347756457,2.2998963911678914,1.061278124459133,0.7219280948873623,0,0
