problem,access,navigate,page_close,video,discussion,wiki
1.5834766425559876,2.389615868364483,2.378991986900062,1.3709505944546687,0,1.3249692858267146,0
