problem,access,navigate,page_close,video,discussion,wiki
0,0.9640787648082291,0.8960382325345575,0.8112781244591328,0.5435644431995964,0,0
