problem,access,navigate,page_close,video,discussion,wiki
3.1404230496442684,3.410932967263315,3.528203089879953,3.523607070455774,2.725480556997868,2.69693066302668,0.0
