problem,access,navigate,page_close,video,discussion,wiki
0.7793498372920852,1.7652465283787413,1.5219280948873621,1.5683182557028439,1.7273966735744792,0,0
