problem,access,navigate,page_close,video,discussion,wiki
1.7527152789797045,1.9261207468426806,1.5709505944546684,1.889246428509158,1.5219280948873621,0,0
