problem,access,navigate,page_close,video,discussion,wiki
2.245484149698375,2.7501357490626743,2.5386318596503297,1.9219280948873623,1.5,0.9709505944546686,0.0
