problem,access,navigate,page_close,video,discussion,wiki
1.5485806065228545,3.5557645417057615,3.7411558556380644,2.321928094887362,1.5,1.5262349099495225,0
