problem,access,navigate,page_close,video,discussion,wiki
0.7219280948873623,2.6336569053878724,2.117492461184755,0.9182958340544896,0.0,1.4854752972273344,0.8112781244591328
