problem,access,navigate,page_close,video,discussion,wiki
0.9876925088958034,2.1350248938999448,2.472067094075591,2.113283334294875,1.674600061898413,0.0,1.0
