problem,access,navigate,page_close,video,discussion,wiki
0.9992492479956565,2.374758347960398,2.199687794731328,2.437065831519022,1.867633890971212,0,0
