problem,access,navigate,page_close,video,discussion,wiki
0,2.375238302672675,2.3932696895151087,2.2408694091464003,0,0.9709505944546686,0.9182958340544896
