problem,access,navigate,page_close,video,discussion,wiki
3.30256520992991,3.573992027973732,2.897849384264468,3.419079021842784,3.2749436381491535,1.9531525874151106,1.0
