problem,access,navigate,page_close,video,discussion,wiki
0,0.7642045065086203,1.584962500721156,1.3709505944546687,0,0.4262286569981449,0
