problem,access,navigate,page_close,video,discussion,wiki
0.5032583347756457,2.7699034669179166,3.039148671903071,2.3516441151533924,1.75,0.5907239186406502,0.0
