problem,access,navigate,page_close,video,discussion,wiki
0,1.5922637463645593,2.5016094970590275,1.3605273114437082,1.5,0.0,0
