problem,access,navigate,page_close,video,discussion,wiki
1.6841857369084339,3.7728129676818565,1.9568714389102795,3.8385183216647603,3.5001530166977135,1.5924746895885074,0.0
