problem,access,navigate,page_close,video,discussion,wiki
1.5566567074628228,2.600294299966124,2.2806390622295662,2.0,2.0,0,0
