problem,access,navigate,page_close,video,discussion,wiki
0.0,2.072319632382367,2.16264411804726,2.020727779800787,1.617189572592715,0,0
