problem,access,navigate,page_close,video,discussion,wiki
1.922023142851573,3.30618052925523,2.923231428797621,3.2599049845116066,2.8464393446710154,1.0,0.0
