problem,access,navigate,page_close,video,discussion,wiki
0.7642045065086203,3.4698990950404944,0.0,3.486448667168353,3.2927701939369904,0,0
