problem,access,navigate,page_close,video,discussion,wiki
1.4315602842833155,2.845348889645081,3.0792258015191027,2.663243084301266,2.0357671321929427,1.0,0
