problem,access,navigate,page_close,video,discussion,wiki
1.5346221215028009,3.207418644438315,3.152391277629867,3.3053449959358585,3.1523273198046593,0.8112781244591328,0.9182958340544896
