problem,access,navigate,page_close,video,discussion,wiki
1.6080181426912166,1.7987565875081504,1.3346791410515946,1.5,1.746465798504072,0.0,0.0
