problem,access,navigate,page_close,video,discussion,wiki
3.49960709605451,4.47603924436007,4.359925707841714,4.635762651884758,4.344593082958554,2.786912447695659,0
