problem,access,navigate,page_close,video,discussion,wiki
0.9940302114769565,2.244883885367749,2.556656707462823,2.518552950710302,2.467720100474499,0,0
