problem,access,navigate,page_close,video,discussion,wiki
1.6941604084914341,2.1522778022773883,2.4677201004744993,2.2516291673878226,1.991076059838222,1.2332247882202196,0
