problem,access,navigate,page_close,video,discussion,wiki
0,1.930019153691655,1.7924812503605778,1.7642045065086203,1.6143308351592656,0,0.0
