problem,access,navigate,page_close,video,discussion,wiki
2.129378922499746,2.8966716881309393,2.35274578087187,2.847272464215614,2.9891558418433726,1.5,0
