problem,access,navigate,page_close,video,discussion,wiki
0.0,3.309718983324436,2.099601752714581,3.3034651896016474,3.3159777164562594,2.1607047528877827,0.0
