problem,access,navigate,page_close,video,discussion,wiki
3.2093756864314766,3.478870549984233,3.3772239704739198,3.367960805845099,3.231401845392172,1.974937501201927,0.954434002924965
