problem,access,navigate,page_close,video,discussion,wiki
1.3516441151533922,3.877869093822194,3.452819531114783,3.25,3.238901256602631,0,0
