problem,access,navigate,page_close,video,discussion,wiki
0.0,1.7080986635018058,1.8365916681089791,1.610577243331642,1.0,0,0
