problem,access,navigate,page_close,video,discussion,wiki
1.970124740700467,3.5725399057982337,3.8521687236032816,3.6983100342067328,3.0202442071537563,0,0
