problem,access,navigate,page_close,video,discussion,wiki
0.7088356733321961,2.3009786743716325,1.9502120649147465,2.4159220638351666,1.9056390622295665,0.0,0
