problem,access,navigate,page_close,video,discussion,wiki
0,1.0,1.1488348542809166,1.4591479170272448,1.584962500721156,0,0
