problem,access,navigate,page_close,video,discussion,wiki
1.5677116575334586,4.3561272349083575,4.438897357994418,4.403703759547017,3.3230741894285694,4.012703037494377,1.0
