problem,access,navigate,page_close,video,discussion,wiki
0.0,1.8394910703001344,0.9182958340544896,1.8810947601100745,1.4466166676282084,0,0
