problem,access,navigate,page_close,video,discussion,wiki
1.802662170457795,1.551091952505544,0.9709505944546686,0,1.8496017527145814,0.0,0
