problem,access,navigate,page_close,video,discussion,wiki
1.6849357806821694,1.5801454700463617,1.995612380839837,1.6749424837904503,1.3421389558735093,0.9182958340544896,0.0
