problem,access,navigate,page_close,video,discussion,wiki
0.0,1.9329145639793979,0.9709505944546686,2.2359263506290326,1.9219280948873623,0,0
