problem,access,navigate,page_close,video,discussion,wiki
0.0,1.4315602842833157,0.5032583347756457,0.954434002924965,0.9852281360342516,0.0,0.0
