problem,access,navigate,page_close,video,discussion,wiki
0.0,2.351850848028674,2.7219280948873625,1.3567796494470397,1.3709505944546687,0.0,0.0
