problem,access,navigate,page_close,video,discussion,wiki
0.5349547231656377,2.6994799393550566,3.155565013329719,2.7785365628968717,2.9219280948873623,1.7720772537350808,0
