problem,access,navigate,page_close,video,discussion,wiki
3.086747233387214,3.473877933089283,1.8423709931771088,3.2529256857749975,3.4974262642177143,3.158100982470154,0
