problem,access,navigate,page_close,video,discussion,wiki
0,2.6466501459299447,2.6235166412180155,2.983932391868374,2.732914563979398,0.0,0.0
