problem,access,navigate,page_close,video,discussion,wiki
0.0,1.4195562985716133,0.9182958340544896,1.0,0.9182958340544896,0.0,0
