problem,access,navigate,page_close,video,discussion,wiki
1.5,1.7050539466065584,2.688721875540867,2.201265016742289,2.1774212838293643,1.360964047443681,1.584962500721156
