problem,access,navigate,page_close,video,discussion,wiki
0,1.287054028118727,1.5566567074628228,1.7924812503605778,0.9182958340544896,0,0
