problem,access,navigate,page_close,video,discussion,wiki
1.8585552118703144,3.0072202016860605,2.1149798205164814,2.6700467843490125,3.110005370795802,1.863120568566631,0.0
