problem,access,navigate,page_close,video,discussion,wiki
0.9456603046006402,1.8638263900908159,1.0,1.7028195311147831,1.384431504340598,0,0
