problem,access,navigate,page_close,video,discussion,wiki
0,1.924174352300441,0.0,1.789929075309999,2.1180782093497093,0,0
