problem,access,navigate,page_close,video,discussion,wiki
0.4854607607459134,1.6169983116612756,1.2516291673878228,0.0,0.9852281360342516,0.8112781244591328,0.0
