problem,access,navigate,page_close,video,discussion,wiki
1.4955380299191112,1.3787834934861753,0.9182958340544896,1.5545851693377997,1.5709505944546684,0,0
