problem,access,navigate,page_close,video,discussion,wiki
2.5122229211421856,3.2188073879222254,2.7192945256669794,3.4531807511268595,2.727827977513181,2.2525075539249957,0
