problem,access,navigate,page_close,video,discussion,wiki
0.8165292402728606,1.8542723068386542,1.789929075309999,0.9182958340544896,0.0,0.0,0.0
