problem,access,navigate,page_close,video,discussion,wiki
1.5545851693377997,1.9887513942845323,2.8630945514207635,0,0.0,0.9373012413074895,0
