problem,access,navigate,page_close,video,discussion,wiki
2.3329187608024515,2.679287454841221,2.2256051990169436,2.8101632674221375,2.3062568571965376,1.4591479170272448,0
