problem,access,navigate,page_close,video,discussion,wiki
0.0,3.39677712586431,3.344456935241198,3.2953710165710888,2.521640636343318,0,0.0
