problem,access,navigate,page_close,video,discussion,wiki
0,1.6457113704075785,0.0,1.8423709931771086,1.792481250360578,0,0
