problem,access,navigate,page_close,video,discussion,wiki
0,1.3092966682370037,1.3221793455166666,0.6500224216483541,0.0,0.9910760598382222,0.0
