problem,access,navigate,page_close,video,discussion,wiki
0.9949848281859701,2.593255591690685,1.4056390622295665,2.4885548621928453,1.295461844238322,0,0
