problem,access,navigate,page_close,video,discussion,wiki
0.0,1.4806821149663845,1.3328204045850196,0.9182958340544896,0,1.0,1.0
