problem,access,navigate,page_close,video,discussion,wiki
0.9182958340544896,2.350361839495677,1.5306189948485172,2.4571430570779964,2.266270436896047,0.863120568566631,0.0
