problem,access,navigate,page_close,video,discussion,wiki
0,1.215533232382473,0.9587118829771317,1.811278124459133,1.8423709931771088,0,0
