problem,access,navigate,page_close,video,discussion,wiki
0,1.9709505944546686,2.0,1.4591479170272448,1.584962500721156,0.0,0
