problem,access,navigate,page_close,video,discussion,wiki
0.0,2.0562347841557007,1.6858157091530304,2.0458416408851736,2.045841640885174,0.26676498780302604,0.0
