problem,access,navigate,page_close,video,discussion,wiki
0,2.761813608902782,2.1552215288595122,2.7136874387933565,2.7135727315893043,0.9182958340544896,0.9182958340544896
