problem,access,navigate,page_close,video,discussion,wiki
0,1.9328045775391223,0.0,1.9056390622295665,1.561278124459133,0.0,0.0
