problem,access,navigate,page_close,video,discussion,wiki
0,1.8588801260706667,0.9182958340544896,1.765246528378741,1.6697367178034825,0,0
