problem,access,navigate,page_close,video,discussion,wiki
0.7793498372920852,1.6477309221191607,0.9709505944546686,1.8879185026711327,2.1709505944546685,0.0,0
