problem,access,navigate,page_close,video,discussion,wiki
0.9182958340544896,1.971335285306981,1.9219280948873623,0.7219280948873623,0.9182958340544896,0,0
