problem,access,navigate,page_close,video,discussion,wiki
0.5787946246321198,1.3059524812806642,0.8112781244591328,0.0,0.9182958340544896,0.0,0.0
