problem,access,navigate,page_close,video,discussion,wiki
0,2.301597466699487,2.9182958340544896,2.5941178916311856,2.4464393446710155,0.0,0
