problem,access,navigate,page_close,video,discussion,wiki
1.91530569290351,2.7791741710754834,2.4464393446710155,2.9893643477641705,2.629249223856034,2.263061504480175,0.9182958340544896
