problem,access,navigate,page_close,video,discussion,wiki
0.0,0.30540057087920036,0.9940302114769565,0.6722948170756379,0.863120568566631,0.8112781244591328,0.0
