problem,access,navigate,page_close,video,discussion,wiki
0.9967916319816366,1.189731916820733,0.9798687566511528,0.0,0.0,0.0,0.0
