problem,access,navigate,page_close,video,discussion,wiki
2.0545547403221107,2.3416875309113685,3.1084585933443494,2.417605135363194,2.103909910282364,0.0,0
