problem,access,navigate,page_close,video,discussion,wiki
0.7990485210442682,2.44365815637208,2.1556390622295662,2.3658469246601816,2.097906570104942,0.0,0.0
