problem,access,navigate,page_close,video,discussion,wiki
2.3524384698653615,2.9388768568549866,2.5216406363433186,1.5262349099495227,2.3199233822980507,1.3485878960124222,0
