problem,access,navigate,page_close,video,discussion,wiki
0,0.9910760598382222,0.5916727785823275,0.9709505944546686,1.0,0,0
