problem,access,navigate,page_close,video,discussion,wiki
1.360964047443681,1.527361548089914,0.9182958340544896,1.3709505944546687,1.5219280948873621,0.0,0
