problem,access,navigate,page_close,video,discussion,wiki
0,1.8322628970242687,2.4728956042605676,0.8112781244591328,0.8112781244591328,0,0
