problem,access,navigate,page_close,video,discussion,wiki
0,1.3092966682370037,1.8230264907128848,0.9182958340544896,1.0,0.9456603046006402,0.0
