problem,access,navigate,page_close,video,discussion,wiki
0.0,1.5448491887169091,1.360964047443681,0.0,0,0.0,0.8112781244591328
