problem,access,navigate,page_close,video,discussion,wiki
0.0,3.1279928473900016,2.8453509366224368,2.9274512249645186,2.212503842372268,0,0
