problem,access,navigate,page_close,video,discussion,wiki
0.0,1.5822346742454096,1.0,2.074164743022575,1.6577427265048887,1.0,0
