problem,access,navigate,page_close,video,discussion,wiki
2.773615423311559,3.5133916193596533,3.1395722619867223,2.125,1.5219280948873621,1.4627552262645036,0
