problem,access,navigate,page_close,video,discussion,wiki
2.401468939940657,3.186591896974905,2.9414460711655215,3.115997960698062,3.0599179479445207,1.4353713907745331,0
