problem,access,navigate,page_close,video,discussion,wiki
1.2406705316766886,3.1900344702215113,2.93299930663729,2.8248350297997207,2.609822285143817,0,0.0
