problem,access,navigate,page_close,video,discussion,wiki
0,2.062656348037272,2.378783493486175,0.0,0.0,1.4634582986483033,0.0
