problem,access,navigate,page_close,video,discussion,wiki
1.1047909373235627,1.5733553850075008,1.1488348542809166,1.5394847569315018,0.9852281360342516,0,0
