problem,access,navigate,page_close,video,discussion,wiki
0.0,1.9078067181109537,2.197159723424149,2.147348781633051,2.0597049132067875,0,0
