problem,access,navigate,page_close,video,discussion,wiki
1.7924812503605778,3.178921869591708,2.6493974703476995,3.076741430173861,2.625814583693911,0,0
