problem,access,navigate,page_close,video,discussion,wiki
0.49123734182433315,0.8431619569518378,0.0,0.7355085815538398,0,0.0,0
