problem,access,navigate,page_close,video,discussion,wiki
0.9852281360342516,1.5566567074628228,1.0,1.6140054628542202,1.4466166676282084,0,0
