problem,access,navigate,page_close,video,discussion,wiki
1.3995812306460644,2.372360998639561,1.789929075309999,1.5219280948873621,0.9182958340544896,0.0,0.0
