problem,access,navigate,page_close,video,discussion,wiki
0,0.8366407419411673,0.9182958340544896,1.3787834934861753,1.584962500721156,0.0,0
