problem,access,navigate,page_close,video,discussion,wiki
1.822744329723164,3.2349386343789375,3.152632715807381,2.9979652901747698,2.7009410004142684,0.0,0.0
