problem,access,navigate,page_close,video,discussion,wiki
2.1808990338136396,2.851123392064435,2.7321588913645702,1.584962500721156,2.321928094887362,0.0,0
