problem,access,navigate,page_close,video,discussion,wiki
0.6024308020404452,1.9031071683628111,1.895461844238322,1.0,0.0,0,0
