problem,access,navigate,page_close,video,discussion,wiki
0.9293636260137187,3.1149664586896044,2.0464393446710156,2.9182958340544896,2.125814583693911,0.9709505944546686,0
