problem,access,navigate,page_close,video,discussion,wiki
1.4987512731845576,2.7689704621597437,2.133387491316597,2.5559130951758244,2.170950594454669,0,0
