problem,access,navigate,page_close,video,discussion,wiki
0.0,1.574378370647071,1.6158045319402516,2.057924310831006,1.5219280948873621,1.830740916385905,0.0
