problem,access,navigate,page_close,video,discussion,wiki
0.0,2.223837746324653,2.0202442071537563,1.5,1.0,0.9182958340544896,0.0
