problem,access,navigate,page_close,video,discussion,wiki
0,2.257756064128518,2.481714572986073,1.8423709931771084,0.9182958340544896,0.0,0.0
