problem,access,navigate,page_close,video,discussion,wiki
2.660689168893337,2.8145724532437617,2.4532433566073992,2.7273313411302254,3.0574858145862844,1.854906708438472,0
