problem,access,navigate,page_close,video,discussion,wiki
0.9910760598382222,1.4891353321499974,0.5916727785823275,1.7967916319816366,1.2516291673878228,0,0.0
