problem,access,navigate,page_close,video,discussion,wiki
1.965596230357602,2.055958151615123,2.2272170014624826,1.9015064025015058,1.3250112108241772,0.0,0.0
