problem,access,navigate,page_close,video,discussion,wiki
2.541099376710961,3.318209070171592,2.678584802350185,2.1280852788913944,2.197159723424149,2.8007089925479116,1.0
