problem,access,navigate,page_close,video,discussion,wiki
0.8739810481273578,4.192380626902163,3.2312702546075753,3.425070520364181,3.2709505944546686,0,0.0
