problem,access,navigate,page_close,video,discussion,wiki
0.0,2.03836757227471,2.363865121950854,1.9746017527145812,0,0.9912642605354288,0.0
