problem,access,navigate,page_close,video,discussion,wiki
2.4899212838293647,2.6916116417513787,2.7720552088742005,2.5932383178449396,0.0,0,0
