problem,access,navigate,page_close,video,discussion,wiki
1.8910611120726526,2.6245016870873314,2.5073801024236357,1.903967813087766,1.924174352300441,1.0,0.0
