problem,access,navigate,page_close,video,discussion,wiki
2.2374354173487956,3.3380364073070283,1.885377505769539,0.0,2.946387519131128,2.818375827845116,1.0
