problem,access,navigate,page_close,video,discussion,wiki
0.4689955935892812,1.4248321071758143,0.0,1.5,1.0,0.7219280948873623,0
