problem,access,navigate,page_close,video,discussion,wiki
2.3598045252341753,2.6503974806278476,1.224394445405986,2.839775539645508,0,0.0,0.0
