problem,access,navigate,page_close,video,discussion,wiki
0.0,2.5468465893424046,2.837939743960935,2.5220552088742,1.0,2.3326672300186395,0.9910760598382222
