problem,access,navigate,page_close,video,discussion,wiki
0,1.9609640474436814,1.9502120649147465,2.251629167387823,0.0,0,0
