problem,access,navigate,page_close,video,discussion,wiki
1.912120747669659,2.6250427389181787,3.278351811711312,2.5758885321257896,2.4195383304061515,1.4887523145942458,1.0
