problem,access,navigate,page_close,video,discussion,wiki
0.9321115676166747,2.3574058114255183,2.120952031026403,2.1812056673346514,0.0,0.0,0.0
