problem,access,navigate,page_close,video,discussion,wiki
0.0,2.224601752714581,1.0,1.6858157091530304,1.5219280948873621,0.0,0.0
