problem,access,navigate,page_close,video,discussion,wiki
0,2.066473375350478,2.2516427563181276,2.128085278891394,0.0,0,0
