problem,access,navigate,page_close,video,discussion,wiki
1.9463982527488188,2.935898965990805,2.278351811711312,2.5239860659612976,2.1609640474436813,0.0,0
