problem,access,navigate,page_close,video,discussion,wiki
2.8552007199816343,3.019063185852348,2.4193819456463714,2.1609640474436813,2.1280852788913944,0,0
