problem,access,navigate,page_close,video,discussion,wiki
1.9937737543219836,3.40900772627831,3.0269868333592873,1.0,1.0,0.8366407419411673,0.0
