problem,access,navigate,page_close,video,discussion,wiki
1.0,2.034452436342554,2.1231991154262255,1.94770277922009,0.5435644431995964,1.384431504340598,1.0
