problem,access,navigate,page_close,video,discussion,wiki
3.0264719671849254,3.4425486943954953,2.710777084415067,2.7898980954642876,2.964385292821944,1.5,0.0
