problem,access,navigate,page_close,video,discussion,wiki
0,3.1798747688899596,2.327632809290636,3.1198216860588963,2.637026622304763,0.0,0
