problem,access,navigate,page_close,video,discussion,wiki
1.9705730958116854,3.7865479958250896,2.1800365325772657,3.9080075669208583,3.8426952620489994,0.9182958340544896,0.0
