problem,access,navigate,page_close,video,discussion,wiki
0.9731560354421096,2.0670314951575843,2.186704345910025,2.3804820237218407,1.9219280948873623,0.8503259045049341,0
