problem,access,navigate,page_close,video,discussion,wiki
2.183083500402896,3.02687205769872,2.270942421748537,0.9182958340544896,0.0,0.0,0.0
