problem,access,navigate,page_close,video,discussion,wiki
1.5677116575334584,2.7611033984564797,2.5785559236087936,2.197159723424149,1.584962500721156,0.0,0.0
