problem,access,navigate,page_close,video,discussion,wiki
0,1.760495029766198,1.781937063546704,1.5,1.5,1.1488348542809166,0.9182958340544896
