problem,access,navigate,page_close,video,discussion,wiki
2.0590391046748544,2.5208270890800923,3.121928094887362,2.5798128821773507,1.710195058589781,0.0,0
