problem,access,navigate,page_close,video,discussion,wiki
0.0,2.8035354253562055,1.6258145836939115,2.6826390271091154,2.8073549220576046,0.0,0.0
