problem,access,navigate,page_close,video,discussion,wiki
1.8051148642806294,3.423171900597158,3.447468246712445,0.0,2.8910611120726526,0.8453509366224365,0.0
