problem,access,navigate,page_close,video,discussion,wiki
0,2.343258838538779,1.9219280948873623,2.503258334775646,2.2064283109928247,0,0
