problem,access,navigate,page_close,video,discussion,wiki
0.9568886656798214,2.5334627148552813,2.7136874387933565,2.751629167387823,2.725480556997868,0.0,0
