problem,access,navigate,page_close,video,discussion,wiki
0,1.6456780552463375,1.0957952550009338,1.9386790169573505,0,0.0,0
