problem,access,navigate,page_close,video,discussion,wiki
0,1.2870540281187268,1.8638263900908159,0.0,0,0.9182958340544896,0
