problem,access,navigate,page_close,video,discussion,wiki
0.9182958340544896,3.0632199506455677,3.2359263506290326,3.0655370673016407,2.1180782093497093,0.9709505944546686,0
