problem,access,navigate,page_close,video,discussion,wiki
3.2181996025204724,3.5083187720908753,2.9139770731827523,3.5202365689500925,3.4574248814091706,0.9949848281859701,0
