problem,access,navigate,page_close,video,discussion,wiki
0,3.627246867175461,2.913977073182752,3.538791398110042,3.3651606370471256,0.0,0
