problem,access,navigate,page_close,video,discussion,wiki
2.412964223400668,3.2425374284256696,3.1740713671192498,3.1669639410484907,2.722636931671733,2.8530125562567754,0.0
