problem,access,navigate,page_close,video,discussion,wiki
4.066485124856113,4.074808821043922,4.270510121472384,1.9219280948873623,3.68024243211706,4.135011284009089,0
