problem,access,navigate,page_close,video,discussion,wiki
1.8191855110932744,2.2135735686931133,2.1556390622295662,2.4900375864597084,2.508328003847075,0.0,0
