problem,access,navigate,page_close,video,discussion,wiki
0.0,1.5306189948485172,1.4833557549816876,1.5566567074628228,1.5,0.0,0.0
