problem,access,navigate,page_close,video,discussion,wiki
0,2.0073556752231894,2.321928094887362,1.945530556036326,1.4716022614097979,0,0
