problem,access,navigate,page_close,video,discussion,wiki
2.337137777771288,3.667145021693609,3.5844252838016564,3.1493974703476995,2.5219280948873624,2.062683189255492,0.0
