problem,access,navigate,page_close,video,discussion,wiki
2.9399304968550855,3.4932178049306097,2.6535442970305683,2.510056460356539,2.7844826030049386,2.058813890331201,0
