problem,access,navigate,page_close,video,discussion,wiki
0.0,2.618014329803356,2.2605038327557683,1.875,1.6258145836939115,2.321928094887362,0.0
