problem,access,navigate,page_close,video,discussion,wiki
0.0,1.9312952802328742,1.7758589482446405,0,0,0.8739810481273578,0.7219280948873623
