problem,access,navigate,page_close,video,discussion,wiki
2.270356957438915,3.8938070580442505,3.6444660877514843,4.157048625988274,2.6084585933443494,3.3765493185831352,1.9219280948873623
