problem,access,navigate,page_close,video,discussion,wiki
2.573411034580528,2.8762730632876643,2.107833210824613,2.0,2.9842341646524884,2.197159723424149,0.0
