problem,access,navigate,page_close,video,discussion,wiki
0.9640787648082291,1.5930175718916082,2.1174924611847548,1.4105644329032339,1.2416299585094819,0.8112781244591328,0.0
