problem,access,navigate,page_close,video,discussion,wiki
1.3396642639295127,1.4277655050602363,0.8112781244591328,1.6541881272613426,0.7219280948873623,0,0
