problem,access,navigate,page_close,video,discussion,wiki
1.7505739154902413,2.444795469559903,2.292071752457787,2.1556390622295662,1.3709505944546687,0.0,0.0
