problem,access,navigate,page_close,video,discussion,wiki
0,3.1181898812611433,2.8218881955261783,3.08119393116962,3.07738591897613,0,0.0
