problem,access,navigate,page_close,video,discussion,wiki
3.397326716726159,4.095324495352347,3.1493974703476995,3.795162556862432,3.6835741275033183,2.1970534630922565,0
