problem,access,navigate,page_close,video,discussion,wiki
2.4864659240911844,3.75443741392301,3.125,3.453543630592669,2.1258145836939115,1.6779455171885447,0
