problem,access,navigate,page_close,video,discussion,wiki
1.0,2.8126234862324506,2.0741647430225756,3.077845203279803,3.0776944460470137,0,0
