problem,access,navigate,page_close,video,discussion,wiki
2.4137995646056805,4.046660067952881,4.545604789512259,4.059520422831593,2.6016094970590276,4.488032507410044,2.952819531114783
