problem,access,navigate,page_close,video,discussion,wiki
0.9975025463691153,1.8863082816921721,1.9830841641434367,1.5545851693377997,1.5304930567574826,1.5656531116458186,0.7219280948873623
