problem,access,navigate,page_close,video,discussion,wiki
2.859880977513952,3.2354858820636325,3.0086949695628418,3.0505177477678114,2.757405811425518,0.0,0.0
