problem,access,navigate,page_close,video,discussion,wiki
1.9438870458555186,2.7765120479852596,2.860320777833044,2.6274594474619306,2.1932162099696986,1.5,0.0
