problem,access,navigate,page_close,video,discussion,wiki
1.8429171347601334,3.0429515262036384,3.327819531114783,2.7610276044371003,2.577819531114783,0.0,1.0
