problem,access,navigate,page_close,video,discussion,wiki
2.783803022575557,3.632888630492204,3.137918502671133,3.5415301730294653,2.845350936622437,0,0
