problem,access,navigate,page_close,video,discussion,wiki
1.2406705316766886,3.5214964197906635,3.5342190211803413,3.245480597885739,2.9477027792200903,1.5219280948873621,0
