problem,access,navigate,page_close,video,discussion,wiki
1.5052408149441479,1.2142952630807209,1.640223928941852,1.456564762130954,1.5,0,0.0
