problem,access,navigate,page_close,video,discussion,wiki
0.6500224216483541,2.706253848417165,1.573402452417767,1.1488348542809166,2.1280852788913944,0,0.0
