problem,access,navigate,page_close,video,discussion,wiki
0,2.6184576330398537,1.5,2.441068585955437,1.6858157091530304,0,0
