problem,access,navigate,page_close,video,discussion,wiki
1.4318873153407883,2.606951236911713,2.2359263506290326,1.0,0,0.0,0
