problem,access,navigate,page_close,video,discussion,wiki
2.405559745122314,3.9410743608874084,3.5843522217278,2.725480556997868,3.647599578325653,2.92742132943338,1.0
