problem,access,navigate,page_close,video,discussion,wiki
0.0,2.8252347955351125,2.133937566094917,3.0479516674900737,2.8163401138534074,0.0,0.0
