problem,access,navigate,page_close,video,discussion,wiki
2.312337872596581,3.1837733554943224,2.9309884567922007,3.2818535044924526,2.9805793200033155,0.0,0.9182958340544896
