problem,access,navigate,page_close,video,discussion,wiki
1.0,2.2892464285091583,1.896240625180289,2.2295739585136225,1.561278124459133,0.5435644431995964,0.0
