problem,access,navigate,page_close,video,discussion,wiki
2.0,2.5070650428872208,2.5048003829823355,2.3376437149543916,2.493541090353655,1.6337314206421327,0.0
