problem,access,navigate,page_close,video,discussion,wiki
1.1560682050119446,2.9262891034979734,2.7348734461247157,2.446439344671015,0,2.384348817737903,1.0
