problem,access,navigate,page_close,video,discussion,wiki
1.2896085583481507,2.7873074249409604,3.1630741894285697,3.2402239289418526,2.2516291673878226,0.0,0
