problem,access,navigate,page_close,video,discussion,wiki
1.0,2.830843906337137,2.6464393446710157,2.491215785194036,2.6565647621309543,0,0
