problem,access,navigate,page_close,video,discussion,wiki
1.861896984039416,3.096074393737183,2.734512381750771,3.213710641914682,2.994811544807876,1.9315602842833157,1.584962500721156
