problem,access,navigate,page_close,video,discussion,wiki
1.1917077730219827,1.5908618777845842,1.9219280948873623,1.950212064914747,0.0,0.0,0
