problem,access,navigate,page_close,video,discussion,wiki
0,2.0464393446710156,0.9709505944546686,2.5216406363433186,2.2516291673878226,0,0
