problem,access,navigate,page_close,video,discussion,wiki
2.218542602257215,3.8051831093048216,3.6464393446710153,2.9219280948873623,2.2516291673878226,0.37123232664087563,0
