problem,access,navigate,page_close,video,discussion,wiki
1.7748157045387267,3.1230767467885348,3.2746702095890945,3.105801793371808,2.84437606047925,1.3235315761100483,0
