problem,access,navigate,page_close,video,discussion,wiki
2.5054801605866226,3.2715108656273735,4.037511723120115,1.8048956511448035,1.909848732376438,1.2332247882202196,0.2761954276479391
