problem,access,navigate,page_close,video,discussion,wiki
0.8708644692353644,1.1991368882542326,1.9877733714879842,1.4152689500270954,1.295461844238322,0,0
