problem,access,navigate,page_close,video,discussion,wiki
0.8403586716091171,3.0038985644357847,2.663532754804255,3.121928094887362,1.9182958340544893,0.0,0
