problem,access,navigate,page_close,video,discussion,wiki
0.0,0.8315435491770659,1.3787834934861753,0.5665095065529053,0,0.0,0
