problem,access,navigate,page_close,video,discussion,wiki
1.3372390002220746,2.1869859828984257,2.0132790219068077,2.3032024566002933,1.5566567074628228,1.3787834934861756,0
