problem,access,navigate,page_close,video,discussion,wiki
1.2115696121630875,3.08712893927877,2.902912830969286,2.75,2.321928094887362,1.5823955113810018,1.0374012540422353
