problem,access,navigate,page_close,video,discussion,wiki
0.954434002924965,3.763397117497704,3.143465189601647,2.321928094887362,2.4591479170272446,0.0,1.0
