problem,access,navigate,page_close,video,discussion,wiki
1.7135971524443743,3.5395722619867227,3.7834651896016465,3.452819531114783,3.2359263506290326,1.8886333067471097,0
