problem,access,navigate,page_close,video,discussion,wiki
0,0.5916727785823275,1.4591479170272446,0.6500224216483541,0.9182958340544896,0,0
