problem,access,navigate,page_close,video,discussion,wiki
2.693959251335566,4.016657950101569,3.0635292703928223,3.7570917893342526,0,2.715208806165731,0.5032583347756457
