problem,access,navigate,page_close,video,discussion,wiki
0,3.248173204397322,3.164911221450014,3.5104902619299887,2.7898980954642876,0.0,0
