problem,access,navigate,page_close,video,discussion,wiki
0.8112781244591328,0.7219280948873623,1.5,0.5435644431995964,0.0,0,0
