problem,access,navigate,page_close,video,discussion,wiki
2.1110144030443143,3.21608034676989,2.9463875191311284,2.5032583347756456,2.0,0,0
