problem,access,navigate,page_close,video,discussion,wiki
0.0,2.6390493892532234,2.034709089239382,1.9182958340544893,1.5219280948873621,0.0,0.0
