problem,access,navigate,page_close,video,discussion,wiki
0.0,1.7246743365684327,1.974937501201927,1.4949188482339508,1.4854752972273344,0,0
