problem,access,navigate,page_close,video,discussion,wiki
2.1225990904942464,3.7489030751232124,3.1898980954642875,3.7008243035568795,3.7642990880644707,0,0.0
