problem,access,navigate,page_close,video,discussion,wiki
0.0,3.0354606332194245,1.0476747992754052,3.077819531114783,2.984234164652489,0.0,0.0
