problem,access,navigate,page_close,video,discussion,wiki
1.4292750707107134,2.801829897639611,3.0471183917170768,2.815370336190994,2.610063540877072,1.9437545839367454,0.0
