problem,access,navigate,page_close,video,discussion,wiki
2.822715716991209,3.7244140397826713,2.4193819456463714,3.243074189428569,3.6962153810137326,1.4604846813131114,0
