problem,access,navigate,page_close,video,discussion,wiki
2.1692913658198356,2.6853907987222736,2.019973094021975,2.9361254213463903,2.8610306142648936,2.5221583013628726,1.0
