problem,access,navigate,page_close,video,discussion,wiki
1.0693857385344487,2.458742893298251,2.6396901812417353,2.177836442583047,1.9762504326291523,1.7799705342172494,1.5487949406953985
