problem,access,navigate,page_close,video,discussion,wiki
1.3709505944546687,4.1211288100507275,3.945464324936211,3.572469458770136,2.94770277922009,3.095750221670226,1.5
