problem,access,navigate,page_close,video,discussion,wiki
0.0,2.5306390622295662,1.4488156357251847,2.5073801024236357,2.25,0.7642045065086203,0
