problem,access,navigate,page_close,video,discussion,wiki
0.0,2.5193688320938414,2.0922718656836103,2.4867930213024025,1.6171895725927152,0.9852281360342516,0.0
