problem,access,navigate,page_close,video,discussion,wiki
0,1.9503441981686898,2.2464393446710154,1.8954618442383218,1.4591479170272448,0,0.0
