problem,access,navigate,page_close,video,discussion,wiki
1.357276218029777,1.8265556504306242,1.8006164916636986,1.9701395071241043,1.6433463341773775,0.0,0.0
