problem,access,navigate,page_close,video,discussion,wiki
1.7474594241169754,3.704095499418047,3.131918853472742,3.8440133704744044,3.403058493692221,0,0
