problem,access,navigate,page_close,video,discussion,wiki
0.0,2.402439983737665,2.0464393446710156,1.9219280948873623,1.584962500721156,0,0
