problem,access,navigate,page_close,video,discussion,wiki
1.563765836340899,2.7535574981899935,2.55468315105074,0,0,2.016875695766564,0.5435644431995964
