problem,access,navigate,page_close,video,discussion,wiki
3.159951236466348,3.891189230175619,3.8648056375439683,3.7073939918539396,3.1804471303664563,2.931082728863875,0.9182958340544896
