problem,access,navigate,page_close,video,discussion,wiki
1.4854752972273344,1.9269234002852895,1.2695459925589747,1.9692212139097809,1.7170907747498882,0.0,0.0
