problem,access,navigate,page_close,video,discussion,wiki
0.0,1.855388542207534,2.103909910282364,1.8474201200521745,1.9219280948873623,0,0
