problem,access,navigate,page_close,video,discussion,wiki
0.9444885341662053,2.840810816460343,2.063458298648303,2.858096835958206,2.873140679513133,0.0,1.0
