problem,access,navigate,page_close,video,discussion,wiki
1.9386245385594778,3.0936354771372137,2.3746939516467025,3.1818125876122867,3.236399742341486,0,0
