problem,access,navigate,page_close,video,discussion,wiki
0.0,3.296753587951102,2.5216406363433186,3.324412146869879,2.974937501201927,0.0,0
