problem,access,navigate,page_close,video,discussion,wiki
2.949275070710713,3.526105572182226,2.722636931671733,3.403141214468756,3.4755651837150734,0.9067346483537306,1.0
