problem,access,navigate,page_close,video,discussion,wiki
2.290236719595817,3.367763367925602,4.364752386284024,3.308393732115552,3.133940189427025,3.6676081073471574,0
