problem,access,navigate,page_close,video,discussion,wiki
0.9702820417537683,2.5756883888162188,1.1451104143815827,2.968917842044624,3.057425813763051,0,0
