problem,access,navigate,page_close,video,discussion,wiki
1.0,3.241259902039546,3.565957320949175,3.1705438917629367,2.1709505944546685,1.2516291673878228,0.9182958340544896
