problem,access,navigate,page_close,video,discussion,wiki
1.022420703848328,1.5871659346804594,1.5465935642949384,1.675822057576696,1.4299111709758698,0.0,0
