problem,access,navigate,page_close,video,discussion,wiki
1.5,3.2074200038829557,1.4353713907745331,3.438739583639113,2.7744019192887706,0.0,0.0
