problem,access,navigate,page_close,video,discussion,wiki
1.8255729210565663,2.98591406661378,2.1867043459100244,3.2312192973634093,3.133612038799863,0.0,0
