problem,access,navigate,page_close,video,discussion,wiki
1.533206219346495,2.368684352300216,2.5580510765444577,2.557727778739319,0,0,0
