problem,access,navigate,page_close,video,discussion,wiki
2.3101823182266825,3.2749596985554,3.046624960197199,3.446439344671016,2.8676013115120567,2.3548520738383485,1.280672129520887
