problem,access,navigate,page_close,video,discussion,wiki
2.211127546971722,3.0132420822822077,1.950212064914747,2.9805522210010182,2.835589845973749,0.0,0
