problem,access,navigate,page_close,video,discussion,wiki
0.9957274520849256,2.6872182433824205,2.0888857356862562,0.9182958340544896,0.9182958340544896,1.3787834934861756,1.0
