problem,access,navigate,page_close,video,discussion,wiki
1.1567796494470395,2.054445922376683,1.6258145836939115,2.092238192101891,1.8423709931771086,0.0,0.0
