problem,access,navigate,page_close,video,discussion,wiki
2.0296835155099435,3.9250213392780853,3.587858798299508,4.014290731461881,3.602588858694238,0,0
