problem,access,navigate,page_close,video,discussion,wiki
0.9886994082884974,3.394372515710069,3.297902689682947,3.3553973302621736,3.238901256602631,0.0,0.0
