problem,access,navigate,page_close,video,discussion,wiki
2.249932731308336,3.766362570428233,3.703465189601646,2.1280852788913944,2.584962500721156,0.0,0.0
