problem,access,navigate,page_close,video,discussion,wiki
0.39124356362925566,2.6246147803893356,2.5306390622295662,1.9219280948873623,1.0,0,0
