problem,access,navigate,page_close,video,discussion,wiki
0.8453509366224365,2.1523483514470265,2.128085278891394,2.22233562178604,1.6893917467430877,0,0
