problem,access,navigate,page_close,video,discussion,wiki
1.8322628970242687,3.0430793508019813,2.903465189601647,3.300083431451311,3.3680424225727155,0.0,0
