problem,access,navigate,page_close,video,discussion,wiki
1.4823937016443556,3.419914182383822,3.2863140038522385,2.933483624195129,1.7841591278514217,0,0
