problem,access,navigate,page_close,video,discussion,wiki
1.4294732983598406,2.6999440702116217,1.360964047443681,2.6146939516467023,1.0,1.5058231002082845,0
