problem,access,navigate,page_close,video,discussion,wiki
0.954434002924965,1.9280980912618826,2.094856783548739,2.063558608511122,2.2810361125534233,0.0,0.0
