problem,access,navigate,page_close,video,discussion,wiki
1.5545851693377997,3.392599012793011,2.4193819456463714,1.0,1.5,0,0
