problem,access,navigate,page_close,video,discussion,wiki
1.9173570203484225,1.6814963295286756,1.0,1.8464393446710154,0,0,0
