problem,access,navigate,page_close,video,discussion,wiki
1.814849370119841,3.1578772592846938,3.1240837970690616,3.1026496124095218,2.199687794731328,1.4985565877025642,0.946372935985442
