problem,access,navigate,page_close,video,discussion,wiki
0.9182958340544896,2.447150379418374,1.744775326093695,2.6289104684979074,2.5560542104133326,0.0,0.9709505944546686
