problem,access,navigate,page_close,video,discussion,wiki
1.4854752972273344,3.0488840705376363,2.2516291673878226,2.879506460812007,2.2998963911678914,0,0
