problem,access,navigate,page_close,video,discussion,wiki
0,2.692561244378725,2.16264411804726,2.5187129348990696,2.5887833304414607,0,0
