problem,access,navigate,page_close,video,discussion,wiki
0.0,2.712811125482949,1.9261207468426806,2.874483800935062,2.663532754804255,0.0,0.8112781244591328
