problem,access,navigate,page_close,video,discussion,wiki
1.7044498946364062,3.2079963940420195,1.8365916681089791,1.0,1.5,0,0
