problem,access,navigate,page_close,video,discussion,wiki
0.6193821946787638,2.867109226296889,3.010472438183794,2.8323699671079905,2.651046929097082,0.7219280948873623,0
