problem,access,navigate,page_close,video,discussion,wiki
0.9709505944546686,3.646553724961141,0.5435644431995964,3.5407266990900292,3.4205560624433713,0.0,0.0
