problem,access,navigate,page_close,video,discussion,wiki
0.9811522341999133,2.2500428801536074,0.9182958340544896,2.608818477043633,2.8729055953200566,0,0
