problem,access,navigate,page_close,video,discussion,wiki
1.5304930567574826,2.4505059710789405,1.950212064914747,1.5,1.584962500721156,0,0
