problem,access,navigate,page_close,video,discussion,wiki
1.236160254373812,2.745907945602869,2.4834585933443494,0.0,0,0,0
