problem,access,navigate,page_close,video,discussion,wiki
1.8113464332493887,2.7324088739875196,1.8542858719872461,2.5028246923615067,1.8910611120726528,0.6193821946787638,0.0
