problem,access,navigate,page_close,video,discussion,wiki
3.1479764393853,3.891114436529126,2.237397409783102,3.92688761670213,3.7459381158543574,0,0
