problem,access,navigate,page_close,video,discussion,wiki
0.0,3.400938749634955,3.578488625936283,3.404819640403455,2.5863990628047304,2.329200419453616,0
