problem,access,navigate,page_close,video,discussion,wiki
0,2.556656707462823,1.5,2.725480556997868,1.9219280948873623,0,0
