problem,access,navigate,page_close,video,discussion,wiki
0.0,2.838004788587923,1.965596230357602,3.3154298746748014,3.317405811425518,0.0,0.0
