problem,access,navigate,page_close,video,discussion,wiki
2.7042541937262605,3.0482165767396308,1.3699740752745009,3.15991880887299,2.5650765423363695,0.0,0.0
