problem,access,navigate,page_close,video,discussion,wiki
0.9182958340544896,2.69164903659921,2.125814583693911,2.5941178916311856,0,0.0,0
