problem,access,navigate,page_close,video,discussion,wiki
1.842984762269887,3.9422392561472615,3.8689588264349233,1.0,2.25,0.0,0
