problem,access,navigate,page_close,video,discussion,wiki
1.0,2.5078121516798717,2.0,2.556054210413333,1.867633890971212,0,0
