problem,access,navigate,page_close,video,discussion,wiki
1.8050365325772657,3.01568888344341,2.624895835336545,0,0,1.4348161378744702,0
