problem,access,navigate,page_close,video,discussion,wiki
0.0,2.1836670779209113,1.584962500721156,2.1339375660949167,1.9182958340544896,0,0
