problem,access,navigate,page_close,video,discussion,wiki
2.176908169168578,3.628528249896518,3.125,3.5558782416689247,3.1036115558750677,0.0,0
