problem,access,navigate,page_close,video,discussion,wiki
0,2.210321286960624,1.850983694881109,2.1157489620194876,1.5058231002082845,0,0
