problem,access,navigate,page_close,video,discussion,wiki
1.9440097497163569,2.6370132700908666,2.6755957776053108,2.5179399385868573,2.0922718656836103,1.7923407079890457,0.6500224216483541
