problem,access,navigate,page_close,video,discussion,wiki
1.487524797974133,3.0140058275591444,2.2938135858333486,3.0470419330368035,2.4250983688182997,1.8073549220576042,0.0
