problem,access,navigate,page_close,video,discussion,wiki
0.8366407419411673,2.3451959812214733,1.0,2.021782221599798,2.235926350629032,0,0
