problem,access,navigate,page_close,video,discussion,wiki
1.544024096481951,1.8481814807328076,1.792481250360578,1.6533383137777573,1.5219280948873621,0,0
