problem,access,navigate,page_close,video,discussion,wiki
0.6500224216483541,2.915439642600463,3.180832987205441,3.033269689515108,1.5709505944546687,0,0
