problem,access,navigate,page_close,video,discussion,wiki
0.0,0.8453509366224365,0.7578784625383954,0.863120568566631,0.8112781244591328,0.41381685030363374,0.9182958340544896
