problem,access,navigate,page_close,video,discussion,wiki
1.4591479170272446,3.3957474182965304,2.510056460356539,2.521640636343318,1.584962500721156,0.0,0.4689955935892812
