problem,access,navigate,page_close,video,discussion,wiki
2.6497067960459186,3.3301603030473306,2.9266464798309015,2.7966138511441443,2.9140163035068447,2.800536617749179,1.811278124459133
