problem,access,navigate,page_close,video,discussion,wiki
0,1.383099991189334,1.5,1.3787834934861753,0.8112781244591328,0,0
