problem,access,navigate,page_close,video,discussion,wiki
1.0,1.777156314358455,1.1488348542809166,1.2366407419411674,1.3516441151533922,0,0
