problem,access,navigate,page_close,video,discussion,wiki
0.0,3.243692032911952,2.1280852788913944,2.2516291673878226,0.9182958340544896,0,0
