problem,access,navigate,page_close,video,discussion,wiki
1.5873740598845874,2.6044885682517207,3.3574374028423866,2.7825654655856575,1.7906883053953793,1.1567796494470395,0.9182958340544896
