problem,access,navigate,page_close,video,discussion,wiki
2.390805482076982,3.6831927120077164,3.117229042962144,3.6795123481011216,3.322729554388849,2.51780103270616,1.0
