problem,access,navigate,page_close,video,discussion,wiki
1.7609047238643245,3.7929268467989035,3.621184017239061,2.4193819456463714,1.792481250360578,2.386530063401591,1.584962500721156
