problem,access,navigate,page_close,video,discussion,wiki
1.706908425151817,4.2992923926602735,3.9831356640201707,4.114741156404518,3.9851462351956544,3.6049744027908015,2.4464393446710155
