problem,access,navigate,page_close,video,discussion,wiki
1.606754291309942,2.7762355848288163,2.6956007079429263,2.6584280934870823,2.383532295170392,1.7595213201643798,0
