problem,access,navigate,page_close,video,discussion,wiki
0.0,3.2041074513870855,2.599581230646065,2.8042292966721747,2.8796640049025943,0,0
