problem,access,navigate,page_close,video,discussion,wiki
0,1.5394847569315018,0.9709505944546686,1.8423709931771084,1.5566567074628228,0,0
