problem,access,navigate,page_close,video,discussion,wiki
0,2.642079563925711,0.9709505944546686,1.0,1.584962500721156,0,0
