problem,access,navigate,page_close,video,discussion,wiki
2.3242764617775697,3.6163828500295088,3.487174269659629,3.8238816375185887,3.5464393446710147,2.7170507176101544,0.0
