problem,access,navigate,page_close,video,discussion,wiki
2.7523800953697894,3.557956881099551,2.6219280948873624,0.0,3.218732348760605,3.058340610268096,0.37123232664087563
