problem,access,navigate,page_close,video,discussion,wiki
0,3.5671948327679126,0.9864267287308424,3.2905927256679615,3.5224963070861737,0.0,0
