problem,access,navigate,page_close,video,discussion,wiki
2.614226896744533,3.382275047811665,3.497085133395088,3.0841837197791886,3.417087205004795,2.2724876891689534,0.0
