problem,access,navigate,page_close,video,discussion,wiki
0,2.413591303318717,2.2221915755066783,2.4922031072054134,2.355388542207534,1.9808259362290785,0.0
