problem,access,navigate,page_close,video,discussion,wiki
3.9140587796331823,4.002472881983346,3.495877840698145,3.9609547242652536,3.907542174036391,3.9442302261998496,1.2406705316766886
