problem,access,navigate,page_close,video,discussion,wiki
0.0,2.2148980767258273,2.0989295636909353,2.413088436425758,2.3720946377956236,0,0
