problem,access,navigate,page_close,video,discussion,wiki
3.7095680265540376,4.3277711409567745,3.798907706926773,4.389724091655607,4.224948427192928,3.3383892809696256,0.0
