problem,access,navigate,page_close,video,discussion,wiki
0.975119064940866,1.1867716669431863,1.4854752972273344,0.8112781244591328,0.9967916319816366,0.5916727785823275,0.0
