problem,access,navigate,page_close,video,discussion,wiki
0.0,3.6723303141978674,2.8553885422075336,2.2516291673878226,1.9182958340544893,0,0
