problem,access,navigate,page_close,video,discussion,wiki
2.2758361633051267,3.446904911539165,2.927740976232937,3.0269868333592873,2.5216406363433186,1.8886215208062715,0
