problem,access,navigate,page_close,video,discussion,wiki
0,1.5566567074628228,0.7642045065086203,1.9219280948873623,1.584962500721156,0.0,0.0
