problem,access,navigate,page_close,video,discussion,wiki
3.622982087977215,4.304954539211579,3.7762625898995417,4.303173592117753,3.8645783739023827,0.0,0.0
