problem,access,navigate,page_close,video,discussion,wiki
0.0,2.764735178725505,2.5,2.872511153838009,2.3745560483818835,1.8588657627029597,0
