problem,access,navigate,page_close,video,discussion,wiki
1.4854752972273344,2.466426876704798,1.584962500721156,2.6100635408770723,2.332914563979398,0.0,0
