problem,access,navigate,page_close,video,discussion,wiki
3.0778981601916318,3.435792617597351,3.3657646371790233,3.5766912610488992,3.2819295041694345,2.43251335554086,0
