problem,access,navigate,page_close,video,discussion,wiki
1.5306189948485172,3.4021194057774418,2.2945199082544616,3.0849625007211565,2.355388542207534,1.5128876215181606,0.0
