problem,access,navigate,page_close,video,discussion,wiki
0,2.2339979078388277,1.6087001655198914,0.0,0.0,1.4591479170272448,0.0
