problem,access,navigate,page_close,video,discussion,wiki
3.51665271019028,3.7778664233724797,3.5353421320048146,3.7080077571679464,3.5490559984451124,3.171661685207221,2.058813890331201
