problem,access,navigate,page_close,video,discussion,wiki
0,1.8231845140190253,1.6804820237218405,2.005977711423774,0,0.0,1.0
