problem,access,navigate,page_close,video,discussion,wiki
1.9329145639793976,2.7676837699813044,1.9182958340544893,1.0,2.289246428509158,0.8812908992306927,0
