problem,access,navigate,page_close,video,discussion,wiki
0.7219280948873623,3.0650057836700384,2.481714572986073,2.1219280948873624,0.9182958340544896,0.0,0
