problem,access,navigate,page_close,video,discussion,wiki
0,1.5655962303576019,0.9182958340544896,1.384431504340598,1.3221793455166666,0,0
