problem,access,navigate,page_close,video,discussion,wiki
0.0,1.9784845935086515,1.5,1.8954618442383218,1.2987949406953985,0,0
