problem,access,navigate,page_close,video,discussion,wiki
1.0664857211782817,3.543320713267302,3.1808329872054406,3.41913160340762,0.0,0.0,0
