problem,access,navigate,page_close,video,discussion,wiki
0.0,2.062656348037272,0.7219280948873623,1.974937501201927,1.561278124459133,0,0
