problem,access,navigate,page_close,video,discussion,wiki
1.75,3.5646665870727,3.378544559247537,3.511691134227944,3.2849499762300374,0.0,0
