problem,access,navigate,page_close,video,discussion,wiki
0,2.224394445405986,1.5546097612655667,1.867633890971212,1.5566567074628228,0.8904916402194913,0.0
