problem,access,navigate,page_close,video,discussion,wiki
2.160374329980682,3.5386660295974863,2.950212064914747,3.024624665404834,2.985619452171809,0,0
