problem,access,navigate,page_close,video,discussion,wiki
0,1.8788262420000374,2.2297677791063113,1.8879185026711327,1.3709505944546687,0.0,0.0
