problem,access,navigate,page_close,video,discussion,wiki
2.8919576708897874,3.8091265680105737,3.5668855286393772,3.843206580705286,3.633394956472168,2.207490693375753,1.811278124459133
