problem,access,navigate,page_close,video,discussion,wiki
0,1.5262349099495225,1.4832261969709113,1.0,0,1.584962500721156,0.9709505944546686
