problem,access,navigate,page_close,video,discussion,wiki
0.7642045065086203,1.867633890971212,1.1488348542809166,1.784159127851422,1.1567796494470395,0.0,0.0
