problem,access,navigate,page_close,video,discussion,wiki
0.0,2.8202977783073395,3.4262096139809795,3.1688271200810996,2.9638096525384383,1.158938532350277,0
