problem,access,navigate,page_close,video,discussion,wiki
0,2.02796102018813,0.7219280948873623,1.4488156357251847,2.321928094887362,0.0,0
