problem,access,navigate,page_close,video,discussion,wiki
0,0.9709505944546686,0.0,0.7793498372920852,0.7219280948873623,0.0,0
