problem,access,navigate,page_close,video,discussion,wiki
0,3.0175968822051673,1.811278124459133,2.2516291673878226,2.2516291673878226,0.0,0
