problem,access,navigate,page_close,video,discussion,wiki
0,3.117416239999792,2.521640636343318,3.1751231351134614,0.9182958340544896,0,0
