problem,access,navigate,page_close,video,discussion,wiki
1.8845877668100401,3.2027828372325637,3.373557262275186,3.0856890902212397,2.209888638014727,0.0,0
