problem,access,navigate,page_close,video,discussion,wiki
1.3527241956246545,2.7837570857294245,2.3037956681979184,2.7732587739532524,1.7609640474436812,0.2974722489192896,1.0
