problem,access,navigate,page_close,video,discussion,wiki
0,3.1705037609097735,2.617978140453044,2.8453509366224368,2.3709505944546687,0.9182958340544896,0
