problem,access,navigate,page_close,video,discussion,wiki
1.2638091738835462,4.771773301172307,3.8332062193464944,2.9219280948873623,2.5216406363433186,3.2812714535667253,0.0
