problem,access,navigate,page_close,video,discussion,wiki
1.9067075874369135,3.553353089885532,2.2998963911678914,3.0,2.321928094887362,0.0,0.0
