problem,access,navigate,page_close,video,discussion,wiki
0.0,3.6371788757823635,3.5449127332389456,3.561804372778076,2.4130884364257574,2.4842468159354834,1.584962500721156
