problem,access,navigate,page_close,video,discussion,wiki
2.108393476855505,3.478621244877979,2.4193819456463714,3.703954030239375,3.679687439279554,0,0
