problem,access,navigate,page_close,video,discussion,wiki
0,3.8918045516219175,2.063558608511122,4.00419440122048,0.0,0.0,0.0
