problem,access,navigate,page_close,video,discussion,wiki
1.5304930567574826,4.0036883720792344,3.535174565635903,4.049088725525419,3.5562012808079033,0,0
