problem,access,navigate,page_close,video,discussion,wiki
1.7609640474436812,3.5742053054648624,3.233173564825374,1.9182958340544896,0.9182958340544896,0.9219280948873623,0.9182958340544896
