problem,access,navigate,page_close,video,discussion,wiki
1.9657386865287083,3.5545516091960163,3.419556044499916,1.0,0.0,0.9182958340544896,0.0
