problem,access,navigate,page_close,video,discussion,wiki
0,1.5304930567574826,1.2516291673878228,1.5219280948873621,1.584962500721156,0.0,0.0
