problem,access,navigate,page_close,video,discussion,wiki
0,1.3346791410515946,1.584962500721156,1.584962500721156,1.0,0.0,0.0
