problem,access,navigate,page_close,video,discussion,wiki
2.827059781767714,3.013661999368928,2.1416195253341384,2.321928094887362,0,0.0,0
