problem,access,navigate,page_close,video,discussion,wiki
0.9957274520849256,2.8004129989374205,2.321928094887362,1.584962500721156,1.584962500721156,0,0
