problem,access,navigate,page_close,video,discussion,wiki
0.954434002924965,3.2341671298866177,2.886122093394784,2.321928094887362,2.584962500721156,0.7219280948873623,0.8112781244591328
