problem,access,navigate,page_close,video,discussion,wiki
3.001375196882451,3.2306736241416787,0.9182958340544896,3.2763608811756773,2.829864962736743,2.2516291673878226,0
