problem,access,navigate,page_close,video,discussion,wiki
2.5646421220263775,4.215573574426386,4.363819553384816,2.6556390622295662,1.3787834934861756,3.2064387259060334,0.0
