problem,access,navigate,page_close,video,discussion,wiki
1.954685946946356,3.646127740953608,2.5341468438052397,3.618759388575678,3.1379514107753237,2.336728011393687,1.5545851693377997
