problem,access,navigate,page_close,video,discussion,wiki
1.4411665441579462,3.430292229057617,3.029452044030914,2.9689185639620974,1.3787834934861753,0.0,0.0
