problem,access,navigate,page_close,video,discussion,wiki
0,2.6215479775306916,3.101881223476018,1.7263472243434204,1.8810947601100745,2.880857585249038,0
