problem,access,navigate,page_close,video,discussion,wiki
1.0,2.6220300967203203,2.565448371820826,2.5690484393180983,1.5709505944546687,0.9530138853315973,1.0
