problem,access,navigate,page_close,video,discussion,wiki
0,1.2987949406953985,1.6894822670191827,1.9056390622295665,1.6577427265048887,0.0,0
