problem,access,navigate,page_close,video,discussion,wiki
1.7582975702780197,3.308954596905193,2.974418313907282,2.288019280279689,1.5,0.0,1.224394445405986
