problem,access,navigate,page_close,video,discussion,wiki
2.494918848233951,3.098345184712626,2.8655768552072485,2.234201009820717,2.331164445867128,0.9182958340544896,0
