problem,access,navigate,page_close,video,discussion,wiki
1.5028557738046096,2.7583545180378963,2.7898980954642876,2.6890205247620647,2.402078406900582,1.0,0.0
