problem,access,navigate,page_close,video,discussion,wiki
1.3946169838545441,3.227726422912591,2.728024237367573,3.241427169075074,3.08232813685843,1.632935039619369,0.0
