problem,access,navigate,page_close,video,discussion,wiki
0.954434002924965,2.875033827322507,1.584962500721156,0.0,0.0,0,0
