problem,access,navigate,page_close,video,discussion,wiki
1.8673371632574196,3.5726012532711935,3.3209966173839494,3.581701862243749,2.9524625102252533,0,0
