problem,access,navigate,page_close,video,discussion,wiki
0.9182958340544896,2.0040753551630646,2.2516291673878226,2.023049981039138,1.7219280948873623,0,0
