problem,access,navigate,page_close,video,discussion,wiki
1.4572659136233872,2.1031704550758454,2.0,1.4591479170272448,1.5304930567574826,0,0
