problem,access,navigate,page_close,video,discussion,wiki
4.1067244781767425,4.302182048417803,4.554778970162502,3.5275182662886326,3.749100001668838,4.201237343134713,1.9182958340544896
