problem,access,navigate,page_close,video,discussion,wiki
3.7647689104165565,4.132241070270901,3.9145182075569367,3.886732575118651,3.83438247761158,4.088270814732091,1.0
