problem,access,navigate,page_close,video,discussion,wiki
0.9957274520849256,2.840506978811867,2.7806721295208874,2.4122546091161,2.3589385323502774,0.5304060778306042,0.0
