problem,access,navigate,page_close,video,discussion,wiki
2.7314464545602815,3.188952164533101,2.266270436896047,3.1260265301011665,2.7613468152651186,0.6500224216483541,1.0
