problem,access,navigate,page_close,video,discussion,wiki
3.686473464193927,3.8630392300744156,3.4133896278698677,2.930831215525166,3.914671927358347,3.6434178159140007,0.0
