problem,access,navigate,page_close,video,discussion,wiki
0,4.104749306657775,1.3709505944546687,4.072647354408511,3.9465207733441936,0.0,0
