problem,access,navigate,page_close,video,discussion,wiki
2.122931479807133,3.005990521271066,2.4464393446710155,3.306365554570822,3.0105832900293716,0,0
