problem,access,navigate,page_close,video,discussion,wiki
1.6589797521242051,3.4906286925746786,3.013880159307602,3.468561306419785,3.5369573509011705,2.42769815540492,0.9709505944546686
