problem,access,navigate,page_close,video,discussion,wiki
1.4949188482339508,3.4181416662309245,2.725480556997868,2.610577243331642,2.4193819456463714,1.4353713907745331,0
