problem,access,navigate,page_close,video,discussion,wiki
1.189731916820733,1.0225265684903673,0.8112781244591328,0.908653933541588,0.0,0.0,0.0
