problem,access,navigate,page_close,video,discussion,wiki
3.4782569840135187,3.868709714240602,2.4232196723355077,0.5916727785823275,0.8112781244591328,0.0,0.0
