problem,access,navigate,page_close,video,discussion,wiki
2.0565845559829814,3.7735434491795394,2.192005835492107,3.7921951936824643,3.669037184520217,2.5597703547485327,0
