problem,access,navigate,page_close,video,discussion,wiki
1.2516291673878228,3.44799972416969,3.223741190402647,3.489246428509158,2.6800365325772657,0,0
