problem,access,navigate,page_close,video,discussion,wiki
0.7642045065086203,1.5058231002082845,0.9852281360342516,0.0,0,0,0.0
