problem,access,navigate,page_close,video,discussion,wiki
2.199687794731328,2.585475297227334,2.251629167387823,0,0.0,0,0
