problem,access,navigate,page_close,video,discussion,wiki
0.0,3.1051963353957595,2.0989295636909353,2.6793743705131985,3.0068665431825226,0.35335933502142136,0.0
