problem,access,navigate,page_close,video,discussion,wiki
1.865662912623589,2.9162979753487646,1.5219280948873621,2.35845859334435,3.0841837197791886,0,0
