problem,access,navigate,page_close,video,discussion,wiki
1.5566157528156552,1.9510115182719732,1.7924812503605778,1.9939615444316199,1.781937063546704,0.9123163027543336,0.0
