problem,access,navigate,page_close,video,discussion,wiki
0.7642045065086203,2.207351814444994,2.2516291673878226,2.338020961225611,2.3242764617775693,0,0
