problem,access,navigate,page_close,video,discussion,wiki
4.138711785719635,4.678122053591014,4.071477469174168,3.5465935642949384,4.4460587396714315,3.5073789956388715,0.0
