problem,access,navigate,page_close,video,discussion,wiki
0.0,1.884313527799799,1.8799649487271108,1.75,0.8112781244591328,0,0
