problem,access,navigate,page_close,video,discussion,wiki
0.0,1.3257847812033308,1.8365916681089791,0.9182958340544896,1.5,0,0
