problem,access,navigate,page_close,video,discussion,wiki
1.0408520829727552,2.497534764358721,2.0,2.6947814605842733,2.6031579868726,0,0
