problem,access,navigate,page_close,video,discussion,wiki
2.6182471072081683,2.944154104691404,3.2402239289418526,3.4641941199595507,2.5315107774877745,2.5103602159778333,0
