problem,access,navigate,page_close,video,discussion,wiki
1.8686645537932227,2.0575604410220634,1.5,1.584962500721156,1.9362600275315274,0.0,0
