problem,access,navigate,page_close,video,discussion,wiki
0.0,2.3461078760851493,3.043817445504338,1.6143308351592656,0.0,1.9508988709749853,1.9219280948873623
