problem,access,navigate,page_close,video,discussion,wiki
2.9100922070774735,3.1535366302358403,1.5465935642949382,1.5,2.703664835029799,2.8962915290459277,0
