problem,access,navigate,page_close,video,discussion,wiki
1.5794340029249652,3.556193312595187,3.3927474104487847,1.584962500721156,1.584962500721156,0,0
