problem,access,navigate,page_close,video,discussion,wiki
1.458753983626818,3.028067190335176,3.0171507197739804,2.835319609065749,2.7366450666536317,1.8312822501705275,0.0
