problem,access,navigate,page_close,video,discussion,wiki
1.522160078446185,2.5926483717764945,2.35845859334435,2.5,1.5,0.0,0
