problem,access,navigate,page_close,video,discussion,wiki
1.561278124459133,2.6110410137920494,2.2516291673878226,0.0,0.0,0.0,0
