problem,access,navigate,page_close,video,discussion,wiki
0,2.081397184065388,1.3787834934861753,2.0662478973127314,1.8676338909712122,0,0
