problem,access,navigate,page_close,video,discussion,wiki
2.819414745938573,3.384970235575251,2.9424955222917832,3.4852615970780336,3.0140976555739156,2.035235442391543,2.251629167387823
