problem,access,navigate,page_close,video,discussion,wiki
0,3.771363657288765,3.376352363578731,3.308694969562842,3.2639334294856344,1.586107546828116,0
