problem,access,navigate,page_close,video,discussion,wiki
0.0,2.2464537699356932,1.9182958340544893,2.332914563979398,1.0,0,0
