problem,access,navigate,page_close,video,discussion,wiki
0.0,2.2734111926211233,0.0,2.852303795493077,2.6062389286533896,0,0
