problem,access,navigate,page_close,video,discussion,wiki
0,0.24229218908241482,1.2516291673878228,0,0.6500224216483541,0.0,0
