problem,access,navigate,page_close,video,discussion,wiki
0.0,3.659162790693746,3.043215692534584,1.584962500721156,0.0,1.9659366550116073,0.0
