problem,access,navigate,page_close,video,discussion,wiki
1.7446317995763387,3.2526555965581876,1.7924812503605778,3.511085408180427,0.0,0,0
