problem,access,navigate,page_close,video,discussion,wiki
0.0,2.1739731346044096,2.498296588930315,0.0,0.0,1.5545851693377997,1.0
