problem,access,navigate,page_close,video,discussion,wiki
2.3296903731681695,3.0184702618168164,3.2866294867861945,2.2516291673878226,3.0643253940584856,2.5761902616223593,0
