problem,access,navigate,page_close,video,discussion,wiki
1.3247497144200897,2.3567281506959517,2.7333716642706998,2.4770954959558154,2.038159681645953,0.0,0
