problem,access,navigate,page_close,video,discussion,wiki
0.0,2.679379666694041,2.4116022179746714,2.7912004648059177,1.936278124459133,1.3421389558735095,0
