problem,access,navigate,page_close,video,discussion,wiki
2.267226962994476,3.60596393325228,2.9673074093304908,3.548701500361679,3.4873394102360398,2.6785462867343215,1.0
