problem,access,navigate,page_close,video,discussion,wiki
1.8567796494470397,3.46513591797073,3.125,2.134969974603941,2.2464393446710154,0.8314743880097293,0.0
