problem,access,navigate,page_close,video,discussion,wiki
1.4946996685755911,2.628467568022646,2.684017280829845,1.9219280948873623,0,0.0,0
