problem,access,navigate,page_close,video,discussion,wiki
2.1810711442052044,3.0859531809415213,3.0220552088742005,2.606238928653389,0.8112781244591328,1.5,0
