problem,access,navigate,page_close,video,discussion,wiki
0,1.288649764535596,0.7219280948873623,1.4591479170272446,1.419556298571613,0,0
