problem,access,navigate,page_close,video,discussion,wiki
2.6022170014624826,3.902913096455962,4.12778076821826,3.5,3.121928094887362,2.881778244882831,0.9182958340544896
