problem,access,navigate,page_close,video,discussion,wiki
0,2.7744019192887706,0,3.006238928653389,2.623516641218015,0,0
