problem,access,navigate,page_close,video,discussion,wiki
1.3921472236645345,3.1118203357641825,0.0,3.295316529869173,3.7201287774331866,0,0
