problem,access,navigate,page_close,video,discussion,wiki
2.900158959805441,3.2274730478273486,0.9182958340544896,2.801515280317513,0,2.467720100474499,0
