problem,access,navigate,page_close,video,discussion,wiki
0.8112781244591328,1.9182943018980607,2.1179631753145163,2.121276357834812,1.3709505944546687,0.0,0.0
