problem,access,navigate,page_close,video,discussion,wiki
0.9798687566511528,1.8131838505075617,1.971747257128181,1.3921472236645345,1.0,0.9975025463691153,0.0
