problem,access,navigate,page_close,video,discussion,wiki
1.9549516688809134,2.2954656791802917,1.4591479170272446,1.570950594454669,2.441068585955437,0.0,0
