problem,access,navigate,page_close,video,discussion,wiki
0.8112781244591328,2.0065662325853695,1.669180336866731,1.0529407605626346,0,0.6500224216483541,0
