problem,access,navigate,page_close,video,discussion,wiki
0.8594933984306714,1.6368755827839516,2.1470776733965518,0.0,0,0.7219280948873623,0
