problem,access,navigate,page_close,video,discussion,wiki
2.4533644576342803,2.783290817418237,2.321928094887362,2.755057619938307,2.128085278891394,0.8112781244591328,0.0
