problem,access,navigate,page_close,video,discussion,wiki
1.4973462700703384,2.8119803697440164,2.6062389286533896,1.4591479170272448,0,0.0,0
