problem,access,navigate,page_close,video,discussion,wiki
0.8112781244591328,1.854285871987246,1.5566567074628228,2.1180782093497093,1.3787834934861756,0.5032583347756457,0.0
