problem,access,navigate,page_close,video,discussion,wiki
1.5166238110793633,3.2007315218666346,3.077819531114783,3.350909377088532,2.4116022179746714,0.9182958340544896,0
