problem,access,navigate,page_close,video,discussion,wiki
2.1556390622295662,3.206100389079946,1.75,2.8553885422075336,1.7924812503605778,0.0,0.8680403986166403
