problem,access,navigate,page_close,video,discussion,wiki
2.217021885879718,3.339832259534315,1.4591479170272446,2.7219280948873625,2.75,0.0,0
