problem,access,navigate,page_close,video,discussion,wiki
0,1.6393210497942587,1.5,1.5487949406953985,0.8112781244591328,0,0
