problem,access,navigate,page_close,video,discussion,wiki
1.7806390622295665,3.3640773906615604,2.3685225277282065,3.573391110799899,3.5110854081804272,1.3244602933016414,0.0
