problem,access,navigate,page_close,video,discussion,wiki
1.4949188482339508,1.9118746795653827,1.2516291673878228,1.855388542207534,1.8556342202627087,0.0,0
