problem,access,navigate,page_close,video,discussion,wiki
0.0,2.4390795706241746,2.5424826938097276,2.113283334294875,1.6767370300521325,0.8112781244591328,1.0
