problem,access,navigate,page_close,video,discussion,wiki
0.0,1.4462115340503299,1.7841591278514217,1.6068322783181097,1.271782221599798,0.0,0.0
