problem,access,navigate,page_close,video,discussion,wiki
3.491613139642037,3.8817888946212933,3.840402546702505,4.008090099285647,3.6722302286933135,0,0
