problem,access,navigate,page_close,video,discussion,wiki
1.9056390622295665,2.7481990432730794,2.6455933144511468,3.113283334294875,2.5216406363433186,0.0,0.0
