problem,access,navigate,page_close,video,discussion,wiki
2.883131082531045,3.7668813785193067,4.057988448247549,3.67188213236715,3.084962500721156,3.2483372157582733,0.8112781244591328
