problem,access,navigate,page_close,video,discussion,wiki
1.7160269377413824,2.1236810426386574,0.0,2.08169741093258,0.8112781244591328,2.199687794731328,0.0
