problem,access,navigate,page_close,video,discussion,wiki
1.903967813087766,3.079410987288111,2.584962500721156,3.1464393446710157,2.5949066182439395,0,0
