problem,access,navigate,page_close,video,discussion,wiki
2.422921116002267,3.7169048759775665,1.9669171866886992,3.995350287525631,3.763646770676926,1.3787834934861753,0
