problem,access,navigate,page_close,video,discussion,wiki
0.0,0.6665783579949205,0.863120568566631,0.8453509366224365,0.0,0.0,0.0
