problem,access,navigate,page_close,video,discussion,wiki
2.7990156706551215,2.9582381511568796,2.039353872167201,2.4650694618158373,2.5949066182439395,2.4012083067948793,0.0
