problem,access,navigate,page_close,video,discussion,wiki
2.3183827168199773,3.672893505900656,2.7550576199383072,3.809458010530248,0,1.9362600275315274,1.0
