problem,access,navigate,page_close,video,discussion,wiki
1.5625788078806928,2.4567017213615987,2.573557262275185,2.5244798524023,1.5774062828523454,0.9366673818775625,0
