problem,access,navigate,page_close,video,discussion,wiki
0.0,2.666043810697604,3.53624341298306,2.4464393446710155,0.8112781244591328,3.303964826566356,0
