problem,access,navigate,page_close,video,discussion,wiki
0,2.7484690931523845,2.321928094887362,2.6612262562697895,2.6444627843668553,0,0
