problem,access,navigate,page_close,video,discussion,wiki
1.0,3.5421623377712064,2.25,3.6624637870527783,3.725916088924304,0,0
