problem,access,navigate,page_close,video,discussion,wiki
3.3440163080697154,3.817496851281855,3.414441303694973,2.9477027792200903,3.5448806813171196,0.9821586670738444,0.0
