problem,access,navigate,page_close,video,discussion,wiki
3.032223619151359,3.765753614525363,3.792878173156076,3.660617330177424,3.256738081372097,2.84584815133707,1.5566567074628228
