problem,access,navigate,page_close,video,discussion,wiki
0,2.4159220638351666,1.8799649487271108,2.2359263506290326,0.0,0.0,0
