problem,access,navigate,page_close,video,discussion,wiki
0.9182958340544896,1.9615101887362596,1.2987949406953985,1.6804820237218405,1.7295739585136223,0,0
