problem,access,navigate,page_close,video,discussion,wiki
2.422744393201085,3.4464822725344124,3.4846184885796143,3.44078460568822,3.1835633826884857,2.8411721984270457,0.0
