problem,access,navigate,page_close,video,discussion,wiki
0.0,1.928717357320957,1.7574839898128798,2.1556390622295662,1.0,0.0,0.0
