problem,access,navigate,page_close,video,discussion,wiki
1.4505820084462417,3.673176502927353,3.3336606896881857,3.604243668758971,3.427333493898264,1.91490839954379,0.0
