problem,access,navigate,page_close,video,discussion,wiki
0.9182958340544896,3.0026555965581876,1.6577427265048887,3.0266781970562957,2.546846589342404,0,0
