problem,access,navigate,page_close,video,discussion,wiki
0.961236604722876,4.019435421459617,3.6403221112784117,3.1128623226263366,3.465650852240332,2.447242691459946,0.0
