problem,access,navigate,page_close,video,discussion,wiki
1.3250112108241772,2.6685266043915434,2.1556390622295662,2.676240084176066,2.7274972248524723,0,0
