problem,access,navigate,page_close,video,discussion,wiki
0.9980008838722996,2.2492870686521593,2.2516291673878226,2.161978179679554,1.9056390622295665,0,0
