problem,access,navigate,page_close,video,discussion,wiki
3.3002540903448656,3.834770792148946,3.748328660365574,3.5068905956085183,2.584962500721156,0.0,0
