problem,access,navigate,page_close,video,discussion,wiki
0,2.181345694185039,1.764097655573916,2.2760120494316,2.121928094887362,1.5219280948873621,0.9182958340544896
