problem,access,navigate,page_close,video,discussion,wiki
0,1.495538029919111,1.4591479170272448,1.5545851693377997,0.9182958340544896,0,0
