problem,access,navigate,page_close,video,discussion,wiki
0.0,1.9746017527145812,1.5,2.0464393446710156,1.584962500721156,0,0
