problem,access,navigate,page_close,video,discussion,wiki
0.0,2.212289493789016,2.5,2.3053206513329316,2.1556390622295662,0.0,0
