problem,access,navigate,page_close,video,discussion,wiki
3.726103589688768,3.9324039652410563,2.5949066182439395,3.7141003842589737,3.748264010014853,0,0
