problem,access,navigate,page_close,video,discussion,wiki
0.863120568566631,3.0832745714766525,2.25,3.2404155298816315,2.7534343861887853,0.8683927290103626,0.8475846798245739
