problem,access,navigate,page_close,video,discussion,wiki
1.295461844238322,1.7604924085446094,2.299530144567066,1.811346433249389,0.9055872616982603,0.5787946246321198,1.0
