problem,access,navigate,page_close,video,discussion,wiki
0,2.730640043211597,2.5,1.950212064914747,1.9219280948873623,0,0
