problem,access,navigate,page_close,video,discussion,wiki
1.5219280948873621,3.142530233470408,2.9697315665441306,3.0922394355253315,2.7721854605116723,0,0
