problem,access,navigate,page_close,video,discussion,wiki
1.350790682380226,2.251185325340039,2.447401504705915,2.3299574748443264,1.8919954870390203,1.384251455535313,1.0
