problem,access,navigate,page_close,video,discussion,wiki
0.0,1.8474201200521745,0.9182958340544896,1.836591668108979,1.9502120649147465,0,0
