problem,access,navigate,page_close,video,discussion,wiki
2.363120568566631,3.735030060220088,1.6644977792004614,2.2516291673878226,0.0,2.8611143220125173,0.0
