problem,access,navigate,page_close,video,discussion,wiki
0.0,3.374564941730705,2.2062389286533897,2.422579761842491,2.7480005070735136,0.9402859586706311,0
