problem,access,navigate,page_close,video,discussion,wiki
1.0,3.038043762682149,2.952819531114783,3.207142961302496,3.039148671903071,0.0,0
