problem,access,navigate,page_close,video,discussion,wiki
2.5130155433382964,4.084649534058497,4.316062191173308,3.7600000921398773,1.061278124459133,3.2239942394104397,0.0
