problem,access,navigate,page_close,video,discussion,wiki
2.5810134015775863,3.2076374128882352,3.0041247195848575,2.0,2.0,1.7956828983511026,2.0588138903312014
