problem,access,navigate,page_close,video,discussion,wiki
0,1.4907830471363805,1.3709505944546687,1.4591479170272448,0.8904916402194913,0,0
