problem,access,navigate,page_close,video,discussion,wiki
0.0,2.678164401224056,2.1054105870684143,2.3522170014624826,1.4591479170272448,0.8112781244591328,0.0
