problem,access,navigate,page_close,video,discussion,wiki
0.0,2.726928705787044,2.93624341298306,2.4508257945180887,1.5,0.0,0.0
