problem,access,navigate,page_close,video,discussion,wiki
0.0,2.2894437137706856,2.413088436425758,1.8810947601100745,0.9852281360342516,0.0,0
