problem,access,navigate,page_close,video,discussion,wiki
3.4061539309774065,3.545287161934958,3.2961483747476237,2.521640636343318,2.7428246923615065,2.8787320219587493,0.0
