problem,access,navigate,page_close,video,discussion,wiki
0.0,3.1199965768508955,2.646782221599798,1.9219280948873623,1.5,0.7219280948873623,0.0
