problem,access,navigate,page_close,video,discussion,wiki
0.999525689293649,3.4341629791035224,2.8402239289418523,3.207864475917041,3.4597584361713762,0.0,0
