problem,access,navigate,page_close,video,discussion,wiki
0.0,1.9621441567855664,1.5219280948873621,1.8924071185928766,0.9852281360342516,0.5435644431995964,0
