problem,access,navigate,page_close,video,discussion,wiki
0,1.903701696057348,1.760495029766198,2.355388542207534,0,1.0,0.0
