problem,access,navigate,page_close,video,discussion,wiki
0,2.4729055953200563,1.8262452584026092,2.235926350629032,2.2295739585136225,0,0.9182958340544896
