problem,access,navigate,page_close,video,discussion,wiki
0.9798687566511528,2.8472529289550415,2.188721875540867,2.866318972540077,2.9301352467546553,0,0
