problem,access,navigate,page_close,video,discussion,wiki
0.2974722489192896,1.91553026629096,0.9182958340544896,2.4116022179746714,2.1742232850498047,1.0,0
