problem,access,navigate,page_close,video,discussion,wiki
2.4907407603107754,3.186413533634155,2.8423709931771084,3.1515787350237843,2.6638651219508542,2.0,0
