problem,access,navigate,page_close,video,discussion,wiki
1.584962500721156,4.336216169616553,3.0269868333592873,4.363979793353282,4.336970025096711,2.4200824632751345,0.0
