problem,access,navigate,page_close,video,discussion,wiki
2.084962500721156,2.6572682296173893,2.25,2.387935196110763,2.2774058114255182,0,0
