problem,access,navigate,page_close,video,discussion,wiki
0.9895875212220557,1.5090275125326515,1.0,1.6105772433316423,1.75,0,0
