problem,access,navigate,page_close,video,discussion,wiki
1.0,3.3949458626767197,3.270942421748537,3.52172123104524,3.0181565539268167,1.402081402756032,1.0
