problem,access,navigate,page_close,video,discussion,wiki
0.9995708393473224,3.452620951782757,2.117492461184755,2.8731406795131336,1.9219280948873623,0.0,0.0
