problem,access,navigate,page_close,video,discussion,wiki
0.0,2.3037172400169665,1.0,2.4464393446710155,2.2810361125534238,0.0,0
