problem,access,navigate,page_close,video,discussion,wiki
0,1.2674438038072338,1.8423709931771084,1.4197367178034825,1.5,0,0
