problem,access,navigate,page_close,video,discussion,wiki
0.0,2.1556390622295662,1.5262349099495225,2.1180782093497093,1.5,0,1.0
