problem,access,navigate,page_close,video,discussion,wiki
0,1.4836591643979626,0.9182958340544896,2.2359263506290326,0,0.362051251733998,0
