problem,access,navigate,page_close,video,discussion,wiki
2.75,3.3748593659925086,2.889163651322246,3.3632931793547978,3.284082906666459,2.3217609685276552,0
