problem,access,navigate,page_close,video,discussion,wiki
0.6540471842463447,1.1313146886497212,0.9182958340544896,1.2406705316766886,0.7219280948873623,0.0,0.0
