problem,access,navigate,page_close,video,discussion,wiki
2.440404017720928,3.28816452104037,2.995025377253307,3.4982486828353205,3.4218984152770835,1.0869877023399053,0.9182958340544896
