problem,access,navigate,page_close,video,discussion,wiki
2.888360196298891,3.636528356492454,2.708694969562842,3.609394042499185,3.8035088547976783,1.7174058329691395,2.0
