problem,access,navigate,page_close,video,discussion,wiki
2.9687478145640833,3.4006039074391685,2.939829017466402,1.0,2.931208948910323,0,0
