problem,access,navigate,page_close,video,discussion,wiki
0,2.3658254003125676,1.7004397181410922,2.2220334913046598,2.5220552088742005,0.8306021151458061,0.0
