problem,access,navigate,page_close,video,discussion,wiki
0.0,2.190515847687587,0.0,2.1867043459100244,1.8423709931771084,0,0
