problem,access,navigate,page_close,video,discussion,wiki
3.751503110688321,3.737866047104481,2.986569246460625,3.5047026229338805,3.6253050238871296,0.0,0.0
