problem,access,navigate,page_close,video,discussion,wiki
4.045883738852522,4.420465934187972,4.197852833246202,4.231430252735837,4.191920109385798,0.6500224216483541,1.0
