problem,access,navigate,page_close,video,discussion,wiki
0.9852281360342516,2.6393906846457695,2.495602923729013,1.9219280948873623,0,0.0,0.0
