problem,access,navigate,page_close,video,discussion,wiki
0.0,2.2269222245979456,1.971747257128181,2.1283310497671026,1.9986525468781666,0.0,0.0
