problem,access,navigate,page_close,video,discussion,wiki
0.0,1.8374181066892752,1.9502120649147465,1.9219280948873623,0.6500224216483541,0.0,0
