problem,access,navigate,page_close,video,discussion,wiki
3.1978803347155655,4.048085307618762,3.0376827622893843,3.950238335303464,3.71281478090496,3.3695768483967297,0.0
