problem,access,navigate,page_close,video,discussion,wiki
0,2.5478527723796076,1.780672129520887,2.8000446184790095,2.251629167387823,0,0
