problem,access,navigate,page_close,video,discussion,wiki
1.359551047950047,3.99064255415875,3.0773238024297203,2.3709505944546683,2.75,0,0
