problem,access,navigate,page_close,video,discussion,wiki
1.2859463617688014,2.22398174644749,2.7898966090601776,3.0286393118385755,2.460904932167797,2.013349991711877,0
