problem,access,navigate,page_close,video,discussion,wiki
0.0,0.7219280948873623,1.5219280948873621,0.3372900666170139,0.0,0.0,0
