problem,access,navigate,page_close,video,discussion,wiki
0.9886994082884974,2.6370132700908666,1.9086126988727123,2.8306021151458056,2.5073801024236353,0.0,0.0
