problem,access,navigate,page_close,video,discussion,wiki
0.0,2.7496623986165796,1.8423709931771084,2.5648325090899213,2.3071885761626683,1.0,0
