problem,access,navigate,page_close,video,discussion,wiki
0.0,2.458093281141677,2.6016094970590276,2.3973151358818594,1.836591668108979,0.863120568566631,0.0
