problem,access,navigate,page_close,video,discussion,wiki
1.5794160077843604,2.3215536374676833,0.8743095546405661,2.355388542207534,1.8423709931771084,0.0,0.0
