problem,access,navigate,page_close,video,discussion,wiki
2.1848564653846196,3.6053888652657036,3.585994833811858,3.572284459358397,1.5,3.014155360994735,1.8464393446710154
