problem,access,navigate,page_close,video,discussion,wiki
1.8131329097794926,2.1032360045175897,2.117492461184755,0.0,0.0,1.0,0.0
