problem,access,navigate,page_close,video,discussion,wiki
0,1.945530556036326,0.8112781244591328,2.181937063546704,1.9877733714879842,0.0,0
