problem,access,navigate,page_close,video,discussion,wiki
2.188721875540867,3.8138889146071744,2.7179717342678,3.742794787677596,3.220603634597778,0.5907239186406502,0
