problem,access,navigate,page_close,video,discussion,wiki
0,2.230893588207191,2.1609640474436813,2.2359263506290326,0.8112781244591328,0,0
