problem,access,navigate,page_close,video,discussion,wiki
1.0,2.2322628970242686,1.9219280948873623,2.321928094887362,1.0,0,0
