problem,access,navigate,page_close,video,discussion,wiki
0.9456603046006402,2.892878689342031,2.25,1.9182958340544896,0,0,0
