problem,access,navigate,page_close,video,discussion,wiki
0.0,2.1581047784968117,1.2406705316766886,2.2312702546075758,2.1556390622295662,0.0,0
