problem,access,navigate,page_close,video,discussion,wiki
0,2.1622242557679536,1.5487949406953985,2.5032583347756456,1.5,0,0
