problem,access,navigate,page_close,video,discussion,wiki
2.8506543519787955,3.404109233217435,2.5042861670148744,3.424777742323704,3.4228735295095043,1.3113799548460323,0.9182958340544896
