problem,access,navigate,page_close,video,discussion,wiki
1.977568884895716,2.37310426622337,2.197159723424149,1.9219280948873623,1.7141901968336575,0.0,0
