problem,access,navigate,page_close,video,discussion,wiki
1.5314398015911732,3.2952310588860256,0.0,3.3647692058168905,3.2143491159052062,0.0,0
