problem,access,navigate,page_close,video,discussion,wiki
0.0,2.975187890016524,2.59323831784494,3.1216535224393334,2.321928094887362,0.9932338197397066,0.0
