problem,access,navigate,page_close,video,discussion,wiki
0.5665095065529053,2.8068699586062995,1.867633890971212,2.8055590936942503,2.7603136973125117,0,0
