problem,access,navigate,page_close,video,discussion,wiki
0,2.5370148112524404,2.584962500721156,2.6098501660289424,2.4591479170272446,0,0
