problem,access,navigate,page_close,video,discussion,wiki
1.490184748756413,1.885025170613566,1.584962500721156,2.256908989558354,1.6767370300521327,0,0
