problem,access,navigate,page_close,video,discussion,wiki
1.5205689178037252,3.409870557356393,2.5785519909913264,3.4594911601991534,2.8962915290459277,2.05752004204086,0.0
