problem,access,navigate,page_close,video,discussion,wiki
0,2.0365766899407327,1.5,2.217021885879718,1.2987949406953985,0,0
