problem,access,navigate,page_close,video,discussion,wiki
2.6167471323885563,3.666958632781093,3.7264741182543757,3.5825100024404546,2.7045369981530376,2.754735267751115,0
