problem,access,navigate,page_close,video,discussion,wiki
0.9709505944546686,2.3412501702815547,2.6235166412180155,1.75,0,1.4355205042826666,0
