problem,access,navigate,page_close,video,discussion,wiki
0.9798687566511528,3.5040278146227495,1.584962500721156,3.595729599690726,3.1809449491282082,0,0
