problem,access,navigate,page_close,video,discussion,wiki
1.9446975158563875,2.6171611185977675,2.927451224964519,2.655115053842332,2.1983183861343143,1.965596230357602,0.0
