problem,access,navigate,page_close,video,discussion,wiki
1.4152689500270954,3.1989812175158097,2.1258145836939115,1.0,2.577697282049906,1.0,0.0
