problem,access,navigate,page_close,video,discussion,wiki
0.0,1.6316801964618108,1.8092000326978117,0.0,0,0.9912642605354288,0.9182958340544896
