problem,access,navigate,page_close,video,discussion,wiki
2.403829906808289,4.168291086000789,3.3248629576173565,1.9182958340544896,2.0,1.3921472236645345,0
