problem,access,navigate,page_close,video,discussion,wiki
1.5766212201074912,2.5200361192610172,1.760495029766198,2.6226831892554925,2.7989465067374106,0.9852281360342516,0
