problem,access,navigate,page_close,video,discussion,wiki
0,3.2469839987437026,2.552832161679204,0.9182958340544896,0,2.0115371343419297,0.0
