problem,access,navigate,page_close,video,discussion,wiki
4.214077027905834,4.289194269294066,3.7487914677777425,4.139707257323814,3.3734004607540493,2.749974436961416,0.0
