problem,access,navigate,page_close,video,discussion,wiki
0,1.3250112108241772,1.0,1.811278124459133,1.9182958340544896,0,0
