problem,access,navigate,page_close,video,discussion,wiki
1.5588718484453603,2.8196283437249874,2.6635327548042547,2.9312808923369786,1.8716022614097982,1.5337318882875268,0
