problem,access,navigate,page_close,video,discussion,wiki
0.0,2.1599345199437234,2.2783518117113117,1.0,0,0.6500224216483541,0.0
