problem,access,navigate,page_close,video,discussion,wiki
3.5650522863517695,3.8561591636130226,3.7254805569978675,3.978577687657345,3.2523141459196894,2.675965330523148,0
