problem,access,navigate,page_close,video,discussion,wiki
0.9994110647387553,2.5169433623425075,2.5261207468426807,2.2840065210862766,2.046439344671015,0.9709505944546686,0.0
