problem,access,navigate,page_close,video,discussion,wiki
0,1.5320811544210522,0.8112781244591328,1.8702538164316223,1.811278124459133,0,0
