problem,access,navigate,page_close,video,discussion,wiki
2.0377627300884233,2.693065306199953,2.751629167387823,2.937730451980024,2.746103413789808,0,0
