problem,access,navigate,page_close,video,discussion,wiki
0.3227569588973982,1.4509082837501823,1.7924812503605778,1.3709505944546687,1.4591479170272448,0.0,0
