problem,access,navigate,page_close,video,discussion,wiki
3.6189980767806174,3.960967254574442,3.6985809581574385,3.943897508823949,3.744484367278034,2.3664551932573543,2.6416041678685938
