problem,access,navigate,page_close,video,discussion,wiki
1.8294732983598405,2.846250903198531,2.8178561135066156,2.900830304887438,2.2359263506290326,0.0,1.0
