problem,access,navigate,page_close,video,discussion,wiki
0,3.1748858687242363,1.3709505944546687,3.039148671903071,3.0220552088742005,0.0,0.0
