problem,access,navigate,page_close,video,discussion,wiki
0.0,1.8548778467049907,2.7192945256669794,1.5723516633085877,1.0,0.0,0
