problem,access,navigate,page_close,video,discussion,wiki
0,2.3219028921000993,1.4353713907745331,2.120952031026403,1.0,0.0,0
