problem,access,navigate,page_close,video,discussion,wiki
2.4385789162399174,2.7971665646510613,2.2200464490767438,2.726527964857074,2.5492553971685,1.0860486123130382,1.584962500721156
