problem,access,navigate,page_close,video,discussion,wiki
1.5,2.3360388152612774,1.5219280948873621,2.2516291673878226,2.1971597234241496,0.0,0
