problem,access,navigate,page_close,video,discussion,wiki
0,1.3481079856561007,1.5546097612655665,0.9709505944546686,0,0,0
