problem,access,navigate,page_close,video,discussion,wiki
2.1832023272244108,2.9128348757956064,1.927531432235668,3.0110376189615695,2.960756631406302,1.3921472236645345,1.3709505944546687
