problem,access,navigate,page_close,video,discussion,wiki
0,1.134969974603941,0.6500224216483541,1.4591479170272446,1.9182958340544893,0.0,0.0
