problem,access,navigate,page_close,video,discussion,wiki
1.2516291673878228,1.75,1.6010143058068347,1.3787834934861753,0,0.0,0.0
