problem,access,navigate,page_close,video,discussion,wiki
0.0,2.2871798736129003,2.4056390622295662,2.2998963911678914,0.8112781244591328,0.5032583347756457,0.0
