problem,access,navigate,page_close,video,discussion,wiki
2.6295296989511066,3.90543659308897,3.6339740759971577,3.934363483234497,3.188796280096694,0.0,1.0
