problem,access,navigate,page_close,video,discussion,wiki
2.6023737789609287,3.704049724664798,3.735178886735016,3.663114025405436,3.4898086605733116,1.158938532350277,1.0
