problem,access,navigate,page_close,video,discussion,wiki
2.397889094920483,3.0682706872701973,2.5492553971685,1.584962500721156,3.0220552088742,0.0,0.0
