problem,access,navigate,page_close,video,discussion,wiki
0,1.4833557549816876,1.2987949406953985,1.75,1.0,1.8501118631279323,1.5219280948873621
