problem,access,navigate,page_close,video,discussion,wiki
0.8314743880097293,3.8001566987650284,3.4147170014624826,3.7793027328254833,3.0086949695628418,2.681294029921964,0.0
