problem,access,navigate,page_close,video,discussion,wiki
2.062018883719718,3.458780999339994,2.7931086181387794,2.5811865190906698,2.043517966181142,1.855950783942904,0.0
