problem,access,navigate,page_close,video,discussion,wiki
0.9991421039919088,3.03685158923843,2.846439344671016,3.175009094149717,2.883215692534584,0.6500224216483541,0
