problem,access,navigate,page_close,video,discussion,wiki
1.9670849641233388,3.344543311412363,1.9219280948873623,2.5,1.9219280948873623,0,0.0
