problem,access,navigate,page_close,video,discussion,wiki
2.380033900068684,2.398928090240517,2.5220552088742005,2.313675305902416,0.0,0,0
