problem,access,navigate,page_close,video,discussion,wiki
1.6330606377221084,3.3018383716644335,2.369025436177893,3.4936711100785716,3.5366082543915,0.0,0.0
