problem,access,navigate,page_close,video,discussion,wiki
1.692215752170299,2.1875093781725186,1.6894822670191827,0,0,0.0,0.0
