problem,access,navigate,page_close,video,discussion,wiki
0.0,2.107735252622104,2.4155815962845737,2.08429531609601,0.954434002924965,1.5709505944546687,1.0
