problem,access,navigate,page_close,video,discussion,wiki
0,2.192215752170299,1.9219280948873623,1.823067982273661,2.1258145836939115,0,0
