problem,access,navigate,page_close,video,discussion,wiki
1.9299379892474846,2.3095127445475994,2.553269689515109,2.287783719941071,0.0,0,0
