problem,access,navigate,page_close,video,discussion,wiki
1.5013322123052502,1.4051718888847455,1.5,1.3787834934861756,0.0,0,0
