problem,access,navigate,page_close,video,discussion,wiki
0,1.4060075793123286,2.1180782093497093,1.2896085583481507,1.4591479170272448,0,0
