problem,access,navigate,page_close,video,discussion,wiki
1.5566567074628228,2.721871114068255,2.8638263900908156,2.510322385698947,1.0,0,0
