problem,access,navigate,page_close,video,discussion,wiki
0.9520402801398791,1.6295382657986375,2.2309943059178585,1.0,1.8423709931771084,0.6219041416291193,1.0
