problem,access,navigate,page_close,video,discussion,wiki
0,1.4056390622295665,1.2516291673878228,1.4591479170272446,0.9182958340544896,0,0
