problem,access,navigate,page_close,video,discussion,wiki
2.2226903161723963,3.1319534532005884,2.708991622408628,2.828476854177358,2.186704345910025,1.344314767066416,1.5
