problem,access,navigate,page_close,video,discussion,wiki
0.0,1.8374079400550505,2.3282129458410017,2.4464393446710155,1.775523493673489,0.7219280948873623,0
