problem,access,navigate,page_close,video,discussion,wiki
0,3.135941159364214,3.106890595608519,3.1593215148227434,0,0.0,0
