problem,access,navigate,page_close,video,discussion,wiki
0,2.3332032283531894,2.565448371820826,1.584962500721156,0.0,0.863120568566631,0
