problem,access,navigate,page_close,video,discussion,wiki
2.2806390622295662,2.987828077799607,3.2321018048454135,2.985228136034251,2.931208948910323,0.5435644431995964,0.0
