problem,access,navigate,page_close,video,discussion,wiki
3.1504161960274875,4.128306642263457,3.890942872537868,3.9025283892875575,3.577107161885248,3.66831057611471,0.0
