problem,access,navigate,page_close,video,discussion,wiki
0,1.2607717938967942,1.7762806729942018,1.1994602933016414,0,0.0,0
