problem,access,navigate,page_close,video,discussion,wiki
1.9507492169784013,3.3088503166041145,3.6607231631937305,1.5,1.584962500721156,1.8016366412706075,0
