problem,access,navigate,page_close,video,discussion,wiki
0.7219280948873623,1.455016806767447,0.9927744539878084,0.0,0.0,0.8812908992306927,0.6500224216483541
