problem,access,navigate,page_close,video,discussion,wiki
0.0,1.9439592513355664,2.1556390622295662,2.0294069451656007,1.6171895725927152,0.9182958340544896,0
