problem,access,navigate,page_close,video,discussion,wiki
0,1.5304930567574824,1.8464393446710154,1.8910611120726528,0.0,0,0
