problem,access,navigate,page_close,video,discussion,wiki
2.497016043056988,3.78440262112393,3.4173931037765763,3.0,2.584962500721156,0.0,1.5
