problem,access,navigate,page_close,video,discussion,wiki
1.4294732983598406,4.329867129163836,3.6818808028034016,4.0667842134731025,2.950212064914747,0.0,0
