problem,access,navigate,page_close,video,discussion,wiki
1.3510287956376423,2.8664487446701825,2.6004422822781614,3.116774918158008,2.9277989702947855,1.4591479170272448,0.0
