problem,access,navigate,page_close,video,discussion,wiki
0,2.1392868093658843,1.965596230357602,1.771782221599798,2.1180782093497097,0,0
