problem,access,navigate,page_close,video,discussion,wiki
1.5574319619297041,1.5413152774012366,1.3092966682370037,1.5774062828523454,1.5709505944546684,0.9456603046006402,0.0
