problem,access,navigate,page_close,video,discussion,wiki
1.5394847569315018,1.862419180826715,1.5219280948873621,0,0,0.0,0
