problem,access,navigate,page_close,video,discussion,wiki
2.117405811425518,3.5123428129862573,2.8676338909712116,3.574860596185444,2.9282129458410013,0,0.0
