problem,access,navigate,page_close,video,discussion,wiki
1.8827554392664112,3.6494050185060476,3.182005814760214,3.539966360515717,3.0678537362233245,0.0,0.0
