problem,access,navigate,page_close,video,discussion,wiki
2.2666785216202823,3.960790676670076,3.976815147319783,3.811862919205179,3.351227480952956,3.187105466710764,0.0
