problem,access,navigate,page_close,video,discussion,wiki
0,2.1137528328058988,0.8453509366224365,2.221251836004466,2.321928094887362,1.2516291673878228,1.0
