problem,access,navigate,page_close,video,discussion,wiki
0,2.0930692077718893,1.5487949406953985,1.836591668108979,1.792481250360578,0.0,0.0
