problem,access,navigate,page_close,video,discussion,wiki
2.6074394482298953,3.1941127130720517,3.1037016960573487,3.3284060077758193,3.1067221926963993,0.0,0.9182958340544896
