problem,access,navigate,page_close,video,discussion,wiki
0.0,3.295361612378189,2.8150724101159437,3.0763407258254034,3.1464393446710153,1.404107451387086,1.0
