problem,access,navigate,page_close,video,discussion,wiki
0.8112781244591328,1.875,1.4591479170272446,2.1626441180472606,2.5216406363433186,0,0
