problem,access,navigate,page_close,video,discussion,wiki
3.630975281344601,4.311129550292828,3.8943042202619296,3.8117615578620634,4.287447053863761,2.6177894366094434,1.9219280948873623
