problem,access,navigate,page_close,video,discussion,wiki
0.9709505944546686,1.7808987483760887,1.0,2.0989295636909353,2.1556390622295662,0,0
