problem,access,navigate,page_close,video,discussion,wiki
2.063558608511122,3.4873437507738325,3.5844237065779274,3.918160403188223,3.3716535224393334,2.190206156305157,0.0
