problem,access,navigate,page_close,video,discussion,wiki
0,2.725902245718536,1.8799649487271108,2.1812056673346514,2.046439344671015,0.0,0.0
