problem,access,navigate,page_close,video,discussion,wiki
2.6251071231153817,3.085121942206664,2.5503407095463886,1.9219280948873623,2.321928094887362,0.0,1.0
