problem,access,navigate,page_close,video,discussion,wiki
0,1.3346791410515946,1.295461844238322,1.9182958340544893,1.0,0.954434002924965,0.0
