problem,access,navigate,page_close,video,discussion,wiki
2.197159723424149,2.7276397174459515,1.9182958340544893,1.9219280948873623,1.8585552118703144,1.9075169719509488,0
