problem,access,navigate,page_close,video,discussion,wiki
0.0,2.1426192023926323,1.5,0.0,1.9362600275315274,1.1216407621868583,0
