problem,access,navigate,page_close,video,discussion,wiki
1.0054733965192741,2.0201065778727636,2.186704345910025,2.0174250740358186,1.6668127273868607,0.954434002924965,0
