problem,access,navigate,page_close,video,discussion,wiki
0.0,2.9772170014624826,2.199687794731328,1.584962500721156,0.0,1.4256051990169436,0
