problem,access,navigate,page_close,video,discussion,wiki
0.9640787648082291,3.3689343655002775,0.9182958340544896,3.3557836298965635,3.2054172065862545,1.4366664819166877,0.0
