problem,access,navigate,page_close,video,discussion,wiki
2.2917875542148547,3.0280594653015114,3.242011116143654,3.1815104681087565,3.232696148156287,2.0190529305624305,0.0
