problem,access,navigate,page_close,video,discussion,wiki
2.1275809088898052,3.0819680451395133,2.4137995646056805,1.9219280948873623,2.948391110799899,1.7652465283787413,0
