problem,access,navigate,page_close,video,discussion,wiki
0,1.359992492218488,0.9182958340544896,1.2326602568158205,1.3485878960124222,0.0,0
