problem,access,navigate,page_close,video,discussion,wiki
0.0,1.1639904575514164,0.9709505944546686,1.2987949406953985,0.7219280948873623,0.0,0
