problem,access,navigate,page_close,video,discussion,wiki
0,0.9456603046006402,1.0,0.7642045065086203,0.6500224216483541,0.0,0
