problem,access,navigate,page_close,video,discussion,wiki
0.9994110647387553,2.679884081404507,2.6062389286533896,2.954302951473625,2.663532754804255,0.8314743880097293,0
