problem,access,navigate,page_close,video,discussion,wiki
0.0,2.4824338708785736,2.6235166412180155,2.4193819456463714,1.8423709931771084,0.0,0
