problem,access,navigate,page_close,video,discussion,wiki
2.6345331115023733,3.953153225507002,3.4316235658474303,3.6313883471435844,3.5124792706912316,2.0038874786664387,0
