problem,access,navigate,page_close,video,discussion,wiki
1.7640976555739163,3.159321514822743,1.680155966959864,0.0,0.0,1.3221793455166666,0.0
