problem,access,navigate,page_close,video,discussion,wiki
0.833764907210665,2.8570401224013215,2.738552853578734,2.9650760318621074,2.41379956460568,0,0.0
