problem,access,navigate,page_close,video,discussion,wiki
1.5,2.5727210235097995,2.8016094970590273,0.0,0.0,2.2614793438412306,0.9182958340544896
