problem,access,navigate,page_close,video,discussion,wiki
0.7732283485249176,2.3478743299806815,2.839689958091771,1.958542981880303,1.2389012566026307,0.0,0
