problem,access,navigate,page_close,video,discussion,wiki
0.5435644431995964,1.103307408607834,0.9912642605354288,0,0,0.0,0.0
