problem,access,navigate,page_close,video,discussion,wiki
0,3.03098193900391,2.8301001533711383,3.1139476925209384,2.197159723424149,1.7004448031130073,0.0
