problem,access,navigate,page_close,video,discussion,wiki
0.0,2.7345299214394703,2.6464393446710153,2.4863286677871854,1.7527152789797045,0.0,0
