problem,access,navigate,page_close,video,discussion,wiki
0,2.1493974703476995,0.9182958340544896,2.4464393446710155,2.2359263506290326,0,0
