problem,access,navigate,page_close,video,discussion,wiki
0.0,2.247828818026025,2.4692407821722844,2.1892869761976885,0.0,1.1660870601063933,0
