problem,access,navigate,page_close,video,discussion,wiki
0.0,3.4433203184323364,3.4117518537749354,3.518915956197251,3.146286370662105,0.0,0
