problem,access,navigate,page_close,video,discussion,wiki
1.9542473996920802,1.9591479170272448,1.3787834934861756,0,1.0,0,0
