problem,access,navigate,page_close,video,discussion,wiki
0.7721551435804814,3.7146681469853275,2.96714822793866,3.747894092897859,3.232778743110536,1.5709505944546684,1.0
