problem,access,navigate,page_close,video,discussion,wiki
0.0,1.4591479170272446,1.584962500721156,1.6577427265048887,1.3709505944546687,0,0
