problem,access,navigate,page_close,video,discussion,wiki
0.8112781244591328,1.188721875540867,0.0,1.3516441151533924,0,0,0
