problem,access,navigate,page_close,video,discussion,wiki
0,1.4806821149663847,0.8812908992306927,1.7055872616982604,1.8423709931771086,0.954434002924965,0.0
