problem,access,navigate,page_close,video,discussion,wiki
0,1.8262452584026092,1.5,2.197159723424149,2.1556390622295662,0,0
