problem,access,navigate,page_close,video,discussion,wiki
1.468090781663233,3.3439975145711647,2.5005038327557685,3.3212727769891135,3.217488427929138,0.8166890883150209,0.9182958340544896
