problem,access,navigate,page_close,video,discussion,wiki
0.8366407419411673,1.7975210074823047,2.113283334294875,1.5742840955380735,1.4185644431995963,0.0,0
