problem,access,navigate,page_close,video,discussion,wiki
0.0,2.6015152803175132,2.0640387089891847,2.6638651219508542,2.658680662942251,0,0
