problem,access,navigate,page_close,video,discussion,wiki
0.8112781244591328,2.3524560330212867,2.5654483718208256,0.0,0,1.1770225546116342,0
