problem,access,navigate,page_close,video,discussion,wiki
0.0,1.4224751175914554,1.5,1.1216407621868583,0.7642045065086203,0,0
