problem,access,navigate,page_close,video,discussion,wiki
0.0,2.424835634986198,2.503258334775646,1.974937501201927,1.584962500721156,0,0.0
