problem,access,navigate,page_close,video,discussion,wiki
0.8238116333123173,2.76116683560926,2.126614471810182,2.548079764182954,2.5492553971684995,1.737036368120671,0.0
