problem,access,navigate,page_close,video,discussion,wiki
0,2.0634693354820453,1.584962500721156,1.4806821149663847,1.402081402756032,0,0
