problem,access,navigate,page_close,video,discussion,wiki
0.9798687566511528,2.207641875328269,2.128085278891394,1.9362600275315274,1.5,0.0,0.0
