problem,access,navigate,page_close,video,discussion,wiki
0.9182958340544896,2.7029962037862276,1.9609640474436811,2.6159835655819164,1.7582975708748245,0.9852281360342516,0
