problem,access,navigate,page_close,video,discussion,wiki
2.75,3.148682472823922,2.3058437684823567,2.760127505221842,2.542482693809727,0.0,0.0
