problem,access,navigate,page_close,video,discussion,wiki
2.7280765255182065,4.121295938571459,3.4105958761262936,4.045597070338802,4.053175262485105,3.374066588427496,0
