problem,access,navigate,page_close,video,discussion,wiki
0,2.2943135153430476,2.2359263506290326,2.266992565727394,0,0.9709505944546686,0
