problem,access,navigate,page_close,video,discussion,wiki
2.107963755697208,2.726185576889213,2.399537225087599,2.552518210994488,1.9182958340544893,0,0
