problem,access,navigate,page_close,video,discussion,wiki
0.6193821946787638,2.1717325948008237,2.321928094887362,0,1.584962500721156,0.0,0
