problem,access,navigate,page_close,video,discussion,wiki
0.5916727785823275,2.1800365325772657,1.0,2.038159681645953,0,0,0
