problem,access,navigate,page_close,video,discussion,wiki
0.9865446300055645,1.6614647221841645,1.9717472571281807,1.8688380418847683,1.7924812503605778,0,0
