problem,access,navigate,page_close,video,discussion,wiki
0.0,1.7604924085446094,1.4591479170272448,2.41379956460568,2.503258334775646,0,0
