problem,access,navigate,page_close,video,discussion,wiki
0.9991421039919088,2.008412820546011,0.9182958340544896,1.867633890971212,1.4488156357251847,0,0
