problem,access,navigate,page_close,video,discussion,wiki
0.0,3.430796053813424,3.2464393446710154,3.443133720606753,2.6556390622295662,1.9542473996920802,0.0
