problem,access,navigate,page_close,video,discussion,wiki
0.0,1.9475623036900227,0.0,1.792481250360578,2.128085278891394,0,0
