problem,access,navigate,page_close,video,discussion,wiki
0.676941869780886,1.760835283310187,1.5487949406953985,1.781937063546704,0.9910760598382222,0.0,0.0
