problem,access,navigate,page_close,video,discussion,wiki
1.4949188482339508,1.923794940695399,1.9219280948873623,0,0,0,0
