problem,access,navigate,page_close,video,discussion,wiki
0.9961344835095796,2.7650452830879466,2.663532754804255,2.982334543043674,2.2810361125534238,1.939353872167201,0.0
