problem,access,navigate,page_close,video,discussion,wiki
0.5435644431995964,2.384183719779189,0.9709505944546686,1.792481250360578,2.128085278891394,1.2516291673878228,1.0
