problem,access,navigate,page_close,video,discussion,wiki
0,2.7148376833164645,1.7295739585136223,2.90194695925137,2.6022170014624826,0.4394969869215134,1.0
