problem,access,navigate,page_close,video,discussion,wiki
0.0,1.908625047989141,2.3332062193464953,1.0,1.7924812503605778,0.0,0
