problem,access,navigate,page_close,video,discussion,wiki
2.6996780119460615,3.018109967715474,3.188795755245962,2.4749525415173124,2.4182958340544896,2.6248602207431317,1.584962500721156
