problem,access,navigate,page_close,video,discussion,wiki
0.9798687566511528,2.9028680055409892,2.377443751081734,2.6344504405174893,2.86836705415663,0.0,0.0
