problem,access,navigate,page_close,video,discussion,wiki
0.9255008230823549,3.37732651731101,2.984234164652489,2.1556390622295662,0,0,0
