problem,access,navigate,page_close,video,discussion,wiki
1.560329856697169,3.5261549776654966,2.8851305185454144,3.401076880026372,3.609668477419888,2.1582065586723758,2.0
