problem,access,navigate,page_close,video,discussion,wiki
0.0,2.9832236987463854,2.2841591278514217,2.8856384998903235,1.4591479170272448,0,0
