problem,access,navigate,page_close,video,discussion,wiki
2.8426639814133456,2.5025820290285665,2.1556390622295662,2.6026051487677937,2.493541090353655,0.0,0
