problem,access,navigate,page_close,video,discussion,wiki
1.0537317914688453,3.762874349229296,3.6394084230978394,3.277613436819116,2.0,2.8706200261189525,0.0
