problem,access,navigate,page_close,video,discussion,wiki
0,1.6078729966390697,2.777776811456786,1.5289659680720937,0.0,0,0
