problem,access,navigate,page_close,video,discussion,wiki
0,1.5219280948873621,1.3787834934861753,2.128085278891394,0.9182958340544896,0.0,0
