problem,access,navigate,page_close,video,discussion,wiki
0,2.1031073894908627,1.867633890971212,2.2200683022340693,1.4182958340544896,0.5916727785823275,0
