problem,access,navigate,page_close,video,discussion,wiki
1.746307034008563,1.593575552370235,1.3709505944546687,1.0,1.4346860514952977,0,0
