problem,access,navigate,page_close,video,discussion,wiki
1.7711069880877643,2.6415529132938516,1.2516291673878228,2.4193819456463714,2.0550365325772657,0.8112781244591328,0
