problem,access,navigate,page_close,video,discussion,wiki
1.8042606197223825,2.6881574146966294,2.660964047443681,0.0,0.0,0,0
