problem,access,navigate,page_close,video,discussion,wiki
0.49123734182433315,2.127390519149295,2.1280852788913944,2.1800365325772657,1.5219280948873621,0.0,0.0
