problem,access,navigate,page_close,video,discussion,wiki
1.8788262420000374,2.226120746842681,1.0,2.155968102145908,1.8464393446710154,0,0
