problem,access,navigate,page_close,video,discussion,wiki
1.0,1.5461796919474975,0.0,1.5545851693377997,1.5219280948873621,0,0
