problem,access,navigate,page_close,video,discussion,wiki
0.9182958340544896,2.577146950105225,2.353533948577482,2.303506234097152,1.584962500721156,1.7924812503605778,0.0
