problem,access,navigate,page_close,video,discussion,wiki
3.0479516674900737,3.7005855584324436,3.6062389286533896,2.725480556997868,2.0,0.4394969869215134,1.0
