problem,access,navigate,page_close,video,discussion,wiki
0.0,2.0999857329017306,1.3787834934861753,1.4466166676282082,1.9219280948873623,0,0.0
