problem,access,navigate,page_close,video,discussion,wiki
1.5219280948873621,2.326136898244671,2.3787834934861753,2.5274955437916096,2.584962500721156,0,0
