problem,access,navigate,page_close,video,discussion,wiki
2.6724876891689537,2.804816379080214,3.5224963070861737,3.1882014726805434,3.265583322887733,1.4485756660224112,1.3787834934861753
