problem,access,navigate,page_close,video,discussion,wiki
1.0,2.590031809123569,2.8282129458410017,2.313412717942656,2.3037956681979184,0.9596868937742169,0
