problem,access,navigate,page_close,video,discussion,wiki
0.41381685030363374,1.3814608545340699,1.2516291673878228,1.578897902987479,0.9933927290103626,0,0.0
