problem,access,navigate,page_close,video,discussion,wiki
1.8464393446710154,1.9734778384468257,2.2810361125534238,1.9412538771188164,1.3221793455166666,0,0
