problem,access,navigate,page_close,video,discussion,wiki
1.4806821149663847,2.46698196904676,2.4193819456463714,2.3664100382034166,2.1802589043587526,0.0,0
