problem,access,navigate,page_close,video,discussion,wiki
0.5328350630342235,1.4833557549816876,1.5219280948873621,1.4056390622295665,1.5,0,0
