problem,access,navigate,page_close,video,discussion,wiki
0,2.6037016960573482,2.321928094887362,2.5027361715940035,1.5,0,0
