problem,access,navigate,page_close,video,discussion,wiki
0.0,1.8625778190154825,1.8330709070912796,1.6528633822909644,1.884313527799799,1.2638091738835462,0.0
