problem,access,navigate,page_close,video,discussion,wiki
1.5,2.6681584500827076,1.5,2.5645092301303247,2.6312929881819,0,0
