problem,access,navigate,page_close,video,discussion,wiki
0.8112781244591328,2.6433029549923845,2.4193819456463714,0.9182958340544896,0.0,1.3346791410515948,0
