problem,access,navigate,page_close,video,discussion,wiki
0.7219280948873623,2.9414586778202456,2.5220552088742005,2.9941084958730695,0.7219280948873623,0,0
