problem,access,navigate,page_close,video,discussion,wiki
2.968946298134657,3.4631449409815764,3.0243974703476995,3.3907787467614603,3.0986885704510976,0.0,0.0
