problem,access,navigate,page_close,video,discussion,wiki
0.9182958340544896,2.909674326545545,2.6464393446710157,2.827819531114783,1.75,2.113283334294875,0.0
