problem,access,navigate,page_close,video,discussion,wiki
1.8957607430923091,3.9165822701384827,3.695020634116611,3.983289659168639,3.399079570624174,0.0,0
