problem,access,navigate,page_close,video,discussion,wiki
2.5995812306460646,3.4140425934467196,3.4709331072506777,2.939353872167201,3.5518480975263906,0.7219280948873623,0.0
