problem,access,navigate,page_close,video,discussion,wiki
0.5032583347756457,1.9502120649147465,0.8112781244591328,1.9056390622295665,2.0,0,0
