problem,access,navigate,page_close,video,discussion,wiki
2.1787371481853306,2.5880627138305607,2.103909910282364,2.4624836082300474,2.3037464107788743,0.0,0
