problem,access,navigate,page_close,video,discussion,wiki
2.7274213294333802,3.048000302687833,2.57243125132212,3.1689815507970764,3.087317423957933,1.6879410452364207,1.4591479170272448
