problem,access,navigate,page_close,video,discussion,wiki
1.3893557466791862,1.6995603874626903,1.9591479170272448,2.287783719941071,1.7263472243434208,0,0
