problem,access,navigate,page_close,video,discussion,wiki
1.811278124459133,2.3508823026670815,2.1556390622295662,1.9182958340544893,1.9219280948873623,0.0,0
