problem,access,navigate,page_close,video,discussion,wiki
2.7300610345734837,3.7062827715798408,2.997405811425518,3.054789721071421,3.483074189428569,1.3787834934861756,0.0
