problem,access,navigate,page_close,video,discussion,wiki
2.0,2.6925123179303014,2.0588138903312014,2.6430392539220886,2.905764584655453,1.0,0
