problem,access,navigate,page_close,video,discussion,wiki
0.0,1.7783283537314114,0.9709505944546686,1.9182958340544893,1.295461844238322,0,0
