problem,access,navigate,page_close,video,discussion,wiki
2.6317745576178964,3.3532621344723568,2.7550576199383077,3.272710835776031,3.466556056629276,1.322305788853309,1.0
