problem,access,navigate,page_close,video,discussion,wiki
0.954434002924965,3.1427405907247437,1.7219280948873623,2.5216406363433186,2.378783493486176,0.0,0
