problem,access,navigate,page_close,video,discussion,wiki
1.8710191208788398,2.072028317078116,1.7295739585136223,2.3522170014624826,2.5032583347756456,0.0,0.0
