problem,access,navigate,page_close,video,discussion,wiki
1.790492223970158,2.5639970481838668,0.9709505944546686,1.0,0.0,0.0,0.0
