problem,access,navigate,page_close,video,discussion,wiki
0,1.833057739510623,2.1545360655058308,2.054585169337799,1.5219280948873621,0.0,0.0
