problem,access,navigate,page_close,video,discussion,wiki
1.21454040779525,2.490014289504913,2.197159723424149,2.237397409783102,0.9182958340544896,0.0,0.0
