problem,access,navigate,page_close,video,discussion,wiki
1.8094012774561379,2.896726321945374,2.6235166412180155,2.7841837197791888,2.523231428797621,0.0,0
