problem,access,navigate,page_close,video,discussion,wiki
0,2.5477309221191606,2.168232893338811,2.2359263506290326,1.0,0,0
