problem,access,navigate,page_close,video,discussion,wiki
0.7642045065086203,1.103307408607834,0.7219280948873623,0.0,0,0.0,0.0
