problem,access,navigate,page_close,video,discussion,wiki
2.69478847203238,3.3073817158991394,2.4591479170272446,3.1240924804297174,0,2.013132465170739,0
