problem,access,navigate,page_close,video,discussion,wiki
2.224833025479758,2.3665922311014054,2.7743974703476995,2.7551307096482813,2.3012693629222505,0.0,0.0
