problem,access,navigate,page_close,video,discussion,wiki
0,2.292481250360578,2.584962500721156,2.235926350629032,1.584962500721156,0,0
