problem,access,navigate,page_close,video,discussion,wiki
1.4426049431802972,1.9946333236744493,2.1492553971685,0.0,1.584962500721156,1.3516441151533924,1.0
