problem,access,navigate,page_close,video,discussion,wiki
3.0120467530884993,3.556712496343837,2.5521796970665487,3.5536226828843978,3.2564291375854415,2.8864484959720618,0
