problem,access,navigate,page_close,video,discussion,wiki
0.0,3.0205943566743203,2.931208948910323,1.584962500721156,1.0,0.0,0
