problem,access,navigate,page_close,video,discussion,wiki
0.9780155566622415,2.26155939560473,2.6541834829029325,2.0705934438130758,1.6767370300521325,1.9982975702780197,1.0
