problem,access,navigate,page_close,video,discussion,wiki
1.061278124459133,2.8692851864915068,1.8778867313886054,1.7924812503605778,2.498077546623641,0.6193821946787638,0.0
