problem,access,navigate,page_close,video,discussion,wiki
0,2.6808518549795144,1.9182958340544893,2.321928094887362,0.0,0,0
