problem,access,navigate,page_close,video,discussion,wiki
1.9431766843351304,2.372966377227965,1.5,2.4488156357251847,1.811278124459133,0,0
