problem,access,navigate,page_close,video,discussion,wiki
1.474041717473638,2.276636303480262,2.7550576199383072,2.6247496500239644,2.517201802582726,0,2.1559853745716033
