problem,access,navigate,page_close,video,discussion,wiki
0.7219280948873623,1.2098003386604828,1.5219280948873621,1.280672129520887,0.5435644431995964,0,0
