problem,access,navigate,page_close,video,discussion,wiki
0,1.974937501201927,1.5219280948873621,1.5219280948873621,0.0,0,0
