problem,access,navigate,page_close,video,discussion,wiki
1.0,2.890328804667769,2.3804820237218407,2.7489720482748075,2.6947814605842733,0.6500224216483541,1.0
