problem,access,navigate,page_close,video,discussion,wiki
1.518981310534532,3.449453470096824,2.297079327540665,3.3956388075276673,3.029452044030914,1.4056390622295665,0.0
