problem,access,navigate,page_close,video,discussion,wiki
0,1.6729055953200562,0.0,1.352030101757953,0.4689955935892812,0,0
