problem,access,navigate,page_close,video,discussion,wiki
1.8464393446710154,3.3082294190560333,3.0542292966721747,3.2607510552708923,1.8423709931771086,1.9197925190032301,0
