problem,access,navigate,page_close,video,discussion,wiki
1.0,3.6967370989443165,2.411602217974672,3.342683189255492,2.5,1.5,0
