problem,access,navigate,page_close,video,discussion,wiki
0.7467366074830679,2.637375840557533,1.0,2.6887218755408666,2.5216406363433186,0,0
