problem,access,navigate,page_close,video,discussion,wiki
0.0,1.5485652260309177,1.8073549220576042,1.5394847569315018,1.4591479170272448,0.0,0
