problem,access,navigate,page_close,video,discussion,wiki
1.5632790363522515,2.4283609077117583,1.5566567074628228,2.0,0.0,0,0
