problem,access,navigate,page_close,video,discussion,wiki
1.0,1.4180260055608094,1.5566567074628228,1.5744174271404585,1.811278124459133,0.0,0
