problem,access,navigate,page_close,video,discussion,wiki
0.0,1.5461796919474975,0.7642045065086203,1.4355205042826666,1.3709505944546687,0.0,0.0
