problem,access,navigate,page_close,video,discussion,wiki
0.0,1.9134891348904706,1.6858157091530304,1.9746017527145812,1.0,0,0.0
