problem,access,navigate,page_close,video,discussion,wiki
1.061278124459133,2.498100649502436,2.5424826938097276,1.7947367178034823,0,0,0.0
