problem,access,navigate,page_close,video,discussion,wiki
0.9852281360342516,2.411258213744747,2.5868878409958134,2.270054798865899,1.974937501201927,0.7219280948873623,0
