problem,access,navigate,page_close,video,discussion,wiki
0,2.1709505944546685,0.9709505944546686,1.3787834934861753,1.7924812503605778,0,0
