problem,access,navigate,page_close,video,discussion,wiki
1.4353713907745331,1.5709505944546684,1.2987949406953985,1.3709505944546687,0,0,0
