problem,access,navigate,page_close,video,discussion,wiki
1.5,2.2242103996847296,1.6577427265048887,2.1722381921018905,1.722266311943983,0.0,0.0
