problem,access,navigate,page_close,video,discussion,wiki
0,3.296234061227292,2.521640636343318,2.413088436425758,3.1307179879273743,0,0
