problem,access,navigate,page_close,video,discussion,wiki
0.0,2.647644923354072,2.063458298648303,2.9176286494293433,3.006238928653389,0.8112781244591328,0.0
