problem,access,navigate,page_close,video,discussion,wiki
1.4619011889093372,2.6102342838958736,2.284107451387086,1.811278124459133,1.8423709931771088,1.8423709931771084,1.0
