problem,access,navigate,page_close,video,discussion,wiki
1.6574390424502368,3.3799009713711508,2.2359263506290326,3.2885638219175655,2.9305930861794187,0,0
