problem,access,navigate,page_close,video,discussion,wiki
1.8464393446710154,2.6756137404764777,3.0363722498302232,2.449441043222511,1.6697367178034823,1.5303120366919818,0.0
