problem,access,navigate,page_close,video,discussion,wiki
1.751586954246649,3.053180239655311,2.968918563962097,2.94496279937908,2.4619904727681208,1.04975472279146,0.0
