problem,access,navigate,page_close,video,discussion,wiki
0.0,2.094568392113171,1.8423709931771086,1.836591668108979,1.5219280948873621,0.0,0.0
