problem,access,navigate,page_close,video,discussion,wiki
0,2.48750672627926,2.2516291673878226,2.125814583693911,2.1609640474436813,0,0
