problem,access,navigate,page_close,video,discussion,wiki
2.1915593893136727,2.7506220463987976,2.6601297526332566,2.217021885879718,1.789929075309999,0.0,0
