problem,access,navigate,page_close,video,discussion,wiki
0.0,1.5545851693377997,1.2987949406953985,1.9182958340544893,0,0,0
