problem,access,navigate,page_close,video,discussion,wiki
1.8423709931771084,2.11998396023849,2.121276357834812,0,0,0.7939924338116537,0.0
