problem,access,navigate,page_close,video,discussion,wiki
1.9385038585158108,2.9731001660558674,2.472905595320056,2.988316710610012,2.6986604604011153,0,0
