problem,access,navigate,page_close,video,discussion,wiki
0.0,1.6291186839473977,1.879964948727111,1.640223928941852,0.7219280948873623,0.0,0.0
