problem,access,navigate,page_close,video,discussion,wiki
0,2.074084374488844,2.25,1.7779849042597489,1.4854752972273344,0,0
