problem,access,navigate,page_close,video,discussion,wiki
0,1.1941737342569119,1.6577427265048887,1.2516291673878228,1.5,0.6500224216483541,0.0
