problem,access,navigate,page_close,video,discussion,wiki
2.1999793267164867,2.6199707109276353,2.542482693809727,1.676737030052133,0.9852281360342516,1.5306189948485172,0.0
