problem,access,navigate,page_close,video,discussion,wiki
0.8112781244591328,0.9852281360342516,0.0,1.3787834934861756,1.2516291673878228,0,0
