problem,access,navigate,page_close,video,discussion,wiki
1.7527152789797045,2.1690354219421173,1.4591479170272448,2.5492553971685004,1.6577427265048887,0.0,0.0
