problem,access,navigate,page_close,video,discussion,wiki
0.0,3.073125223744058,2.8818161598663123,2.0,2.058813890331201,1.9869608142719166,0.0
