problem,access,navigate,page_close,video,discussion,wiki
0.0,2.2758361633051267,0.6500224216483541,2.2256051990169436,1.760495029766198,0,0
