problem,access,navigate,page_close,video,discussion,wiki
0.5435644431995964,2.4796958966670894,2.7933451941915166,2.3952822849274256,1.3250112108241772,0.0,0
