problem,access,navigate,page_close,video,discussion,wiki
1.8843135277997989,2.313100666415769,2.7272103113389794,0.8112781244591328,1.3709505944546687,0.0,0.0
