problem,access,navigate,page_close,video,discussion,wiki
0.9852281360342516,2.1105961389266823,2.084962500721156,0.9182958340544896,0.9182958340544896,1.0,0.0
