problem,access,navigate,page_close,video,discussion,wiki
0.0,2.019240704636849,2.1339375660949167,1.4911148500551856,1.3567796494470397,0,0
