problem,access,navigate,page_close,video,discussion,wiki
0,1.8411803921927492,1.0,1.8050365325772657,1.7381493331928661,0,0
