problem,access,navigate,page_close,video,discussion,wiki
0,2.3937409315627427,1.0,2.545999197128142,2.6464393446710153,0,0
