problem,access,navigate,page_close,video,discussion,wiki
1.861769806677003,1.995325078100087,1.0,1.75,2.1559130951758245,0.0,0
