problem,access,navigate,page_close,video,discussion,wiki
0,2.6835815963438394,2.251629167387823,2.5763132069840315,1.584962500721156,0,0
