problem,access,navigate,page_close,video,discussion,wiki
1.4355205042826666,3.0103907223310395,2.835237745312118,2.975412897259045,2.5495234595978324,0.0,0
