problem,access,navigate,page_close,video,discussion,wiki
0.0,1.965596230357602,2.128085278891394,1.8230679822736608,1.5219280948873621,0,0
