problem,access,navigate,page_close,video,discussion,wiki
1.642423961771975,3.221097250057957,2.784010874644601,2.925853014561283,2.556656707462823,0.0,0
