problem,access,navigate,page_close,video,discussion,wiki
0.4262286569981449,1.5985336454150527,1.5566567074628228,1.0,1.4854752972273344,0.0,0
