problem,access,navigate,page_close,video,discussion,wiki
0,2.318144667641655,2.321928094887362,2.4677201004744993,2.503258334775646,0.9852281360342516,0.0
