problem,access,navigate,page_close,video,discussion,wiki
1.771782221599798,2.350652483341389,1.9502120649147465,2.2619217944058456,1.8672324766238968,0.0,0
