problem,access,navigate,page_close,video,discussion,wiki
0.0,0.747584679824574,1.3709505944546687,1.3709505944546687,0.7732283485249176,0,0
