problem,access,navigate,page_close,video,discussion,wiki
1.7045672470583544,3.0721850447306163,3.127390333636028,2.7338581627507503,2.7698994170151243,0,0
