problem,access,navigate,page_close,video,discussion,wiki
1.4315602842833155,2.4864012111482947,0.9182958340544896,2.4086949695628417,1.786993063197861,0,0
