problem,access,navigate,page_close,video,discussion,wiki
1.0,2.9020281619961996,2.4137995646056805,3.0271563728395963,2.990697864668804,0.0,0.0
