problem,access,navigate,page_close,video,discussion,wiki
0.5785436517082876,3.5982021200712437,3.1814651915841563,3.2720552088742005,2.789898095464288,0.6500224216483541,0.9182958340544896
