problem,access,navigate,page_close,video,discussion,wiki
0,1.610577243331642,0.9709505944546686,1.1488348542809166,1.3709505944546687,0,0
