problem,access,navigate,page_close,video,discussion,wiki
0,2.107735252622104,1.4182958340544896,2.1971597234241496,1.4591479170272448,0,0
