problem,access,navigate,page_close,video,discussion,wiki
0.0,2.594647309807342,1.8464393446710154,1.6258145836939115,1.9219280948873623,0,0
