problem,access,navigate,page_close,video,discussion,wiki
1.9347154954246262,2.460888694520299,2.725480556997868,2.7762963907477656,1.5534845018187062,0.21639693245126462,0
