problem,access,navigate,page_close,video,discussion,wiki
0.0,2.0883763717345074,0.0,1.617189572592715,0.9182958340544896,0,0
