problem,access,navigate,page_close,video,discussion,wiki
2.196869781707574,2.397191975523418,1.9219280948873623,2.0,2.4056390622295662,1.9246733686301718,0
