problem,access,navigate,page_close,video,discussion,wiki
1.2894730449829255,2.625249945660312,3.2607546627667134,2.6768840329648547,1.8446275499630507,0.0,0
