problem,access,navigate,page_close,video,discussion,wiki
1.9923668874760434,3.06118063062203,2.5,2.9511430177077886,2.689246428509158,1.3366664819166876,1.9502120649147465
