problem,access,navigate,page_close,video,discussion,wiki
1.4611186539404426,3.373145173915133,2.434250019028106,3.636842188131012,3.2402239289418517,0.0,0.9182958340544896
