problem,access,navigate,page_close,video,discussion,wiki
0.9991421039919088,3.0185071261317478,2.4056390622295662,1.9219280948873623,0,0,0
