problem,access,navigate,page_close,video,discussion,wiki
0.9957274520849256,3.0497067014408064,2.3158243335257076,3.02322500208334,2.1219280948873624,2.0423516020600117,0
