problem,access,navigate,page_close,video,discussion,wiki
0.9940302114769565,2.0773238024297203,2.3709505944546687,2.021614871911295,0.8112781244591328,0.0,0.0
