problem,access,navigate,page_close,video,discussion,wiki
1.4056390622295665,2.556241763957987,1.584962500721156,2.425501142302105,2.113578911749501,0.9940302114769565,0
