problem,access,navigate,page_close,video,discussion,wiki
0.0,1.3366664819166876,0.9852281360342516,1.3346791410515946,1.3787834934861756,0,0
