problem,access,navigate,page_close,video,discussion,wiki
0,2.677549677765604,2.25,2.4211274733371866,2.1261207468426804,0,0
