problem,access,navigate,page_close,video,discussion,wiki
0.9852281360342516,3.7014250514944886,1.9219280948873623,3.3832390497047142,3.238005515478548,0.6500224216483541,0
