problem,access,navigate,page_close,video,discussion,wiki
0.8904916402194913,2.7162828397623886,1.9616751500478973,2.7647929233802446,2.3443481425187316,2.071784534446792,1.0
