problem,access,navigate,page_close,video,discussion,wiki
1.8503470232150985,2.6805242383285783,2.495602923729013,2.7146953472333935,2.4140005121914347,1.8094012774561379,1.584962500721156
