problem,access,navigate,page_close,video,discussion,wiki
0.0,2.259799223400567,1.0,1.617189572592715,1.6854752972273344,0,0
