problem,access,navigate,page_close,video,discussion,wiki
0.9798687566511528,3.3816354713676846,2.380430487800112,3.368703884695254,3.5468329372818865,0.9709505944546686,0
