problem,access,navigate,page_close,video,discussion,wiki
0.7219280948873623,2.910145569164818,2.4591479170272446,1.5,1.0,0.0,0.0
