problem,access,navigate,page_close,video,discussion,wiki
1.7033848993102918,3.711296296462909,3.6368421881310122,2.855388542207534,3.121928094887362,0.0,0
