problem,access,navigate,page_close,video,discussion,wiki
0.0,1.8192407046368488,1.9182958340544893,2.046439344671015,0.0,1.3709505944546687,0
