problem,access,navigate,page_close,video,discussion,wiki
1.2958363892911637,4.1273714607954854,4.037326145256007,2.503258334775646,2.521640636343318,2.5949425457834807,1.584962500721156
