problem,access,navigate,page_close,video,discussion,wiki
0,1.5545851693377997,1.584962500721156,1.3921472236645345,1.0,0,0
