problem,access,navigate,page_close,video,discussion,wiki
1.3995812306460644,2.8190426611237727,2.8693312611115176,2.128085278891394,1.0,1.8479384614224323,1.0
