problem,access,navigate,page_close,video,discussion,wiki
2.7369353204657347,3.3677043182853623,2.2221915755066783,3.1077516472406157,2.9443949486565364,2.664280515482232,0.5916727785823275
