problem,access,navigate,page_close,video,discussion,wiki
2.5903226633720378,3.465666742343702,3.232992196513129,2.584962500721156,3.237206084230193,2.3257855129374603,0.0
