problem,access,navigate,page_close,video,discussion,wiki
3.492131323595268,3.672928955991321,2.8150724101159437,1.584962500721156,1.0,0.0,0.0
