problem,access,navigate,page_close,video,discussion,wiki
1.9056390622295662,2.4927177744441087,2.7933498578542197,1.0,1.0,1.0,0.0
