problem,access,navigate,page_close,video,discussion,wiki
2.1735332098491886,2.907614504895241,3.1012274809529554,2.7900264654860227,2.4466166676282084,0,0
