problem,access,navigate,page_close,video,discussion,wiki
0.9709505944546686,2.4173803777735503,2.246439344671015,1.584962500721156,1.584962500721156,0.9219280948873623,1.0
