problem,access,navigate,page_close,video,discussion,wiki
1.5566766519448638,3.4315194680377585,3.1381774440611157,3.505742349917766,3.5077516472406156,0.7219280948873623,0.0
