problem,access,navigate,page_close,video,discussion,wiki
1.0575851584676959,3.440454450688881,2.5315107774877745,3.602813458606878,3.2840829066664585,1.1951184583080539,0.0
