problem,access,navigate,page_close,video,discussion,wiki
0.954434002924965,3.4003100053137962,3.0595379647257896,3.4138792126251336,2.625814583693911,1.9032084631380157,0.0
