problem,access,navigate,page_close,video,discussion,wiki
1.2646726793957221,3.0266388876394115,2.484889451733241,3.041773745299424,3.0692119268197366,0.5435644431995964,0.0
