problem,access,navigate,page_close,video,discussion,wiki
0,1.7783283537314114,1.8423709931771088,2.1280852788913944,0.9182958340544896,0,0
