problem,access,navigate,page_close,video,discussion,wiki
3.055737970708747,3.934161925866564,3.6001908764824524,4.169532428635838,4.146439344671014,0,0
