problem,access,navigate,page_close,video,discussion,wiki
2.939849423411344,4.148609672150427,3.661226256269789,3.948587648241699,4.045101598102228,0,0
