problem,access,navigate,page_close,video,discussion,wiki
1.2638091738835462,3.7832358250326616,3.441068585955437,3.733460733400729,3.620453869369627,2.72456196914291,1.5
