problem,access,navigate,page_close,video,discussion,wiki
3.361782725733987,3.74507856866476,3.1820058147602133,3.3514676266999563,3.618498111799671,1.5,0
