problem,access,navigate,page_close,video,discussion,wiki
2.5216406363433186,3.1185795542506933,1.9746017527145812,1.584962500721156,2.321928094887362,1.153398942778747,0.0
