problem,access,navigate,page_close,video,discussion,wiki
0.7642045065086203,2.3932696895151087,2.1211274733371868,0.0,0,0.0,1.584962500721156
