problem,access,navigate,page_close,video,discussion,wiki
0.0,1.7209480533797534,1.5566567074628228,1.722266311943983,1.5304930567574826,0,0
