problem,access,navigate,page_close,video,discussion,wiki
1.925796479454646,3.2682266137110307,2.8397755396455078,3.2224723852148025,3.0314018453921716,1.8464393446710154,1.0
