problem,access,navigate,page_close,video,discussion,wiki
1.8789446821842704,3.4314757164463225,2.827819531114783,3.3917024339144364,2.4729055953200563,2.235591746027931,0.0
