problem,access,navigate,page_close,video,discussion,wiki
3.100995219810054,3.54834241131,2.6635327548042547,3.594465636961452,3.6339740759971573,3.355913095175825,0.0
