problem,access,navigate,page_close,video,discussion,wiki
1.4195562985716133,2.0414460711655216,2.2464393446710154,1.9219280948873623,2.2359263506290326,0,0
