problem,access,navigate,page_close,video,discussion,wiki
1.3516441151533924,4.647711992799974,4.85454212782464,4.352761100233991,3.944666510772433,4.706346334257075,2.934265423461712
