problem,access,navigate,page_close,video,discussion,wiki
0.7793498372920852,1.9295721429769683,2.4130884364257574,2.083087238982873,1.0189139562000629,0.0,0
