problem,access,navigate,page_close,video,discussion,wiki
0.0,1.9473260590910209,2.013132465170739,1.9083445441575106,1.4195562985716133,0.4689955935892812,0
