problem,access,navigate,page_close,video,discussion,wiki
1.5262349099495225,2.6899543202209095,2.350209029099897,2.7436711083062604,2.2066294029540403,0.0,0.0
