problem,access,navigate,page_close,video,discussion,wiki
0.0,2.258749585242476,1.0,2.353533948577482,2.1556390622295662,0,0
