problem,access,navigate,page_close,video,discussion,wiki
0.9182958340544896,2.9935027833429113,2.3935823097180293,2.2743974703476995,2.57243125132212,1.515637434826572,0.0
