problem,access,navigate,page_close,video,discussion,wiki
0.8238116333123173,3.9749554136635794,2.739353872167201,3.945464952495108,3.673757798772782,1.3092966682370037,0
