problem,access,navigate,page_close,video,discussion,wiki
1.9506006719742346,3.702995384571426,3.4762453816226486,3.731898235515348,3.570287551999249,2.4537427971885024,1.584962500721156
