problem,access,navigate,page_close,video,discussion,wiki
0,1.3382689280764646,1.0,1.3485878960124222,1.3516441151533922,0,0
