problem,access,navigate,page_close,video,discussion,wiki
1.954685946946356,3.9414310190048507,3.146286370662105,3.9743940344949626,3.9541703393080185,1.226728356986345,0.0
