problem,access,navigate,page_close,video,discussion,wiki
1.0,3.47729034199242,1.3709505944546687,3.0306390622295662,2.9219280948873623,1.9362600275315274,0
