problem,access,navigate,page_close,video,discussion,wiki
0,0.8238116333123173,0.9182958340544896,0.5916727785823275,0.0,0.0,0.0
