problem,access,navigate,page_close,video,discussion,wiki
0,3.5777438450276358,2.3318026736242854,2.7916919971380594,3.277613436819116,1.014097655573916,0.0
