problem,access,navigate,page_close,video,discussion,wiki
0.0,2.448476859632982,2.1709505944546685,2.1769081691685783,0.863120568566631,0,0
