problem,access,navigate,page_close,video,discussion,wiki
0,2.1681165008909877,1.8464393446710154,1.7841591278514217,1.5566567074628228,0,0
