problem,access,navigate,page_close,video,discussion,wiki
1.5766212201074912,2.5876376783476553,2.4980775466236413,2.311156475837947,1.4854752972273344,1.6745434347361847,0.0
