problem,access,navigate,page_close,video,discussion,wiki
0,1.9746881902944295,1.75,1.9005332770550816,1.6675897585466832,0,0.0
