problem,access,navigate,page_close,video,discussion,wiki
1.9759233842911772,3.1421246684853843,3.2002886706435762,2.7730439834846927,2.727497224852472,0.6500224216483541,0.0
