problem,access,navigate,page_close,video,discussion,wiki
0,1.9502120649147465,0.9182958340544896,1.4591479170272446,1.4591479170272446,0.0,0.0
