problem,access,navigate,page_close,video,discussion,wiki
0,2.869294034199296,2.7373227798185953,2.0,1.584962500721156,0.0888796956845758,1.0
