problem,access,navigate,page_close,video,discussion,wiki
0.0,2.1692009270477244,2.0403733936884962,2.41896119556797,1.0,2.1180782093497093,0.0
