problem,access,navigate,page_close,video,discussion,wiki
0,1.7967916319816366,3.077405811425518,1.4911148500551858,1.2516291673878228,1.3221793455166666,0.0
