problem,access,navigate,page_close,video,discussion,wiki
0,2.4307357276295924,2.063558608511122,2.2904619233779213,1.871602261409798,1.584962500721156,0.0
