problem,access,navigate,page_close,video,discussion,wiki
0,0.4021791902022728,1.6644977792004614,0.5032583347756457,0.0,0,0.0
