problem,access,navigate,page_close,video,discussion,wiki
0,3.4233425105158553,2.951143017707788,3.101508755867878,2.7219280948873625,2.256564762130954,0.0
