problem,access,navigate,page_close,video,discussion,wiki
2.211764904417689,3.2818390012361554,1.5,2.2516291673878226,0.0,2.889549430862088,0
