problem,access,navigate,page_close,video,discussion,wiki
0.0,1.40512406115886,1.3250112108241772,1.784159127851422,1.4854752972273344,0,1.0
