problem,access,navigate,page_close,video,discussion,wiki
0,2.0741647430225756,1.224394445405986,2.2516291673878226,1.9502120649147465,0.0,0.0
