problem,access,navigate,page_close,video,discussion,wiki
0,2.415673489616209,2.197159723424149,2.6887218755408666,2.4056390622295662,0,0
