problem,access,navigate,page_close,video,discussion,wiki
0,0.8067379295705629,1.9219280948873623,0.7230020642792743,0.9709505944546686,0,0
