problem,access,navigate,page_close,video,discussion,wiki
0.0,2.629864491625083,2.6235166412180155,2.288019280279689,1.4591479170272448,0.0,0
