problem,access,navigate,page_close,video,discussion,wiki
0.9957274520849256,2.968586835256561,2.038159681645953,3.0175932387933115,2.9232314287976213,0,0
