problem,access,navigate,page_close,video,discussion,wiki
1.0,1.4591479170272448,1.3787834934861753,0.8112781244591328,0,0,0
