problem,access,navigate,page_close,video,discussion,wiki
2.2734111926211233,3.919371197783084,3.378783493486176,3.7414271690750738,3.018688570451097,0.0,0
