problem,access,navigate,page_close,video,discussion,wiki
1.789929075309999,3.328920195902667,2.6887218755408666,3.4877893065396983,3.2192509128388296,0.0,0
