problem,access,navigate,page_close,video,discussion,wiki
0.0,2.154609761265567,2.2607845582978525,2.295357051617443,2.197159723424149,1.5186499279017966,1.0
