problem,access,navigate,page_close,video,discussion,wiki
0.6500224216483541,2.918998444987949,2.332914563979398,2.544202148153424,2.320057595587548,1.4092686964550423,1.0
