problem,access,navigate,page_close,video,discussion,wiki
1.0339592392785082,2.6963963970964455,2.3718173489349312,2.8962316331775466,2.8714508796588665,0.6722948170756379,0
