problem,access,navigate,page_close,video,discussion,wiki
2.813405085335253,3.777683755324155,2.827819531114783,2.5216406363433186,0.0,0,0
