problem,access,navigate,page_close,video,discussion,wiki
1.4056390622295665,2.7107770844150676,3.4048541066775275,2.321928094887362,0,0,0
