problem,access,navigate,page_close,video,discussion,wiki
1.1254908068679135,2.648475750642593,1.823067982273661,2.791131554593816,2.5016094970590275,0,0
