problem,access,navigate,page_close,video,discussion,wiki
0.5225593745369408,3.5433770560668774,2.706890595608519,1.9056390622295665,1.584962500721156,1.584962500721156,0
