problem,access,navigate,page_close,video,discussion,wiki
1.4353713907745331,2.7110785997308153,0.5435644431995964,2.6688388898504307,2.806810531149502,1.0,0.0
