problem,access,navigate,page_close,video,discussion,wiki
0.0,3.201387578675218,3.1395722619867223,3.3901163993521553,2.8662478973127308,0.0,0
