problem,access,navigate,page_close,video,discussion,wiki
0.0,3.2568723144726777,2.4662478973127313,3.0,2.0588138903312014,0.8112781244591328,1.0
