problem,access,navigate,page_close,video,discussion,wiki
2.502735754259517,3.698274757462366,3.1556390622295662,3.7022427455241456,3.610577243331642,0.0,0
