problem,access,navigate,page_close,video,discussion,wiki
0.0,1.927451224964519,1.7527152789797045,1.8322488896002305,1.3787834934861753,0,0
