problem,access,navigate,page_close,video,discussion,wiki
2.3071885761626683,3.5068629132198765,2.199687794731328,3.6225738836114347,3.5110854081804272,0,0.0
