problem,access,navigate,page_close,video,discussion,wiki
2.781642348988503,4.01092854807295,3.6762400841760656,4.048117942491315,3.7997946193771917,3.5522156001126817,0.0
