problem,access,navigate,page_close,video,discussion,wiki
0.8812908992306927,2.8093560983955292,3.0513099897106652,2.8698907779035085,2.075869296697727,1.5020047009050883,0.0
