problem,access,navigate,page_close,video,discussion,wiki
0,2.7719023720385585,0.8112781244591328,2.9219280948873623,2.5,0.0,0
