problem,access,navigate,page_close,video,discussion,wiki
0.5225593745369408,2.9391967985846192,2.4830067805200744,2.878211620950336,2.3745560483818835,0,0.0
