problem,access,navigate,page_close,video,discussion,wiki
0,3.1260265301011665,2.5949066182439395,3.0659573209491744,2.6416041678685933,0.0,0.0
