problem,access,navigate,page_close,video,discussion,wiki
0,2.0021722231837638,0.6500224216483541,2.3898980954642877,2.481714572986073,0,0
