problem,access,navigate,page_close,video,discussion,wiki
2.224450967764642,3.0479579484679995,3.177722111655744,3.108930281421319,3.0640863108371588,0.0,1.5219280948873621
