problem,access,navigate,page_close,video,discussion,wiki
0,2.4047933024618025,2.058813890331201,2.5220552088742005,2.25,0,0
