problem,access,navigate,page_close,video,discussion,wiki
0.0,1.3664303577700676,2.279799131837405,1.4226754683112182,0.9910760598382222,0.0,0
