problem,access,navigate,page_close,video,discussion,wiki
1.5810309627563695,2.7834415848246743,2.4085490968753085,2.8453509366224363,2.5219280948873624,1.0949143184120975,0.5916727785823275
