problem,access,navigate,page_close,video,discussion,wiki
2.075869296697727,3.1176262878237613,3.1210052967317,2.128085278891394,1.5,0.0,0.0
