problem,access,navigate,page_close,video,discussion,wiki
0.8112781244591328,2.622331974330045,2.4116022179746714,1.7609640474436812,1.5,0.0,0.0
