problem,access,navigate,page_close,video,discussion,wiki
0.0,2.2036389814007147,1.8892464285091581,2.010018727798419,1.7783283537314114,0,0.0
