problem,access,navigate,page_close,video,discussion,wiki
1.0,1.1700333844140454,1.2332247882202199,1.2638091738835462,1.3709505944546687,0,0.0
