problem,access,navigate,page_close,video,discussion,wiki
1.2638091738835464,2.3659573209491747,1.5487949406953985,1.0,0.0,1.8623176306208427,0.0
