problem,access,navigate,page_close,video,discussion,wiki
0.0,2.383567414862467,1.9219280948873623,2.4810896395659165,2.4834585933443494,0,0
