problem,access,navigate,page_close,video,discussion,wiki
0.74959525725948,2.776588164791017,2.4137995646056805,2.665420334520565,1.75,0.0,0
