problem,access,navigate,page_close,video,discussion,wiki
2.4474015047059154,3.433713321893153,3.317405811425518,3.3725744927826167,2.408913401140511,0.0,0.0
