problem,access,navigate,page_close,video,discussion,wiki
0,0.4262286569981449,0.5916727785823275,0.2974722489192896,0.0,0.0,0.0
