problem,access,navigate,page_close,video,discussion,wiki
2.518260967222789,3.5883042353173282,3.4942899523959117,3.6787300841171016,2.875,1.5306401102506704,1.8536314491516004
