problem,access,navigate,page_close,video,discussion,wiki
1.5285040787412216,2.364327087610092,1.789929075309999,2.435402176080041,2.592850131858461,1.376441494461204,0.9182958340544896
