problem,access,navigate,page_close,video,discussion,wiki
0,2.5025980682472606,1.3709505944546687,2.2810361125534233,1.0,0,0
