problem,access,navigate,page_close,video,discussion,wiki
2.0208000947814826,3.5810903758810086,2.9297051020907943,3.5065213735023546,2.9842341646524884,2.3661025206225172,0
