problem,access,navigate,page_close,video,discussion,wiki
1.823067982273661,3.49631080709797,2.720288046780937,3.435524962393757,3.5368867237421666,0.0,0.0
