problem,access,navigate,page_close,video,discussion,wiki
1.8193919108234176,2.970974741076722,1.8423709931771088,3.2395115047164937,3.452819531114783,0.0,0
