problem,access,navigate,page_close,video,discussion,wiki
0.0,1.8452178053170998,0.0,1.9877733714879842,0.9182958340544896,0.0,0
