problem,access,navigate,page_close,video,discussion,wiki
3.335572698150244,3.6803325682316967,3.5546515037721096,3.6138125003947614,3.440170258920651,2.7915975787037515,0
