problem,access,navigate,page_close,video,discussion,wiki
1.1221136771091087,3.744013772090307,3.173762458776852,3.8746697102453482,3.006238928653389,1.9502120649147465,2.113283334294875
