problem,access,navigate,page_close,video,discussion,wiki
1.4278058742695883,2.69457699482159,2.345719283930527,2.589003994350594,2.0,0.6840384356390417,0
