problem,access,navigate,page_close,video,discussion,wiki
1.359330832236536,4.102155142541943,1.6854752972273346,4.011053920105392,3.9504200435222248,0.0,0.8112781244591328
