problem,access,navigate,page_close,video,discussion,wiki
2.2704260414863775,3.8001606299114794,3.303701696057348,3.6753108689123644,0,1.9526832779469112,0.0
