problem,access,navigate,page_close,video,discussion,wiki
0.863120568566631,3.154096544759111,1.5566567074628228,3.1874302980927216,2.9922888713233773,0,0
