problem,access,navigate,page_close,video,discussion,wiki
1.6140054628542202,3.27280432733462,2.5,2.8553885422075336,1.8423709931771086,0.0,0
