problem,access,navigate,page_close,video,discussion,wiki
0.8112781244591328,2.997527061766026,3.243735757336199,2.1709505944546685,1.8423709931771084,0.0,1.0
