problem,access,navigate,page_close,video,discussion,wiki
2.5754044377544263,3.227467035790307,2.8384563773505884,3.2032488768115877,2.9317166599961246,0,0
