problem,access,navigate,page_close,video,discussion,wiki
2.214986211304948,3.7259247855866753,2.6100635408770723,3.424420761540489,3.5649934967939956,0.0,0.0
