problem,access,navigate,page_close,video,discussion,wiki
0.0,2.1287995089492857,1.8879185026711327,2.2833103284339504,2.4182958340544896,0.0,0.0
