problem,access,navigate,page_close,video,discussion,wiki
0.9709505944546686,3.290511175185224,2.577819531114783,3.1187658715577653,2.8895494308620884,0.0,1.0
