problem,access,navigate,page_close,video,discussion,wiki
1.0379870687018355,3.081628064628476,2.8980933736695382,2.6157246054471703,1.0,1.0,0.0
