problem,access,navigate,page_close,video,discussion,wiki
3.09883907014559,3.352915435637414,3.099096205521549,3.388744594209754,3.0594465384809473,3.046788290639733,0
