problem,access,navigate,page_close,video,discussion,wiki
1.8926133138205818,3.824379505068114,3.1734257703999336,0,3.4505719454545813,0.0,0.0
