problem,access,navigate,page_close,video,discussion,wiki
1.8339272176418302,3.506628847607947,2.6227336390297045,3.471816183338685,3.4332696895151087,0.0,0.0
