problem,access,navigate,page_close,video,discussion,wiki
2.519398936117682,3.7187516368429567,2.9502120649147465,3.6818253657276188,3.485253273184608,0.0,0.0
