problem,access,navigate,page_close,video,discussion,wiki
0,2.5831623698356787,2.0588138903312014,2.7534343861887853,2.5949066182439395,0,0
