problem,access,navigate,page_close,video,discussion,wiki
2.355546657109989,2.8389060385914866,2.6659573209491745,2.83464146374484,2.2952586210705554,1.5155413265162718,0.0
