problem,access,navigate,page_close,video,discussion,wiki
0.0,2.678670598053471,1.9749375012019272,1.9219280948873623,1.584962500721156,0,0
