problem,access,navigate,page_close,video,discussion,wiki
1.3787834934861753,3.2161611292335737,2.950212064914747,2.952229950665044,1.570950594454669,1.0,0.0
