problem,access,navigate,page_close,video,discussion,wiki
0.0,2.427694271103767,1.3709505944546687,2.6601297526332566,2.1709505944546685,0.0,0
