problem,access,navigate,page_close,video,discussion,wiki
1.594522335565046,2.664217007200771,2.349601752714581,0.9182958340544896,1.4911148500551858,1.3516441151533924,0
