problem,access,navigate,page_close,video,discussion,wiki
0.9127341558073343,1.348205696620628,2.2825887305018333,0.0,0.9910760598382222,1.8142958841448564,0.0
