problem,access,navigate,page_close,video,discussion,wiki
0.0,2.3743113978211454,1.855388542207534,2.466945372133196,2.3553885422075336,0.0,1.0
