problem,access,navigate,page_close,video,discussion,wiki
1.9071996707089482,3.6864991414849997,3.208806871223069,1.584962500721156,0.0,0.0,1.3709505944546687
