problem,access,navigate,page_close,video,discussion,wiki
0,2.37847118431404,0.8812908992306927,2.611394799166164,2.133387491316597,0.8112781244591328,0.0
