problem,access,navigate,page_close,video,discussion,wiki
1.3779630390761746,1.9621441567855664,1.9182958340544896,1.9182958340544893,0,0,0
