problem,access,navigate,page_close,video,discussion,wiki
0.9852281360342516,2.2603909847654133,2.0132790219068077,2.5027361715940035,0.9182958340544896,0.863120568566631,1.0
