problem,access,navigate,page_close,video,discussion,wiki
3.3044256919869066,3.407383373066683,1.5219280948873621,3.4588885025703835,3.3328943745518598,0,0
