problem,access,navigate,page_close,video,discussion,wiki
1.9612667580927678,3.2550076442902274,2.8665871058289594,2.038159681645953,2.2516291673878226,0.9709505944546686,0
