problem,access,navigate,page_close,video,discussion,wiki
3.0510386047550337,3.92973740856468,3.2210972500579564,3.766821771558429,3.8434703796408334,3.1069745104246276,0
