problem,access,navigate,page_close,video,discussion,wiki
1.464380287211581,3.105375685298343,3.1630741894285697,3.160853586342402,1.54515219719895,0.0,0
