problem,access,navigate,page_close,video,discussion,wiki
0.0,2.117492461184755,0.7219280948873623,2.0403733936884962,1.2987949406953985,0.0,0
