problem,access,navigate,page_close,video,discussion,wiki
0,2.986923026738475,2.6635327548042547,3.0133851612529727,0,0,0
