problem,access,navigate,page_close,video,discussion,wiki
0.9709505944546686,1.37928048729106,0.988180837004676,0.0,1.5,0.0,0.0
