problem,access,navigate,page_close,video,discussion,wiki
1.0219280948873624,3.3846001390733114,2.789898095464287,3.3317475629608073,3.010570934268483,0.8453509366224365,0
