problem,access,navigate,page_close,video,discussion,wiki
1.4854752972273344,3.083393164121703,2.4193819456463714,3.0567847036899076,2.2516291673878226,0,0
