problem,access,navigate,page_close,video,discussion,wiki
1.9115339911368303,2.645579722551279,2.2489992230622806,2.67903874035909,2.677694271103767,2.415426677794751,1.584962500721156
