problem,access,navigate,page_close,video,discussion,wiki
2.9935156037103035,3.852663904427841,3.0951873417219367,3.622000516883152,3.974111542003742,2.4155815962845733,0
