problem,access,navigate,page_close,video,discussion,wiki
2.6679107314491457,3.71912631160901,3.5288629993550282,3.8291531824355385,3.1134733747241685,2.0879330736492285,0.0
