problem,access,navigate,page_close,video,discussion,wiki
2.5061440668531976,3.134992386966005,2.8578770966496303,2.0,0.0,0.0,1.0
