problem,access,navigate,page_close,video,discussion,wiki
2.1055872616982603,2.5950097648155057,2.517226962994476,2.349601752714581,1.0,0.0,0.8112781244591328
