problem,access,navigate,page_close,video,discussion,wiki
0.8944518845341283,2.882684980267923,2.625814583693911,2.9038073929531896,2.688721875540867,0.9182958340544896,0.0
