problem,access,navigate,page_close,video,discussion,wiki
2.278351811711312,3.7411275731663616,3.4104172527605194,3.701884782005208,2.8000446184790095,2.6090255736436507,0.0
