problem,access,navigate,page_close,video,discussion,wiki
0.7219280948873623,2.5790480336098196,1.456564762130954,2.469240782172284,2.655775892805317,0.0,0
