problem,access,navigate,page_close,video,discussion,wiki
1.1488348542809166,2.813307235905091,2.113283334294875,2.423794940695399,1.1488348542809166,0,0
