problem,access,navigate,page_close,video,discussion,wiki
2.4110098576045256,2.774725072125536,2.4528385678644478,2.679161199069903,2.386035498760508,0,0
