problem,access,navigate,page_close,video,discussion,wiki
1.541982284286398,3.2660433954009593,3.1841837197791887,3.3046137823898127,3.139489648256834,1.4836591643979626,0
