problem,access,navigate,page_close,video,discussion,wiki
0.0,3.147860597836286,2.321928094887362,2.965583935727781,1.9609640474436814,0,0
