problem,access,navigate,page_close,video,discussion,wiki
1.4604846813131114,1.5715416718219246,1.3421389558735093,1.8262452584026092,0.0,0.0,1.0
