problem,access,navigate,page_close,video,discussion,wiki
0,1.2957378005380122,0.5916727785823275,1.3709505944546687,0.7219280948873623,0,0.0
