problem,access,navigate,page_close,video,discussion,wiki
1.774137065977307,2.890505768961223,2.365957320949175,1.0,0.0,0,0
