problem,access,navigate,page_close,video,discussion,wiki
0.0,3.4719593707895378,2.4922031072054134,3.7895080010368933,2.7810324644755564,0.0,0
