problem,access,navigate,page_close,video,discussion,wiki
0.9910760598382222,2.71465044054105,1.9182958340544893,1.0,2.0,0.0,0
