problem,access,navigate,page_close,video,discussion,wiki
0,2.1180782093497093,1.0,1.8423709931771086,1.9219280948873623,0,0
