problem,access,navigate,page_close,video,discussion,wiki
1.1170949925429108,1.7961796919474975,2.663925906664622,1.4854752972273344,0.0,2.0,2.0
