problem,access,navigate,page_close,video,discussion,wiki
0,2.1946402948311663,2.116299605701696,1.3787834934861753,1.0,0.0,0
