problem,access,navigate,page_close,video,discussion,wiki
0.5435644431995964,1.271782221599798,1.9219280948873623,1.360964047443681,0.9852281360342516,0,0
