problem,access,navigate,page_close,video,discussion,wiki
0,2.122127933707586,1.5,2.3685225277282065,2.1464393446710153,0.0,0
