problem,access,navigate,page_close,video,discussion,wiki
0,2.6706013151169135,2.1258145836939115,2.9524073787627754,2.7995843710829598,0,0
