problem,access,navigate,page_close,video,discussion,wiki
0.0,2.702940087321047,1.3787834934861756,1.584962500721156,0.0,0,0
