problem,access,navigate,page_close,video,discussion,wiki
1.2722595663292235,0.7219280948873623,1.3092966682370037,1.2516291673878228,0,0,0
