problem,access,navigate,page_close,video,discussion,wiki
1.4029342381953893,2.3219184343434627,1.0,2.525453009877926,2.2709505944546686,0,0
