problem,access,navigate,page_close,video,discussion,wiki
1.4098449412673983,3.53590719599116,3.537946676728563,3.4852193071003232,2.934697253230173,3.2718863568966494,1.8918521728839341
