problem,access,navigate,page_close,video,discussion,wiki
0.0,0.37123232664087563,1.040852082972755,0.39124356362925566,0.0,0,0.0
