problem,access,navigate,page_close,video,discussion,wiki
0.0,3.12742132943338,2.4040097573248604,3.403989446485262,3.027169118440619,0.0,0
