problem,access,navigate,page_close,video,discussion,wiki
0.6500224216483541,2.8888840705376357,2.2516291673878226,3.139572261986723,2.2516291673878226,0,0
