problem,access,navigate,page_close,video,discussion,wiki
0.9910760598382222,2.7105146931837414,2.807354922057604,2.6421498816369047,2.065765216362195,0,0
