problem,access,navigate,page_close,video,discussion,wiki
0.7691928290130138,2.9007837461307946,1.8423709931771086,0.6500224216483541,2.9139770731827523,1.061278124459133,0
