problem,access,navigate,page_close,video,discussion,wiki
1.81294527625988,2.903870761638782,2.725480556997868,2.942437343399769,2.721928094887362,0.5435644431995964,0
