problem,access,navigate,page_close,video,discussion,wiki
2.4624500927349415,3.416467112977312,2.855388542207534,3.1617422364529375,3.1158045319402516,0,0
