problem,access,navigate,page_close,video,discussion,wiki
0,1.5052408149441479,1.5,1.5436109962096476,1.5620874760752193,0,0
