problem,access,navigate,page_close,video,discussion,wiki
0,2.184377084711516,1.4195562985716133,2.4114657381876086,2.4225797618424916,0,0
