problem,access,navigate,page_close,video,discussion,wiki
0.9709505944546686,1.8180150606263579,0.9182958340544896,1.8050365325772657,1.8146802689446875,0,0
