problem,access,navigate,page_close,video,discussion,wiki
1.4056390622295665,2.552535498740633,2.35845859334435,2.6933448637229622,2.7192945256669794,0.9864267287308424,0.0
