problem,access,navigate,page_close,video,discussion,wiki
1.5820750032353121,2.60794169476576,2.2810361125534233,2.7862587545122763,2.508437847883282,0.6840384356390417,0
