problem,access,navigate,page_close,video,discussion,wiki
1.2516291673878228,3.292813129475661,3.149791701689971,3.347770644111047,2.8993974703476995,2.1084585933443494,1.0
