problem,access,navigate,page_close,video,discussion,wiki
0.0,1.1182751607709762,1.0,1.7004397181410922,2.2359263506290326,0.0,0
