problem,access,navigate,page_close,video,discussion,wiki
0,1.8000127286779448,1.3709505944546687,1.8536882264834516,2.3709505944546683,0,0
