problem,access,navigate,page_close,video,discussion,wiki
0.0,2.3129103167094347,2.199687794731328,2.439132505853738,2.2584598927441624,0,0
