problem,access,navigate,page_close,video,discussion,wiki
2.1658110493060665,3.0068930650723678,2.8150724101159437,0,1.9219280948873623,0,0
