problem,access,navigate,page_close,video,discussion,wiki
1.933195991138239,2.5190997464259945,2.660129752633257,2.2475767369558097,1.7758589482446405,0.8112781244591328,0.0
