problem,access,navigate,page_close,video,discussion,wiki
0.0,2.3934950354120645,2.5868878409958134,2.266150648454355,1.6143308351592656,0.37123232664087563,1.584962500721156
