problem,access,navigate,page_close,video,discussion,wiki
0.9182958340544896,3.7665934576641638,3.232101804845413,3.503100295674378,3.5578975985144172,1.6140054628542202,0
