problem,access,navigate,page_close,video,discussion,wiki
1.295461844238322,3.153165031049874,2.377443751081734,3.210586598202836,2.9232314287976204,0.6402064333604701,1.0
