problem,access,navigate,page_close,video,discussion,wiki
2.165636545145404,2.6619817934203707,2.5,0,0,0.7642045065086203,0
