problem,access,navigate,page_close,video,discussion,wiki
2.160722195777811,3.0760795872763875,3.27280432733462,3.0987828585644603,2.9689185639620974,0.0,0
