problem,access,navigate,page_close,video,discussion,wiki
0.0,1.3221793455166666,1.8370206542387149,1.5566567074628228,0.9182958340544896,0.7219280948873623,0.0
