problem,access,navigate,page_close,video,discussion,wiki
1.5774062828523454,1.4355205042826666,0.863120568566631,1.0,1.0,0.0,0.0
