problem,access,navigate,page_close,video,discussion,wiki
1.3092966682370037,2.8434095604209784,2.6464393446710157,2.8154605400671624,2.7068905956085185,0.9182958340544896,0
