problem,access,navigate,page_close,video,discussion,wiki
0,2.6659480210466326,2.332914563979398,2.5648894517332406,2.078491674029184,0.0,0.0
