problem,access,navigate,page_close,video,discussion,wiki
2.41896119556797,3.7481094279750287,2.7192945256669794,3.5931464666388977,2.89270217326019,0,0
