problem,access,navigate,page_close,video,discussion,wiki
1.0836112710474408,1.3467370704564918,1.2516291673878228,1.8149798205164813,0.9219280948873623,0.0,0
