problem,access,navigate,page_close,video,discussion,wiki
1.8553885422075338,1.9437801924109208,1.3709505944546687,1.8910611120726526,1.8726693569100332,1.0863128407412879,0
