problem,access,navigate,page_close,video,discussion,wiki
2.399886392993535,2.7248384392377165,2.2988252450030506,2.747167197306934,1.9182958340544896,0,0
