problem,access,navigate,page_close,video,discussion,wiki
1.232469582573346,3.591773239286257,3.2082500888137027,3.7089552483369745,3.240223928941852,0.9864267287308424,2.0
