problem,access,navigate,page_close,video,discussion,wiki
0.0,2.6384341414102113,2.321928094887362,2.0874628412503395,1.6644977792004614,0.0,0.0
