problem,access,navigate,page_close,video,discussion,wiki
1.4997854196736613,4.076954256320396,2.5,2.0,2.9540036423298544,2.0781755109927604,0
