problem,access,navigate,page_close,video,discussion,wiki
0.0,3.375967542243798,2.7629435852251625,2.321928094887362,2.584962500721156,0.0,0.9182958340544896
