problem,access,navigate,page_close,video,discussion,wiki
1.7806390622295662,2.679288051578638,3.11240128638572,2.3520077826004933,1.0476747992754052,2.9981060877369106,1.0
