problem,access,navigate,page_close,video,discussion,wiki
0.930586129131993,2.121501551415098,1.811278124459133,0,0,1.9219280948873623,1.0
