problem,access,navigate,page_close,video,discussion,wiki
0.0,2.7497222320759924,2.5,2.5810134015775863,2.133937566094917,0.0,0
