problem,access,navigate,page_close,video,discussion,wiki
2.2980213069369686,3.6237987850329163,3.246502271491364,3.598917177061996,2.958177530809489,2.545252309944525,1.0
