problem,access,navigate,page_close,video,discussion,wiki
0.0,3.2958611506429425,2.415661470191763,3.293653588727625,3.2733494559629497,1.7116189156267405,0.0
