problem,access,navigate,page_close,video,discussion,wiki
3.050766174277569,3.459308027519691,3.0381372459630756,3.0220552088742005,3.343213347012465,2.457095957835265,0
