problem,access,navigate,page_close,video,discussion,wiki
1.753534879734051,3.1835256828399294,2.953679780354504,3.194087996100047,2.8423709931771093,0.0,1.0
