problem,access,navigate,page_close,video,discussion,wiki
0.9852281360342516,1.6392953348187418,1.657742726504889,2.363120568566631,2.3158243335257076,0,0
