problem,access,navigate,page_close,video,discussion,wiki
0.0,3.221871001127874,3.1971597234241487,3.169925001442312,2.3709505944546687,0,0
