problem,access,navigate,page_close,video,discussion,wiki
0.6840384356390417,1.8875625448279467,1.5262349099495225,1.867633890971212,1.8464393446710154,0.0,0.0
