problem,access,navigate,page_close,video,discussion,wiki
1.5566567074628228,3.132899613678919,2.3709505944546687,3.2005018595288015,3.136842188131012,0,0
