problem,access,navigate,page_close,video,discussion,wiki
0.0,2.5515956556743835,1.3709505944546687,2.8150724101159437,2.725480556997868,0,0
