problem,access,navigate,page_close,video,discussion,wiki
2.2689832251722186,3.91645787501838,2.476796752685521,3.8940879961000463,3.89430422026193,1.7107770844150676,0.0
