problem,access,navigate,page_close,video,discussion,wiki
0.9852281360342516,0.5547781633412736,1.5262349099495225,0.8366407419411673,0.0,0,0
