problem,access,navigate,page_close,video,discussion,wiki
1.5304930567574826,2.8543699786558205,2.55082609940627,0.0,0,2.3709154329373665,1.4591479170272448
