problem,access,navigate,page_close,video,discussion,wiki
0.0,1.938708497286834,1.3787834934861756,1.7841591278514217,1.5566567074628228,1.0,0.0
