problem,access,navigate,page_close,video,discussion,wiki
1.0,1.584962500721156,1.0,1.9182958340544896,1.5219280948873621,0,0
