problem,access,navigate,page_close,video,discussion,wiki
1.924673368630172,2.753597003718865,2.1867043459100244,2.9014312688060624,2.905764584655453,0,0
