problem,access,navigate,page_close,video,discussion,wiki
3.727662621056265,3.995792261733203,3.629929001460321,3.9571796994262205,3.8062204261409756,2.94221168292976,0.0
