problem,access,navigate,page_close,video,discussion,wiki
0,2.967553122019385,2.4819325737714113,2.9081645003381844,2.599913979425364,1.9911296235616303,1.0
