problem,access,navigate,page_close,video,discussion,wiki
0.0,2.2488893212644667,2.1485357333138198,2.246516587242167,2.3935823097180293,0.0,0
