problem,access,navigate,page_close,video,discussion,wiki
1.198192411043098,2.687767449703804,1.202172043598149,2.5882631035293233,0.9182958340544896,0.0,0.8112781244591328
