problem,access,navigate,page_close,video,discussion,wiki
0,2.9718608739641965,3.0318213340928555,1.584962500721156,0,2.484767969979848,0.7219280948873623
