problem,access,navigate,page_close,video,discussion,wiki
2.354496727923253,3.5767738962829445,3.701990792786119,1.9219280948873623,1.9219280948873623,2.147348781633051,1.0
