problem,access,navigate,page_close,video,discussion,wiki
2.5162675961724563,3.0320152527143507,3.003701696057348,2.5782385533518704,2.611691222032399,0.9182958340544896,0.0
