problem,access,navigate,page_close,video,discussion,wiki
0.0,3.005743843378582,2.224601752714581,3.185451790266587,3.143261939825016,0.6500224216483541,0.0
