problem,access,navigate,page_close,video,discussion,wiki
2.4679833778585536,2.90956952189003,2.4884038992233726,2.9345110919551063,2.392277173072062,0,0
