problem,access,navigate,page_close,video,discussion,wiki
0.0,2.1264283109928246,2.4591479170272446,1.640223928941852,1.224394445405986,1.0,0
