problem,access,navigate,page_close,video,discussion,wiki
1.6860060866207172,3.476337898675853,3.515319531114783,1.8423709931771084,1.8423709931771084,0.9182958340544896,1.584962500721156
