problem,access,navigate,page_close,video,discussion,wiki
1.5343371980653047,3.4354194178752993,2.5524429317483417,3.051601636871704,2.6464393446710153,2.075074223172834,1.0
