problem,access,navigate,page_close,video,discussion,wiki
2.948718779909554,3.394377227710187,2.721541933335928,2.9732285161344474,2.9378952369420395,3.1408576585782977,0.8112781244591328
