problem,access,navigate,page_close,video,discussion,wiki
1.5304930567574824,3.397416845103709,2.049452072789394,3.468576629687865,3.327819531114783,0,0.0
