problem,access,navigate,page_close,video,discussion,wiki
1.8423709931771084,2.914592138045583,2.866587105828959,2.805958492868042,2.0403733936884962,0.9182958340544896,0.0
