problem,access,navigate,page_close,video,discussion,wiki
3.08502195724563,3.6608415123592692,3.173533209849189,2.75,1.584962500721156,1.5219280948873621,1.0
