problem,access,navigate,page_close,video,discussion,wiki
0,2.8287465709875774,0.0,2.907691095462461,3.031368612068326,0.0,0
