problem,access,navigate,page_close,video,discussion,wiki
1.4488156357251847,3.1342281402286343,3.016875695766564,2.9072682296173893,2.2359263506290326,0.9709505944546686,0.9182958340544896
