problem,access,navigate,page_close,video,discussion,wiki
0,2.5577277787393196,1.9182958340544893,2.2516291673878226,1.0,0,0
