problem,access,navigate,page_close,video,discussion,wiki
0.9709505944546686,2.053442655485996,1.5304930567574826,2.197159723424149,2.072905595320056,1.584962500721156,1.0
