problem,access,navigate,page_close,video,discussion,wiki
2.826738429103956,2.7679018830945763,0.0,2.433206219346495,2.3983029951155594,0,0
