problem,access,navigate,page_close,video,discussion,wiki
2.4591479170272446,3.3110485212496332,2.401363669197544,2.584962500721156,3.2516291673878226,2.2877837199410704,0.0
