problem,access,navigate,page_close,video,discussion,wiki
0,2.9296561417622113,2.0,2.6535442970305687,2.9056390622295662,0,0
