problem,access,navigate,page_close,video,discussion,wiki
1.0,2.4916463438304834,2.1709505944546685,2.6414460711655217,2.1709505944546685,0.0,0.0
