problem,access,navigate,page_close,video,discussion,wiki
1.5,2.0607546627667133,1.5566567074628228,1.895461844238322,2.074164743022575,0.8112781244591328,0
