problem,access,navigate,page_close,video,discussion,wiki
1.4591479170272448,2.533797069514206,2.5219280948873624,0,0,0.7642045065086203,0.0
