problem,access,navigate,page_close,video,discussion,wiki
0,0.9366673818775625,0.0,0.6840384356390417,0.8366407419411673,0,0
