problem,access,navigate,page_close,video,discussion,wiki
1.404678473063571,2.326311618746694,2.3553885422075336,2.322910158480243,1.811278124459133,0,0
