problem,access,navigate,page_close,video,discussion,wiki
1.0,2.9643188891781436,1.584962500721156,3.1187658715577653,0,0,0
