problem,access,navigate,page_close,video,discussion,wiki
1.295461844238322,3.367490970223547,3.086048612313038,3.7705788212103113,3.6381476962048276,0,0.0
