problem,access,navigate,page_close,video,discussion,wiki
2.893329218633759,3.7085192112395085,2.862961352340425,3.493541090353655,3.617809684374455,2.1290219603170124,0.0
