problem,access,navigate,page_close,video,discussion,wiki
2.331164445867128,2.8069770592712233,2.5,1.0,1.9182958340544896,0.0,0
