problem,access,navigate,page_close,video,discussion,wiki
1.3655637951140522,3.2994666094388667,1.0,3.2883973229284464,3.070824128795177,0.0,0
