problem,access,navigate,page_close,video,discussion,wiki
1.549587521222056,2.4146211862797164,0.9182958340544896,2.5318226352320092,2.351593723348755,0.0,0
