problem,access,navigate,page_close,video,discussion,wiki
0.0,3.256127790446139,2.477692535033588,3.1535732064759037,2.720128777433188,1.0,0.0
