problem,access,navigate,page_close,video,discussion,wiki
0.9927744539878084,3.2341285079595607,3.016875695766564,3.3334698504685956,2.197159723424149,0,0
