problem,access,navigate,page_close,video,discussion,wiki
1.0214554656116668,2.4735750079227903,1.8676338909712125,2.609845022130371,1.7527152789797047,0.0,0
