problem,access,navigate,page_close,video,discussion,wiki
0,1.6183941088363931,0.7219280948873623,0.9182958340544896,0.9182958340544896,0,0
