problem,access,navigate,page_close,video,discussion,wiki
2.5,2.9717235889729534,1.72490344142664,3.1442475629608078,2.688721875540867,0.0,0.0
