problem,access,navigate,page_close,video,discussion,wiki
0.9182958340544896,1.8052079118554891,1.836591668108979,1.8701795669061911,1.8085947862963576,0.0,0.0
