problem,access,navigate,page_close,video,discussion,wiki
1.4029342381953893,1.4773344666381945,1.811278124459133,1.4591479170272446,0,0.8112781244591328,0
