problem,access,navigate,page_close,video,discussion,wiki
1.676737030052133,1.4253154361918874,0.863120568566631,1.0,0.0,0.0,0.0
