problem,access,navigate,page_close,video,discussion,wiki
0.6840384356390417,2.2709581138498134,2.3248629576173565,1.0,0.0,1.4488156357251847,1.584962500721156
