problem,access,navigate,page_close,video,discussion,wiki
2.1055872616982603,2.606614457633051,1.5219280948873621,2.4729055953200563,2.2440954395801542,2.1180782093497093,0
