problem,access,navigate,page_close,video,discussion,wiki
0.0,3.3450739957852536,1.4355205042826666,3.101881223476018,3.084962500721156,0.0,0.0
