problem,access,navigate,page_close,video,discussion,wiki
1.188721875540867,2.8797665134585744,2.9795739585136225,3.348332366631755,3.481714572986073,0.954434002924965,0.0
