problem,access,navigate,page_close,video,discussion,wiki
0.0,2.7290623242625354,2.653107168362811,2.8597283901079056,2.279835988543111,0,0
