problem,access,navigate,page_close,video,discussion,wiki
1.531919635975994,3.1012542652524484,2.6143694458867572,3.1586500596007365,2.8560310144308367,0,0
