problem,access,navigate,page_close,video,discussion,wiki
2.8444236452146825,3.843603063303591,2.413132465170739,3.858315680798383,3.753434386188785,0.0,0.0
