problem,access,navigate,page_close,video,discussion,wiki
0,2.433165535000576,2.4193819456463714,1.0,2.0211439180582507,0,0
