problem,access,navigate,page_close,video,discussion,wiki
0.9182958340544896,2.3097495498211824,1.5229571181374095,2.538688570451097,2.4159220638351666,0.0,0.0
