problem,access,navigate,page_close,video,discussion,wiki
0.9709505944546686,2.5335232862961927,1.780672129520887,2.7762963907477656,2.8402239289418523,0.0,0.0
