problem,access,navigate,page_close,video,discussion,wiki
2.453044488842463,2.870711394375427,3.3464393446710154,2.765881369960098,0.9182958340544896,1.0,0.0
