problem,access,navigate,page_close,video,discussion,wiki
0.7219280948873623,2.0701423742899774,2.0403733936884962,2.0341591278514217,1.584962500721156,0,0
