problem,access,navigate,page_close,video,discussion,wiki
1.4488156357251847,2.815782795618152,2.686278124459133,2.668123530606519,2.1803877328455874,0.0,0
