problem,access,navigate,page_close,video,discussion,wiki
0.1792560669283215,2.2836998064045018,0.6840384356390417,0.6500224216483541,0.0,0.0,0.0
