problem,access,navigate,page_close,video,discussion,wiki
0.0,1.9682320615991733,2.4193819456463714,1.9252395510085822,1.0,0.0,0.0
