problem,access,navigate,page_close,video,discussion,wiki
0.9927744539878084,2.698554068087639,1.5628066316931741,2.6950398584253095,2.470950594454669,0,0
