problem,access,navigate,page_close,video,discussion,wiki
0.9975025463691153,1.3472230399326601,1.75,1.640223928941852,1.6767370300521327,0,0
