problem,access,navigate,page_close,video,discussion,wiki
0,1.37928048729106,1.5,1.4197367178034825,1.4137995646056802,0,0.0
