problem,access,navigate,page_close,video,discussion,wiki
0.0,1.9927781074599387,1.6577427265048887,1.9749375012019272,1.584962500721156,0.0,0.0
