problem,access,navigate,page_close,video,discussion,wiki
0.9910760598382222,2.6505322906102102,2.197159723424149,1.0,0.0,0.0,0
