problem,access,navigate,page_close,video,discussion,wiki
0.8112781244591328,3.2464404878523156,2.90399237434728,3.3051522333109347,0.9182958340544896,0.8112781244591328,0.0
