problem,access,navigate,page_close,video,discussion,wiki
1.0,2.373780992467388,1.5,2.4046784730635706,1.5566567074628228,0.0,0
