problem,access,navigate,page_close,video,discussion,wiki
2.1713600874958074,3.840299766934472,3.394706871665422,3.752186922522532,3.4225797618424916,1.2994705707972523,0.5916727785823275
