problem,access,navigate,page_close,video,discussion,wiki
3.6698447381974284,3.89354798379854,3.567040216926579,3.949293242973564,3.776665056598765,3.0077993268764502,0
