problem,access,navigate,page_close,video,discussion,wiki
2.625,3.1624416967033158,3.1262145965695023,3.454103526792965,1.7709505944546688,3.1260074103079756,1.0
