problem,access,navigate,page_close,video,discussion,wiki
0,2.2272170014624826,2.469670487371862,1.6171895725927152,1.295461844238322,0.0,0
