problem,access,navigate,page_close,video,discussion,wiki
0.9852281360342516,1.014097655573916,2.8257855129374603,0.9463729359854419,0.0,1.4804521364353587,1.5
