problem,access,navigate,page_close,video,discussion,wiki
2.528268461799268,3.6003097028537043,3.8962915290459286,3.4282129458410013,2.654021591593886,0.8112781244591328,0
