problem,access,navigate,page_close,video,discussion,wiki
1.8910611120726526,2.2605038327557683,1.971747257128181,2.3598063039211,2.054585169337799,0.0,0.0
