problem,access,navigate,page_close,video,discussion,wiki
2.688140286873214,3.3446268254166216,2.9443949486565364,3.109055501286522,2.7177013928714584,1.2638091738835462,0.0
