problem,access,navigate,page_close,video,discussion,wiki
3.304305009523268,3.6788756978200308,2.3553885422075336,3.5385526983880906,3.6569986319686807,1.7527152789797047,0.0
