problem,access,navigate,page_close,video,discussion,wiki
3.2168673833730668,3.480840980611888,2.2877837199410704,3.2995944450218877,3.600500784683749,2.128085278891394,0.0
