problem,access,navigate,page_close,video,discussion,wiki
0,2.246147155726413,2.2516291673878226,2.2256051990169436,1.811278124459133,0,0
