problem,access,navigate,page_close,video,discussion,wiki
1.8955056206115382,2.8426329163904835,2.1464657985040723,3.041893016203206,2.789898095464287,0.0,0.0
