problem,access,navigate,page_close,video,discussion,wiki
0,2.390680187179159,2.819957898557147,2.462349565017769,1.9591479170272446,1.7648962998149356,0.0
