problem,access,navigate,page_close,video,discussion,wiki
0,3.392185538018686,3.337175341123077,3.3463222171190226,2.6688388898504303,0,0
