problem,access,navigate,page_close,video,discussion,wiki
0.0,2.655050539417775,2.7743974703476995,0.0,0,1.7295739585136223,0.0
