problem,access,navigate,page_close,video,discussion,wiki
1.3015742892816131,2.3638651219508544,1.7924812503605778,2.5306390622295662,2.5220552088742005,0.0,0
