problem,access,navigate,page_close,video,discussion,wiki
0.5435644431995964,3.160994502236528,2.560422702607204,3.415581596284574,2.925853014561283,1.9280980912618826,0.0
