problem,access,navigate,page_close,video,discussion,wiki
1.7346939516467024,2.392415376881135,2.6312929881819005,2.64488945173324,0.0,1.5016144718101818,0.9182958340544896
