problem,access,navigate,page_close,video,discussion,wiki
0.4394969869215134,3.515978337054494,3.0355917460279307,3.515319531114783,2.688721875540867,1.1981174211304033,1.0
