problem,access,navigate,page_close,video,discussion,wiki
1.9478705170679147,2.756409959389824,2.35274578087187,1.0,0.0,1.0,1.0
