problem,access,navigate,page_close,video,discussion,wiki
2.188721875540867,3.0109880378505545,3.170543891762937,2.528204346529737,0.9219280948873623,1.9056390622295665,0.9709505944546686
