problem,access,navigate,page_close,video,discussion,wiki
0.0,2.182580738491335,1.7735572622751856,1.7709505944546688,1.5487949406953985,1.287054028118727,0
