problem,access,navigate,page_close,video,discussion,wiki
2.8867400593629964,3.0673613637245944,3.046624960197199,3.344899095040494,3.2178561135066155,0.5159469300074474,0
