problem,access,navigate,page_close,video,discussion,wiki
0,2.205564864683159,2.235926350629032,2.2850134344432487,2.41517677523951,0,0
