problem,access,navigate,page_close,video,discussion,wiki
0.8112781244591328,2.243735757336199,2.188721875540867,1.0,1.0,0,0.0
