problem,access,navigate,page_close,video,discussion,wiki
0,1.866587737262762,1.9219280948873623,1.634431504340598,1.5749720349292118,0,0
