problem,access,navigate,page_close,video,discussion,wiki
2.155968102145908,2.419909980158431,0.7219280948873623,2.1709505944546685,1.7381493331928661,1.8141295708348038,0.0
