problem,access,navigate,page_close,video,discussion,wiki
2.9389378751009247,3.168587653297702,1.8423709931771086,3.194588496642341,0,0,0
