problem,access,navigate,page_close,video,discussion,wiki
1.6644977792004614,3.8401264703058935,1.0,3.8177747258155996,3.8810054880546376,0,0
