problem,access,navigate,page_close,video,discussion,wiki
0.0,2.1368005201485647,2.4193819456463714,2.321928094887362,1.0,0,0
