problem,access,navigate,page_close,video,discussion,wiki
0.0,3.0901997670914234,2.298794940695399,3.0212556597741127,3.188486775120715,0,0
