problem,access,navigate,page_close,video,discussion,wiki
2.1396550676815886,3.2512222843960856,3.2728043273346206,2.9637459942073314,3.11583409216322,0,0
