problem,access,navigate,page_close,video,discussion,wiki
2.0610568385545545,2.3371273831693524,1.8423709931771084,1.7295739585136223,2.360011530389629,0.0,0.0
