problem,access,navigate,page_close,video,discussion,wiki
0.9927744539878084,2.5764495606590057,2.941682387860194,2.7138151514246744,2.25,1.1198402387845785,0.0
