problem,access,navigate,page_close,video,discussion,wiki
0.9182958340544896,1.9772170014624826,2.4508257945180887,2.197159723424149,0.0,0.7219280948873623,0.0
