problem,access,navigate,page_close,video,discussion,wiki
2.063458298648303,3.9371938329002685,3.825303558204348,2.75,1.584962500721156,1.0,0.9182958340544896
