problem,access,navigate,page_close,video,discussion,wiki
1.4784345996621122,1.435591746027931,0.8112781244591328,1.5219280948873621,0.8112781244591328,0,0.0
