problem,access,navigate,page_close,video,discussion,wiki
2.2359263506290326,2.6464461482728527,1.5589385323502771,0.0,0,0.0,0.0
