problem,access,navigate,page_close,video,discussion,wiki
2.321928094887362,4.119980521302472,3.497055848472804,3.2516291673878226,2.807354922057604,0.7024665512903903,1.0
