problem,access,navigate,page_close,video,discussion,wiki
2.75685582876985,3.6365533604033504,3.8438593711784965,3.6112044189276595,3.1154555574786387,0.0,0
