problem,access,navigate,page_close,video,discussion,wiki
0.0,2.9760313752181746,2.413088436425758,2.878180303183566,2.5941178916311856,0.0,0.0
