problem,access,navigate,page_close,video,discussion,wiki
3.0806568232069655,3.702539266826844,3.711451501291629,3.063465189601647,3.468169717304463,0.0,0
