problem,access,navigate,page_close,video,discussion,wiki
2.929659728299329,3.614314659508499,4.065830382569594,3.737919723953062,2.9171886421180044,0.9182958340544896,0.0
