problem,access,navigate,page_close,video,discussion,wiki
0.0,2.4082405596027554,2.1339375660949167,2.3993974703476995,0.5832068350054544,1.0529815751302694,1.0
