problem,access,navigate,page_close,video,discussion,wiki
1.6493974703476995,2.127718871471139,2.199687794731328,2.1219280948873624,1.6854752972273344,2.2554218592574657,0.0
