problem,access,navigate,page_close,video,discussion,wiki
2.7243293772140613,3.006135711298971,2.9369996115311405,2.612096688995875,2.776746932333265,1.5190461643198379,0.0
