problem,access,navigate,page_close,video,discussion,wiki
0.9709505944546686,2.9390516266651203,2.584962500721156,1.5219280948873621,0.9182958340544896,0.0,0
