problem,access,navigate,page_close,video,discussion,wiki
1.8423709931771088,3.207249743783119,3.043908894176529,1.0,0.0,2.5785753437589944,2.321928094887362
