problem,access,navigate,page_close,video,discussion,wiki
1.8716948417090986,2.7792978742599317,1.9954618442383218,1.6266144718101816,0.6500224216483541,1.0,0.0
