problem,access,navigate,page_close,video,discussion,wiki
0.41381685030363374,1.8253942860148422,2.521640636343318,1.971747257128181,0.954434002924965,0,0
