problem,access,navigate,page_close,video,discussion,wiki
0.0,1.3541859576379551,2.0948567835487384,1.8585552118703144,1.9056390622295665,0.0,0.9182958340544896
