problem,access,navigate,page_close,video,discussion,wiki
1.654842980369105,2.9147170014624826,3.121928094887362,2.794653473544342,0,0,0
