problem,access,navigate,page_close,video,discussion,wiki
0.9910760598382222,2.034709089239382,0.0,0.0,1.5219280948873621,0.0,0
