problem,access,navigate,page_close,video,discussion,wiki
1.765957320949175,2.2588718484453603,2.1055872616982603,0.0,0,0.0,0.0
