problem,access,navigate,page_close,video,discussion,wiki
2.1872198552775606,3.056098475431102,1.2326602568158205,2.0,3.023807874949541,2.9072682296173893,0
