problem,access,navigate,page_close,video,discussion,wiki
1.1242592373746325,2.3482053725436085,1.9440097497163569,1.2516291673878228,0.863120568566631,0.0,0.0
