problem,access,navigate,page_close,video,discussion,wiki
0.0,1.4294732983598406,0.9182958340544896,0.9852281360342516,0.8112781244591328,0,0
