problem,access,navigate,page_close,video,discussion,wiki
0.6500224216483541,1.9892936331613535,2.25,1.9609640474436814,1.0,0,0
