problem,access,navigate,page_close,video,discussion,wiki
0,2.644837003751065,1.8423709931771086,2.503258334775646,2.413088436425758,0.8112781244591328,0
