problem,access,navigate,page_close,video,discussion,wiki
2.206908425151817,4.139505102024085,3.6897037321995474,4.118002190272557,4.057804605414259,1.0,1.5
