problem,access,navigate,page_close,video,discussion,wiki
0.9182958340544896,1.6833703259597834,1.8810947601100747,1.6482387129958878,0.9182958340544896,0.8112781244591328,0.0
