problem,access,navigate,page_close,video,discussion,wiki
1.1595547523787308,2.7801465330532285,2.0464393446710156,1.2516291673878228,0.0,0.0,0
