problem,access,navigate,page_close,video,discussion,wiki
1.8464393446710154,3.3628260781089785,2.905764584655453,1.584962500721156,2.869331261111518,0,0.0
