problem,access,navigate,page_close,video,discussion,wiki
2.3003980873087997,3.152595214096943,2.449311833026446,3.2477918092877403,2.7590795706241744,0,0.5032583347756457
