problem,access,navigate,page_close,video,discussion,wiki
0.37123232664087563,3.3592633604324087,1.3921472236645345,3.093660689688186,2.9312089489103235,0.0,0.9182958340544896
