problem,access,navigate,page_close,video,discussion,wiki
0,1.594665564750727,1.0,1.7960885595978366,2.197159723424149,0,0
