problem,access,navigate,page_close,video,discussion,wiki
1.7120954362128464,2.4555008032104135,2.395998870534841,0,0,0.0,0
