problem,access,navigate,page_close,video,discussion,wiki
1.9076604601183145,2.461428934700584,2.792481250360578,2.502419228058611,2.109686384587431,0.7219280948873623,0
