problem,access,navigate,page_close,video,discussion,wiki
0,1.746465798504072,1.3709505944546687,1.0,0.9182958340544896,1.0,0
