problem,access,navigate,page_close,video,discussion,wiki
2.164392805633964,3.398678562637778,2.0613811402420934,3.4946620269189856,2.9976751198055647,0.7642045065086203,1.3709505944546687
