problem,access,navigate,page_close,video,discussion,wiki
2.6272057679637344,3.2914654999890094,2.751629167387823,3.220950594454669,3.3274847819558424,0.8112781244591328,0
