problem,access,navigate,page_close,video,discussion,wiki
0.0,2.7633528600354675,2.4464393446710155,2.682588730501833,1.5,1.207518749639422,0.0
