problem,access,navigate,page_close,video,discussion,wiki
0,1.4509082837501823,1.950212064914747,1.5487949406953985,1.5,0,0
