problem,access,navigate,page_close,video,discussion,wiki
1.8828560636920488,1.9690097438885104,1.8400837592991008,1.584962500721156,0.0,1.0,1.0
