problem,access,navigate,page_close,video,discussion,wiki
1.4056390622295665,2.8228853522812924,2.586453306130082,2.6689869584530603,1.3346791410515946,1.9425964388028438,1.6854752972273344
