problem,access,navigate,page_close,video,discussion,wiki
0.9940302114769565,2.0805633109506405,1.7527152789797047,0.0,0.0,0.0,0.0
