problem,access,navigate,page_close,video,discussion,wiki
0.0,0.9910760598382222,1.384431504340598,0.6500224216483541,0.0,0.9182958340544896,1.0
