problem,access,navigate,page_close,video,discussion,wiki
0,1.9656255186953215,2.2076418753282696,2.2369837554745207,1.5487949406953985,1.0,1.0
