problem,access,navigate,page_close,video,discussion,wiki
0.0,2.270942421748537,0.0,2.584962500721156,2.1556390622295662,0,0
