problem,access,navigate,page_close,video,discussion,wiki
1.75,2.430216859202192,2.1556390622295662,2.521640636343318,1.0,0,0
