problem,access,navigate,page_close,video,discussion,wiki
0.0,2.408136055041259,2.5492553971685,2.4772170014624826,2.345851989338261,0,0
