problem,access,navigate,page_close,video,discussion,wiki
2.235029815898461,3.363712349909118,3.299896391167891,3.382048827786958,2.839775539645508,2.1426643555488485,0.0
