problem,access,navigate,page_close,video,discussion,wiki
2.391116309412687,3.486897584949923,1.5487949406953985,3.5466989784581537,2.5369742226669216,2.3158243335257076,0
