problem,access,navigate,page_close,video,discussion,wiki
3.1670874241817173,3.609939427962089,3.3535339485774815,3.7836014880485345,3.3421834139275175,1.1150103233894515,1.0
