problem,access,navigate,page_close,video,discussion,wiki
0,2.7107770844150676,2.584962500721156,2.321928094887362,1.0,0,0
