problem,access,navigate,page_close,video,discussion,wiki
0,1.3787834934861756,2.2312702546075758,1.584962500721156,1.584962500721156,0,0
