problem,access,navigate,page_close,video,discussion,wiki
2.1556390622295662,3.028515072899107,2.287783719941071,0.0,1.0,0.8453509366224365,1.0
