problem,access,navigate,page_close,video,discussion,wiki
0,1.882856063692049,1.4591479170272448,1.721928094887362,1.4591479170272448,0,0.0
