problem,access,navigate,page_close,video,discussion,wiki
1.974937501201927,2.994337911084508,3.1206040876935903,2.623219672335508,1.75,1.7303665648418023,1.0
