problem,access,navigate,page_close,video,discussion,wiki
1.9131281974088714,2.2094867064051646,1.061278124459133,1.584962500721156,1.5566567074628228,0.7219280948873623,0.0
