problem,access,navigate,page_close,video,discussion,wiki
1.9994859645348273,2.866938392638896,2.6774058114255186,1.0,1.8423709931771088,1.5844350719354883,0
