problem,access,navigate,page_close,video,discussion,wiki
0,3.4506055595469673,2.2516291673878226,3.5008884050661035,2.715589437882739,0,0
