problem,access,navigate,page_close,video,discussion,wiki
0.876716288999464,1.5566567074628228,1.295461844238322,1.4056390622295665,1.5774062828523454,1.4355205042826666,0.0
