problem,access,navigate,page_close,video,discussion,wiki
0,1.9295015960810529,0.5435644431995964,2.1339375660949167,2.0,0.0,0.0
