problem,access,navigate,page_close,video,discussion,wiki
2.063030798155144,2.7465623254381075,2.924886625190374,2.6424971467170137,1.9502120649147465,0.0,0.0
