problem,access,navigate,page_close,video,discussion,wiki
1.0,2.8404699706375043,2.8584585933443494,2.9659573209491747,1.7924812503605778,1.4488156357251847,0
