problem,access,navigate,page_close,video,discussion,wiki
1.7128876215181605,3.0980054666929906,2.6145127703905913,2.1280852788913944,1.0,1.0978693276969014,0.8112781244591328
