problem,access,navigate,page_close,video,discussion,wiki
0,2.3042080102665086,2.4917936028649694,2.2744086066096125,2.0225797618424917,0.41381685030363374,0.863120568566631
