problem,access,navigate,page_close,video,discussion,wiki
0.8112781244591328,2.8683787308193427,2.727289867344573,2.5542435708850473,2.077984051072954,0.9182958340544896,0.7219280948873623
