problem,access,navigate,page_close,video,discussion,wiki
0,1.6893917467430875,1.061278124459133,0,0,1.584962500721156,0.0
