problem,access,navigate,page_close,video,discussion,wiki
0.74959525725948,2.351303884338513,2.25,2.900051698999542,2.5219280948873624,0,0
