problem,access,navigate,page_close,video,discussion,wiki
0.0,2.2394448409821734,1.823026490712885,2.242572530766071,1.3709505944546687,0,0
