problem,access,navigate,page_close,video,discussion,wiki
0,1.8339272176418302,1.158938532350277,1.584962500721156,1.0,0,0.0
