problem,access,navigate,page_close,video,discussion,wiki
2.2937153260632446,3.2746711029658724,3.105388542207534,3.3208536912326454,2.6704942276118664,0.0,0.0
