problem,access,navigate,page_close,video,discussion,wiki
1.7229712791784753,2.8048960584776506,3.1898980954642875,3.0253118430604946,2.6986604604011157,0,0
