problem,access,navigate,page_close,video,discussion,wiki
2.0714341191871077,3.0835599656759305,3.014155360994735,2.867165760477868,2.7351983469666963,2.7603108657094264,0.0
