problem,access,navigate,page_close,video,discussion,wiki
0,1.490468570732828,0.0,1.8210319581338212,1.9056390622295665,0,0
