problem,access,navigate,page_close,video,discussion,wiki
0.0,2.038251579843597,1.8423709931771084,1.9852281360342514,1.75,0,0.0
