problem,access,navigate,page_close,video,discussion,wiki
3.683856189774725,4.177726860896344,3.4219280948873623,4.189423450669766,4.035273502696888,3.0488307060959707,1.0
