problem,access,navigate,page_close,video,discussion,wiki
0.0,1.7136665097808694,0.9709505944546686,2.145136370153053,1.789929075309999,0,0
