problem,access,navigate,page_close,video,discussion,wiki
0,0.6722948170756379,0.863120568566631,0.6500224216483541,0.5032583347756457,0,0
