problem,access,navigate,page_close,video,discussion,wiki
0.8478617451660526,2.7116306468265616,2.624726209504296,2.98495705196957,2.457143057077996,0.0,0.0
