problem,access,navigate,page_close,video,discussion,wiki
0.9774178175281716,1.794821609798412,0.9182958340544896,1.3567796494470397,1.9219280948873623,1.0,0
