problem,access,navigate,page_close,video,discussion,wiki
2.6416041678685933,3.3803770962307134,2.4193819456463714,3.4086949695628417,2.0,0.0,0.0
