problem,access,navigate,page_close,video,discussion,wiki
0.7935912300117065,1.258040253688799,0.7219280948873623,0,1.5566567074628228,0,0
