problem,access,navigate,page_close,video,discussion,wiki
0,1.999485964534827,2.2464393446710154,1.9877733714879842,1.4591479170272446,0,0
