problem,access,navigate,page_close,video,discussion,wiki
0,1.717936029588917,1.5566567074628228,1.9182958340544893,2.0,0,0
