problem,access,navigate,page_close,video,discussion,wiki
2.197159723424149,3.52266173293465,3.381620107948735,3.578590633006977,3.273307449242075,0.0,0
