problem,access,navigate,page_close,video,discussion,wiki
0.0,1.965363175564938,1.3567796494470397,1.6140054628542202,1.8322488896002307,0.0,0.0
