problem,access,navigate,page_close,video,discussion,wiki
0.0,2.87978236461223,2.9182958340544896,2.7180549119906785,2.6986604604011157,1.0,0
