problem,access,navigate,page_close,video,discussion,wiki
2.644325736890225,3.0815262309028864,2.826139912208212,3.3815523351517194,3.2222671552814552,2.557230010190123,1.7743974703476995
