problem,access,navigate,page_close,video,discussion,wiki
0.0,1.9645926754910779,2.59490661824394,2.251629167387823,1.0,0.6500224216483541,0
