problem,access,navigate,page_close,video,discussion,wiki
1.4604846813131116,2.9521431807100744,2.66122625626979,2.6488047613281545,3.0989295636909353,1.8286345734705733,0
