problem,access,navigate,page_close,video,discussion,wiki
1.6171592701964748,2.3730201924480454,1.7924812503605778,1.0,1.0,0,0
