problem,access,navigate,page_close,video,discussion,wiki
0.0,2.3553885422075336,1.75,2.3993974703476995,1.9219280948873623,0.0,0
