problem,access,navigate,page_close,video,discussion,wiki
1.789929075309999,1.9373648431033281,1.3709505944546687,2.107735252622104,1.789929075309999,0,0
