problem,access,navigate,page_close,video,discussion,wiki
0.0,1.4911148500551856,0.5916727785823275,1.7527152789797045,1.9219280948873623,0,0
