problem,access,navigate,page_close,video,discussion,wiki
0.0,1.4926140680171256,1.6143308351592656,1.2516291673878228,0,0,0
