problem,access,navigate,page_close,video,discussion,wiki
4.1174125442612715,4.571550297325238,3.6635327548042533,2.8150724101159437,3.8293727532350945,2.6022170014624826,0
