problem,access,navigate,page_close,video,discussion,wiki
0,2.8076239326669974,2.0,2.3938280220947856,1.8909209935891982,0,0
