problem,access,navigate,page_close,video,discussion,wiki
1.3015742892816131,2.2622400886338787,2.1469540731058627,2.016277362521207,1.7295739585136223,0.0,1.1488348542809166
