problem,access,navigate,page_close,video,discussion,wiki
1.6105772433316423,3.242696812656533,3.1746742319786425,2.6805984625128185,1.885377505769539,0.863120568566631,0
