problem,access,navigate,page_close,video,discussion,wiki
0,2.4396896654735634,2.246439344671016,2.684017280829845,2.50558726169826,0,0
