problem,access,navigate,page_close,video,discussion,wiki
0.9975025463691153,2.393365529801968,2.186704345910025,2.481714572986073,1.7527152789797047,1.5219280948873621,0
