problem,access,navigate,page_close,video,discussion,wiki
3.012990070597284,2.7228129549257885,2.6069367321753214,2.770950594454668,2.5884930703645583,2.1223358640065593,0
