problem,access,navigate,page_close,video,discussion,wiki
0,2.289246428509158,1.4056390622295665,2.6565647621309543,0,0,0
