problem,access,navigate,page_close,video,discussion,wiki
2.437931438499519,3.724540967814633,3.2303964110993877,3.75456327395366,3.673822833809282,2.1442475629608078,0
