problem,access,navigate,page_close,video,discussion,wiki
2.4772170014624826,3.4821354805222495,1.8464393446710154,3.569132453096979,3.197159723424149,0.0,0
