problem,access,navigate,page_close,video,discussion,wiki
0.8112781244591328,1.9185070878502462,1.9406454496153462,1.8422921890824147,0.0,0.6500224216483541,1.4591479170272448
