problem,access,navigate,page_close,video,discussion,wiki
1.7621171696381757,3.6165047226337714,2.9508257945180887,2.521640636343318,2.0,0.9182958340544896,1.5
