problem,access,navigate,page_close,video,discussion,wiki
2.3523246323178575,2.5202288187888096,2.6022170014624826,2.3863530038956955,2.0661918485253046,0.0,0.0
