problem,access,navigate,page_close,video,discussion,wiki
1.4056780552463375,0.828055725379504,0.0,0.0,0,0.8708644692353644,0
