problem,access,navigate,page_close,video,discussion,wiki
0.3760198509692728,0.2974722489192896,1.4854752972273344,0.4689955935892812,0,0,0
