problem,access,navigate,page_close,video,discussion,wiki
0.0,2.790463458024702,1.5219280948873621,1.584962500721156,1.0,0,0
