problem,access,navigate,page_close,video,discussion,wiki
1.6949249984065076,3.809935130707788,3.761313030086848,2.199687794731328,2.0,2.3319052513589584,0.5916727785823275
