problem,access,navigate,page_close,video,discussion,wiki
0.5435644431995964,1.5774062828523454,0.9182958340544896,0.0,0,0,0
