problem,access,navigate,page_close,video,discussion,wiki
0.0,1.9490505783764545,2.1971597234241496,2.3159365430764005,2.116299605701696,0,0
