problem,access,navigate,page_close,video,discussion,wiki
2.0813366321300486,2.6827941901796066,1.9219280948873623,1.6143308351592656,0.9910760598382222,0.9871377743721863,0
