problem,access,navigate,page_close,video,discussion,wiki
0.0,1.456564762130954,1.3709505944546687,1.3250112108241772,1.3516441151533924,0.0,0
