problem,access,navigate,page_close,video,discussion,wiki
0.0,1.823067982273661,1.584962500721156,1.5219280948873621,1.584962500721156,0,0
