problem,access,navigate,page_close,video,discussion,wiki
0.9182958340544896,1.4591479170272448,1.1488348542809166,1.6577427265048887,1.1488348542809166,0.0,0.0
