problem,access,navigate,page_close,video,discussion,wiki
0,3.0359864526124487,3.257500413502067,0.9182958340544896,0.0,2.8351060680236118,0
