problem,access,navigate,page_close,video,discussion,wiki
2.461326180723335,3.123800783002495,2.7742433029172693,3.309863053930245,3.2946635862096048,1.5219280948873621,0.7219280948873623
