problem,access,navigate,page_close,video,discussion,wiki
0.8904916402194913,2.6845387289845,2.4528027220738906,2.7045348998193433,2.1556390622295662,0.0,0.9182958340544896
