problem,access,navigate,page_close,video,discussion,wiki
2.9273495967179017,3.729834280167407,1.667951197198645,0,3.238901256602631,2.6493974703476995,0.0
