problem,access,navigate,page_close,video,discussion,wiki
0,2.3234799018139567,2.5032583347756456,2.1967916319816365,1.5,0,0
