problem,access,navigate,page_close,video,discussion,wiki
0.9587118829771317,1.5656780552463374,2.120952031026403,1.615250265088252,1.4604846813131116,1.1392781631244115,0.9798687566511528
