problem,access,navigate,page_close,video,discussion,wiki
2.072905595320056,3.0995601351350612,2.8032156925345846,2.8855130303998817,2.9139770731827523,0.9182958340544896,0.0
