problem,access,navigate,page_close,video,discussion,wiki
1.7510365226241893,2.6761488896212047,1.5,2.6854752972273346,0,1.584962500721156,0
