problem,access,navigate,page_close,video,discussion,wiki
0.961236604722876,3.2300230937387546,2.875814583693912,3.3104903797667555,3.2009102795095283,1.8609101768149823,1.3709505944546687
