problem,access,navigate,page_close,video,discussion,wiki
2.2004670102634583,2.1355945293746146,2.206908425151817,2.493541090353655,0.0,0.968270247409618,0.9182958340544896
