problem,access,navigate,page_close,video,discussion,wiki
0.345117314944953,3.210865917243145,3.277613436819116,3.2045566020795366,3.000972825245975,0,0
