problem,access,navigate,page_close,video,discussion,wiki
1.1401156785146092,1.551327461822805,1.1883763717345073,1.8423709931771084,1.9219280948873623,0.0,0
