problem,access,navigate,page_close,video,discussion,wiki
0.976300951603057,2.8636160793437866,2.353533948577482,1.584962500721156,0.0,0.0,0.0
