problem,access,navigate,page_close,video,discussion,wiki
2.4540143561100725,3.5490749360577283,2.446439344671015,3.2758325768513417,3.311080496244278,0.9910760598382222,0
