problem,access,navigate,page_close,video,discussion,wiki
2.071179362845803,1.6240042734452103,1.8190269457641053,1.7433726141696466,1.6673395705257974,0.0,0.0
