problem,access,navigate,page_close,video,discussion,wiki
0.4854607607459134,3.1269416838398194,2.9339545780481746,3.222013504511148,3.1187658715577657,1.4591479170272446,0
