problem,access,navigate,page_close,video,discussion,wiki
0.8112781244591328,1.5810309627563695,1.8879185026711327,1.4772170014624826,1.224394445405986,0.0,0.0
