problem,access,navigate,page_close,video,discussion,wiki
1.0377724203178629,2.348136942602158,1.9219280948873623,2.460964047443681,1.3716407621868583,0.9798687566511528,0
