problem,access,navigate,page_close,video,discussion,wiki
0.0,2.2450240449019394,2.5048003829823355,1.879964948727111,1.2516291673878228,0.7219280948873623,0.0
