problem,access,navigate,page_close,video,discussion,wiki
2.9795547628125694,3.134472612395655,2.9655839357277816,3.2010592730100806,3.1237672823546037,2.6990199844009086,0.0
