problem,access,navigate,page_close,video,discussion,wiki
2.2202895764172954,3.7329590065663187,3.694548827786958,3.1140448268596597,1.9219280948873623,0.7483265504380476,1.5
