problem,access,navigate,page_close,video,discussion,wiki
1.4978637260424628,2.187343390924165,2.653146738289453,0.0,0,0,0
