problem,access,navigate,page_close,video,discussion,wiki
1.4294732983598406,3.373388862277865,3.1368637096073186,1.5,0,2.0928220035626537,0.5916727785823275
