problem,access,navigate,page_close,video,discussion,wiki
0.0,1.561278124459133,1.3709505944546687,1.823067982273661,1.0,0,0
