problem,access,navigate,page_close,video,discussion,wiki
1.3221793455166666,3.4412987711821805,3.1434143538550634,3.54187269396934,3.005678590456677,1.4949188482339508,0.0
