problem,access,navigate,page_close,video,discussion,wiki
0.0,2.6812711733631045,1.9219280948873623,2.1822287189138017,2.075869296697727,0.0,0
