problem,access,navigate,page_close,video,discussion,wiki
2.439598288733034,3.343574835835244,3.292841637894508,3.352135539906905,0,0.0,1.0
