problem,access,navigate,page_close,video,discussion,wiki
0.0,3.2855243756888637,2.1820058147602133,3.1761102515172537,2.2359263506290326,1.9999063686410468,0.0
