problem,access,navigate,page_close,video,discussion,wiki
1.5306189948485174,2.7272806447466458,2.443959251335566,2.452687741312592,2.0,1.439254017211876,1.3709505944546687
