problem,access,navigate,page_close,video,discussion,wiki
2.0132790219068077,2.1900348215914636,1.584962500721156,2.3835932191494638,2.2177648376739314,1.3709505944546687,0
