problem,access,navigate,page_close,video,discussion,wiki
0.9990102708804813,1.8732328992520362,1.7527152789797045,1.811278124459133,0,0,0
