problem,access,navigate,page_close,video,discussion,wiki
2.490155987728526,3.1633351577741404,2.682598848852623,3.2844892427400234,3.2579235654413847,2.1686562035967536,0.9912642605354288
