problem,access,navigate,page_close,video,discussion,wiki
0,2.3309391842605276,2.481714572986073,2.0588138903312014,2.0,0.0,0.0
