problem,access,navigate,page_close,video,discussion,wiki
1.9437125270092035,2.9584754919027705,2.1690354219421173,1.0,0.0,2.0131324651707385,0.9182958340544896
