problem,access,navigate,page_close,video,discussion,wiki
0.5916727785823275,1.5306189948485172,1.5219280948873621,1.3921472236645345,0.0,0.0,0
