problem,access,navigate,page_close,video,discussion,wiki
2.4782975702780194,2.958814324714672,2.8150724101159437,2.9951817227657744,2.73215889136457,0,0
