problem,access,navigate,page_close,video,discussion,wiki
1.5566567074628228,2.050165742222644,2.321928094887362,0.0,0,0,0
