problem,access,navigate,page_close,video,discussion,wiki
1.4926140680171258,1.6171764476037533,1.5219280948873621,2.0729055953200564,1.6854752972273344,0,0
