problem,access,navigate,page_close,video,discussion,wiki
2.196215681275211,2.538334470224951,2.053263574566956,2.5298500900143046,2.5471875748592634,1.5219280948873621,0.6500224216483541
