problem,access,navigate,page_close,video,discussion,wiki
1.1974570613656836,3.013550358733096,2.0989295636909353,3.2845670940755904,2.93299930663729,0.0,0
