problem,access,navigate,page_close,video,discussion,wiki
0.0,2.9954317040817173,1.224394445405986,3.0655370673016407,2.946387519131128,0.0,0.0
