problem,access,navigate,page_close,video,discussion,wiki
0,1.8464393446710154,1.3787834934861756,2.1280852788913944,1.9219280948873623,0,0
