problem,access,navigate,page_close,video,discussion,wiki
1.0,2.1152471310741525,0.9182958340544896,2.3082708345352603,2.161978179679554,0,0
