problem,access,navigate,page_close,video,discussion,wiki
1.575114591410657,2.2898650935339355,1.5,2.3904685707328284,2.2998963911678914,0,0
