problem,access,navigate,page_close,video,discussion,wiki
1.0,2.391554926064307,2.4464393446710155,2.4130884364257574,0,1.562806631693174,0.0
