problem,access,navigate,page_close,video,discussion,wiki
1.4195562985716133,3.200338654631442,2.6792970777771186,3.313502741214098,3.0574760762899316,0.0,0.0
