problem,access,navigate,page_close,video,discussion,wiki
0.0,2.6788587345650736,2.4488156357251847,2.584962500721156,2.481714572986073,0.0,0
