problem,access,navigate,page_close,video,discussion,wiki
0.8112781244591328,0.39124356362925566,0.9864267287308424,0.8112781244591328,0,0.0,0.0
