problem,access,navigate,page_close,video,discussion,wiki
0.0,1.5219280948873621,1.9056390622295665,0.9182958340544896,0,1.0,0
