problem,access,navigate,page_close,video,discussion,wiki
0.0,3.2894224712336673,1.1567796494470395,2.8600260407290183,2.751629167387823,0.6500224216483541,0
