problem,access,navigate,page_close,video,discussion,wiki
0.9709505944546686,2.533539850870518,1.5,2.5648894517332406,2.503701696057348,0.0,0
