problem,access,navigate,page_close,video,discussion,wiki
0,2.0916633598400303,2.4116022179746714,2.6464393446710157,0,0,0
