problem,access,navigate,page_close,video,discussion,wiki
0.8112781244591328,2.7816882564891032,2.481714572986073,2.9581013096245257,2.631832608042798,0.0,0
