problem,access,navigate,page_close,video,discussion,wiki
0,1.9926140680171258,2.3695710038552735,2.411509198419911,1.7924812503605778,0.0,0.0
