problem,access,navigate,page_close,video,discussion,wiki
1.584962500721156,2.187931722181783,2.0,2.8428262834434572,2.606238928653389,0,0
