problem,access,navigate,page_close,video,discussion,wiki
1.6441923128465918,1.8065360229726624,2.0300658059541767,1.8921362705673892,1.8721174203133915,0.9957274520849256,0.6500224216483541
