problem,access,navigate,page_close,video,discussion,wiki
0,1.5304930567574826,0,0.9709505944546686,1.5219280948873621,0,0
