problem,access,navigate,page_close,video,discussion,wiki
0.0,2.66122625626979,1.0,2.8453509366224368,2.2516291673878226,0,0
