problem,access,navigate,page_close,video,discussion,wiki
0,1.8990227511756546,1.4466166676282084,1.836591668108979,1.584962500721156,0,0
