problem,access,navigate,page_close,video,discussion,wiki
2.774246566230499,3.143650420723343,3.2803946541231945,0.8112781244591328,1.0,0.0,0.0
