problem,access,navigate,page_close,video,discussion,wiki
0.9182958340544896,2.0260736099818897,1.221694907636328,2.3709505944546687,1.8423709931771084,0.0,0
