problem,access,navigate,page_close,video,discussion,wiki
1.7621171696381757,3.288267736368487,3.2586206773212734,3.475246680402839,3.138460066586155,1.9698110652780971,1.584962500721156
