problem,access,navigate,page_close,video,discussion,wiki
2.8859824501307516,3.8800429705219215,3.6209505944546687,3.8861141899025373,3.611204418927659,1.272905595320056,0
