problem,access,navigate,page_close,video,discussion,wiki
0.0,2.162505605412089,1.9182958340544893,2.1492553971685,1.8423709931771084,0.0,0
