problem,access,navigate,page_close,video,discussion,wiki
1.0,3.1826651357768685,3.11583409216322,3.1837562473405616,2.9086949695628417,0.0,0.0
