problem,access,navigate,page_close,video,discussion,wiki
2.39207883297832,2.6896459563732504,1.822815600352516,2.7270833083284707,2.834962500721156,1.9877733714879842,0
