problem,access,navigate,page_close,video,discussion,wiki
0.0,2.453378737847722,1.9966675519380228,2.7984933784889714,2.75,0,0.0
