problem,access,navigate,page_close,video,discussion,wiki
0.8812908992306927,2.3612020756013528,1.5,2.6062389286533896,2.4464393446710155,0.0,0
