problem,access,navigate,page_close,video,discussion,wiki
0.6051865766334206,2.787718236349931,2.4275019499768535,2.6825887305018337,2.5262804816836244,1.683118456076214,1.584962500721156
