problem,access,navigate,page_close,video,discussion,wiki
1.9424453833449993,2.9314403259576656,2.5219280948873624,0,0,0.8663137138648348,0
