problem,access,navigate,page_close,video,discussion,wiki
1.7574839898128802,2.769898165286908,2.521640636343318,2.8052456498523717,2.439268146254097,0,0
