problem,access,navigate,page_close,video,discussion,wiki
0,1.4937095464322434,0.8112781244591328,1.402081402756032,0.6500224216483541,0,0
