problem,access,navigate,page_close,video,discussion,wiki
0.0,2.253553208956351,1.5,2.332914563979398,1.7527152789797045,0,0
