problem,access,navigate,page_close,video,discussion,wiki
0.8904916402194913,0.9844268978000114,0.7219280948873623,1.1779653169582593,1.1385936501543066,0,0
