problem,access,navigate,page_close,video,discussion,wiki
0,2.195685766071212,2.5794784789288974,2.1642928964473436,1.4591479170272448,0,0
