problem,access,navigate,page_close,video,discussion,wiki
0,2.017095481115442,2.0300872246321315,1.8822287189138016,1.3516441151533922,0.0,0.8112781244591328
