problem,access,navigate,page_close,video,discussion,wiki
0,1.8585552118703144,2.045841640885174,0.6500224216483541,0.0,0,0
