problem,access,navigate,page_close,video,discussion,wiki
0.0,2.270942421748537,2.0,1.9182958340544896,1.584962500721156,0,0
