problem,access,navigate,page_close,video,discussion,wiki
1.8965189659558235,3.6391994850752147,2.0809180661707503,3.64064747772336,3.5385098742141095,0,0.0
