problem,access,navigate,page_close,video,discussion,wiki
2.115614707623371,3.3280574190365195,2.8423709931771084,3.2223541507367885,2.6946939516467023,0.6722948170756379,0
