problem,access,navigate,page_close,video,discussion,wiki
0,1.8394910703001344,1.5465935642949382,2.4956029237290127,2.1556390622295662,2.12197080163942,0.0
