problem,access,navigate,page_close,video,discussion,wiki
0,2.4687698283192403,1.3709505944546687,2.234201009820717,2.4863286677871854,0,0
