problem,access,navigate,page_close,video,discussion,wiki
0,1.5487949406953985,0.0,1.061278124459133,1.061278124459133,0,0
