problem,access,navigate,page_close,video,discussion,wiki
1.4904685707328282,2.6874087888299596,2.502598068247261,2.2577560641285177,2.7152397453387556,2.355388542207534,0
