problem,access,navigate,page_close,video,discussion,wiki
0.0,2.052739285478298,2.2062389286533897,1.0,1.0,1.9182958340544896,0
