problem,access,navigate,page_close,video,discussion,wiki
0,1.5465935642949382,0.0,1.6577427265048887,1.3787834934861756,0,0
