problem,access,navigate,page_close,video,discussion,wiki
1.5,2.1042929895909244,2.1029334343823503,2.311278124459133,2.4137995646056805,0,0
