problem,access,navigate,page_close,video,discussion,wiki
1.565498735494544,1.95006375643621,1.4488156357251847,1.9709505944546688,1.4056390622295665,0.0,0.0
