problem,access,navigate,page_close,video,discussion,wiki
2.5504460149179358,3.8107382629984676,3.7308075910906924,3.426323864394701,3.7637750947613267,0,0
