problem,access,navigate,page_close,video,discussion,wiki
1.8732214356139143,3.347049973478196,2.4591479170272446,3.24305646362114,3.36030597770208,0,0
