problem,access,navigate,page_close,video,discussion,wiki
0.0,1.950212064914747,1.9362600275315274,1.6644977792004614,1.3709505944546687,0,0
