problem,access,navigate,page_close,video,discussion,wiki
1.9492150557701984,3.379922903346576,2.812907291846956,2.584962500721156,2.0,2.4778105601381926,0.8112781244591328
