problem,access,navigate,page_close,video,discussion,wiki
0.8708644692353644,1.9671655346302397,2.4193819456463714,2.1577174691301484,2.2359263506290326,0.0,0.0
