problem,access,navigate,page_close,video,discussion,wiki
2.2730507588764324,2.7485162535397127,2.6393535955425893,0.9182958340544896,0.0,0,1.0
