problem,access,navigate,page_close,video,discussion,wiki
1.4674579648482995,1.4152689500270954,0.7642045065086203,1.5058231002082845,1.3485878960124222,0.0,0.0
