problem,access,navigate,page_close,video,discussion,wiki
1.525722646221174,2.54638207958865,2.332914563979398,2.5189838749665885,2.682014696080435,1.4833557549816876,0
