problem,access,navigate,page_close,video,discussion,wiki
0.9182958340544896,1.9447655339049343,2.0052054541005973,2.10845859334435,1.789929075309999,1.507724892057348,1.8910611120726526
