problem,access,navigate,page_close,video,discussion,wiki
0,2.1473404264249734,1.6143308351592656,2.1258145836939115,1.9877733714879842,0.0,1.0
