problem,access,navigate,page_close,video,discussion,wiki
0.0,1.4195562985716133,0.9182958340544896,1.4355205042826666,1.3787834934861753,0,0
