problem,access,navigate,page_close,video,discussion,wiki
0.0,2.721511065132317,1.584962500721156,2.6016094970590276,2.186704345910025,1.0,0
