problem,access,navigate,page_close,video,discussion,wiki
0,0.7219280948873623,1.3709505944546687,0.5435644431995964,0,0.0,0
