problem,access,navigate,page_close,video,discussion,wiki
0.9182958340544896,1.4591479170272446,1.0,1.456564762130954,1.4353713907745331,0,0
