problem,access,navigate,page_close,video,discussion,wiki
0.9910760598382222,1.221694907636328,0.9709505944546686,1.4833557549816876,1.0,0,1.0
