problem,access,navigate,page_close,video,discussion,wiki
0.8997437586982626,1.5602636729586163,0.9182958340544896,1.4591479170272448,1.3709505944546687,0.0,0.9182958340544896
