problem,access,navigate,page_close,video,discussion,wiki
0.0,1.1050139971135322,0.9182958340544896,1.224394445405986,0.8112781244591328,0,0
