problem,access,navigate,page_close,video,discussion,wiki
0.0,2.7982988276370517,2.6639576111367096,1.8585552118703144,1.9182958340544893,0,0
