problem,access,navigate,page_close,video,discussion,wiki
2.8057456515210597,3.792470065010969,2.521640636343318,2.6897981900809884,2.7052290027422967,0,0
