problem,access,navigate,page_close,video,discussion,wiki
0.0,3.0337442111431216,2.1812056673346514,2.75,2.251629167387823,0,0.0
