problem,access,navigate,page_close,video,discussion,wiki
1.7273966735744795,2.259071309688982,1.4911148500551856,2.4595479299028353,0,0,0
