problem,access,navigate,page_close,video,discussion,wiki
0.0,2.651127890403172,1.9056390622295665,1.5566567074628228,0.9182958340544896,0,0
