problem,access,navigate,page_close,video,discussion,wiki
2.5845048820623973,2.9456058097076645,2.753434386188785,0.9182958340544896,1.2516291673878228,0.7219280948873623,0
