problem,access,navigate,page_close,video,discussion,wiki
0.9910760598382222,2.8854213005252567,2.870253816431622,2.6197489654321884,1.8464393446710154,1.1567796494470395,0
