problem,access,navigate,page_close,video,discussion,wiki
2.5050409760317,2.5388452815760614,2.242737648613667,2.694428209611948,2.4958608925452843,2.244410866288808,0.6402064333604701
