problem,access,navigate,page_close,video,discussion,wiki
1.7496134418025457,2.643877067156943,2.8423709931771084,2.792481250360578,1.584962500721156,1.188721875540867,0.0
