problem,access,navigate,page_close,video,discussion,wiki
2.848892202659439,3.3760066372250654,2.8685078989692365,3.2849522474777544,3.0900315903676434,1.5219280948873621,0.0
