problem,access,navigate,page_close,video,discussion,wiki
1.9019327083735562,3.0289079079205674,2.703559323951357,3.2088143247146714,3.408694969562842,0.9182958340544896,0
