problem,access,navigate,page_close,video,discussion,wiki
1.7826678974010055,3.572009471579011,2.7837378421564143,3.538833265888339,3.4484016126022676,0,0
