problem,access,navigate,page_close,video,discussion,wiki
1.8611869348118244,2.048291224058573,2.1105961389266823,2.074220445017208,1.3485878960124222,0.0,0
