problem,access,navigate,page_close,video,discussion,wiki
0.9910760598382222,2.1076318035384904,1.781937063546704,2.3647478046517736,1.8968204364405798,0.5032583347756457,0
