problem,access,navigate,page_close,video,discussion,wiki
0.0,1.8623101351622202,2.1920058354921066,2.008694969562842,2.072905595320056,0,0.0
