problem,access,navigate,page_close,video,discussion,wiki
0.6840384356390417,2.267117875964918,1.9219280948873623,1.584962500721156,2.0,0.0,0
