problem,access,navigate,page_close,video,discussion,wiki
2.3496929689578714,2.4024479159514516,2.73345859334435,2.4481020701914806,2.251629167387823,1.061278124459133,1.584962500721156
