problem,access,navigate,page_close,video,discussion,wiki
2.558660440886707,2.722285256298331,3.007351534508032,2.816352556524231,2.8489701542449075,1.7909294006771392,1.584962500721156
