problem,access,navigate,page_close,video,discussion,wiki
0.0,2.192215752170299,1.9219280948873623,2.1709505944546685,2.199687794731328,0,0
