problem,access,navigate,page_close,video,discussion,wiki
0,2.486793021302403,1.584962500721156,2.5941178916311856,2.4300365325772657,0,0
