problem,access,navigate,page_close,video,discussion,wiki
2.0,3.889238001919295,2.125814583693911,3.6660147326850594,3.392530704640099,1.9591479170272448,0.0
