problem,access,navigate,page_close,video,discussion,wiki
1.4294732983598406,2.0912187676215517,2.2806390622295662,1.584962500721156,0.0,0,0
