problem,access,navigate,page_close,video,discussion,wiki
2.406666316740689,3.4254689918912393,2.8150724101159437,3.3711045993081328,3.3825680832760767,0.0,0
