problem,access,navigate,page_close,video,discussion,wiki
0,1.7838593436779766,2.121928094887362,1.584962500721156,1.584962500721156,0,0
