problem,access,navigate,page_close,video,discussion,wiki
0.9182958340544896,3.396050992787033,3.3248629576173565,1.584962500721156,0.0,0,0
