problem,access,navigate,page_close,video,discussion,wiki
1.5262349099495225,1.8846195053394266,2.170950594454669,0.0,0,0,1.0
