problem,access,navigate,page_close,video,discussion,wiki
0,1.9500637564362102,0.8112781244591328,2.1709505944546685,2.1556390622295662,0.0,0
