problem,access,navigate,page_close,video,discussion,wiki
0,2.1513978925243196,1.9814035902506322,2.2375084733450716,2.131315553277084,0.0,0.0
