problem,access,navigate,page_close,video,discussion,wiki
1.0,2.938076371739049,2.622733639029705,2.5731144546409044,1.7779849042597489,3.0456881646742944,0.0
