problem,access,navigate,page_close,video,discussion,wiki
1.402081402756032,3.901614685090932,3.327819531114783,3.6533754599297747,2.584962500721156,0,0
