problem,access,navigate,page_close,video,discussion,wiki
0,2.881975956918246,2.235926350629032,2.9190795706241746,2.8037016960573484,0,0
