problem,access,navigate,page_close,video,discussion,wiki
0,1.4558764720277595,0.0,1.811278124459133,1.9219280948873623,0,0
