problem,access,navigate,page_close,video,discussion,wiki
0.0,3.1266940886031183,2.5423289894137593,2.321928094887362,2.321928094887362,0,0
