problem,access,navigate,page_close,video,discussion,wiki
0.9182958340544896,3.9757057781780287,3.639408423097839,3.2368573034220747,2.556656707462823,3.2371051843266785,1.3709505944546687
