problem,access,navigate,page_close,video,discussion,wiki
0,2.4155815962845733,2.5503407095463886,1.962806631693174,1.584962500721156,0,0
