problem,access,navigate,page_close,video,discussion,wiki
0,2.2282129458410016,2.321928094887362,2.2825887305018333,2.0464393446710156,0,0
