problem,access,navigate,page_close,video,discussion,wiki
2.1587334352766567,3.143673541016357,1.4911148500551856,2.321928094887362,2.807354922057604,0.6500224216483541,0.0
