problem,access,navigate,page_close,video,discussion,wiki
2.549618679142765,3.172472975510333,2.999907993057216,3.1987045677112085,3.311007010746014,0.0,0.9182958340544896
