problem,access,navigate,page_close,video,discussion,wiki
1.8814099964358761,3.1012402702202677,2.321928094887362,3.0731831875599696,2.655050539417774,0,0
