problem,access,navigate,page_close,video,discussion,wiki
1.417742123644931,1.7039893350370572,2.173794940695399,0.0,0.0,0.0,0.0
