problem,access,navigate,page_close,video,discussion,wiki
0.0,2.012156101977903,1.3709505944546687,2.2954656791802917,1.9502120649147465,0,0
