problem,access,navigate,page_close,video,discussion,wiki
1.0,3.5717306770740986,2.355388542207534,3.682560580407689,3.6234651896016468,0,0.0
