problem,access,navigate,page_close,video,discussion,wiki
0,1.7489992230622806,0.9182958340544896,2.1180782093497097,1.8423709931771086,0,0
