problem,access,navigate,page_close,video,discussion,wiki
0.0,3.111677351277063,2.7534343861887853,3.4423161227842436,3.1590795706241748,1.3512274809529559,0
