problem,access,navigate,page_close,video,discussion,wiki
0.0,1.3821022532543101,2.349601752714581,1.6140054628542202,0.0,0.0,0.0
