problem,access,navigate,page_close,video,discussion,wiki
0.9182958340544896,2.261979803423752,0.7219280948873623,2.4072103113389796,1.7527152789797047,0,0
