problem,access,navigate,page_close,video,discussion,wiki
0.0,2.8530242373675736,1.5,3.023037065532881,2.6464393446710157,0,0
