problem,access,navigate,page_close,video,discussion,wiki
1.866936664282101,1.8763721082526268,1.224394445405986,1.0,0.0,1.5,0
