problem,access,navigate,page_close,video,discussion,wiki
0.9957274520849256,3.017014306746715,2.25,2.4956029237290123,2.6957749987827633,1.5,1.584962500721156
