problem,access,navigate,page_close,video,discussion,wiki
0.9182958340544896,2.111761596285272,0.7642045065086203,2.1868085945630504,2.188721875540867,0,0.0
