problem,access,navigate,page_close,video,discussion,wiki
1.2773766805849878,1.413454266463601,1.061278124459133,0.0,0,0,0
