problem,access,navigate,page_close,video,discussion,wiki
1.5,3.5317642888727216,2.9053077763737463,3.57834843227597,3.5843031793467124,1.2516291673878228,0
