problem,access,navigate,page_close,video,discussion,wiki
0,2.4366213360717546,1.8585552118703144,2.610063540877072,2.1556390622295662,0,0.0
