problem,access,navigate,page_close,video,discussion,wiki
0,1.345963744443785,1.6644977792004614,1.3709505944546687,1.0,0,0
