problem,access,navigate,page_close,video,discussion,wiki
0,2.4798731956284326,2.235926350629032,2.3576004726263524,2.126614471810182,1.404826957666508,0.0
