problem,access,navigate,page_close,video,discussion,wiki
2.359079570624175,2.5807013176295976,2.0,2.0588138903312014,2.557727778739319,2.113283334294875,0
