problem,access,navigate,page_close,video,discussion,wiki
0,1.9524876891689535,2.054585169337799,1.780672129520887,1.5,0,0
