problem,access,navigate,page_close,video,discussion,wiki
0,3.351953074246375,0.8112781244591328,3.189898095464287,0,0.0,0.0
