problem,access,navigate,page_close,video,discussion,wiki
0.8112781244591328,1.7881212440747856,2.35845859334435,2.2062389286533897,1.6814963295286753,1.3921472236645345,0
