problem,access,navigate,page_close,video,discussion,wiki
2.8417616020551,3.716107251448901,3.665982477417358,3.085055102756477,0.0,2.435287854641591,2.058813890331201
