problem,access,navigate,page_close,video,discussion,wiki
3.2704822748299733,3.448678926409737,2.6031579868726,3.413879212625133,3.2752174082884653,2.6659573209491754,0
