problem,access,navigate,page_close,video,discussion,wiki
0.0,2.023131523414322,1.5916727785823275,2.1709505944546685,1.879964948727111,0.863120568566631,1.0
