problem,access,navigate,page_close,video,discussion,wiki
1.7932563797851473,2.842625856813134,1.584962500721156,3.0494520727893937,3.1026409749161035,2.481714572986073,0
