problem,access,navigate,page_close,video,discussion,wiki
1.833624922590951,2.026039832046011,2.1492553971685,2.1180782093497093,1.5694452621548822,1.5,1.5
