problem,access,navigate,page_close,video,discussion,wiki
1.1488348542809166,2.205190499271973,1.753434386188785,1.570950594454669,1.0,1.9182958340544893,0.0
