problem,access,navigate,page_close,video,discussion,wiki
2.2507520132504406,2.9067176056086583,2.7334585933443494,2.6455933144511468,2.7630741894285697,2.1339375660949167,0.0
