problem,access,navigate,page_close,video,discussion,wiki
0,2.6933311329971343,0.9182958340544896,2.872334856855675,2.903107168362811,0,0
