problem,access,navigate,page_close,video,discussion,wiki
0,2.72782797751318,2.4137995646056805,2.684017280829845,2.577819531114783,1.6023165585055519,0.0
