problem,access,navigate,page_close,video,discussion,wiki
2.8757957995496946,3.4864114657474605,3.3837520475220852,3.494446418405719,3.1516381173563985,2.016875695766564,1.584962500721156
