problem,access,navigate,page_close,video,discussion,wiki
0,1.8892464285091581,1.5487949406953985,1.6577427265048887,1.3709505944546687,0.5435644431995964,0.0
