problem,access,navigate,page_close,video,discussion,wiki
1.4591479170272446,2.6781998592677447,1.792481250360578,1.896240625180289,1.4591479170272446,0.863120568566631,0
