problem,access,navigate,page_close,video,discussion,wiki
2.6380059710789405,3.202628431586504,1.6337314206421327,0.0,2.7681769890054193,2.466759588055143,0.0
