problem,access,navigate,page_close,video,discussion,wiki
0,2.1740358683479806,2.6464393446710153,2.321928094887362,2.321928094887362,0.0,0
