problem,access,navigate,page_close,video,discussion,wiki
0,1.9591479170272446,1.0,1.9502120649147465,1.9182958340544896,0,0
