problem,access,navigate,page_close,video,discussion,wiki
3.79497169826323,3.8843193265274474,3.2317537386100144,3.7079082661569727,3.7932714434436403,3.177357316358225,0
