problem,access,navigate,page_close,video,discussion,wiki
0,2.5232314287976205,1.7924812503605778,2.918295834054489,2.721928094887362,0,0
