problem,access,navigate,page_close,video,discussion,wiki
0,0.9293636260137187,0.9182958340544896,0.9402859586706311,0.0,0,0.0
