problem,access,navigate,page_close,video,discussion,wiki
0.0,1.0780562006869134,0.8453509366224365,1.3747976286297399,1.2651680569341983,0.0,0.0
