problem,access,navigate,page_close,video,discussion,wiki
0,2.9993952975855573,2.68580354861787,3.039737686396518,2.1258145836939115,0.9182958340544896,0.0
