problem,access,navigate,page_close,video,discussion,wiki
0,1.4219115073546411,1.4137995646056802,1.37928048729106,0,1.0,0.0
