problem,access,navigate,page_close,video,discussion,wiki
0.0,1.5440240964819507,1.974937501201927,1.5726236638951638,1.561278124459133,1.4056390622295665,0
