problem,access,navigate,page_close,video,discussion,wiki
0,0.8453509366224365,2.218437210664321,0.863120568566631,0.0,1.3814608545340699,0.0
