problem,access,navigate,page_close,video,discussion,wiki
0,2.6956007146872727,1.6854752972273346,2.7068905956085185,0,1.0,0
