problem,access,navigate,page_close,video,discussion,wiki
0.0,1.3124308023479359,1.5,1.6644977792004614,1.1488348542809166,0,0
