problem,access,navigate,page_close,video,discussion,wiki
0,2.1151544063831658,1.6577427265048887,2.3129072918469555,2.3355055565170972,0.8366407419411673,0.0
