problem,access,navigate,page_close,video,discussion,wiki
0,0.9975025463691153,1.0,0.9182958340544896,1.2406705316766886,0.5916727785823275,0
