problem,access,navigate,page_close,video,discussion,wiki
2.2122028491557013,3.362570832914421,2.365596230357602,3.1615708351762883,3.4580324494698087,1.9362600275315274,1.2516291673878228
