problem,access,navigate,page_close,video,discussion,wiki
2.112585390635543,2.457713368216707,1.6893917467430875,1.971747257128181,2.581179445569546,1.4604846813131116,0
