problem,access,navigate,page_close,video,discussion,wiki
1.584962500721156,3.3125530066348636,3.1776942711037672,3.436260027531527,3.2033650875091753,1.3921472236645345,0.0
