problem,access,navigate,page_close,video,discussion,wiki
3.279828535066747,3.804461474483143,2.498296588930315,3.4999872985727785,3.70131463563651,2.1867043459100244,0
