problem,access,navigate,page_close,video,discussion,wiki
2.4031566430023914,2.584548100832022,1.5219280948873621,2.557861900050533,2.547487316321448,0.0,0
