problem,access,navigate,page_close,video,discussion,wiki
1.456564762130954,3.171203927098845,2.732914563979398,3.3062838713719156,2.862961352340425,0,0
