problem,access,navigate,page_close,video,discussion,wiki
0,1.4591479170272448,1.1595547523787308,1.3143204867061788,1.4056390622295665,0.0,0
