problem,access,navigate,page_close,video,discussion,wiki
0,0.5032583347756457,0.0,1.3709505944546687,1.3709505944546687,0,0
