problem,access,navigate,page_close,video,discussion,wiki
1.4764892117991653,3.4618919190577384,2.7956017398591517,3.4274512249645186,3.5703679800567567,2.731301391947289,0.0
