problem,access,navigate,page_close,video,discussion,wiki
0,1.3838077354640828,0.9182958340544896,1.532914563979398,1.1488348542809166,0,0
