problem,access,navigate,page_close,video,discussion,wiki
0,1.186278124459133,2.1820058147602133,1.584962500721156,0.8112781244591328,1.3250112108241772,2.0
