problem,access,navigate,page_close,video,discussion,wiki
1.3296776901252136,2.051240030880306,0.9182958340544896,0,1.924174352300441,0,0
