problem,access,navigate,page_close,video,discussion,wiki
0,1.4784345996621122,2.538714805865568,1.2997367636952524,1.4355205042826666,0.0,0.0
