problem,access,navigate,page_close,video,discussion,wiki
2.147348781633051,2.961977135530836,2.6693721485946114,3.1106259180022335,2.8298952970859252,0.9182958340544896,1.0
