problem,access,navigate,page_close,video,discussion,wiki
0,2.558817662931219,1.8262452584026092,2.413088436425758,2.197159723424149,0.7642045065086203,0.0
