problem,access,navigate,page_close,video,discussion,wiki
0,1.4152689500270956,1.8464393446710154,1.9211854965885544,2.121928094887362,0.0,0
