problem,access,navigate,page_close,video,discussion,wiki
0,2.222497061121124,2.449082295352821,2.449311833026446,1.7004397181410922,1.0,0.0
