problem,access,navigate,page_close,video,discussion,wiki
0,1.3921472236645345,0.7345299214394703,1.0,0.9182958340544896,0.0,0
