problem,access,navigate,page_close,video,discussion,wiki
0,1.9730696791581124,1.4056390622295665,1.8776205033895346,1.5709505944546687,0,0
