problem,access,navigate,page_close,video,discussion,wiki
1.7647863418879632,2.007398447309602,1.5487949406953985,2.027489311329523,1.8050365325772657,0.9709505944546686,0.0
