problem,access,navigate,page_close,video,discussion,wiki
1.384431504340598,4.665749332234343,3.1774850780749566,4.679355076458563,4.593207854646507,4.517066539875364,1.4183988815820636
