problem,access,navigate,page_close,video,discussion,wiki
1.1364116341009103,2.5656004273071105,2.503701696057348,2.8153192411799277,2.7188651246292217,0.4394969869215134,0.0
