problem,access,navigate,page_close,video,discussion,wiki
0,1.922023142851573,1.584962500721156,2.1556390622295662,1.9502120649147465,0,0
