problem,access,navigate,page_close,video,discussion,wiki
1.5566567074628228,3.7114667097565803,2.82584593404075,2.4176286494293433,2.694781460584273,0.7024665512903903,0.0
