problem,access,navigate,page_close,video,discussion,wiki
0.0,2.292042195400668,2.372966377227965,2.2676980989377205,2.022715823275322,1.2448824391820104,1.0
