problem,access,navigate,page_close,video,discussion,wiki
1.0,3.898599070909087,3.2416783147747226,3.169925001442312,1.584962500721156,2.321706277574314,1.9609640474436814
