problem,access,navigate,page_close,video,discussion,wiki
0.0,2.25935458411521,2.816340113853408,1.4969275461145894,0.9910760598382222,2.447169235259032,0
