problem,access,navigate,page_close,video,discussion,wiki
1.0,2.105154957849531,2.350686490071829,2.1581047784968117,2.4056390622295662,1.8892464285091581,0.0
