problem,access,navigate,page_close,video,discussion,wiki
0,3.7960671056738144,2.6464393446710153,3.8162384856067906,3.551026636617178,1.8136274042859055,0
