problem,access,navigate,page_close,video,discussion,wiki
0.0,1.4426049431802972,1.4056390622295665,1.3485878960124222,1.5219280948873621,0.9366673818775625,0
