problem,access,navigate,page_close,video,discussion,wiki
0,3.07284051427563,2.6464393446710157,2.058813890331201,1.5566567074628228,0,0
