problem,access,navigate,page_close,video,discussion,wiki
0,3.2003523004223946,3.189898095464287,2.845350936622437,2.251629167387823,0.996316519558962,0.0
