problem,access,navigate,page_close,video,discussion,wiki
0.0,2.469670487371862,2.3458519893382603,2.353294696887725,2.0948567835487384,1.8423709931771088,0
