problem,access,navigate,page_close,video,discussion,wiki
0,1.224394445405986,1.3787834934861756,0.0,0.0,1.4355205042826666,0
