problem,access,navigate,page_close,video,discussion,wiki
1.4591479170272446,3.9297377192176857,3.7429364496525137,3.9745355227099095,3.746291941736342,2.2043405084728005,0.0
