problem,access,navigate,page_close,video,discussion,wiki
0.0,3.3952737539614986,3.239097917988786,3.500232897601194,2.5337712560645573,2.0834311987839405,0
