problem,access,navigate,page_close,video,discussion,wiki
0.0,1.9898980954642873,0.863120568566631,2.075869296697727,2.1180782093497093,0.0,0.0
