problem,access,navigate,page_close,video,discussion,wiki
1.8739810481273578,2.3300468245727877,2.9339545780481746,2.584599933543521,0.0,0.7219280948873623,0
