problem,access,navigate,page_close,video,discussion,wiki
1.384431504340598,2.527851177821555,0.8112781244591328,2.3071885761626687,2.556656707462823,0.0,0
