problem,access,navigate,page_close,video,discussion,wiki
0,2.3741030543741437,2.35274578087187,1.584962500721156,1.7924812503605778,0,0.0
