problem,access,navigate,page_close,video,discussion,wiki
1.5147239826031003,2.808990728448357,2.2516291673878226,2.4930168491445683,2.6556390622295662,0.9182958340544896,0.0
