problem,access,navigate,page_close,video,discussion,wiki
3.252300911714671,3.5417909237372474,3.0,3.594117891631186,3.3392665226825953,3.0947396630551762,0.0
