problem,access,navigate,page_close,video,discussion,wiki
2.266207194199314,2.4176289406056872,2.327632809290636,2.528062670462163,2.1042929895909244,0,0
