problem,access,navigate,page_close,video,discussion,wiki
1.4488156357251847,2.609016298874871,2.8221819586428727,1.0,0.0,0.0,0.0
