problem,access,navigate,page_close,video,discussion,wiki
1.5566567074628228,1.446328837964471,1.789929075309999,0.0,1.0,1.2987949406953985,0.0
