problem,access,navigate,page_close,video,discussion,wiki
2.0670314951575843,2.343258838538779,1.4591479170272448,1.573660689688186,1.4056390622295665,1.0,0
