problem,access,navigate,page_close,video,discussion,wiki
1.4836591643979626,2.0318213340928555,1.3709505944546687,2.133937566094917,1.5,0,0
