problem,access,navigate,page_close,video,discussion,wiki
0.0,0.9456603046006402,1.280672129520887,0.954434002924965,0.0,0,0.0
