problem,access,navigate,page_close,video,discussion,wiki
0.9587118829771317,1.014097655573916,1.3787834934861753,0.0,0.0,0.0,0.9182958340544896
