problem,access,navigate,page_close,video,discussion,wiki
0.9494520153879484,1.959190423419946,1.8676338909712125,0.0,1.584962500721156,0.0,0.0
