problem,access,navigate,page_close,video,discussion,wiki
0.0,1.9494643027794054,1.9219280948873623,2.4834585933443494,1.9609640474436814,0,0
