problem,access,navigate,page_close,video,discussion,wiki
1.4355205042826666,2.1470461221021897,1.8423709931771086,2.5654483718208256,0.0,0.8812908992306927,0.0
