problem,access,navigate,page_close,video,discussion,wiki
0.0,2.552878500136901,2.0662478973127314,0,0,1.198192411043098,0.9182958340544896
