problem,access,navigate,page_close,video,discussion,wiki
1.0,2.213042222567653,1.679064852640693,1.584962500721156,1.0,0.0,1.2987949406953985
