problem,access,navigate,page_close,video,discussion,wiki
0,2.311278124459133,2.306890595608519,2.1180782093497093,1.7924812503605778,1.0,0
