problem,access,navigate,page_close,video,discussion,wiki
0,2.222571128306735,2.084962500721156,2.1609810155218967,1.334282221599798,0.0,0.0
