problem,access,navigate,page_close,video,discussion,wiki
0,1.5304930567574824,1.6577427265048887,1.4591479170272448,0.0,0.9709505944546686,0.0
