problem,access,navigate,page_close,video,discussion,wiki
0,1.7002237262558644,1.584962500721156,0.9709505944546686,1.7924812503605778,0,0
