problem,access,navigate,page_close,video,discussion,wiki
0.0,1.7381493331928664,1.8419171866886992,1.6956893045363468,1.3752793655393791,0.7219280948873623,0.0
