problem,access,navigate,page_close,video,discussion,wiki
0.9709505944546686,0.9788698505067783,0.0,0.9828586897127056,0.9967916319816366,0,0
