problem,access,navigate,page_close,video,discussion,wiki
0,1.0540157730728,0.0,1.4572659136233872,1.5709505944546684,0.0,0.0
