problem,access,navigate,page_close,video,discussion,wiki
0.0,1.8833830982290136,0.9456603046006402,1.5798634010685342,1.4833557549816876,0.8112781244591328,0.0
