problem,access,navigate,page_close,video,discussion,wiki
0.8812908992306927,2.636566689289386,2.481714572986073,1.2516291673878228,0,1.2987949406953985,0
