problem,access,navigate,page_close,video,discussion,wiki
0,2.3179508276569885,2.4481203125901447,1.5,2.2810361125534233,1.0,0.0
