problem,access,navigate,page_close,video,discussion,wiki
0.0,1.889432036254818,1.9609640474436814,2.0,0.9182958340544896,0.0,0
