problem,access,navigate,page_close,video,discussion,wiki
0.0,1.5537450970293576,1.9709505944546688,1.404678473063571,1.8423709931771086,1.0,0.0
