problem,access,navigate,page_close,video,discussion,wiki
1.899022751175655,3.3105761850080517,2.599389591616702,2.8045965297024473,2.186704345910025,0.9182958340544896,1.0
