problem,access,navigate,page_close,video,discussion,wiki
0.0,2.483206219346495,2.872905595320056,2.710070621397605,2.5216406363433186,1.5465935642949382,0
