problem,access,navigate,page_close,video,discussion,wiki
0,2.765957320949175,1.5,1.584962500721156,1.584962500721156,0.0,0.0
