problem,access,navigate,page_close,video,discussion,wiki
1.2987949406953985,2.378081597958727,1.219240704636849,2.295357051617442,2.121928094887362,0.6500224216483541,1.0
