problem,access,navigate,page_close,video,discussion,wiki
1.9819407868640977,3.4155473939949936,2.440404017720928,2.2783518117113117,3.336936042399669,1.0,0
