problem,access,navigate,page_close,video,discussion,wiki
0.9892452969285003,2.752862513652946,1.3709505944546687,2.822181958642873,1.7924812503605778,0,0.0
