problem,access,navigate,page_close,video,discussion,wiki
2.557673491701028,3.250035550548699,3.6211755429194716,3.263603705626787,2.824360030605725,1.5,0
