problem,access,navigate,page_close,video,discussion,wiki
0.0,2.318139193412643,2.1556390622295662,2.4056390622295662,2.263809173883546,0,0
