problem,access,navigate,page_close,video,discussion,wiki
1.7622673906514938,2.4464124990649547,2.0579243108310066,2.5102415025019114,2.355388542207534,0.6500224216483541,0.8453509366224365
