problem,access,navigate,page_close,video,discussion,wiki
0.9709505944546686,1.9182958340544893,1.5,1.8585552118703144,1.836591668108979,0.0,0
