problem,access,navigate,page_close,video,discussion,wiki
0.0,2.0271931391855715,1.9219280948873623,1.8654705207065088,1.544024096481951,0,0
