problem,access,navigate,page_close,video,discussion,wiki
0,1.6697367178034823,1.2516291673878228,1.610577243331642,1.789929075309999,0.0,0.0
