problem,access,navigate,page_close,video,discussion,wiki
1.7609640474436812,3.0240396798740856,1.867633890971212,2.803771131281824,2.7719023720385585,1.2516291673878228,0
