problem,access,navigate,page_close,video,discussion,wiki
0,2.2312702546075758,1.9609640474436814,1.9219280948873623,1.0,0.0,0.0
