problem,access,navigate,page_close,video,discussion,wiki
1.4766659618869304,1.7170407814747586,2.5073801024236357,1.4591479170272448,1.8910611120726526,0.0,1.5219280948873621
