problem,access,navigate,page_close,video,discussion,wiki
1.5461796919474975,2.106448313330357,1.789929075309999,2.0597049132067875,0.863120568566631,1.4836591643979626,0
