problem,access,navigate,page_close,video,discussion,wiki
1.0,0.6500224216483541,0.7732283485249176,0.8904916402194913,0.9852281360342516,0.0,0.0
