problem,access,navigate,page_close,video,discussion,wiki
0.9811522341999133,2.688376371734507,2.9424955222917832,2.7333330526810657,2.25,1.5,1.0
