problem,access,navigate,page_close,video,discussion,wiki
0.0,1.6950355658756875,2.1180782093497093,0.0,0.0,2.5848683589017414,1.584962500721156
