problem,access,navigate,page_close,video,discussion,wiki
0.0,1.8294732983598407,1.584962500721156,1.3787834934861756,0.8112781244591328,0,0
