problem,access,navigate,page_close,video,discussion,wiki
0.0,1.279798638034158,1.5219280948873621,0.954434002924965,0.954434002924965,0.5916727785823275,0
