problem,access,navigate,page_close,video,discussion,wiki
0.0,1.8117117374754854,1.4179493739444216,1.9273740747151018,2.1242866034088292,1.53012496531497,0.0
