problem,access,navigate,page_close,video,discussion,wiki
1.4955380299191112,1.5644050517413437,1.5709505944546687,1.5656531116458186,1.5726236638951638,0.0,0.0
