problem,access,navigate,page_close,video,discussion,wiki
1.5394847569315018,2.7400014405873176,1.4591479170272448,2.639690181241735,2.5503407095463877,0,0
