problem,access,navigate,page_close,video,discussion,wiki
0,1.7176856953872668,2.251629167387823,1.722266311943983,1.6894822670191825,0,0
