problem,access,navigate,page_close,video,discussion,wiki
1.8314779311574836,2.290010017564234,1.8412501702815547,0.0,0.0,0.4394969869215134,0.0
