problem,access,navigate,page_close,video,discussion,wiki
0,2.1465975220108304,1.7924812503605778,2.256908989558354,1.3709505944546687,1.684185736908434,0
