problem,access,navigate,page_close,video,discussion,wiki
0.0,0.9456603046006402,1.7273966735744795,0,0,0,1.584962500721156
