problem,access,navigate,page_close,video,discussion,wiki
0.0,1.5504949818133702,1.3516441151533924,0,0,0.8904916402194913,0.0
