problem,access,navigate,page_close,video,discussion,wiki
1.5219280948873621,2.5207959536199445,1.811278124459133,2.7238002537032724,2.3071885761626683,0,0
