problem,access,navigate,page_close,video,discussion,wiki
0,1.7713482297288612,2.1608467607816997,2.0119209285947934,2.113283334294875,0,0.0
