problem,access,navigate,page_close,video,discussion,wiki
1.685910349860357,2.8318937756962064,2.181205667334651,2.801515280317513,2.556054210413333,0.0,0.9182958340544896
