problem,access,navigate,page_close,video,discussion,wiki
2.8145364592347786,2.8723219400188347,2.1219280948873624,2.8802257142621723,2.9235359411546544,0,0
