problem,access,navigate,page_close,video,discussion,wiki
0.0,2.231056530735019,1.2516291673878228,1.5,1.9219280948873623,0,0
