problem,access,navigate,page_close,video,discussion,wiki
0,0.6500224216483541,1.3609640474436813,1.0,1.0,1.0,0.8112781244591328
