problem,access,navigate,page_close,video,discussion,wiki
0.9494520153879484,1.727392210393179,1.9182958340544896,1.9542473996920802,0,0,0
