problem,access,navigate,page_close,video,discussion,wiki
1.9698452580387982,3.1664186613005803,2.636056086195823,3.3848441951926747,2.9802153925007415,0.9910760598382222,0
