problem,access,navigate,page_close,video,discussion,wiki
0.0,3.0690814104595447,1.8464393446710154,3.1662019148016385,2.866247897312731,0.0,0
