problem,access,navigate,page_close,video,discussion,wiki
2.256908989558354,2.8260321223381375,2.972714956670082,1.7527152789797045,2.067031495157584,0.9182958340544896,0.8112781244591328
