problem,access,navigate,page_close,video,discussion,wiki
0,1.7967916319816366,1.5566567074628228,1.0,0.6500224216483541,0,0
