problem,access,navigate,page_close,video,discussion,wiki
1.5219280948873621,1.0408520829727552,0.0,1.1567796494470395,1.224394445405986,0,0
