problem,access,navigate,page_close,video,discussion,wiki
0.9910760598382222,2.584962500721156,3.184555994679957,2.251629167387823,1.0,0.9709505944546686,0.0
