problem,access,navigate,page_close,video,discussion,wiki
1.5566567074628228,2.68286029926776,2.584962500721156,2.6892464285091586,2.5,1.8464393446710154,0
