problem,access,navigate,page_close,video,discussion,wiki
0.0,1.7320872216997278,1.4353713907745331,1.5294283316328894,1.584962500721156,0,0.9182958340544896
