problem,access,navigate,page_close,video,discussion,wiki
1.0,3.316887442975641,2.7045348998193433,1.584962500721156,1.0,0.0,0.0
