problem,access,navigate,page_close,video,discussion,wiki
1.5644050517413437,1.6933448637229622,1.9220231428515733,1.688035144392618,1.3787834934861753,0,0
