problem,access,navigate,page_close,video,discussion,wiki
0,2.0794784789288974,1.7295739585136223,1.863120568566631,1.9362600275315274,0,0
