problem,access,navigate,page_close,video,discussion,wiki
3.438820790892035,3.852402431972438,3.0552087625895847,3.121928094887362,1.0,2.6361750035058655,0.0
