problem,access,navigate,page_close,video,discussion,wiki
2.360865817244537,2.575970231710825,2.251629167387823,2.398546897012748,2.2856005389623073,0.4394969869215134,0
