problem,access,navigate,page_close,video,discussion,wiki
0,1.6738761131237507,1.5,1.8843135277997989,1.8464393446710154,0,0
