problem,access,navigate,page_close,video,discussion,wiki
0.9709505944546686,2.53325198492186,1.816972601714794,1.9015064025015058,0.5916727785823275,1.6691803368667308,0.961236604722876
