problem,access,navigate,page_close,video,discussion,wiki
0.907165767573082,2.3083082311316856,2.36307418942857,2.8258459340407502,2.2516291673878226,2.503258334775646,0.0
