problem,access,navigate,page_close,video,discussion,wiki
2.9052502888141,3.071767206269318,1.9219280948873623,2.974339702944219,2.692671080663047,0,0
