problem,access,navigate,page_close,video,discussion,wiki
0.0,2.0605580177314318,2.235926350629032,2.235926350629032,1.0,0,0
