problem,access,navigate,page_close,video,discussion,wiki
0,1.9328045775391223,1.4591479170272448,2.113283334294875,1.5,0,0
