problem,access,navigate,page_close,video,discussion,wiki
0.0,2.336953705306273,1.1488348542809166,2.4294945204514447,2.2516291673878226,0.0,0.0
