problem,access,navigate,page_close,video,discussion,wiki
1.9786885704510973,3.0606986641940237,2.746103413789808,0.8112781244591328,1.0,0.9910760598382222,1.0
