problem,access,navigate,page_close,video,discussion,wiki
0.8904916402194913,1.325954261604065,1.5002723456084086,1.1941737342569119,0,1.0,0
