problem,access,navigate,page_close,video,discussion,wiki
1.2607717938967942,2.717490721265414,1.5,2.6464393446710153,1.584962500721156,0,0
