problem,access,navigate,page_close,video,discussion,wiki
0,2.186278124459133,1.0,2.446439344671015,2.1556390622295662,0,0
