problem,access,navigate,page_close,video,discussion,wiki
1.868273412406135,2.545901869550331,1.5360958170526893,0.8112781244591328,1.3709505944546687,0.0,0.9182958340544896
