problem,access,navigate,page_close,video,discussion,wiki
1.4949188482339508,2.136237706715368,0.0,1.8464393446710154,2.1251916859008166,1.0,0
