problem,access,navigate,page_close,video,discussion,wiki
0.8812908992306927,3.0202355704869897,3.6597869853159266,0,0,1.1981174211304033,1.0
