problem,access,navigate,page_close,video,discussion,wiki
1.3092966682370037,2.516935636095478,2.2359263506290326,1.584962500721156,0.0,0,0
