problem,access,navigate,page_close,video,discussion,wiki
1.2732696895151085,2.5725601480456235,1.6555367277891424,2.7177448408034386,1.9056390622295665,0.5916727785823275,0.9182958340544896
