problem,access,navigate,page_close,video,discussion,wiki
1.664761721536959,2.8160556992567165,2.311278124459133,2.837179646173719,2.3574359470042765,1.47283015230032,1.5
