problem,access,navigate,page_close,video,discussion,wiki
0.9852281360342516,3.159170513886608,3.1404552399095857,3.105808241453224,2.7338824188369655,0.8112781244591328,0.0
