problem,access,navigate,page_close,video,discussion,wiki
0,2.1339375660949167,0.9182958340544896,1.657742726504889,1.1488348542809166,0,0
