problem,access,navigate,page_close,video,discussion,wiki
0.0,2.7255177851489383,2.359879028736861,2.7497406322591122,2.4116022179746714,0.0,0
