problem,access,navigate,page_close,video,discussion,wiki
0.0,2.5831623698356787,2.0979065701049424,1.584962500721156,0.0,0,0
