problem,access,navigate,page_close,video,discussion,wiki
0.4537163391869448,2.2970077388235923,2.725480556997868,2.168544762515571,2.094856783548739,0,0.0
