problem,access,navigate,page_close,video,discussion,wiki
1.5310001550435157,3.5612687248586132,2.6873230684749942,3.641666852636755,3.6234651896016463,0,0.0
