problem,access,navigate,page_close,video,discussion,wiki
1.6131032225119908,3.0064153355013925,2.2998963911678914,3.1163247994490417,2.7617331044269884,0,0
