problem,access,navigate,page_close,video,discussion,wiki
1.4591479170272448,3.4711632895641644,3.64716007463276,2.7321588913645702,2.321928094887362,3.7087194815311078,0.0
