problem,access,navigate,page_close,video,discussion,wiki
1.4355205042826666,2.58491551784148,2.2359263506290326,2.7995084311967853,2.678439190827718,0,0
