problem,access,navigate,page_close,video,discussion,wiki
0.0,2.7471551561413734,0.9864267287308425,2.8360388152612774,2.625814583693911,0,0
