problem,access,navigate,page_close,video,discussion,wiki
1.8294732983598405,3.7811067314350004,3.4777154725774952,3.750357931119023,3.2946635862096043,1.5219280948873621,0.4394969869215134
