problem,access,navigate,page_close,video,discussion,wiki
0.0,2.0670314951575843,2.197159723424149,1.584962500721156,0.0,0,0
