problem,access,navigate,page_close,video,discussion,wiki
0,1.40407541345106,0.0,1.8322488896002307,1.3709505944546687,0,0
