problem,access,navigate,page_close,video,discussion,wiki
0.0,3.3678738479282706,3.3302406727521934,3.3403319852842244,2.1416195253341384,2.587504346796978,0
