problem,access,navigate,page_close,video,discussion,wiki
0.0,1.7128876215181605,1.4488156357251847,2.007856063692049,1.8954618442383218,0,0
