problem,access,navigate,page_close,video,discussion,wiki
0.0,0.14981136747274792,1.9362600275315274,0.4394969869215134,0.0,0.0,0.0
