problem,access,navigate,page_close,video,discussion,wiki
0.0,1.8147346157916484,1.0,2.292071752457787,1.9182958340544896,1.0,0
