problem,access,navigate,page_close,video,discussion,wiki
2.708826264491388,3.6923388783274316,3.3542457814663913,3.4597424567190234,3.0862563303103507,2.102095272264534,0.9182958340544896
