problem,access,navigate,page_close,video,discussion,wiki
0.0,3.8355828148539803,3.303465189601647,3.7562877750378316,3.3598790287368607,0.0,0.0
