problem,access,navigate,page_close,video,discussion,wiki
1.4056390622295665,2.2125823032160294,1.8799649487271108,0.0,0.0,0.0,0
