problem,access,navigate,page_close,video,discussion,wiki
1.8464393446710154,2.7589325264603346,2.8993974703476995,2.625420990228391,1.2389012566026307,0.0,0
