problem,access,navigate,page_close,video,discussion,wiki
0.0,3.7086801464267034,3.7059791299831017,3.797902689682947,2.9219280948873623,3.0619580639984982,1.584962500721156
