problem,access,navigate,page_close,video,discussion,wiki
0.7219280948873623,2.6418223671677,2.0654513993116463,2.6657137606162062,2.5831623698356787,0.8453509366224365,1.0
