problem,access,navigate,page_close,video,discussion,wiki
1.2987949406953985,3.0973098250954214,0.9219280948873623,1.5219280948873621,2.0,0,0
