problem,access,navigate,page_close,video,discussion,wiki
2.043858374294459,3.0276915640656368,1.3709505944546687,2.9516288394329413,2.9483637469228734,2.1667582417111766,0
