problem,access,navigate,page_close,video,discussion,wiki
0,1.4056390622295665,0.0,1.7295739585136223,1.8365916681089791,0.0,0
