problem,access,navigate,page_close,video,discussion,wiki
0,2.199687794731328,0.863120568566631,2.5216406363433186,1.0,0.0,0.0
