problem,access,navigate,page_close,video,discussion,wiki
0.0,0.5159469300074474,2.0,0.49715018363696706,0.35335933502142136,0,0
