problem,access,navigate,page_close,video,discussion,wiki
0.9518135120401551,2.431909741006924,2.222191575506678,2.1864236915968256,2.1180782093497093,0.6500224216483541,0.0
