problem,access,navigate,page_close,video,discussion,wiki
0.5916727785823275,2.265451399311646,1.7028195311147831,0.9709505944546686,1.483831706844689,0.7424875695421236,0.0
