problem,access,navigate,page_close,video,discussion,wiki
1.5304930567574824,1.936278124459133,0.9709505944546686,1.584962500721156,1.9056390622295665,1.0,0.0
