problem,access,navigate,page_close,video,discussion,wiki
0.0,2.1399114146026905,2.1967916319816365,2.3136753059024158,2.199687794731328,1.0957952550009336,0.0
