problem,access,navigate,page_close,video,discussion,wiki
0.0,1.5,1.4949188482339508,1.3382689280764646,0.9709505944546686,0.35335933502142136,0.0
