problem,access,navigate,page_close,video,discussion,wiki
1.3019762161101502,2.2814693344480803,2.674460868536108,2.0,0,0.0,1.0
