problem,access,navigate,page_close,video,discussion,wiki
0,2.224394445405986,1.7232314287976207,2.3553885422075336,2.452819531114783,0.0,0.0
