problem,access,navigate,page_close,video,discussion,wiki
0.8739810481273578,2.74939315493655,1.2516291673878228,3.1084585933443494,2.656564762130954,0,0
