problem,access,navigate,page_close,video,discussion,wiki
0,2.70890755372482,2.3231149294405133,2.724560005143358,2.3016094970590273,0.0,1.0
