problem,access,navigate,page_close,video,discussion,wiki
1.9258214117682844,2.1400780787935716,1.0,2.103909910282364,1.3516441151533922,0.8112781244591328,0
