problem,access,navigate,page_close,video,discussion,wiki
0.0,0.6343095546405662,0.9709505944546686,1.5219280948873621,1.5,0,0.0
