problem,access,navigate,page_close,video,discussion,wiki
2.4176286494293433,4.223364562423693,3.1368637096073178,4.070021256627345,3.6769648867289004,1.4708128505375362,1.0
