problem,access,navigate,page_close,video,discussion,wiki
1.8802475148830993,3.0314766593639733,2.945086926635922,3.0650757896415888,2.501609497059027,0.9182958340544896,0
