problem,access,navigate,page_close,video,discussion,wiki
1.5128876215181606,2.7607439098414366,2.724719803319052,2.8466489353611957,2.847742678581274,0.0,0
