problem,access,navigate,page_close,video,discussion,wiki
1.9039678130877662,3.3591370845338826,2.9424955222917837,3.3582711596827153,3.408694969562842,0.8812908992306927,0
