problem,access,navigate,page_close,video,discussion,wiki
1.061278124459133,3.0631710640055547,2.9906015629507228,2.658830073557112,1.4591479170272448,1.903967813087766,0.0
