problem,access,navigate,page_close,video,discussion,wiki
2.1782689618381568,2.833871490603394,2.4885548621928457,1.0,0.0,0.4689955935892812,0.0
