problem,access,navigate,page_close,video,discussion,wiki
0.9182958340544896,3.5397667203122434,2.719294525666979,0,0,0,0
