problem,access,navigate,page_close,video,discussion,wiki
0.0,1.272905595320056,1.5058231002082845,1.4488156357251847,0.0,0.961236604722876,0
