problem,access,navigate,page_close,video,discussion,wiki
0.0,3.4731236202666995,3.5090356337908912,2.8453509366224368,0.0,2.552153451568639,1.2987949406953985
