problem,access,navigate,page_close,video,discussion,wiki
1.5262349099495225,3.028710950442956,3.0243974703476995,1.6644977792004612,0.8112781244591328,0,0
