problem,access,navigate,page_close,video,discussion,wiki
0,0.8524051786494786,2.4508257945180882,1.1567796494470395,1.0,0,0
