problem,access,navigate,page_close,video,discussion,wiki
0.5225593745369408,2.5857447887594454,2.128085278891394,0.0,1.3709505944546687,0.0,0
