problem,access,navigate,page_close,video,discussion,wiki
0.0,2.990745561230287,2.3253314601288055,3.3711045993081323,2.8423709931771084,0.0,0.0
