problem,access,navigate,page_close,video,discussion,wiki
0.0,2.3785669632971294,1.7924812503605778,2.568623894282399,2.3553885422075336,0,0
