problem,access,navigate,page_close,video,discussion,wiki
0.0,2.2854752972273342,2.25,2.3787834934861753,2.2516291673878226,0.0,0.0
