problem,access,navigate,page_close,video,discussion,wiki
1.4854752972273344,2.9837632107994443,2.5726236638951643,2.2359263506290326,1.0,0.4689955935892812,1.784159127851422
