problem,access,navigate,page_close,video,discussion,wiki
0.9910760598382222,3.5769614372445386,3.2359263506290334,3.6682958340544896,2.5,0,0
