problem,access,navigate,page_close,video,discussion,wiki
0.8262437571709396,2.6280067031829226,2.6084585933443494,3.0216406363433177,2.25,0,0
