problem,access,navigate,page_close,video,discussion,wiki
0,1.4056390622295665,1.4591479170272448,1.4591479170272448,1.5219280948873621,1.0,0
