problem,access,navigate,page_close,video,discussion,wiki
0,3.562118291489972,3.028639311838575,3.5636379341143787,3.3315709437676815,1.0,0.0
