problem,access,navigate,page_close,video,discussion,wiki
0,2.1169196571783595,1.950212064914747,2.271782221599798,0.9182958340544896,0.0,0.0
