problem,access,navigate,page_close,video,discussion,wiki
0.0,1.474041717473638,1.5,1.5545851693377997,1.4591479170272446,0,0
