problem,access,navigate,page_close,video,discussion,wiki
1.7462551084799658,3.0685792642872665,2.9834585933443494,2.0,1.9219280948873623,1.8822533985573402,1.4591479170272446
