problem,access,navigate,page_close,video,discussion,wiki
0.0,1.2516291673878228,1.3709505944546687,1.2389012566026307,0,0,0
