problem,access,navigate,page_close,video,discussion,wiki
0.0,2.4756743878080663,2.4387439204017474,2.847742678581274,2.7898980954642867,0,0.0
