problem,access,navigate,page_close,video,discussion,wiki
0.9852281360342516,2.9769026429653502,2.789898095464287,3.0230142064792442,2.2256108145207376,0,0
