problem,access,navigate,page_close,video,discussion,wiki
0,1.654648334118502,1.7924812503605778,1.5628066316931741,1.3516441151533924,0,0.0
