problem,access,navigate,page_close,video,discussion,wiki
0,0.8620452546736482,0,0.9000224216483541,0.0,1.8866241371201937,0
