problem,access,navigate,page_close,video,discussion,wiki
1.5,3.2165077777566586,2.705274218874661,3.41453980463058,2.582059910580257,0.0,0.0
