problem,access,navigate,page_close,video,discussion,wiki
2.4938928096584903,3.6677702043028466,2.5220552088742005,2.985174447128411,3.6175719369789667,1.0863128407412879,0.0
