problem,access,navigate,page_close,video,discussion,wiki
0.9957274520849256,2.9049363639100796,2.133937566094917,2.9235790008164235,2.663532754804255,0.0,0
