problem,access,navigate,page_close,video,discussion,wiki
1.0660515247226785,2.643981962787121,2.907141846237823,2.521640636343318,1.841125497888957,0.0,0.0
