problem,access,navigate,page_close,video,discussion,wiki
0,2.95946767557714,0.9852281360342516,2.9219280948873623,1.584962500721156,0,0
