problem,access,navigate,page_close,video,discussion,wiki
2.1912104299829642,2.7485661128871217,2.495602923729013,2.888467862969817,1.81294527625988,0.9182958340544896,0.0
