problem,access,navigate,page_close,video,discussion,wiki
0,2.284107451387086,2.2810361125534238,1.9219280948873623,0.9182958340544896,0,0
