problem,access,navigate,page_close,video,discussion,wiki
0.0,2.1907286689221417,2.521640636343318,2.556656707462823,2.5,0,0.0
