problem,access,navigate,page_close,video,discussion,wiki
0,2.2312702546075758,0.7219280948873623,2.2359263506290326,1.584962500721156,0,0.0
