problem,access,navigate,page_close,video,discussion,wiki
0.9182958340544896,3.42355296194377,2.895423870280316,3.468988323131326,2.7101106037147633,1.5,0.0
