problem,access,navigate,page_close,video,discussion,wiki
1.7080986635018058,2.252185434825252,2.058813890331201,2.296531212933938,2.1093626810570294,1.7272486062639207,0
