problem,access,navigate,page_close,video,discussion,wiki
3.3302769011849005,3.534183913896833,2.521640636343318,0.0,2.873140679513133,0.0,0.0
