problem,access,navigate,page_close,video,discussion,wiki
2.068096693865725,2.8603174802488165,2.199687794731328,2.7773627950641693,2.6464393446710153,1.0,0
