problem,access,navigate,page_close,video,discussion,wiki
0.0,2.581236164354081,1.7609640474436812,2.439005517604766,1.5219280948873621,0,0
