problem,access,navigate,page_close,video,discussion,wiki
0.9709505944546686,1.884313527799799,1.9182958340544893,2.10845859334435,1.75,0.0,0
