problem,access,navigate,page_close,video,discussion,wiki
0.0,3.0790787179772,2.797211123704014,3.2367449895870375,0.0,1.9502120649147465,1.0
