problem,access,navigate,page_close,video,discussion,wiki
1.6858157091530304,2.7462969220260356,2.4182958340544896,2.776746932333265,2.197159723424149,0.0,0
