problem,access,navigate,page_close,video,discussion,wiki
0.0,2.3389095979826053,2.2051099000738694,2.2942000244691263,2.288019280279689,0,0
