problem,access,navigate,page_close,video,discussion,wiki
2.0,3.150390990213489,1.5304930567574826,3.010599664958787,2.9056390622295662,1.0,1.0
