problem,access,navigate,page_close,video,discussion,wiki
0.9426831892554922,1.6493696143566443,1.6625056054120886,1.4888585288697769,0.5032583347756457,0.0,0.0
