problem,access,navigate,page_close,video,discussion,wiki
0.0,2.9959251330025785,2.577819531114783,3.0431813232968583,3.077819531114783,0.9182958340544896,0.0
