problem,access,navigate,page_close,video,discussion,wiki
2.0800844265603002,3.0712086403496115,3.046439344671015,0,0.0,1.9196905740496966,1.4056390622295665
