problem,access,navigate,page_close,video,discussion,wiki
0.9910760598382222,1.5394847569315018,0.9864267287308424,0.0,0,0,0
