problem,access,navigate,page_close,video,discussion,wiki
1.4511966413974895,3.864152430556358,3.571793450144615,3.9600333228969617,2.8586885704510965,2.742413732242445,2.2516291673878226
