problem,access,navigate,page_close,video,discussion,wiki
0,2.8564580163268323,2.563442567704156,2.5216406363433186,2.321928094887362,0,0
