problem,access,navigate,page_close,video,discussion,wiki
0,1.8074584064631758,1.4466166676282082,1.6841837197791887,1.5052408149441479,0,0
