problem,access,navigate,page_close,video,discussion,wiki
0.77655578544446,2.104010756655578,2.251629167387823,2.1293002710984315,2.1234786725698864,0,0
