problem,access,navigate,page_close,video,discussion,wiki
0,2.815460540067162,1.669180336866731,2.8349625007211565,2.9057645846554534,0.0,0
