problem,access,navigate,page_close,video,discussion,wiki
0.0,1.7229712791784755,1.2987949406953985,2.2516291673878226,1.584962500721156,0.0,0
