problem,access,navigate,page_close,video,discussion,wiki
1.0,2.609850166028943,0.0,2.739572261986723,2.663532754804255,0,0
