problem,access,navigate,page_close,video,discussion,wiki
1.4854752972273344,1.3143204867061788,1.9056390622295665,0,0,0,0
