problem,access,navigate,page_close,video,discussion,wiki
0.8812908992306927,3.2129654000830232,2.6464393446710153,3.2364405016961446,2.6612262562697895,0.9182958340544896,0
