problem,access,navigate,page_close,video,discussion,wiki
0.7871265862012691,3.6031335291099302,2.5703326197105736,3.4182958340544896,3.459431618637298,0.0,0
