problem,access,navigate,page_close,video,discussion,wiki
0,2.2854752972273342,2.3898980954642877,1.2516291673878228,1.0,0.9182958340544896,0.0
