problem,access,navigate,page_close,video,discussion,wiki
1.6747070459453346,2.4969132133163,2.1180782093497093,2.634669235259032,2.3522170014624826,1.2010947341319425,0
