problem,access,navigate,page_close,video,discussion,wiki
1.4607210985246075,2.0962769185584964,1.3567796494470394,1.9550849518197797,1.81294527625988,0,0.0
