problem,access,navigate,page_close,video,discussion,wiki
0.0,1.2987949406953985,1.3787834934861756,1.2419460322060458,0.0,0,0
