problem,access,navigate,page_close,video,discussion,wiki
0.6609623351442084,2.900780708298527,0.0,2.0,2.197159723424149,0,0
