problem,access,navigate,page_close,video,discussion,wiki
0.228538143953528,0.839500605095512,0.9182958340544896,0.0,1.2987949406953985,0,0
