problem,access,navigate,page_close,video,discussion,wiki
2.5316172599523292,3.1943166991330045,2.0294069451656007,1.584962500721156,3.2778451592439666,0.7219280948873623,0
