problem,access,navigate,page_close,video,discussion,wiki
0.9709505944546686,3.0943609377704333,1.0,3.0709505944546684,2.689246428509158,0,0
