problem,access,navigate,page_close,video,discussion,wiki
0.0,2.7092889027439355,2.7833894055198507,2.355388542207534,2.3685225277282065,0,0
