problem,access,navigate,page_close,video,discussion,wiki
0.0,2.2331557273867313,2.4038561897747246,1.3709505944546687,0.0,1.3709505944546687,1.584962500721156
