problem,access,navigate,page_close,video,discussion,wiki
2.1920058354921066,3.116035794540452,2.2312702546075758,2.2516291673878226,1.0,0.0,0
