problem,access,navigate,page_close,video,discussion,wiki
0.9910760598382222,2.5789651618352507,2.0403733936884962,0.0,0,0,0
