problem,access,navigate,page_close,video,discussion,wiki
0,1.9220231428515733,0.8112781244591328,1.7924812503605778,1.5219280948873621,0,0
