problem,access,navigate,page_close,video,discussion,wiki
0,1.188721875540867,0.5916727785823275,1.7609640474436812,1.5487949406953985,0.0,0.0
