problem,access,navigate,page_close,video,discussion,wiki
0,1.4226754683112182,1.352030101757953,1.3921472236645345,0.0,0.0,0.0
