problem,access,navigate,page_close,video,discussion,wiki
0.0,1.610577243331642,1.7272486062639207,1.5709505944546687,1.5,0.0,0
