problem,access,navigate,page_close,video,discussion,wiki
0.5435644431995964,1.456564762130954,1.0,1.4591479170272448,1.295461844238322,0,0
