problem,access,navigate,page_close,video,discussion,wiki
0.934068055375491,2.2694853980797376,2.1054105870684143,1.584962500721156,0,0.4394969869215134,0.0
