problem,access,navigate,page_close,video,discussion,wiki
2.6753950921668856,2.7856925116271336,2.3655962303576015,2.413088436425758,2.3016094970590277,1.5403413978136884,0.0
