problem,access,navigate,page_close,video,discussion,wiki
0,0.9910760598382222,1.8810947601100747,1.4591479170272448,1.5,0.0,0.0
