problem,access,navigate,page_close,video,discussion,wiki
0.9980008838722996,0.4262286569981449,0.6998428398862386,0.6500224216483541,0.9709505944546686,0.0,0.0
