problem,access,navigate,page_close,video,discussion,wiki
0,1.4137995646056802,1.1488348542809166,1.1567796494470395,0.863120568566631,0.0,0.0
