problem,access,navigate,page_close,video,discussion,wiki
0.6500224216483541,2.447483245094504,2.365596230357602,2.217021885879718,1.2987949406953985,0.0,0.0
