problem,access,navigate,page_close,video,discussion,wiki
0.0,2.6589288105588795,1.505876255604107,2.681449426894339,1.7527152789797045,0.0,0.0
