problem,access,navigate,page_close,video,discussion,wiki
1.8423709931771086,3.231840892604824,1.807354922057604,3.1690868471215947,0,1.07462769858425,1.0
