problem,access,navigate,page_close,video,discussion,wiki
0.7219280948873623,2.165902324966147,1.5709505944546684,2.311278124459133,2.521640636343318,0,0
