problem,access,navigate,page_close,video,discussion,wiki
0,1.4353713907745331,1.2516291673878228,1.2516291673878228,0,0.0,0
