problem,access,navigate,page_close,video,discussion,wiki
2.2844727127031867,3.1269281099728463,1.6577427265048887,3.2251878900165245,2.6143694458867563,0,0
