problem,access,navigate,page_close,video,discussion,wiki
0.0,2.46471581486151,1.584962500721156,2.362205914663769,2.055036532577266,0,0
