problem,access,navigate,page_close,video,discussion,wiki
2.1105961389266823,2.393159459678685,2.2516291673878226,2.3315740069228883,2.139572261986723,0.9967916319816366,0.0
