problem,access,navigate,page_close,video,discussion,wiki
1.8539295674842404,3.0318058623522477,3.2021344431050247,3.1952516351114673,2.1938988928454557,1.3311687135373687,0.4394969869215134
