problem,access,navigate,page_close,video,discussion,wiki
1.2958363892911637,3.361445397911088,2.549523459597832,1.9219280948873623,1.584962500721156,0,0
