problem,access,navigate,page_close,video,discussion,wiki
0.0,3.3789535180874988,3.016875695766564,3.264904173882897,2.5654483718208256,0.7429933404814708,0.0
