problem,access,navigate,page_close,video,discussion,wiki
0,1.610577243331642,1.584962500721156,1.6644977792004614,1.5,0,0
