problem,access,navigate,page_close,video,discussion,wiki
1.5818626604619093,2.420757175445756,1.822815600352516,2.4764983972522385,0.9182958340544896,0.6500224216483541,0.0
