problem,access,navigate,page_close,video,discussion,wiki
0,2.617954770975416,3.0,2.6416396727898706,2.4137995646056796,0,0
