problem,access,navigate,page_close,video,discussion,wiki
0,1.561278124459133,0.9182958340544896,2.521640636343318,1.5,0,0
