problem,access,navigate,page_close,video,discussion,wiki
0.9709505944546686,3.0800519039355567,2.8242421435901566,2.702135309588015,2.713427669616663,0,0
