problem,access,navigate,page_close,video,discussion,wiki
0.9402859586706311,1.8073549220576042,1.8412501702815547,1.4182958340544896,1.0957952550009336,0.9182958340544896,0.0
