problem,access,navigate,page_close,video,discussion,wiki
1.4366664819166877,2.9132540923718544,3.521928094887362,2.370423042622587,1.0,0.8904916402194913,0
