problem,access,navigate,page_close,video,discussion,wiki
0,1.528368899209021,1.278897902987479,1.4355205042826666,1.0,0.0,0.0
