problem,access,navigate,page_close,video,discussion,wiki
1.5262349099495227,2.4106786835025966,2.7219280948873625,2.2954656791802917,1.7387586809150084,0,0
