problem,access,navigate,page_close,video,discussion,wiki
1.565596230357602,3.191129292251194,2.5828765043125568,3.286208107022945,3.084962500721156,2.1477033394706586,0.9182958340544896
