problem,access,navigate,page_close,video,discussion,wiki
1.0,2.867059318138528,2.563865121950854,2.930199909725567,2.6100635408770723,0.9182958340544896,0.0
