problem,access,navigate,page_close,video,discussion,wiki
1.721928094887362,2.91467626522455,2.6464393446710157,1.9219280948873623,2.321928094887362,0.0,0
