problem,access,navigate,page_close,video,discussion,wiki
1.3787834934861753,2.9631349103933116,2.350209029099897,3.026821924520603,2.6455933144511468,0.0,0.0
