problem,access,navigate,page_close,video,discussion,wiki
0,2.4193819456463714,2.1920058354921066,2.2638651219508543,1.822815600352516,0.0,0
