problem,access,navigate,page_close,video,discussion,wiki
0.9798687566511528,1.9182958340544896,1.9898980954642875,2.057924310831006,1.5,0.0,0
