problem,access,navigate,page_close,video,discussion,wiki
0.9182958340544896,2.4410685859554375,2.0059777114237742,0.0,0.0,0.9182958340544896,0.0
