problem,access,navigate,page_close,video,discussion,wiki
1.3709505944546687,3.0580177704106695,2.464385292821944,2.877039676672955,2.803701696057348,0,0.0
