problem,access,navigate,page_close,video,discussion,wiki
0.0,2.3947705845043785,2.530879602155989,2.4051674113359343,2.660196097589482,0,0
