problem,access,navigate,page_close,video,discussion,wiki
1.2108100261060328,2.108393476855505,1.4591479170272448,2.188721875540867,1.5,0,0
