problem,access,navigate,page_close,video,discussion,wiki
1.1567796494470395,2.2688924595250346,1.9591479170272446,1.5566567074628228,0.9182958340544896,0.0,0.0
