problem,access,navigate,page_close,video,discussion,wiki
0.5435644431995964,2.754713868259219,1.3709505944546687,2.4919674134034664,3.0009230918800167,0,0
