problem,access,navigate,page_close,video,discussion,wiki
0.0,1.3346791410515946,1.014097655573916,1.224394445405986,0.8112781244591328,0.9182958340544896,0.0
