problem,access,navigate,page_close,video,discussion,wiki
1.4369905240636789,1.9376750906047533,0.8112781244591328,1.4591479170272448,0.9182958340544896,0,0
