problem,access,navigate,page_close,video,discussion,wiki
1.721928094887362,3.0076208754003226,1.8676338909712125,2.3158243335257076,1.75,1.5566567074628228,0.0
