problem,access,navigate,page_close,video,discussion,wiki
0.2351933818192415,1.8802408149441479,1.5,1.6644977792004612,0,0,0
