problem,access,navigate,page_close,video,discussion,wiki
1.9182958340544896,3.845176770554624,3.6381476962048276,1.584962500721156,1.0,0.0,0.0
