problem,access,navigate,page_close,video,discussion,wiki
0.0,2.429825310096307,2.8563124048043655,2.4164997849817103,0.9182958340544896,0.8112781244591328,0.0
