problem,access,navigate,page_close,video,discussion,wiki
1.4281945908435039,2.2724710934393473,1.6266144718101818,2.3515225911330013,2.6312929881819005,0.0,0.0
