problem,access,navigate,page_close,video,discussion,wiki
0.0,2.9982734060065623,2.5216406363433186,2.1709505944546685,1.584962500721156,0,0
