problem,access,navigate,page_close,video,discussion,wiki
1.5375629253896843,2.1558887628930683,2.3318026736242854,2.288825508140616,2.221928094887362,1.0,0
