problem,access,navigate,page_close,video,discussion,wiki
1.5,2.4350860922096325,1.836591668108979,2.162505605412089,2.183667077920911,0,0
