problem,access,navigate,page_close,video,discussion,wiki
1.4618381992568745,1.9887513942845323,1.9219280948873623,1.0,1.3709505944546687,0,0.0
