problem,access,navigate,page_close,video,discussion,wiki
0.9182958340544896,2.2098886380147267,0.9182958340544896,1.789929075309999,1.2987949406953985,0.0,0.0
