problem,access,navigate,page_close,video,discussion,wiki
1.7961796919474975,3.132939970645877,2.8962915290459286,1.5,0.0,1.9344518194827178,0.0
