problem,access,navigate,page_close,video,discussion,wiki
1.9056390622295665,2.8031381275535607,2.805919788081815,1.8452178053170998,1.4949188482339508,1.4353713907745331,0.9709505944546686
