problem,access,navigate,page_close,video,discussion,wiki
0.863120568566631,2.090234898831687,2.113283334294875,2.0998625053956435,1.9609640474436814,0,0
