problem,access,navigate,page_close,video,discussion,wiki
0.0,3.0818466101111595,2.9304013936879114,2.6416041678685933,1.5,0,0
