problem,access,navigate,page_close,video,discussion,wiki
1.799015670655122,2.9253495241903256,2.263809173883546,2.8050365325772657,2.2877837199410704,0.0,0.0
