problem,access,navigate,page_close,video,discussion,wiki
2.2240415346438938,3.4298918437285835,3.1056721842714325,3.3693991454105805,3.0385623360756298,0.863120568566631,0
