problem,access,navigate,page_close,video,discussion,wiki
1.5485806065228545,3.245006588011619,3.625997895845134,3.202950425762542,3.202819531114783,1.2410106928656974,0
