problem,access,navigate,page_close,video,discussion,wiki
1.965596230357602,3.6291968734946582,3.4701755214643453,3.0,2.584962500721156,0,0
