problem,access,navigate,page_close,video,discussion,wiki
1.6963936462723916,3.049376716968343,2.734308353573256,3.156681226679059,2.955913095175825,1.8401200206246255,0.0
