problem,access,navigate,page_close,video,discussion,wiki
2.165957320949175,2.6375084444408756,2.892878689342031,2.4992352022341917,0.0,0.9182958340544896,0.0
