problem,access,navigate,page_close,video,discussion,wiki
1.3250112108241772,2.272745077309698,2.521640636343318,2.423136225914264,1.4833557549816876,0.0,0.0
