problem,access,navigate,page_close,video,discussion,wiki
1.7924876891689536,2.902160049321011,3.2535101215446174,2.5495234595978324,1.224394445405986,0.0,0.0
