problem,access,navigate,page_close,video,discussion,wiki
0,1.805036532577266,0.8112781244591328,1.4056390622295665,1.4488156357251847,0.0,0.0
