problem,access,navigate,page_close,video,discussion,wiki
1.0,3.558552922466974,3.1307179879273743,3.585080747290108,3.1256075138335206,0.0,0
