problem,access,navigate,page_close,video,discussion,wiki
1.4355205042826666,3.196064976796186,2.1556390622295662,3.186209057744893,2.8961239954868443,0.0,0
