problem,access,navigate,page_close,video,discussion,wiki
1.358157515444573,3.4889739902339936,3.451407669238391,3.3927474104487847,2.5216406363433186,1.675822057576696,0.0
