problem,access,navigate,page_close,video,discussion,wiki
1.4256051990169438,2.74001605089554,2.102187170949333,3.0472044750881655,2.7773627950641693,0.0,0.0
