problem,access,navigate,page_close,video,discussion,wiki
0.6609623351442084,2.3515099407652,2.2312702546075758,2.2516291673878226,2.321928094887362,0.954434002924965,0
