problem,access,navigate,page_close,video,discussion,wiki
0.0,1.9672079175777322,0.7219280948873623,2.0758692966977272,0,1.295461844238322,0
