problem,access,navigate,page_close,video,discussion,wiki
1.5304930567574826,3.3037966046881864,2.8385668472672974,3.366892883634746,2.9820857326524473,0.0,0.0
