problem,access,navigate,page_close,video,discussion,wiki
0.8960382325345575,2.7181776627586203,1.6577427265048887,2.9338520080705677,2.8881545074194097,1.0,0.0
