problem,access,navigate,page_close,video,discussion,wiki
1.287054028118727,2.0946039944786503,1.8910611120726526,2.103909910282364,1.8464393446710154,0.0,0
