problem,access,navigate,page_close,video,discussion,wiki
1.584962500721156,2.8958693813984087,3.2776134368191165,3.0849625007211556,1.4056390622295665,0,0
