problem,access,navigate,page_close,video,discussion,wiki
2.0373994599115086,3.2924024473120532,3.3736514790166994,2.663532754804255,2.792481250360578,2.017960560337485,0.0
