problem,access,navigate,page_close,video,discussion,wiki
2.451758284126438,3.282426741915681,3.207707064470474,3.1336987602072353,2.8414152752064115,0,0
