problem,access,navigate,page_close,video,discussion,wiki
2.2579897405455718,3.3172591842932313,2.6181718147788757,3.1441497466427673,3.081967277570496,1.4854752972273344,0.9709505944546686
