problem,access,navigate,page_close,video,discussion,wiki
1.0,3.2332929698872785,2.9689250793612643,1.584962500721156,0,0,0.0
