problem,access,navigate,page_close,video,discussion,wiki
1.5219280948873621,3.137059233341064,3.3660913291191914,2.745085187108269,2.7329145639793975,1.4353713907745331,0.0
