problem,access,navigate,page_close,video,discussion,wiki
1.0957952550009336,1.301574289281613,1.0,1.3250112108241772,0.0,0.0,0
