problem,access,navigate,page_close,video,discussion,wiki
1.224394445405986,1.8437474760636718,1.5,0.9182958340544896,0.0,0,0
