problem,access,navigate,page_close,video,discussion,wiki
1.1956217818146277,2.5662349272118856,1.058277043226334,2.6612262562697895,1.5304930567574826,0.0,0.0
