problem,access,navigate,page_close,video,discussion,wiki
1.3497227555206366,1.584962500721156,1.5,1.9182958340544896,0.0,0,0
