problem,access,navigate,page_close,video,discussion,wiki
1.5219280948873621,2.677809834274127,1.669180336866731,2.470051040248247,1.8565647621309542,0.0,0.0
