problem,access,navigate,page_close,video,discussion,wiki
1.2866926683547546,2.8409763586737573,1.0,2.8980685120588383,2.8659573209491747,0.9182958340544896,0
