problem,access,navigate,page_close,video,discussion,wiki
0.0,2.5523483514470264,2.113283334294875,2.25,2.2516291673878226,0,0
