problem,access,navigate,page_close,video,discussion,wiki
0.0,2.469742159207976,2.1470776733965518,2.6900616179453083,2.481714572986073,2.3282129458410017,0.0
