problem,access,navigate,page_close,video,discussion,wiki
1.9709505944546688,2.448788890811972,2.1280852788913944,2.133937566094917,0,0,0
