problem,access,navigate,page_close,video,discussion,wiki
1.8464393446710154,2.5648325090899213,1.584962500721156,2.5527241956246547,2.5220552088742005,0,0
