problem,access,navigate,page_close,video,discussion,wiki
2.3691696942078804,2.9842056913472237,2.8559049224696937,1.75,1.9808259362290785,1.3921472236645345,0.0
