problem,access,navigate,page_close,video,discussion,wiki
0.0,2.1053885422075336,2.113283334294875,2.2132982820604448,1.5304930567574824,0,0
