problem,access,navigate,page_close,video,discussion,wiki
2.056380377425995,2.647259773831688,1.9772354454083079,2.6100053707958026,1.8230679822736608,1.6135197342325187,0.0
