problem,access,navigate,page_close,video,discussion,wiki
0.0,1.3393172147651329,1.3250112108241772,1.2772018112022603,1.3709505944546687,0.0,0.0
