problem,access,navigate,page_close,video,discussion,wiki
2.2505377798848194,3.038920700259867,1.5,1.8016366412706075,2.263809173883546,0,0
