problem,access,navigate,page_close,video,discussion,wiki
0.0,1.9841165493994959,1.561278124459133,1.9362600275315274,1.4854752972273344,0.0,0
