problem,access,navigate,page_close,video,discussion,wiki
0.0,1.6997906153230322,1.6457113704075783,1.4899343783255763,1.2309595631140104,0.0,0.0
