problem,access,navigate,page_close,video,discussion,wiki
1.0,2.6062389286533896,1.5219280948873621,2.688721875540867,1.9056390622295665,0,0
