problem,access,navigate,page_close,video,discussion,wiki
0.997294381646235,2.451435591622185,1.9609640474436814,2.1180782093497093,1.5,0.0,0.0
