problem,access,navigate,page_close,video,discussion,wiki
0,2.0257343824859815,0.9864267287308424,2.17146526179041,1.840545648629973,0.9182958340544896,0
