problem,access,navigate,page_close,video,discussion,wiki
0,0.6631968402398287,1.0,0.3809465857053901,0.4689955935892812,0,0
