problem,access,navigate,page_close,video,discussion,wiki
1.37928048729106,1.582907984369404,0.8112781244591328,1.45019756290683,1.3346791410515946,0.9709505944546686,0
