problem,access,navigate,page_close,video,discussion,wiki
0,2.2516291673878226,0.5435644431995964,1.584962500721156,2.321928094887362,0.0,0.0
