problem,access,navigate,page_close,video,discussion,wiki
1.8464393446710154,2.4294945204514447,1.2516291673878228,2.188721875540867,2.121928094887362,0.0,0.0
