problem,access,navigate,page_close,video,discussion,wiki
1.7961796919474975,2.95145078829964,2.107735252622104,1.8321669964429361,1.4674579648482995,2.1435733390837277,1.584962500721156
