problem,access,navigate,page_close,video,discussion,wiki
0,2.230373614867898,1.684185736908434,2.8518362044586807,2.5243974703476995,1.3221793455166666,0.0
