problem,access,navigate,page_close,video,discussion,wiki
0.0,2.518657167553695,2.739575037843645,2.9104404952185816,2.5219280948873624,1.8751310486364092,1.5
