problem,access,navigate,page_close,video,discussion,wiki
0,1.5709505944546684,1.0,1.584962500721156,1.5219280948873621,0,0
