problem,access,navigate,page_close,video,discussion,wiki
1.5545851693377997,2.734512381750771,2.6031579868726,2.704827586226288,2.4834585933443494,0,0.0
