problem,access,navigate,page_close,video,discussion,wiki
0,1.786655922712848,1.8464393446710154,1.3895165834832217,1.21454040779525,0,0
