problem,access,navigate,page_close,video,discussion,wiki
0,1.5058231002082845,1.3709505944546687,1.4854752972273344,1.3787834934861753,0,0
