problem,access,navigate,page_close,video,discussion,wiki
0,1.8464393446710154,0.0,1.4056390622295665,1.4056390622295665,0.0,0.0
