problem,access,navigate,page_close,video,discussion,wiki
0.9852281360342516,2.2755490855036324,1.0,2.6100635408770723,2.5,0,0
