problem,access,navigate,page_close,video,discussion,wiki
2.1577121365916043,2.424050776956023,2.2359263506290326,1.9182958340544896,1.5,0,0
