problem,access,navigate,page_close,video,discussion,wiki
2.2359263506290326,2.1924178467769693,2.0,0.0,0,0.8112781244591328,0
