problem,access,navigate,page_close,video,discussion,wiki
0,1.9194762135576873,1.5465935642949382,0.8112781244591328,0.0,1.792481250360578,0.0
