problem,access,navigate,page_close,video,discussion,wiki
0.954434002924965,3.9805086135712107,2.6474390525126,0.0,0.0,0,0
