problem,access,navigate,page_close,video,discussion,wiki
0.0,3.018884391699703,2.5503407095463886,1.7527152789797045,0.0,0,0
