problem,access,navigate,page_close,video,discussion,wiki
1.221694907636328,2.746538030632165,2.205109900073869,3.0361329852535905,2.5219280948873624,0,0
