problem,access,navigate,page_close,video,discussion,wiki
0,2.6903713387735495,2.9735572622751856,2.505186976143276,2.007450114482578,0,0
