problem,access,navigate,page_close,video,discussion,wiki
0,1.4452458201097456,1.2406705316766886,1.5,0.9852281360342516,0,0
