problem,access,navigate,page_close,video,discussion,wiki
1.4949188482339508,2.251629167387823,2.197159723424149,1.4591479170272448,0.8112781244591328,0,0.0
