problem,access,navigate,page_close,video,discussion,wiki
0.8935711016541907,2.0208435533622517,2.016875695766564,0.0,0.8112781244591328,1.0,1.561278124459133
