problem,access,navigate,page_close,video,discussion,wiki
0.9182958340544896,1.7002237262558646,0.9709505944546686,1.784159127851422,1.5219280948873621,0,0
