problem,access,navigate,page_close,video,discussion,wiki
0.9864267287308425,2.427501913569912,2.37642813061118,0,0,1.5,0.0
