problem,access,navigate,page_close,video,discussion,wiki
1.6660563421790617,3.325513496984583,2.2359263506290326,3.457981931831922,3.382048827786958,0.0,0
