problem,access,navigate,page_close,video,discussion,wiki
0.0,1.494680368408909,1.4466166676282084,1.789929075309999,1.5219280948873621,0.7219280948873623,0.0
