problem,access,navigate,page_close,video,discussion,wiki
0.6840384356390417,1.0563280663676942,0.0,0.863120568566631,0.9182958340544896,0,0.0
