problem,access,navigate,page_close,video,discussion,wiki
2.56646353482847,3.216483467241144,3.872083873252922,1.0,0.0,1.5304930567574826,0
