problem,access,navigate,page_close,video,discussion,wiki
1.6644977792004614,2.9736564991811028,2.6535442970305683,2.9376194085757086,2.965957320949175,0,0
