problem,access,navigate,page_close,video,discussion,wiki
0,1.968873874720721,1.9015064025015063,1.721928094887362,1.4591479170272446,1.5,1.3787834934861753
