problem,access,navigate,page_close,video,discussion,wiki
0.9129992135852473,3.5779000856223835,2.789898095464288,3.578376572785444,3.669275070710713,0.0,0
