problem,access,navigate,page_close,video,discussion,wiki
0.0,2.6576645515168726,1.8361163840837933,2.727156027123141,2.7570754133139395,0.0,0.41381685030363374
