problem,access,navigate,page_close,video,discussion,wiki
1.478897902987479,1.7884504573082893,1.3787834934861753,1.4591479170272448,1.0,0,0
