problem,access,navigate,page_close,video,discussion,wiki
0,1.8741838269462516,1.584962500721156,1.7779849042597489,1.3516441151533924,0,0
