problem,access,navigate,page_close,video,discussion,wiki
0,2.1013152774012362,1.5709505944546687,2.2841591278514217,1.5219280948873621,0.8112781244591328,0.0
