problem,access,navigate,page_close,video,discussion,wiki
0,1.5052408149441479,1.5,1.280672129520887,0.9910760598382222,0,0
