problem,access,navigate,page_close,video,discussion,wiki
1.2958363892911637,2.3906979292316826,2.197159723424149,1.5,0.9182958340544896,1.075589121885051,0
