problem,access,navigate,page_close,video,discussion,wiki
0.9640787648082291,1.9261207468426806,2.2516291673878226,1.8464393446710154,0.0,0,0
