problem,access,navigate,page_close,video,discussion,wiki
0.0,2.285694614725999,1.584962500721156,2.3685225277282065,1.584962500721156,0,0
