problem,access,navigate,page_close,video,discussion,wiki
1.5,2.4637963907477656,2.072905595320056,2.4232196723355077,1.3787834934861753,0.5916727785823275,0.0
