problem,access,navigate,page_close,video,discussion,wiki
0.0,2.0403733936884962,1.4591479170272448,2.2841591278514217,2.107833210824613,0.0,0
