problem,access,navigate,page_close,video,discussion,wiki
2.72729218707177,3.084606988647864,1.2516291673878228,2.9659573209491747,2.924751857193746,0.0,0.0
