problem,access,navigate,page_close,video,discussion,wiki
0.0,1.9772170014624826,2.117492461184755,1.9362600275315274,1.9182958340544896,0,0.0
