problem,access,navigate,page_close,video,discussion,wiki
1.5,1.8199069108495118,2.4116022179746714,2.021782221599798,0,0.0,0
