problem,access,navigate,page_close,video,discussion,wiki
0.9975025463691153,2.7792553760679404,2.7630741894285697,2.321928094887362,2.0,1.8692730532223965,0
