problem,access,navigate,page_close,video,discussion,wiki
0.6699960320994333,1.2766323970581168,0.0,1.2838868242312453,0.8739810481273578,0,0
