problem,access,navigate,page_close,video,discussion,wiki
1.7924812503605778,2.9470615501966444,1.5219280948873621,1.584962500721156,0.0,0,0
