problem,access,navigate,page_close,video,discussion,wiki
0.9182958340544896,2.9876130745328937,2.351593723348755,3.200516030684074,3.172185915404347,0.0,0.0
