problem,access,navigate,page_close,video,discussion,wiki
0,1.2607717938967942,1.1488348542809166,1.8676338909712125,2.251629167387823,0,0
