problem,access,navigate,page_close,video,discussion,wiki
0.0,1.5394910703001345,0.0,1.7758589482446405,1.7924812503605778,0,0
