problem,access,navigate,page_close,video,discussion,wiki
0.9182958340544896,1.9709505944546686,1.0,1.9056390622295665,1.0,0,0
