problem,access,navigate,page_close,video,discussion,wiki
0.863120568566631,2.132548708064316,1.4772170014624826,2.340662439139976,2.1492553971685,0.0,1.584962500721156
