problem,access,navigate,page_close,video,discussion,wiki
1.819161865808036,3.0272912052391963,3.0836169753972325,2.8087368492392493,2.55415221132395,1.811278124459133,1.0
