problem,access,navigate,page_close,video,discussion,wiki
1.9789860807361865,3.515433437793634,3.2639334294856344,3.571193740974409,2.493359795631317,0.8112781244591328,0
