problem,access,navigate,page_close,video,discussion,wiki
0.3372900666170139,2.2155979625929545,2.054585169337799,2.1426068446789457,1.7273966735744792,0.0,0.0
