problem,access,navigate,page_close,video,discussion,wiki
0.8112781244591328,0.9798687566511528,0.0,1.3485878960124222,0.9910760598382222,0,0
