problem,access,navigate,page_close,video,discussion,wiki
0.9798687566511528,2.2734219790844588,2.4193819456463714,1.7244078178625923,1.4591479170272448,0.0,0
