problem,access,navigate,page_close,video,discussion,wiki
1.4788455359952017,3.1543335726958492,2.1556390622295662,3.2024549619059113,3.066615216738451,0,0
