problem,access,navigate,page_close,video,discussion,wiki
0.6500224216483541,2.6703695578644724,1.6143180698290445,2.6145272645029527,2.7045348998193433,0.0,0.0
