problem,access,navigate,page_close,video,discussion,wiki
1.931402877773198,2.4000156752828175,2.355388542207534,2.1197853832250932,1.8286345734705733,1.3516441151533922,1.0
