problem,access,navigate,page_close,video,discussion,wiki
0,2.2854752972273342,2.0,2.682588730501833,2.4056390622295662,0.8112781244591328,0
