problem,access,navigate,page_close,video,discussion,wiki
0.6193821946787638,1.6352229714400548,2.199687794731328,0.0,0.8112781244591328,0,0
