problem,access,navigate,page_close,video,discussion,wiki
0,2.857993272864335,2.984234164652489,2.967575588263574,2.68344978213393,0,0
