problem,access,navigate,page_close,video,discussion,wiki
1.0971245697587872,1.357954210936639,2.197159723424149,1.5577277787393191,1.0,0,0
