problem,access,navigate,page_close,video,discussion,wiki
0.5032583347756457,2.9613778345571506,2.6416041678685938,2.9258530145612824,1.9182958340544893,0.0,0
