problem,access,navigate,page_close,video,discussion,wiki
3.634732757345426,4.353393552866358,3.8841837197791884,2.413088436425758,2.692380602454975,0.0,0
