problem,access,navigate,page_close,video,discussion,wiki
0.0,2.22980839736367,0.6500224216483541,2.2314986331640356,2.0381596816459533,0.0,0.0
