problem,access,navigate,page_close,video,discussion,wiki
1.5219280948873621,3.3120467591750953,2.1180782093497097,3.3680323416668223,2.887096447805579,0.9182958340544896,0.0
