problem,access,navigate,page_close,video,discussion,wiki
0,2.3735407592453637,1.8423709931771088,1.584962500721156,1.584962500721156,0.0,0
