problem,access,navigate,page_close,video,discussion,wiki
0.9182958340544896,2.165957320949175,2.4193819456463714,2.4182958340544896,1.7924812503605778,0.0,0.0
