problem,access,navigate,page_close,video,discussion,wiki
0.0,2.1769945826498325,0.7219280948873623,2.1556390622295662,1.5,0,0
