problem,access,navigate,page_close,video,discussion,wiki
1.2987949406953985,1.9258641224711837,1.2987949406953985,0,0,0.8112781244591328,0
