problem,access,navigate,page_close,video,discussion,wiki
0,1.9950370301390254,1.3709505944546687,2.1847776529602827,1.647730922119161,0.0,0
