problem,access,navigate,page_close,video,discussion,wiki
1.3413927013694988,2.9222807557401893,2.7704816846131144,2.9889232782689303,3.0154077056901,1.1451104143815827,1.0
