problem,access,navigate,page_close,video,discussion,wiki
0,2.4464393446710155,2.8993974703476995,2.3458519893382603,1.5219280948873621,0,0
