problem,access,navigate,page_close,video,discussion,wiki
0,3.036382338766571,2.472905595320056,3.334209459448049,2.2359263506290326,0,0
