problem,access,navigate,page_close,video,discussion,wiki
0.6840384356390417,1.7363568979772652,1.584962500721156,1.8810947601100745,0,0,0
