problem,access,navigate,page_close,video,discussion,wiki
1.3105673797344795,3.0527625224913053,2.7719023720385585,3.186437264044526,3.204447960708351,0,0.0
