problem,access,navigate,page_close,video,discussion,wiki
0.0,1.760495029766198,0.0,1.7527152789797047,1.6644977792004614,0,0
