problem,access,navigate,page_close,video,discussion,wiki
0.8112781244591328,1.6411890715404993,2.1632095937363847,1.6589797521242051,0.9709505944546686,0.9182958340544896,1.0
