problem,access,navigate,page_close,video,discussion,wiki
1.5156546557441946,2.9784619411546784,2.863669919156755,2.952819531114783,2.8423709931771093,0.0,0
