problem,access,navigate,page_close,video,discussion,wiki
1.4263445470433744,3.0887263658565742,3.1220642566485637,3.085144698066172,2.8621198244896053,0.0,0
