problem,access,navigate,page_close,video,discussion,wiki
1.9056390622295665,2.2385136427564203,1.8423709931771084,2.4528385678644473,1.9502120649147465,0.0,0.0
