problem,access,navigate,page_close,video,discussion,wiki
0,1.548565226030918,1.1488348542809166,1.5766212201074912,1.5709505944546684,0.0,0.0
