problem,access,navigate,page_close,video,discussion,wiki
0,1.8077635764171942,1.9182958340544893,1.561278124459133,0.9182958340544896,0.9709505944546686,0.0
