problem,access,navigate,page_close,video,discussion,wiki
0.0,2.7398345942508753,2.5102415025019114,2.8732212966872726,2.8559049224696933,0.0,1.0
