problem,access,navigate,page_close,video,discussion,wiki
0.0,2.5172018025827265,2.6155074211313076,2.3898980954642877,2.1180782093497093,0.6500224216483541,0.9182958340544896
