problem,access,navigate,page_close,video,discussion,wiki
1.4777468341000444,1.6606632094126716,1.974937501201927,0.0,0.9182958340544896,0,0
