problem,access,navigate,page_close,video,discussion,wiki
0.0,0.9023932827949788,2.2464393446710154,0.6500224216483541,1.0,1.654648334118502,0
