problem,access,navigate,page_close,video,discussion,wiki
0.9910760598382222,1.3779630390761746,0.8112781244591328,1.5,1.3995812306460644,0,0
