problem,access,navigate,page_close,video,discussion,wiki
0.6500224216483541,0.8112781244591328,0.0,1.3787834934861753,1.4591479170272448,0,0
