problem,access,navigate,page_close,video,discussion,wiki
1.8889222000604105,3.087951691272145,1.5,1.584962500721156,0.0,0.0,0
