problem,access,navigate,page_close,video,discussion,wiki
2.1223126356498456,2.5139143590402764,0.0,2.5654483718208256,2.4137995646056805,1.7295739585136223,0
