problem,access,navigate,page_close,video,discussion,wiki
0,1.402993418443045,1.207518749639422,1.4591479170272448,0.9182958340544896,0.0,0.0
