problem,access,navigate,page_close,video,discussion,wiki
1.7193967275011124,3.169147763291556,2.9532433566073997,2.0,3.17127013314286,1.8909209935891977,0.0
