problem,access,navigate,page_close,video,discussion,wiki
2.113578911749501,3.242848730752869,2.694627686854797,3.3571782652339985,2.925853014561283,0.5032583347756457,0.9864267287308424
