problem,access,navigate,page_close,video,discussion,wiki
0.9709505944546686,2.2840951026838954,2.1556390622295662,0.9182958340544896,0.0,0,0
