problem,access,navigate,page_close,video,discussion,wiki
2.911080496244278,3.7696312154380753,2.5820599105802575,2.905764584655453,2.2221915755066783,2.803701696057348,0.0
