problem,access,navigate,page_close,video,discussion,wiki
2.49166991760256,3.4785487007092772,3.129442848295902,2.75,2.9182958340544896,2.5392653914495313,1.9182958340544893
