problem,access,navigate,page_close,video,discussion,wiki
0.0,2.5294329539132727,1.9219280948873623,2.6654358597664034,2.6493974703476995,0,0
