problem,access,navigate,page_close,video,discussion,wiki
1.9211854965885542,2.981926279839156,2.0609640474436812,2.892466983262309,2.8586885704510974,0.0,0
