problem,access,navigate,page_close,video,discussion,wiki
1.1307380174672108,3.171341278239457,1.75,3.404428976282593,3.304302931775617,0.0,0.0
