problem,access,navigate,page_close,video,discussion,wiki
0.863120568566631,2.3971999042940624,2.057924310831006,0,0,0.0,1.0
