problem,access,navigate,page_close,video,discussion,wiki
1.1873868015167894,2.1759924018901198,2.419851373033804,2.4776297434724643,1.9237641721998582,0,0.0
