problem,access,navigate,page_close,video,discussion,wiki
1.7599305295640906,1.5513274618228052,0.9709505944546686,1.75079265267182,0.9709505944546686,0,0
