problem,access,navigate,page_close,video,discussion,wiki
0.9182958340544896,2.636842188131012,0,2.614164262105116,2.251629167387823,0,0
