problem,access,navigate,page_close,video,discussion,wiki
0.9182958340544896,1.8749911765991192,2.5219280948873624,1.5779772001172403,1.0,0,0
