problem,access,navigate,page_close,video,discussion,wiki
0,1.5052408149441479,1.3709505944546687,1.8464393446710154,1.0,0,0
