problem,access,navigate,page_close,video,discussion,wiki
0.0,2.4046784730635706,1.9182958340544896,2.4137995646056796,1.9219280948873623,0,0
