problem,access,navigate,page_close,video,discussion,wiki
1.8702932210074805,3.0152964442773915,2.66818194698418,2.8496982227579823,2.4964657870450635,0.8112781244591328,0
