problem,access,navigate,page_close,video,discussion,wiki
0,1.4833557549816876,2.4830067805200744,1.4488156357251847,0.0,0,0
