problem,access,navigate,page_close,video,discussion,wiki
1.5487360371215828,1.4860503434568013,1.5,1.548565226030918,1.561278124459133,1.3821022532543101,0.0
