problem,access,navigate,page_close,video,discussion,wiki
3.277271158180468,3.872062987202411,3.222738561139236,3.728694663739364,3.6865964994384846,1.8932373039673245,0
