problem,access,navigate,page_close,video,discussion,wiki
0.0,1.7992822500915147,2.063558608511122,0.9709505944546686,0,0.9709505944546686,0.0
