problem,access,navigate,page_close,video,discussion,wiki
1.3366664819166876,2.2384033871145106,2.0978548143998657,2.421332232515685,2.4907407603107754,0,0
