problem,access,navigate,page_close,video,discussion,wiki
2.099601752714581,2.91584503043188,2.5503407095463886,0.0,0.0,1.640223928941852,0
