problem,access,navigate,page_close,video,discussion,wiki
0.8997437586982626,2.578830073557112,2.584962500721156,1.0,0.0,0.0,0
