problem,access,navigate,page_close,video,discussion,wiki
1.9638413378563853,2.514450635678719,1.4256051990169438,2.429292357575483,2.1219280948873624,0.0,0.0
