problem,access,navigate,page_close,video,discussion,wiki
0.6840384356390417,3.3379674344187427,2.167547036549059,3.207339988010841,2.975909377088532,0.863120568566631,0.9182958340544896
