problem,access,navigate,page_close,video,discussion,wiki
1.384251455535313,2.6110461892516117,2.2892464285091583,1.584962500721156,1.0,0.0,0.0
