problem,access,navigate,page_close,video,discussion,wiki
1.5058231002082845,2.1363793303507568,1.4488156357251847,2.05141644810084,1.7322216637616483,0,0
