problem,access,navigate,page_close,video,discussion,wiki
2.5112479153294793,3.3902520529698896,3.029155136897677,3.3731985086833003,3.3608036334465883,1.8221235318918168,1.584962500721156
