problem,access,navigate,page_close,video,discussion,wiki
0,1.37928048729106,1.2516291673878228,1.3221793455166666,0.9182958340544896,0.5916727785823275,0
