problem,access,navigate,page_close,video,discussion,wiki
2.6300666065718707,3.7943387661161236,3.408514150358048,2.8993974703476995,2.584962500721156,1.9981980158323256,1.0
