problem,access,navigate,page_close,video,discussion,wiki
0.9709505944546686,1.6362488220423712,1.5294283316328894,0.0,1.3716407621868583,0,0.0
