problem,access,navigate,page_close,video,discussion,wiki
0.0,2.310003600410272,2.8453509366224368,2.331802673624286,1.6644977792004614,0.0,0
