problem,access,navigate,page_close,video,discussion,wiki
1.5485652260309177,1.8102009934610108,0.9219280948873623,0.9975025463691153,0.9940302114769565,0.0,0.0
