problem,access,navigate,page_close,video,discussion,wiki
0,1.9219280948873623,2.2295739585136225,1.0,0.0,1.146807515341498,0.0
