problem,access,navigate,page_close,video,discussion,wiki
1.0,2.7339076404317515,2.6022170014624826,2.4193819456463714,1.9219280948873623,0.0,0
