problem,access,navigate,page_close,video,discussion,wiki
0.0,1.5058231002082845,1.6894822670191825,1.4488156357251847,1.5,0.0,0.0
