problem,access,navigate,page_close,video,discussion,wiki
0.6500224216483541,2.8755579298799177,2.321928094887362,2.321928094887362,1.0,0,0
