problem,access,navigate,page_close,video,discussion,wiki
0.954434002924965,1.492788038992002,1.3159669973441042,1.6010241522554498,1.384431504340598,0.0,1.0
