problem,access,navigate,page_close,video,discussion,wiki
0.7355085815538398,3.2726806315391905,2.994108495873069,3.304444626744541,2.9446133929717373,0.9182958340544896,0.0
