problem,access,navigate,page_close,video,discussion,wiki
1.040852082972755,1.8084270780199538,1.75,1.7720772537350808,0,0,0
