problem,access,navigate,page_close,video,discussion,wiki
0.9709505944546686,1.8286345734705733,1.836591668108979,1.6858157091530304,1.5726236638951638,0.9910760598382222,0
