problem,access,navigate,page_close,video,discussion,wiki
0,1.987244497938236,0.0,2.215922063835167,1.8924071185928766,0,0
