problem,access,navigate,page_close,video,discussion,wiki
0,3.4011878296898064,2.9735572622751856,3.385155104141379,3.41379956460568,0.0,0
