problem,access,navigate,page_close,video,discussion,wiki
0.9182958340544896,2.2414460711655217,2.2359263506290326,1.5216406363433184,0.7219280948873623,0,0
