problem,access,navigate,page_close,video,discussion,wiki
0.0,1.6578764348499595,1.0,1.6894822670191825,1.4056390622295665,0.0,0.0
