problem,access,navigate,page_close,video,discussion,wiki
0.6500224216483541,0.9975025463691153,0.0,0.9910760598382222,0,0,0.0
