problem,access,navigate,page_close,video,discussion,wiki
1.0,2.773175594806832,1.9182958340544893,2.985463890651715,2.8584585933443494,0,0
