problem,access,navigate,page_close,video,discussion,wiki
1.3995812306460644,2.6147366557355958,2.310459252438023,1.8423709931771086,0.0,0.0,0
