problem,access,navigate,page_close,video,discussion,wiki
0.8453509366224365,2.888639912208212,1.5219280948873621,1.7382689280764645,1.836591668108979,0,0
