problem,access,navigate,page_close,video,discussion,wiki
1.6644977792004614,3.038714007190076,2.2312702546075758,2.880424344959478,2.6612262562697895,0.0,0
