problem,access,navigate,page_close,video,discussion,wiki
0.0,2.0182155146751497,0,1.669180336866731,0.8112781244591328,0.0,0
