problem,access,navigate,page_close,video,discussion,wiki
1.0,2.402658607548342,2.4193819456463714,2.298309401300804,1.9877733714879842,0,0
