problem,access,navigate,page_close,video,discussion,wiki
0.8812908992306927,1.960466641470766,1.6644977792004612,1.9199730940219752,1.0,0.0,0.0
