problem,access,navigate,page_close,video,discussion,wiki
0.9709505944546686,2.1317597302176132,2.0588138903312014,2.1575192209293785,1.7381493331928661,0.0,0.0
