problem,access,navigate,page_close,video,discussion,wiki
0.0,2.5341591278514217,2.5,2.4692407821722844,1.5219280948873621,0.0,0
