problem,access,navigate,page_close,video,discussion,wiki
0.8112781244591328,1.6431558784658322,1.0,1.7332062193464952,0,0.0,0
