problem,access,navigate,page_close,video,discussion,wiki
1.6779842806377732,2.4647646162740355,2.5414460711655216,2.458435309224085,1.7884504573082896,0.0,0
