problem,access,navigate,page_close,video,discussion,wiki
0.9852281360342516,1.337778097192496,1.5566567074628228,0.9402859586706311,0.0,0,0
