problem,access,navigate,page_close,video,discussion,wiki
0.934068055375491,1.5306189948485172,0.9182958340544896,1.0,0,0,0
