problem,access,navigate,page_close,video,discussion,wiki
1.5394847569315018,2.3075578744779306,1.6967653229257262,2.0,0.0,0.0,0.9182958340544896
