problem,access,navigate,page_close,video,discussion,wiki
1.8594671341556388,1.980593287460564,2.584962500721156,1.893147657920344,1.384431504340598,0,0
