problem,access,navigate,page_close,video,discussion,wiki
0.954434002924965,3.2788124734937987,2.9477027792200903,2.815333779292341,2.521640636343318,0,0
