problem,access,navigate,page_close,video,discussion,wiki
0,2.733941979590484,2.2998963911678914,2.8731406795131336,2.251629167387823,0,0.0
