problem,access,navigate,page_close,video,discussion,wiki
1.483831706844689,3.531997680380251,3.48942483416791,3.7238183828937514,3.5841837197791886,0,1.9182958340544896
