problem,access,navigate,page_close,video,discussion,wiki
1.9609640474436814,4.3264021083791775,3.7531281093474584,4.383000391306284,2.753434386188785,2.4619218091737016,1.584962500721156
