problem,access,navigate,page_close,video,discussion,wiki
1.811040639733184,2.691694240196771,2.082829856180711,2.719139083357394,2.0698936164374757,0.8366407419411673,0.0
