problem,access,navigate,page_close,video,discussion,wiki
3.1781812689765943,4.08367315695172,3.958413609501504,2.94770277922009,0.0,3.387322867927805,2.0
