problem,access,navigate,page_close,video,discussion,wiki
1.3328204045850196,2.3508733475959804,2.4464393446710155,0,1.7107770844150676,0,0
