problem,access,navigate,page_close,video,discussion,wiki
0.0,2.567313327374797,2.481714572986073,2.3853867792857275,2.1084585933443494,2.2359263506290326,0.0
