problem,access,navigate,page_close,video,discussion,wiki
2.2690645873178172,1.7502874655995908,2.2577560641285177,1.1401156785146092,1.0,0,0
