problem,access,navigate,page_close,video,discussion,wiki
1.4294732983598406,2.867702518928927,1.2987949406953985,2.8234766053953195,2.0,1.5304930567574826,0
