problem,access,navigate,page_close,video,discussion,wiki
1.974937501201927,2.7542971547045307,2.7274972248524723,2.8888840705376357,2.1280852788913944,1.0,0.0
