problem,access,navigate,page_close,video,discussion,wiki
1.5827993325271836,2.8201328375132464,2.5216406363433186,2.39207883297832,0.9852281360342516,0,0
