problem,access,navigate,page_close,video,discussion,wiki
1.4466479595102752,2.170138644227592,2.0,2.3038890505368363,2.0762893592941096,0,0
