problem,access,navigate,page_close,video,discussion,wiki
1.584962500721156,2.414129909036293,2.4815419333359277,2.0,0.0,1.7381493331928661,1.0
