problem,access,navigate,page_close,video,discussion,wiki
0.9798687566511528,1.6820028017661333,1.6854752972273344,1.584962500721156,0.0,0,0.0
