problem,access,navigate,page_close,video,discussion,wiki
0.0,2.285041088268707,2.055036532577266,1.584962500721156,1.0,0,0
