problem,access,navigate,page_close,video,discussion,wiki
0.0,2.2126099101247902,2.054585169337799,2.270942421748537,2.2516291673878226,0.0,0.0
