problem,access,navigate,page_close,video,discussion,wiki
1.4854752972273344,2.4395660612154186,1.8073549220576042,2.6168033443873964,2.3071885761626687,1.3709505944546687,0.0
