problem,access,navigate,page_close,video,discussion,wiki
2.1559681021459083,2.9416938725721997,2.4193819456463714,2.588091447940583,2.625814583693911,0.0,0
