problem,access,navigate,page_close,video,discussion,wiki
1.061278124459133,3.0826855031962777,3.087496761102214,3.1006858798532946,2.3082708345352603,0,0
