problem,access,navigate,page_close,video,discussion,wiki
3.161493024427619,3.5286320050743987,3.719294525666979,3.6769648867289004,3.2188463637332156,1.4365455520910289,0
