problem,access,navigate,page_close,video,discussion,wiki
2.3299810808386567,3.312623347981496,3.2500778750209967,3.3691181647319755,2.968042376181403,0.0,1.0
