problem,access,navigate,page_close,video,discussion,wiki
1.5673228974001967,3.6468753874757875,2.913977073182752,3.560436683800531,2.165801592676107,0,0
