problem,access,navigate,page_close,video,discussion,wiki
1.4355205042826666,2.9729987872833803,2.75,2.8832436295204693,2.6153196182512763,0.0,0
