problem,access,navigate,page_close,video,discussion,wiki
0.7219280948873623,2.492405667154161,1.8423709931771084,2.8709505944546683,2.481714572986073,0,0
