problem,access,navigate,page_close,video,discussion,wiki
1.9852281360342514,3.0212881438635106,3.1116345207493348,3.1274482302871753,1.7381493331928664,1.4195562985716133,0.0
