problem,access,navigate,page_close,video,discussion,wiki
0.0,2.5216192688875165,2.084182984933787,1.8617386703110115,1.176065103715944,1.561278124459133,0.0
