problem,access,navigate,page_close,video,discussion,wiki
2.332608811287788,3.208494311382497,2.321928094887362,2.321928094887362,1.584962500721156,0,0
