problem,access,navigate,page_close,video,discussion,wiki
3.2029100796497274,4.277843112241006,4.193269689515107,0.0,2.321928094887362,2.8857815473242505,0
