problem,access,navigate,page_close,video,discussion,wiki
3.763654603367736,4.251034452968164,3.058694969562842,4.214081048607621,3.855120813691852,2.338811921929839,0.0
