problem,access,navigate,page_close,video,discussion,wiki
0.0,2.488785591776994,1.5,2.6098501660289424,0.9852281360342516,0,0
