problem,access,navigate,page_close,video,discussion,wiki
1.648826004055112,2.458945640969418,1.9219280948873623,2.3149839026006047,0.0,0.0,0
