problem,access,navigate,page_close,video,discussion,wiki
0.9798687566511528,2.494075936091172,2.5971698637711165,2.6322828074166593,2.220429781138912,2.76515831443015,1.0
