problem,access,navigate,page_close,video,discussion,wiki
1.836591668108979,2.4984291658915008,1.7709505944546686,2.486793021302403,0,0.9709505944546686,0.0
