problem,access,navigate,page_close,video,discussion,wiki
1.6528633822909644,2.5632191609994575,2.7052290027422967,2.4658749898342913,2.0698936164374753,0,0
