problem,access,navigate,page_close,video,discussion,wiki
0.9910760598382222,3.8089829411939,2.584962500721156,3.9292292966721747,3.0269868333592873,0.0,0
