problem,access,navigate,page_close,video,discussion,wiki
0,2.5136459293583706,2.7534343861887853,2.5,1.584962500721156,2.777699428635537,0.0
