problem,access,navigate,page_close,video,discussion,wiki
1.5794340029249652,3.291060661250784,3.0113684851981066,3.112454896033562,2.1709505944546685,1.0226297788901695,0.0
