problem,access,navigate,page_close,video,discussion,wiki
0,1.3995812306460644,2.2272170014624826,0.0,0.0,0.9182958340544896,0.0
