problem,access,navigate,page_close,video,discussion,wiki
0,2.87539266723227,3.0101337093947316,2.97558977352622,2.0182155146751497,0.9709505944546686,0
