problem,access,navigate,page_close,video,discussion,wiki
0.0,3.0067499186387785,1.8423709931771084,3.013070929103845,2.4130884364257574,0,0
