problem,access,navigate,page_close,video,discussion,wiki
1.4591479170272446,3.4703800864218324,2.7192945256669794,2.8881545074194097,2.4056390622295662,0.9182958340544896,0.0
