problem,access,navigate,page_close,video,discussion,wiki
3.008225003000474,3.595710726519451,3.6835423624332306,3.016875695766564,2.8282129458410017,0,0
