problem,access,navigate,page_close,video,discussion,wiki
1.4466479595102752,2.5366082543914996,1.7961796919474975,1.5,0.9182958340544896,0,0
