problem,access,navigate,page_close,video,discussion,wiki
0,2.4982965889303155,0.0,2.4729055953200563,2.4591479170272446,0,0
