problem,access,navigate,page_close,video,discussion,wiki
3.339703417517626,3.779628055674794,3.128085278891395,3.871089314462963,1.867633890971212,2.5362156256610597,0.0
