problem,access,navigate,page_close,video,discussion,wiki
0,2.2312702546075758,1.4591479170272448,2.128085278891394,1.584962500721156,0,0.0
