problem,access,navigate,page_close,video,discussion,wiki
0.0,3.2223482970589976,2.058813890331201,2.321928094887362,2.2359263506290326,0,0
