problem,access,navigate,page_close,video,discussion,wiki
0,2.7603136973125117,0.0,2.584962500721156,2.321928094887362,0,0
