problem,access,navigate,page_close,video,discussion,wiki
0,3.616880885558105,2.7192945256669794,3.861846264279887,3.5599000019230838,0.0,0
