problem,access,navigate,page_close,video,discussion,wiki
2.269244471379035,3.806072339274971,3.127986806877675,1.8464393446710154,2.0,0.0,0.0
