problem,access,navigate,page_close,video,discussion,wiki
0.4689955935892812,3.1707663537155297,2.321928094887362,2.8662654808822023,2.836118553134518,0.0,0
