problem,access,navigate,page_close,video,discussion,wiki
1.4488156357251847,2.9886557736425683,2.6100635408770723,3.126900695285793,3.0835873700238063,0.0,1.0
