problem,access,navigate,page_close,video,discussion,wiki
2.414135864465112,3.5788959454795664,1.5566567074628228,0,0,0,0
