problem,access,navigate,page_close,video,discussion,wiki
0,2.5545434120925585,2.481714572986073,2.349601752714581,2.054585169337799,0,0
