problem,access,navigate,page_close,video,discussion,wiki
0.8658566174572235,2.9394177983056644,2.3584585933443494,2.7837378421564143,2.1258145836939115,0.0,0
