problem,access,navigate,page_close,video,discussion,wiki
0.0,2.6416041678685933,1.9237949406953987,2.584962500721156,0,0.0,0.0
