problem,access,navigate,page_close,video,discussion,wiki
1.1401156785146092,2.2125823032160294,0.9182958340544896,1.9542473996920802,1.8773870642966133,0.0,0.0
