problem,access,navigate,page_close,video,discussion,wiki
1.5243166733459836,3.049363408544054,2.8155527162681317,3.0463811129458835,2.5689782425836953,1.8365916681089791,0.0
