problem,access,navigate,page_close,video,discussion,wiki
0.9992492479956565,2.585010410269171,2.420757175445756,2.725480556997868,2.1556390622295662,0,0.0
