problem,access,navigate,page_close,video,discussion,wiki
2.0629592762193893,3.253876825686433,2.355388542207534,3.377638764373564,3.147764525806814,0.0,0
