problem,access,navigate,page_close,video,discussion,wiki
0.0,1.433781399737768,1.2987949406953985,1.6767370300521325,1.2987949406953985,0,0
