problem,access,navigate,page_close,video,discussion,wiki
1.9115339911368303,3.279120058855299,2.5243974703476995,3.273992932295631,0,0,0
