problem,access,navigate,page_close,video,discussion,wiki
1.5485806065228545,2.444392976283625,2.170723035582761,2.5944833050671896,2.4477309221191605,0.0,0.0
