problem,access,navigate,page_close,video,discussion,wiki
1.1657840518150733,2.271017959000976,2.7808022006455664,2.5714313952016083,2.001071352646116,0.0,0
