problem,access,navigate,page_close,video,discussion,wiki
1.959714974151055,2.790731131866801,2.0762893592941096,2.8675327466955336,2.4834585933443494,0.0,0.0
