problem,access,navigate,page_close,video,discussion,wiki
2.0300985114819134,3.0734649140937687,2.573557262275185,2.4193819456463714,2.521928094887362,0.0,0
