problem,access,navigate,page_close,video,discussion,wiki
0.0,3.0027361715940035,2.0588138903312014,2.9852281360342516,2.584962500721156,0.0,0
