problem,access,navigate,page_close,video,discussion,wiki
2.6420846845804995,3.833144488806458,2.6235166412180155,3.878085278891394,3.41283187062656,0,0
