problem,access,navigate,page_close,video,discussion,wiki
0.0,2.4930168491445683,0.6500224216483541,2.984234164652489,3.0269868333592873,0,0.0
