problem,access,navigate,page_close,video,discussion,wiki
2.9521694225202633,3.494976087659573,2.8559049224696937,3.4480171552407217,3.260350406044998,0,0
