problem,access,navigate,page_close,video,discussion,wiki
2.815177781076563,2.947660614896855,2.5492553971684995,2.818894260139598,2.5199076996870575,1.1567796494470395,0
