problem,access,navigate,page_close,video,discussion,wiki
2.1219280948873624,3.533271733964461,3.586887840995814,3.0220552088742,2.2516291673878226,1.704925584892669,0.0
