problem,access,navigate,page_close,video,discussion,wiki
1.3663146570363986,3.2764105094541667,3.2806390622295662,3.3754695499745644,2.93299930663729,1.6662786286072528,1.584962500721156
