problem,access,navigate,page_close,video,discussion,wiki
1.2389012566026305,1.8879992139080983,2.75,1.6644977792004614,1.3709505944546687,0.0,0
