problem,access,navigate,page_close,video,discussion,wiki
0,0.9852281360342516,1.8240460500219924,0.0,0,0.5435644431995964,1.0
