problem,access,navigate,page_close,video,discussion,wiki
1.8995078353275607,2.185542933847563,2.1280852788913944,2.120952031026403,0,0,0
