problem,access,navigate,page_close,video,discussion,wiki
0.9182958340544896,3.0652870242698436,2.0783898247235197,3.086048612313038,2.7192945256669794,0.0,0
