problem,access,navigate,page_close,video,discussion,wiki
3.0452688688628315,3.80804590827644,3.601148783798171,3.7775158557610835,3.6963401461696446,3.3056881187799254,2.2516291673878226
