problem,access,navigate,page_close,video,discussion,wiki
1.8339272176418302,2.978217646429606,2.502393743525439,3.044944089929221,2.298794940695399,1.9219280948873623,2.0
