problem,access,navigate,page_close,video,discussion,wiki
0.0,1.9211796919474975,0.9182958340544896,2.345851989338261,2.121928094887362,0,0
