problem,access,navigate,page_close,video,discussion,wiki
0,1.6691803368667308,0.9852281360342516,1.9182958340544893,2.0,0,0.0
