problem,access,navigate,page_close,video,discussion,wiki
0.9709505944546686,1.8879185026711327,1.6644977792004614,1.584962500721156,1.5,0,0
