problem,access,navigate,page_close,video,discussion,wiki
1.4854752972273344,1.4604846813131116,0.0,0.8112781244591328,1.4591479170272448,0,0
