problem,access,navigate,page_close,video,discussion,wiki
0.0,1.765957320949175,1.4353713907745331,0,1.584962500721156,0.0,0
