problem,access,navigate,page_close,video,discussion,wiki
2.315738006876835,3.5134659881247012,3.4013026145745644,3.5271707224607924,3.411773517994623,2.219973094021975,2.321928094887362
