problem,access,navigate,page_close,video,discussion,wiki
0.9637459942073316,1.8423709931771084,2.1556390622295662,1.5566567074628228,0,0,0
