problem,access,navigate,page_close,video,discussion,wiki
1.6516598775783053,3.723045412365487,3.6053042046663606,3.452819531114783,2.75,2.2756829655415376,0.0
