problem,access,navigate,page_close,video,discussion,wiki
1.8423709931771084,2.5630546909157212,1.8423709931771084,2.6825887305018328,2.7052290027422967,0,0
