problem,access,navigate,page_close,video,discussion,wiki
1.4678271583028384,1.3977584759698871,2.2312702546075758,0.9709505944546686,0,0.0,0
