problem,access,navigate,page_close,video,discussion,wiki
1.4591479170272448,1.8773870642966133,1.950212064914747,1.5219280948873621,0.0,0,0
