problem,access,navigate,page_close,video,discussion,wiki
1.9193641115364861,2.862236728272042,2.0294069451656007,2.8509265721266446,0,0.0,0.0
