problem,access,navigate,page_close,video,discussion,wiki
1.3039250813403678,3.416174089886545,2.103909910282364,3.634416725942901,3.729981977408207,0.0,0.0
