problem,access,navigate,page_close,video,discussion,wiki
1.0,3.809738970793027,3.1746742319786425,3.6393911041588796,3.5333449215477746,0,0
