problem,access,navigate,page_close,video,discussion,wiki
1.4729350396193688,2.461098264135102,2.1464657985040723,2.3899542924930786,2.0551655736563386,0,0.0
