problem,access,navigate,page_close,video,discussion,wiki
0,2.2378679979555596,2.5255490855036324,2.122536493886887,0.8960382325345575,1.9073357035018716,0
