problem,access,navigate,page_close,video,discussion,wiki
0.0,1.4833557549816876,0.9709505944546686,1.0,0.863120568566631,0,0
