problem,access,navigate,page_close,video,discussion,wiki
1.2987949406953985,3.1380292879234695,2.688721875540867,3.1545360655058308,2.7153266987718094,1.0,0.0
