problem,access,navigate,page_close,video,discussion,wiki
0.0,2.933188466347761,2.0403733936884962,2.835237745312118,1.9609640474436814,0,0
