problem,access,navigate,page_close,video,discussion,wiki
0.8960382325345575,1.3250112108241772,1.4488156357251847,0.9819407868640977,0.0,0,0
