problem,access,navigate,page_close,video,discussion,wiki
0,1.4056390622295665,2.181937063546704,1.4591479170272448,1.5,1.2516291673878228,1.5219280948873621
