problem,access,navigate,page_close,video,discussion,wiki
1.789929075309999,2.332948557812165,1.8585552118703144,2.3608099815299024,1.9464393446710153,0.0,0.0
