problem,access,navigate,page_close,video,discussion,wiki
2.0348898019793045,3.614608326431045,3.354809824679848,3.776025721786744,3.7205263128764487,0.0,0.0
