problem,access,navigate,page_close,video,discussion,wiki
0,2.2535532089563515,1.9219280948873623,2.48345859334435,1.9056390622295665,0.0,0
