problem,access,navigate,page_close,video,discussion,wiki
2.2479275134435857,3.6718097806848817,2.5,2.330838161431984,1.8452178053170998,0,0
