problem,access,navigate,page_close,video,discussion,wiki
0.8112781244591328,1.5294283316328894,1.8423709931771084,1.5798634010685344,1.5545851693377997,0,0
