problem,access,navigate,page_close,video,discussion,wiki
1.7798434295377867,3.288865679612867,2.7806390622295662,3.0285760570682,2.8584585933443494,2.039579589086929,0.0
