problem,access,navigate,page_close,video,discussion,wiki
0.0,2.234572367406386,0.954434002924965,2.1552215288595122,1.9182958340544896,0.0,0.0
