problem,access,navigate,page_close,video,discussion,wiki
1.4627552262645034,3.537678798831626,2.4194762135576875,3.6093407582869146,3.177694271103767,0,0
