problem,access,navigate,page_close,video,discussion,wiki
0.8904916402194913,2.0838561897747248,0.0,0,1.8250112108241772,0.0,0
