problem,access,navigate,page_close,video,discussion,wiki
0.0,2.8664219365038788,2.2516291673878226,2.730140215045587,2.694781460584273,0.0,0.0
