problem,access,navigate,page_close,video,discussion,wiki
2.1526000057061117,2.2200294567387506,2.2810361125534238,2.4878917485853353,2.1288771440397247,0,0
