problem,access,navigate,page_close,video,discussion,wiki
0,0.8112781244591328,1.4355205042826666,0.8453509366224365,0.954434002924965,0.0,0.0
