problem,access,navigate,page_close,video,discussion,wiki
1.7652206044671144,2.049749924399557,2.2054102795535213,1.0,0,0.8112781244591328,1.0
