problem,access,navigate,page_close,video,discussion,wiki
1.3968114093900867,2.3680582260449055,2.839775539645508,2.252878689342031,0,1.6577427265048887,1.0
