problem,access,navigate,page_close,video,discussion,wiki
1.9501836030944317,2.163323264592944,2.1626441180472606,2.404907349396119,2.1311229704790557,1.4591479170272446,0
