problem,access,navigate,page_close,video,discussion,wiki
1.5566567074628228,3.0383651672875134,2.1867043459100244,3.0317088174443114,2.3035793386349543,0,0
