problem,access,navigate,page_close,video,discussion,wiki
1.4723168095482393,3.7438801932791193,2.952819531114783,2.6464393446710157,3.1549276178321737,0,0.0
