problem,access,navigate,page_close,video,discussion,wiki
0,2.444710411925689,1.8980933736695382,2.6098501660289424,2.0,0,0
