problem,access,navigate,page_close,video,discussion,wiki
1.9504809632118367,3.2756189033983483,2.4834585933443494,3.072655563720077,3.0363722498302232,1.0,0.0
