problem,access,navigate,page_close,video,discussion,wiki
1.4854752972273344,3.114634745021687,2.467720100474499,1.7924812503605778,2.521640636343318,0,0
