problem,access,navigate,page_close,video,discussion,wiki
0.0,3.33530690722112,3.1269199248267605,3.1368421881310122,2.0,0,0
