problem,access,navigate,page_close,video,discussion,wiki
0.0,1.4772170014624826,0.0,1.8352377453121176,1.7527152789797047,0,0
