problem,access,navigate,page_close,video,discussion,wiki
1.5810309627563695,2.9846947097645784,2.321928094887362,2.9673074093304903,2.7806390622295662,0.863120568566631,0.0
