problem,access,navigate,page_close,video,discussion,wiki
2.1556390622295662,2.4128148954723554,2.467720100474499,0,0,0,0
