problem,access,navigate,page_close,video,discussion,wiki
0,1.3516441151533924,1.2516291673878228,1.3787834934861756,1.0,0.0,0
