problem,access,navigate,page_close,video,discussion,wiki
0.0,3.32099661738395,1.5,3.14163540772496,2.9870900416203345,0,0
