problem,access,navigate,page_close,video,discussion,wiki
0.0,2.236705983198556,1.7806390622295665,2.354817976948422,2.4116022179746714,0.0,0.0
