problem,access,navigate,page_close,video,discussion,wiki
1.8904687050941265,3.30753962932642,1.561278124459133,3.4458850380323627,3.170543891762937,0.7219280948873623,0.0
