problem,access,navigate,page_close,video,discussion,wiki
0,2.2699224335291417,1.8339272176418302,2.321928094887362,2.0,0.0,0.0
