problem,access,navigate,page_close,video,discussion,wiki
0,1.8879185026711327,0.9933927290103626,1.8423709931771086,1.0,0.0,0.0
