problem,access,navigate,page_close,video,discussion,wiki
1.884313527799799,3.0088916950281757,3.042404461105057,2.9731001660558674,2.655050539417774,0,0.8112781244591328
