problem,access,navigate,page_close,video,discussion,wiki
0.8403586716091171,1.840775872851556,1.7676461209612238,1.6707145064847897,1.0,1.0,1.0
