problem,access,navigate,page_close,video,discussion,wiki
0.0,1.4926140680171258,1.9628066316931743,1.0,1.0,0.6840384356390417,0.37123232664087563
