problem,access,navigate,page_close,video,discussion,wiki
2.4416298737872246,3.0580866764176915,2.5028246923615067,0.9852281360342516,2.1219280948873624,0,0
