problem,access,navigate,page_close,video,discussion,wiki
1.4355205042826666,3.0772828886357884,3.0416256143692233,2.251629167387823,2.251629167387823,2.236294940695399,1.584962500721156
