problem,access,navigate,page_close,video,discussion,wiki
0.966177351388351,2.825693473944092,2.6455933144511468,2.8341969466957173,1.9609640474436814,0,0
