problem,access,navigate,page_close,video,discussion,wiki
0,1.924174352300441,0.0,1.5485806065228545,1.5485806065228545,0,0
