problem,access,navigate,page_close,video,discussion,wiki
2.1032229064505255,2.781818223659034,2.7806390622295662,2.839690181241735,2.1709505944546685,1.1660870601063933,0
