problem,access,navigate,page_close,video,discussion,wiki
0,2.368102070191481,2.2810361125534238,2.0781758650865774,2.202819531114783,1.1674367232867007,0.0
