problem,access,navigate,page_close,video,discussion,wiki
0,2.1485357333138198,1.3709505944546687,1.8638263900908156,1.8464393446710154,0,0
