problem,access,navigate,page_close,video,discussion,wiki
0,2.0018228256222304,1.5219280948873621,1.2516291673878228,1.7924812503605778,0.0,0
