problem,access,navigate,page_close,video,discussion,wiki
0,1.615250265088252,1.7295739585136223,1.9814963295286754,2.0,0.0,0.0
