problem,access,navigate,page_close,video,discussion,wiki
0.0,3.025860095081815,0.9182958340544896,2.8104469014038256,3.266247897312731,0,0
