problem,access,navigate,page_close,video,discussion,wiki
1.0,2.7475391504976265,1.0,2.7740007075203565,2.4591479170272446,0,0
