problem,access,navigate,page_close,video,discussion,wiki
1.5,2.841214718030145,2.4956029237290123,1.9219280948873623,1.0,1.69356114197993,1.0
