problem,access,navigate,page_close,video,discussion,wiki
0.0,2.013132465170739,1.6767370300521325,1.8339272176418302,1.8464393446710154,0,0.0
