problem,access,navigate,page_close,video,discussion,wiki
2.128242405301446,3.548299784907091,3.1794504735677513,2.8918519463822396,2.7334585933443494,1.0,0.6500224216483541
