problem,access,navigate,page_close,video,discussion,wiki
1.6704822413011167,3.1517463621697845,0.9182958340544896,3.0652859819595255,2.995880106163501,0.7219280948873623,0
