problem,access,navigate,page_close,video,discussion,wiki
0.0,3.1937863204943664,2.0132790219068077,2.8153337792923416,1.0,1.3787834934861753,0.0
