problem,access,navigate,page_close,video,discussion,wiki
1.1867478652030015,3.0944589396246194,3.3079337798996313,3.3244552054588916,2.2577560641285177,2.2544065380978,2.0
