problem,access,navigate,page_close,video,discussion,wiki
0,1.5566567074628228,1.1883763717345073,0.8112781244591328,0,0,0.0
