problem,access,navigate,page_close,video,discussion,wiki
3.2654051389665435,3.994418525832669,2.967307409330491,4.235178110860256,3.718507780461744,0.9182958340544896,0.9182958340544896
