problem,access,navigate,page_close,video,discussion,wiki
0.0,1.898084193372715,2.8603207778330435,2.0264616915928486,1.9877733714879842,0.0,0
