problem,access,navigate,page_close,video,discussion,wiki
2.624916937453504,3.7441510106030003,3.207707064470474,3.6472969355374496,3.4968870594102626,2.360694180063138,0
