problem,access,navigate,page_close,video,discussion,wiki
0,2.126614471810182,0.9709505944546686,2.3158243335257076,2.413088436425758,0,0.0
