problem,access,navigate,page_close,video,discussion,wiki
1.9289239541986785,2.2757102534458227,1.3921472236645345,0,0,0.863120568566631,0
