problem,access,navigate,page_close,video,discussion,wiki
0.0,2.457014811252441,1.4830749314332758,2.4696704873718613,0,0.0,0.0
