problem,access,navigate,page_close,video,discussion,wiki
0.9709505944546686,3.4644656700473755,2.5654483718208256,3.4739803503142452,3.1017337692486198,0.3372900666170139,0
