problem,access,navigate,page_close,video,discussion,wiki
1.733908258621689,2.750726289808117,2.2841591278514217,2.8600408171887945,2.8454110648999764,0,0
