problem,access,navigate,page_close,video,discussion,wiki
0,1.3709505944546687,1.3787834934861756,2.321928094887362,1.584962500721156,0,0.0
