problem,access,navigate,page_close,video,discussion,wiki
0.0,1.590131201194239,1.789929075309999,1.5219280948873621,1.4591479170272446,1.2326602568158205,0.0
