problem,access,navigate,page_close,video,discussion,wiki
0.6685644431995964,3.199412727312411,2.805958492868042,2.460904932167797,2.197159723424149,1.5810309627563695,0.9182958340544896
