problem,access,navigate,page_close,video,discussion,wiki
3.090336658135544,3.936474475292634,3.7717513970190875,3.861005550853022,1.8344917125723657,1.8339272176418302,0.0
