problem,access,navigate,page_close,video,discussion,wiki
0.0,2.242737648613667,1.8810947601100745,0.9182958340544896,0,0.0,0.0
