problem,access,navigate,page_close,video,discussion,wiki
2.501238898427798,2.800717598274348,2.343257873344267,2.8198316977165407,2.5967881857179584,0.0,1.0
