problem,access,navigate,page_close,video,discussion,wiki
2.635519116267279,3.7696691043427886,2.2592703980420357,3.781162219026514,3.573148794348867,0.0,0.0
