problem,access,navigate,page_close,video,discussion,wiki
0.9182958340544896,2.138384439191602,2.0550365325772657,2.556054210413333,1.5,0.4689955935892812,0.7219280948873623
