problem,access,navigate,page_close,video,discussion,wiki
1.5,2.803248349330148,2.4300365325772657,0,0,0,0.9182958340544896
