problem,access,navigate,page_close,video,discussion,wiki
0.0,1.681131085144026,1.6644977792004612,1.5709505944546687,0.9182958340544896,0.0,0.0
