problem,access,navigate,page_close,video,discussion,wiki
0,3.092478310944469,2.8582783084180448,2.75,2.321928094887362,0.0,0
