problem,access,navigate,page_close,video,discussion,wiki
0.0,1.2419460322060458,0.8112781244591328,1.3787834934861753,0.7642045065086203,0.0,0
