problem,access,navigate,page_close,video,discussion,wiki
1.5560220334191883,2.9001352222279975,2.5566567074628237,2.879735267751115,2.6282129458410015,0.0,0
