problem,access,navigate,page_close,video,discussion,wiki
1.4243518597843052,2.1664331880044787,1.2516291673878228,1.5,0.0,0.0,0
