problem,access,navigate,page_close,video,discussion,wiki
0,1.158938532350277,1.0,0.9456603046006402,0.9456603046006402,0,0
