problem,access,navigate,page_close,video,discussion,wiki
0.9910760598382222,3.0033007041824384,1.7924812503605778,2.595027446664113,1.4315602842833155,0,0
