problem,access,navigate,page_close,video,discussion,wiki
0,3.087978180141778,1.0,3.2405823788938943,0,0.863120568566631,0
