problem,access,navigate,page_close,video,discussion,wiki
2.6677656097826157,2.8818537030900093,3.155565013329719,2.75,0,0.0,0
