problem,access,navigate,page_close,video,discussion,wiki
0.0,1.8415419333359275,2.521640636343318,2.197159723424149,1.0,0,0
