problem,access,navigate,page_close,video,discussion,wiki
0.0,2.4494726194868766,2.115748962019488,2.6384600665861555,2.889549430862088,0.0,0
