problem,access,navigate,page_close,video,discussion,wiki
2.682548345868204,3.7974359576914605,3.27280432733462,2.0,3.177747162910945,0.0,0
