problem,access,navigate,page_close,video,discussion,wiki
1.5566567074628228,1.5645247207974509,1.9219280948873623,1.7527152789797047,1.4056390622295665,0,0
