problem,access,navigate,page_close,video,discussion,wiki
0,2.2756297800753464,1.8423709931771084,2.270942421748537,2.4130884364257574,0,0
