problem,access,navigate,page_close,video,discussion,wiki
2.126614471810182,2.7300210612010494,1.8710191208788398,0.9182958340544896,0.0,1.3523167450469855,0.5435644431995964
