problem,access,navigate,page_close,video,discussion,wiki
2.357717469130148,2.7523369863902745,2.820962887106999,2.235926350629032,0,1.5219280948873621,1.0
