problem,access,navigate,page_close,video,discussion,wiki
1.8156931897082371,3.393295964967294,3.5563543552971386,1.9056390622295665,1.584962500721156,3.120889889999591,1.8444403112893941
