problem,access,navigate,page_close,video,discussion,wiki
0,0.9819407868640977,0.8658566174572235,1.2958363892911637,1.2987949406953985,0.0,0.0
