problem,access,navigate,page_close,video,discussion,wiki
0,1.5431633282594823,1.295461844238322,1.5,0.8112781244591328,0,0.0
