problem,access,navigate,page_close,video,discussion,wiki
1.447974570539304,2.0506761416187427,1.5157895841746822,1.9732285161344474,1.0,1.5205689178037252,0.0
