problem,access,navigate,page_close,video,discussion,wiki
1.9763915618332213,2.4143033031019576,2.355388542207534,2.3452513764670364,2.499815214286768,0,0.0
