problem,access,navigate,page_close,video,discussion,wiki
1.6577427265048887,3.133783409004101,2.6384600665861555,3.305182907846109,3.182005814760214,0,0
