problem,access,navigate,page_close,video,discussion,wiki
0.6500224216483541,1.280672129520887,0.0,0.0,1.5,1.9709505944546688,0.0
