problem,access,navigate,page_close,video,discussion,wiki
2.270536652325239,2.960757414086272,0.8112781244591328,2.6688388898504303,2.914290192128247,0,0
