problem,access,navigate,page_close,video,discussion,wiki
0.5916727785823275,2.7588403917275746,2.4996981431844145,2.8464393446710154,1.0,2.115270396880037,0
