problem,access,navigate,page_close,video,discussion,wiki
1.071346851489904,1.9827677281283,2.2998963911678914,2.2832932891039146,2.1223727551172686,0.0,0.0
