problem,access,navigate,page_close,video,discussion,wiki
0.0,1.8061656006760192,1.5219280948873621,2.1180782093497093,1.8365916681089791,0,0
