problem,access,navigate,page_close,video,discussion,wiki
0,1.9833830982290137,2.295465679180292,2.4116022179746714,2.0,0.0,0.9182958340544896
