problem,access,navigate,page_close,video,discussion,wiki
2.14910584225416,4.182124813807583,3.499227541723357,3.319079570624175,3.5825534998871564,0,0
