problem,access,navigate,page_close,video,discussion,wiki
0,0.9886994082884974,0.5032583347756457,1.295461844238322,1.3787834934861753,0.0,0.0
