problem,access,navigate,page_close,video,discussion,wiki
0,1.5726236638951638,1.6644977792004614,2.321928094887362,1.584962500721156,0.0,0.0
