problem,access,navigate,page_close,video,discussion,wiki
0.0,4.2403140235238705,4.079385900367719,4.016508352455501,3.732158891364569,1.0,0.0
