problem,access,navigate,page_close,video,discussion,wiki
0.0,0.8739810481273578,0.0,0.8453509366224365,0.5435644431995964,0,0
