problem,access,navigate,page_close,video,discussion,wiki
2.702835168505411,3.2031791495438537,3.2539280318460246,3.2647642985068184,2.5220552088742005,0.9586474853745401,1.584962500721156
