problem,access,navigate,page_close,video,discussion,wiki
2.1501990436544,1.3754446716614537,1.4355205042826666,1.2366407419411674,1.1567796494470395,0,0
