problem,access,navigate,page_close,video,discussion,wiki
1.0957952550009336,2.4457798115815828,1.879964948727111,2.1037016960573482,0.9910760598382222,0,0
