problem,access,navigate,page_close,video,discussion,wiki
2.1559681021459083,2.2862880927711924,2.294274067192862,2.291209099172492,2.260390722331039,0.0,0
