problem,access,navigate,page_close,video,discussion,wiki
0.0,2.3068817070710597,1.7527152789797047,2.1416195253341384,2.5,0,0
