problem,access,navigate,page_close,video,discussion,wiki
1.423165806353889,2.415010255740144,1.4987512731845576,2.591002845944607,2.7199643047423914,0.0,0.0
