problem,access,navigate,page_close,video,discussion,wiki
1.51195996055284,2.128724445269141,1.9219280948873623,1.6854752972273346,2.128085278891394,1.5,0
