problem,access,navigate,page_close,video,discussion,wiki
0.9997702270107336,1.0577422381270596,1.5566567074628228,1.0957952550009336,0.863120568566631,0,0
