problem,access,navigate,page_close,video,discussion,wiki
0,1.4353713907745331,1.9502120649147465,1.6644977792004614,1.5,0,0
