problem,access,navigate,page_close,video,discussion,wiki
1.4558764720277595,1.6831573285181993,0.0,1.7527152789797047,1.6854752972273344,0,0
