problem,access,navigate,page_close,video,discussion,wiki
0.9975025463691153,0.9980008838722996,1.2406705316766886,0,0,0.0,0.0
