problem,access,navigate,page_close,video,discussion,wiki
1.8962459809230645,2.5309893594590127,2.7489400470054295,2.4922031072054134,2.186704345910025,0.7345299214394703,0.0
