problem,access,navigate,page_close,video,discussion,wiki
1.584962500721156,2.3496929689578714,1.7381493331928664,2.1971597234241496,2.0,0.0,0.0
