problem,access,navigate,page_close,video,discussion,wiki
0,2.597416845103709,2.192005835492107,2.6416041678685938,2.0403733936884962,0.0,0
