problem,access,navigate,page_close,video,discussion,wiki
0.0,1.3435068433729342,1.2516291673878228,1.3244602933016414,0.9864267287308424,0,0
