problem,access,navigate,page_close,video,discussion,wiki
0.0,3.462582159061503,2.9649760679674704,3.5145476670480393,3.3784042785394686,0,0
