problem,access,navigate,page_close,video,discussion,wiki
0.9988455359952018,1.0154312795575997,1.014097655573916,1.3485878960124222,1.0,0,0.0
