problem,access,navigate,page_close,video,discussion,wiki
0,0.954434002924965,1.8464393446710154,0.9709505944546686,1.0,0,0
