problem,access,navigate,page_close,video,discussion,wiki
1.2739998471353724,1.3085024445205309,0.8112781244591328,1.3829457416591304,1.271782221599798,0.0,0.0
