problem,access,navigate,page_close,video,discussion,wiki
0,1.0,0.4689955935892812,1.1567796494470395,1.1567796494470395,0.0,0
