problem,access,navigate,page_close,video,discussion,wiki
2.5575876602558645,3.897191658921543,2.4193819456463714,4.0360332541369734,3.744900586602905,0,0
