problem,access,navigate,page_close,video,discussion,wiki
1.280672129520887,2.8860424824918205,2.5220552088742005,3.0361864179112126,3.0542894665748155,0.0,0
