problem,access,navigate,page_close,video,discussion,wiki
0.0,1.8020456244375829,1.5219280948873621,1.8050365325772657,1.360964047443681,1.319035274338866,0
