problem,access,navigate,page_close,video,discussion,wiki
1.4875170459026927,3.2414657348035596,2.855388542207534,2.897085133395088,2.806663712008318,0.0,0.0
