problem,access,navigate,page_close,video,discussion,wiki
2.7023719287111567,3.853287985098802,3.4461839308116478,2.321928094887362,0.0,3.1374178458364086,1.498778124459133
