problem,access,navigate,page_close,video,discussion,wiki
0,1.7814164026211206,1.9219280948873623,0.8112781244591328,1.5219280948873621,0,0
