problem,access,navigate,page_close,video,discussion,wiki
2.242790982492608,2.4529305686615395,2.6245869031775264,2.489326894652705,1.565596230357602,1.4955380299191112,0
