problem,access,navigate,page_close,video,discussion,wiki
1.6509631223951204,2.725684408769772,2.688721875540867,2.9184539577019217,2.584183719779189,0,0
