problem,access,navigate,page_close,video,discussion,wiki
0.0,0.9366673818775625,1.0,0.9910760598382222,0.863120568566631,0.0,0
