problem,access,navigate,page_close,video,discussion,wiki
1.582823588708914,2.183679743082456,1.4256051990169438,1.9182958340544893,2.4116022179746714,0.0,0.0
