problem,access,navigate,page_close,video,discussion,wiki
0.0,2.6447301210412797,1.9219280948873623,2.7937715917080386,0,0,0
