problem,access,navigate,page_close,video,discussion,wiki
0,1.4926140680171256,0.7219280948873623,1.5709505944546684,1.584962500721156,0,0.0
