problem,access,navigate,page_close,video,discussion,wiki
1.3472230399326601,2.587306469517058,2.253690051211818,0.0,0,0.9910760598382222,1.0
