problem,access,navigate,page_close,video,discussion,wiki
0,0.9886994082884974,1.1488348542809166,0.9182958340544896,0.9910760598382222,0.0,0.0
