problem,access,navigate,page_close,video,discussion,wiki
2.5306390622295662,3.619795746724151,2.331766377402127,2.521640636343318,1.0,1.55118414969277,1.0
