problem,access,navigate,page_close,video,discussion,wiki
1.8250112108241772,2.4758624106004596,2.4591479170272446,2.6947995694661286,2.345719283930527,1.0,0.0
