problem,access,navigate,page_close,video,discussion,wiki
0,1.5574319619297041,1.224394445405986,1.5766212201074912,1.3516441151533922,0.0,0
