problem,access,navigate,page_close,video,discussion,wiki
0,1.5285040787412216,1.9056390622295665,1.8850931455708964,1.9746017527145812,0,0
