problem,access,navigate,page_close,video,discussion,wiki
1.5742840955380735,3.316035726457325,2.464385292821944,3.5014610973871934,3.5001530166977126,0.0,0.0
