problem,access,navigate,page_close,video,discussion,wiki
1.4537643623852952,2.1706931504277724,1.7527152789797045,2.022579761842491,2.3631081122623816,1.0,0.0
