problem,access,navigate,page_close,video,discussion,wiki
2.801231213007871,3.6108198273506757,2.9182958340544896,3.323934896284056,3.507503757878391,1.8763576394898522,0.0
