problem,access,navigate,page_close,video,discussion,wiki
1.5763232797880429,1.5304930567574824,0.9182958340544896,2.0,1.8423709931771084,0.0,0
