problem,access,navigate,page_close,video,discussion,wiki
0.0,2.2492870686521593,2.1556390622295662,2.2998963911678914,1.6644977792004614,0.0,0
