problem,access,navigate,page_close,video,discussion,wiki
1.287054028118727,1.2884219335085878,0.8112781244591328,0.0,0.0,0,0
