problem,access,navigate,page_close,video,discussion,wiki
0.0,2.716461998334446,1.6854752972273346,2.570044500340505,2.3272103113389795,0,0
