problem,access,navigate,page_close,video,discussion,wiki
0.9575534837147482,1.9184773977934284,1.75,1.75,1.280672129520887,0.0,0
