problem,access,navigate,page_close,video,discussion,wiki
0.0,0.9940302114769565,1.0,0.9910760598382222,0.9852281360342516,0,0
