problem,access,navigate,page_close,video,discussion,wiki
1.5052408149441479,1.5094738614728915,1.0,0,0.6840384356390417,0.0,0
