problem,access,navigate,page_close,video,discussion,wiki
0.0,2.377443751081734,1.0,1.811278124459133,1.3709505944546687,0.6500224216483541,0
