problem,access,navigate,page_close,video,discussion,wiki
0.0,1.5413152774012366,0.7219280948873623,1.6644977792004612,1.519728461579561,0,0
