problem,access,navigate,page_close,video,discussion,wiki
0.8112781244591328,1.5461796919474975,1.3221793455166666,1.4604846813131116,0.954434002924965,0.0,0.0
