problem,access,navigate,page_close,video,discussion,wiki
2.270942421748537,3.6693291978286857,2.913977073182752,3.686516587942089,3.337175341123077,0,0
