problem,access,navigate,page_close,video,discussion,wiki
1.7905860515686174,3.4720012540500766,3.472048496304503,3.5158065764148114,3.0901998765158556,2.9362201500653295,1.9182958340544893
