problem,access,navigate,page_close,video,discussion,wiki
0.7642045065086203,1.220728902106009,0.9182958340544896,1.3787834934861753,1.5,0,0
