problem,access,navigate,page_close,video,discussion,wiki
0,1.3004328041979025,1.6854752972273346,1.5678183759027002,0.0,0.6500224216483541,0.0
