problem,access,navigate,page_close,video,discussion,wiki
2.081397184065388,2.4925906289616435,1.1488348542809166,1.9219280948873623,2.3716535224393334,0.0,0
