problem,access,navigate,page_close,video,discussion,wiki
1.2987949406953985,2.760567389898983,1.836591668108979,1.0,0.0,0.0,0
