problem,access,navigate,page_close,video,discussion,wiki
1.47283015230032,2.69128194694139,2.75,2.8119996115311405,1.6846696209693475,0,0
