problem,access,navigate,page_close,video,discussion,wiki
0,1.8628214475995337,1.0,1.5304930567574824,0.9864267287308424,0,0
