problem,access,navigate,page_close,video,discussion,wiki
1.444846722965513,2.6143558457349347,2.287783719941071,2.630064602141606,0,0.0,0
