problem,access,navigate,page_close,video,discussion,wiki
0.0,2.0427026809124964,1.5219280948873621,2.3003001799138607,2.2892464285091583,0,0
