problem,access,navigate,page_close,video,discussion,wiki
1.9460262120494651,3.439176612461464,2.796366540895321,3.3937863204943666,2.887918502671133,0.9957274520849256,0.0
