problem,access,navigate,page_close,video,discussion,wiki
0.0,2.271160508189932,2.2810361125534238,1.9182958340544893,1.0,0,0
