problem,access,navigate,page_close,video,discussion,wiki
1.763911156578927,3.6772625758168327,3.0986861672429558,3.819114154689793,3.0062389286533895,0.0,0.0
