problem,access,navigate,page_close,video,discussion,wiki
0,1.9386790169573507,2.321928094887362,1.584962500721156,0.0,0,0
