problem,access,navigate,page_close,video,discussion,wiki
1.3787834934861756,3.495403788730977,2.63947252694149,3.6961252191306166,3.4072682296173897,0.9709505944546686,1.0
