problem,access,navigate,page_close,video,discussion,wiki
1.2406705316766886,3.3300862380222194,2.7272170014624826,3.534938462659352,3.30827083453526,1.7149839474958195,0.0
