problem,access,navigate,page_close,video,discussion,wiki
1.8062389286533895,3.7231703172052244,3.5790611335129814,1.7924812503605778,0.9709505944546686,1.5785559236087936,0.9182958340544896
