problem,access,navigate,page_close,video,discussion,wiki
0,1.7924812503605778,0.7219280948873623,2.321928094887362,2.0,0,0
