problem,access,navigate,page_close,video,discussion,wiki
0,2.1956240495603296,1.7609640474436812,2.378991986900062,2.5,0,0
