problem,access,navigate,page_close,video,discussion,wiki
3.330683299193391,3.679410292295544,2.689246428509158,3.334209459448049,3.286629486786196,0,0
