problem,access,navigate,page_close,video,discussion,wiki
0,2.270942421748537,1.9219280948873623,1.6644977792004614,1.2516291673878228,0,0
