problem,access,navigate,page_close,video,discussion,wiki
2.2810361125534238,3.301391216277058,2.9139770731827523,3.3858371664876548,3.2717216165616274,1.5774062828523454,0.0
