problem,access,navigate,page_close,video,discussion,wiki
0.9023932827949788,1.9769118966484256,2.287783719941071,1.792481250360578,1.5,0.0,0
