problem,access,navigate,page_close,video,discussion,wiki
1.4488156357251847,1.9821158083600665,0.9886994082884974,1.0,0.0,0.7219280948873623,0.0
