problem,access,navigate,page_close,video,discussion,wiki
0.9709505944546686,2.8546939516467025,2.321928094887362,3.0565647621309546,2.7219280948873625,0.0,0
