problem,access,navigate,page_close,video,discussion,wiki
0.0,2.155913095175825,1.3709505944546687,1.584962500721156,0.9852281360342516,0.0,0
