problem,access,navigate,page_close,video,discussion,wiki
1.0,1.7028195311147831,1.584962500721156,1.5465935642949382,0.9864267287308424,0.0,0.0
