problem,access,navigate,page_close,video,discussion,wiki
1.4854752972273344,3.5038437028542946,3.1841837197791887,1.584962500721156,1.584962500721156,0.0,0
