problem,access,navigate,page_close,video,discussion,wiki
0.0,1.971335285306981,0.6500224216483541,1.8423709931771086,1.5,0,0.0
