problem,access,navigate,page_close,video,discussion,wiki
1.8838760685236362,3.2557661339643733,3.0666152167384504,2.469670487371862,2.4593598634344995,0.0,0
