problem,access,navigate,page_close,video,discussion,wiki
1.0,2.533694296204379,2.2464393446710154,2.6312929881819005,2.0,0.0,0.0
