problem,access,navigate,page_close,video,discussion,wiki
0.8112781244591328,2.411177004200605,1.971747257128181,1.7489992230622806,0.0,0,1.0
