problem,access,navigate,page_close,video,discussion,wiki
0,1.1401156785146092,1.5262349099495225,1.0214554656116668,1.0,0,0
