problem,access,navigate,page_close,video,discussion,wiki
0.0,1.5304930567574826,1.4466166676282082,1.3709505944546687,0.0,0.0,0.0
