problem,access,navigate,page_close,video,discussion,wiki
0.0,2.045841640885174,1.061278124459133,2.2464393446710154,1.9182958340544896,0.0,0.0
