problem,access,navigate,page_close,video,discussion,wiki
0.0,1.2363864108712896,1.0,1.4591479170272448,1.5304930567574824,0,0.0
