problem,access,navigate,page_close,video,discussion,wiki
1.8250112108241772,3.012293403002765,2.1609640474436813,2.9641941199595507,2.6531467382894536,0.0,0.0
