problem,access,navigate,page_close,video,discussion,wiki
1.4029342381953893,1.5588718484453605,1.5219280948873621,1.5726236638951638,0,0,0
