problem,access,navigate,page_close,video,discussion,wiki
1.7429661954675217,3.213499479127629,2.77082650068666,3.2852136360711945,3.169925001442312,1.753852339350998,1.3709505944546687
