problem,access,navigate,page_close,video,discussion,wiki
2.0470423198662333,3.3339254237486218,3.006060325408338,3.4327090865270615,3.148194480456058,0.0,0.9709505944546686
