problem,access,navigate,page_close,video,discussion,wiki
0.0,2.884908936705791,2.6518007903993484,2.4430741894285695,2.606238928653389,0.9182958340544896,0.8112781244591328
