problem,access,navigate,page_close,video,discussion,wiki
1.943648709168551,2.6219971088944876,1.6879430945989,2.796035004544737,2.595476027633379,0.0,0.0
