problem,access,navigate,page_close,video,discussion,wiki
2.4798981217586324,3.517841453499601,2.9664081468482024,2.365062381295304,2.481714572986073,2.755666099813195,0.0
