problem,access,navigate,page_close,video,discussion,wiki
2.4864405016961446,3.0567429167925155,2.950212064914747,3.156704303056422,3.1349364715769807,0,0
