problem,access,navigate,page_close,video,discussion,wiki
1.4197367178034825,1.37928048729106,0.8112781244591328,1.7884504573082893,1.9219280948873623,0.0,0
