problem,access,navigate,page_close,video,discussion,wiki
1.9219280948873623,3.263394257041896,2.1690354219421173,3.333469850468596,0,0.4689955935892812,0
