problem,access,navigate,page_close,video,discussion,wiki
0,0.6500224216483541,0.8112781244591328,1.2516291673878228,1.0,0,0.0
