problem,access,navigate,page_close,video,discussion,wiki
0,1.2364405016961446,1.5485652260309177,1.1400677626718572,0.7345299214394703,0.0,1.0
