problem,access,navigate,page_close,video,discussion,wiki
0,0.5665095065529053,0.9366673818775625,0.5916727785823275,0.0,0.0,0.9709505944546686
