problem,access,navigate,page_close,video,discussion,wiki
3.443171030554804,4.320529813878636,3.9948349383473056,4.394680598003589,4.044648403817399,3.2432530599294465,0
