problem,access,navigate,page_close,video,discussion,wiki
1.4056390622295665,1.5028557738046096,0,1.5709505944546684,1.4056390622295665,1.5,0
