problem,access,navigate,page_close,video,discussion,wiki
2.1552037396929586,2.7789655065495587,2.8553885422075336,0,0,1.4591479170272448,0.0
