problem,access,navigate,page_close,video,discussion,wiki
0.5586293734521992,2.293000645078439,1.9669171866886992,2.297079327540665,1.561278124459133,0.7075696535050608,0.0
