problem,access,navigate,page_close,video,discussion,wiki
1.0,2.8599025413520343,1.811278124459133,1.792481250360578,0.0,0.0,0.0
