problem,access,navigate,page_close,video,discussion,wiki
2.1531359148224487,2.891641838271443,2.9836748420937154,2.8415996100137226,3.0135115182719727,0.9709505944546686,0
