problem,access,navigate,page_close,video,discussion,wiki
0,1.158938532350277,1.5,1.1567796494470395,0.9182958340544896,0,0
