problem,access,navigate,page_close,video,discussion,wiki
3.8569744962929104,4.197803103083453,3.4713544870139286,3.915615041721407,4.09719306677175,0.0,0
