problem,access,navigate,page_close,video,discussion,wiki
0.6840384356390417,2.4951396761379825,2.2075696535050606,2.552584246172162,2.4137995646056796,0,0
