problem,access,navigate,page_close,video,discussion,wiki
2.155221528859512,3.029031070161189,2.561541933335928,3.1546791964900422,2.9949411098891043,1.4833557549816876,0.0
