problem,access,navigate,page_close,video,discussion,wiki
2.1294596742093996,2.9326262212269634,1.9508257945180887,2.8429319111784475,2.765246528378741,0.9774178175281716,0
