problem,access,navigate,page_close,video,discussion,wiki
0,1.0862218199398501,0.863120568566631,1.158938532350277,0.9182958340544896,0.0,0.0
