problem,access,navigate,page_close,video,discussion,wiki
1.1358900852326344,2.779732871161719,2.94770277922009,2.3282129458410012,1.0,0.0,0
