problem,access,navigate,page_close,video,discussion,wiki
0.9182958340544896,2.2815911315322728,1.950212064914747,2.4137995646056805,2.1556390622295662,0,0
