problem,access,navigate,page_close,video,discussion,wiki
2.9169236103097647,3.7949585165240864,3.4058222502856896,3.7912122243173663,3.368687141088448,2.411602217974672,0
