problem,access,navigate,page_close,video,discussion,wiki
2.4598649817050706,3.436769328902792,3.4864486671683537,3.453626767019874,3.008530581513083,2.251629167387823,1.0
