problem,access,navigate,page_close,video,discussion,wiki
0.0,1.561278124459133,1.4056390622295665,1.8464393446710154,1.3709505944546687,0.0,0.0
