problem,access,navigate,page_close,video,discussion,wiki
0,0.7533347247815687,1.9125056054120886,1.2776134368191154,0.0,0.0,0
