problem,access,navigate,page_close,video,discussion,wiki
1.8648537194908306,2.512742176097593,2.3627402784989338,1.9591479170272446,1.9751060324573735,0.0,0.0
