problem,access,navigate,page_close,video,discussion,wiki
0,2.1055872616982603,0.0,2.584962500721156,2.472905595320056,0.0,0.0
