problem,access,navigate,page_close,video,discussion,wiki
1.2038324093803188,3.4471584831025694,3.1086949695628414,3.5269874224250968,3.1027506741753523,0.0,0
