problem,access,navigate,page_close,video,discussion,wiki
1.8778867313886056,3.705454212387262,3.562567882901688,3.7585995357016833,3.5160276412662306,2.5306993328423073,0.0
