problem,access,navigate,page_close,video,discussion,wiki
0.7153220528038851,1.4591479170272448,1.5566567074628228,1.5566567074628228,0,0,0
