problem,access,navigate,page_close,video,discussion,wiki
0.0,3.1946646074074505,3.7652917656299913,2.7967296031622064,1.9301249653149701,1.2843873173166742,0
