problem,access,navigate,page_close,video,discussion,wiki
2.2016483187340525,3.0456265683860893,2.0403733936884962,3.2953710165710888,3.1353320105334794,1.9751060324573735,0
