problem,access,navigate,page_close,video,discussion,wiki
3.1056532424234384,3.9735483262398783,3.202819531114783,3.9197963618684732,3.6897037321995474,1.3709505944546687,0
