problem,access,navigate,page_close,video,discussion,wiki
2.2190587230748435,2.743663389639857,2.859445226727488,2.8838476178906154,2.4410685859554375,1.1981174211304033,1.5
