problem,access,navigate,page_close,video,discussion,wiki
0,1.014097655573916,2.209888638014727,1.4466166676282082,1.3709505944546687,0,0
