problem,access,navigate,page_close,video,discussion,wiki
0.0,1.1510718241546076,2.3515937233487554,1.4911148500551858,1.5219280948873621,0.0,0.0
