problem,access,navigate,page_close,video,discussion,wiki
0.0,1.9966238110793633,1.061278124459133,2.3804304878001115,1.584962500721156,0.0,0
