problem,access,navigate,page_close,video,discussion,wiki
1.4466479595102752,2.7202006072715497,2.8716535224393334,1.5199999420279002,1.577341684546807,0.8030717273241024,1.0
