problem,access,navigate,page_close,video,discussion,wiki
0.5916727785823275,3.0447848346249624,2.4193819456463714,2.321928094887362,1.5,0,0
