problem,access,navigate,page_close,video,discussion,wiki
2.350283974429377,3.477652463741644,3.510086003110253,2.4193819456463714,3.315878677951295,1.6140054628542202,1.584962500721156
