problem,access,navigate,page_close,video,discussion,wiki
1.2309595631140104,2.555405105326978,2.167124282150162,1.679429366813955,0.0,0.5916727785823275,0.9182958340544896
