problem,access,navigate,page_close,video,discussion,wiki
0.0,2.1268085977648976,2.058813890331201,1.914341183612352,1.5219280948873621,0,0
