problem,access,navigate,page_close,video,discussion,wiki
0,2.8932333352564163,1.3787834934861756,2.836591668108979,2.5,0,0
