problem,access,navigate,page_close,video,discussion,wiki
2.4056390622295662,3.5881622482088877,2.994108495873069,3.5254865293236417,3.01370708287364,0.0,0.0
