problem,access,navigate,page_close,video,discussion,wiki
1.6487225970568014,2.508675757546566,3.3882870712362667,1.4488156357251847,0,2.3928712980591222,0.0
