problem,access,navigate,page_close,video,discussion,wiki
0.9456603046006402,3.166784048262433,3.106356847908402,3.0533081512876876,2.7806390622295662,1.186278124459133,0.9182958340544896
