problem,access,navigate,page_close,video,discussion,wiki
1.5,3.1399990332984222,2.5032583347756456,3.348798912202497,3.0385623360756298,0,0
