problem,access,navigate,page_close,video,discussion,wiki
1.8565470061346416,3.2645296169861813,3.438721875540867,3.1801488188376856,2.794634570954166,0,0
