problem,access,navigate,page_close,video,discussion,wiki
0,2.3993974703476995,1.5,2.753434386188785,2.5032583347756456,0,0
