problem,access,navigate,page_close,video,discussion,wiki
1.4839123015466114,3.671306939110763,3.4889856844988985,3.6584617943798334,2.869910023274066,3.225645090370283,1.0
