problem,access,navigate,page_close,video,discussion,wiki
1.191603636543317,3.1196574885485093,3.0545851693377997,2.155968102145908,2.1280852788913944,0.8112781244591328,0
