problem,access,navigate,page_close,video,discussion,wiki
0.9819407868640977,3.3241003180711264,2.0998625053956435,3.35123342296672,2.7898980954642876,0.0,0.0
