problem,access,navigate,page_close,video,discussion,wiki
1.1567796494470395,3.367166904039195,2.396310424640968,3.103613211986637,2.9176286494293433,0.0,0.0
