problem,access,navigate,page_close,video,discussion,wiki
0,2.6612262562697895,0.9182958340544896,2.0464393446710156,1.8423709931771084,0,0
