problem,access,navigate,page_close,video,discussion,wiki
2.1140333455250935,2.451223039613747,2.637918502671133,2.1039920595178527,1.6277232979245095,1.3221793455166666,0.0
