problem,access,navigate,page_close,video,discussion,wiki
0,1.5016144718101816,0.0,2.251629167387823,2.321928094887362,0,0
