problem,access,navigate,page_close,video,discussion,wiki
1.7512151240908416,3.5680479726549184,2.049452072789394,2.1219280948873624,3.4548223999466066,0.0,0.0
