problem,access,navigate,page_close,video,discussion,wiki
0.9798687566511528,3.0765044319634423,1.8423709931771084,2.9393486129540656,2.465069461815837,0,0
