problem,access,navigate,page_close,video,discussion,wiki
0.9182958340544896,1.370862465083061,1.4488156357251847,1.4609640474436811,1.3221793455166666,0,0
