problem,access,navigate,page_close,video,discussion,wiki
1.9795739585136225,3.575983165404101,3.047742678581274,2.6416041678685933,2.75,1.7081324190982827,1.0
