problem,access,navigate,page_close,video,discussion,wiki
0,2.859879028736861,2.73215889136457,1.584962500721156,1.584962500721156,0,0
