problem,access,navigate,page_close,video,discussion,wiki
2.2619736670191486,3.6183117328983796,2.1429146733542535,3.541855097446763,2.5654483718208256,0.6193821946787638,1.0
