problem,access,navigate,page_close,video,discussion,wiki
3.2368489059491363,3.154084229929672,2.195461844238322,3.1286730039072896,3.1913172990598393,1.224394445405986,1.0
