problem,access,navigate,page_close,video,discussion,wiki
2.9924207895099904,3.5905988865689906,3.0308949686349855,3.663301275129139,3.32672678972872,1.4591479170272446,1.0
