problem,access,navigate,page_close,video,discussion,wiki
3.6753170493220586,3.8829347361520834,3.344456935241198,3.110005370795802,3.745892789191478,0.0,0
