problem,access,navigate,page_close,video,discussion,wiki
0.7219280948873623,2.5171616262666787,2.8962915290459277,2.557503900892407,2.3833778306273903,2.1374943991573905,0.0
