problem,access,navigate,page_close,video,discussion,wiki
0,2.7307095825937484,2.5773191426459237,1.5304930567574824,1.5,0.0,1.5
