problem,access,navigate,page_close,video,discussion,wiki
2.409979697854076,3.3661200823532598,2.688721875540867,3.12326444787048,2.7534393533742927,0.9182958340544896,0
