problem,access,navigate,page_close,video,discussion,wiki
0.9509560484549725,3.131652294182688,2.2322628970242686,3.1842705440477217,2.9016094970590274,0,0
