problem,access,navigate,page_close,video,discussion,wiki
0,2.253553208956351,1.3709505944546687,1.8423709931771088,1.7381493331928664,0.0,0.0
