problem,access,navigate,page_close,video,discussion,wiki
1.0,2.633206219346495,2.321928094887362,2.7219280948873625,0.9182958340544896,0,0
