problem,access,navigate,page_close,video,discussion,wiki
0,0.8812908992306927,0.7219280948873623,1.280672129520887,1.3516441151533922,0,0
