problem,access,navigate,page_close,video,discussion,wiki
0,1.236160254373812,2.197159723424149,0.9182958340544896,1.0,0,0
