problem,access,navigate,page_close,video,discussion,wiki
0.0,2.563442567704156,0.9182958340544896,2.9219280948873623,2.2516291673878226,0,0
