problem,access,navigate,page_close,video,discussion,wiki
1.5683637920859685,3.0558189598404226,2.610577243331642,3.2071429613024955,3.202819531114783,0.0,0.0
