problem,access,navigate,page_close,video,discussion,wiki
2.875890800076495,3.5669874293444215,3.794988568095773,3.25,2.5219280948873624,1.0,0
