problem,access,navigate,page_close,video,discussion,wiki
2.5366082543914996,3.661592778543737,3.3231428049945433,2.584962500721156,1.0,0.0,0
