problem,access,navigate,page_close,video,discussion,wiki
0.0,2.718846363733215,2.4416298737872246,2.7315841509378878,2.0,0.0,0.0
