problem,access,navigate,page_close,video,discussion,wiki
0.0,1.4466479595102752,2.1609640474436813,1.5510981710072647,1.5709505944546687,0.0,0.0
