problem,access,navigate,page_close,video,discussion,wiki
0.0,2.6346692352590315,1.5216406363433184,2.4730724143730924,2.4591479170272446,0.0,0
