problem,access,navigate,page_close,video,discussion,wiki
1.7471671973069338,3.1307591054571318,2.170950594454669,0.0,1.0,1.5566567074628228,0.0
