problem,access,navigate,page_close,video,discussion,wiki
1.4056390622295665,2.557048892996041,2.7414460711655217,2.3963104246409683,1.8910611120726526,0.0,0
