problem,access,navigate,page_close,video,discussion,wiki
0.7793498372920852,2.40206417420267,0.9709505944546686,1.6691803368667308,1.8423709931771084,0,0
