problem,access,navigate,page_close,video,discussion,wiki
0.0,2.1873066995730137,1.5016144718101816,0.9182958340544896,0,0.6500224216483541,0.0
