problem,access,navigate,page_close,video,discussion,wiki
2.026304116496469,2.715935856182036,2.2516291673878226,2.4519325792170332,2.103909910282364,0,0
