problem,access,navigate,page_close,video,discussion,wiki
0.9709505944546686,2.0399542912347606,1.610577243331642,2.038760752862686,2.1179631753145163,0.7219280948873623,0.0
