problem,access,navigate,page_close,video,discussion,wiki
0,2.1199172593025986,1.0,1.9182958340544893,1.8423709931771084,0,0
