problem,access,navigate,page_close,video,discussion,wiki
2.6667823920407923,3.52791798882882,2.585320040341425,3.4489485571763767,3.5173429005075705,0.7219280948873623,0.0
