problem,access,navigate,page_close,video,discussion,wiki
2.1973387961875535,2.857454306494295,0.0,2.8336170213883864,2.5366082543914996,0,0
