problem,access,navigate,page_close,video,discussion,wiki
0,2.579470570797252,2.6556390622295662,2.1258145836939115,1.4591479170272448,0,0
