problem,access,navigate,page_close,video,discussion,wiki
3.2889209112695315,4.192248232393643,3.2593598634344993,4.325866297541729,3.8950214233091236,2.4456242311919265,0
