problem,access,navigate,page_close,video,discussion,wiki
1.9995613754329553,2.7804915225078575,2.5216406363433186,2.5048003829823355,2.3329145639793976,1.9668103133536556,0
