problem,access,navigate,page_close,video,discussion,wiki
1.1542221846835221,2.811278124459133,2.5,2.946439344671015,1.584962500721156,0,0
