problem,access,navigate,page_close,video,discussion,wiki
0.0,1.5766212201074912,1.224394445405986,0.9852281360342516,0.9709505944546686,0,0
