problem,access,navigate,page_close,video,discussion,wiki
2.7189380391912765,3.832534419503324,3.0266781970562953,3.830105507346296,3.448679069643097,1.4237949406953985,0.0
