problem,access,navigate,page_close,video,discussion,wiki
3.366836323067732,3.439563468763364,2.9649445634024727,3.389664268619258,3.2648972190973975,2.411602217974672,0
