problem,access,navigate,page_close,video,discussion,wiki
0,1.8773870642966133,1.5,1.9219280948873623,1.584962500721156,1.584962500721156,0.0
