problem,access,navigate,page_close,video,discussion,wiki
2.1516634398569803,3.0739659012882403,2.8378694207139654,3.004263446739575,3.0124831837637345,1.5693078231812958,1.5137847242254336
