problem,access,navigate,page_close,video,discussion,wiki
1.4913146570363986,2.649234998233184,1.4591479170272448,1.584962500721156,2.5,0,0
