problem,access,navigate,page_close,video,discussion,wiki
1.3328204045850196,2.340708480917816,1.3787834934861753,2.7296000026291853,1.5566567074628228,0,0
