problem,access,navigate,page_close,video,discussion,wiki
0.8112781244591328,3.110210960112944,3.084962500721156,3.228721929429923,1.9182958340544893,0.0,0
