problem,access,navigate,page_close,video,discussion,wiki
2.092274695860517,2.6587828726888802,2.6596156341754114,2.7308650829715035,2.721498165573946,0.0,0
