problem,access,navigate,page_close,video,discussion,wiki
0.9910760598382222,2.256564762130954,1.3516441151533924,2.507380102423636,1.8423709931771084,0.0,0.0
