problem,access,navigate,page_close,video,discussion,wiki
2.9219708019625332,3.4022135821781205,2.6081108934918174,3.0129665265669683,3.3110804962442777,0.6500224216483541,0.0
