problem,access,navigate,page_close,video,discussion,wiki
0.0,0.4854607607459134,0.9182958340544896,1.061278124459133,0.9182958340544896,0,0
