problem,access,navigate,page_close,video,discussion,wiki
0.0,2.485101853454421,0.8112781244591328,1.5,1.584962500721156,1.0,0.0
