problem,access,navigate,page_close,video,discussion,wiki
1.37928048729106,1.2068478319973792,0.9182958340544896,0,0,0,0
