problem,access,navigate,page_close,video,discussion,wiki
2.3989217570512444,3.3428716447532394,3.2840951026838954,2.2118974703476995,1.8464393446710154,1.9049446189323622,0
