problem,access,navigate,page_close,video,discussion,wiki
1.1542221846835221,3.3718295556280986,3.1996327178882553,3.253068102970086,2.1339375660949167,0,0
