problem,access,navigate,page_close,video,discussion,wiki
1.0,3.093332889006523,2.725480556997868,2.942273375688271,2.841488156776493,0,0
