problem,access,navigate,page_close,video,discussion,wiki
0,1.7866636101272215,1.9808259362290785,0.7219280948873623,0.7219280948873623,0,0
