problem,access,navigate,page_close,video,discussion,wiki
0.7732283485249176,2.6912539120823427,2.4193819456463714,1.0,0,0.9709505944546686,0
