problem,access,navigate,page_close,video,discussion,wiki
2.3348298756759744,2.871743532382579,2.239097917988786,2.7559130951758255,1.9502120649147465,0,0
