problem,access,navigate,page_close,video,discussion,wiki
2.1893694579744225,2.7264005739706874,2.854693951646702,2.7722414889046885,1.8423709931771084,0,0.0
