problem,access,navigate,page_close,video,discussion,wiki
3.0635248717324433,3.29128313193811,2.584962500721156,1.0,1.0,0,0
