problem,access,navigate,page_close,video,discussion,wiki
2.1306993328423074,3.5865737939710707,3.0850551027564768,3.723901597797829,3.2406015629507228,0.0,0
