problem,access,navigate,page_close,video,discussion,wiki
1.4355205042826666,3.7150133843422397,3.257130450386821,3.6840993429130036,3.1227647178082507,1.9210602478310992,0.2974722489192896
