problem,access,navigate,page_close,video,discussion,wiki
1.9726474141849648,2.034696209874648,1.8676338909712125,1.9835536960605116,1.8727298369794545,0.0,0
