problem,access,navigate,page_close,video,discussion,wiki
1.8464393446710154,3.3324252770614473,3.1180782093497093,3.5178160905596996,2.860320777833044,0.0,0
