problem,access,navigate,page_close,video,discussion,wiki
0.0,3.8441989203667624,0.6500224216483541,4.042185846102664,4.030277488613091,0,0
