problem,access,navigate,page_close,video,discussion,wiki
2.069919372143816,3.8145641337467096,2.503258334775646,3.650980418321034,3.5212066651894913,1.4056390622295665,0
