problem,access,navigate,page_close,video,discussion,wiki
0,2.808690331406444,1.5,3.0464393446710156,2.41379956460568,0,0
