problem,access,navigate,page_close,video,discussion,wiki
0,1.7691705101193773,2.2221915755066783,1.789929075309999,0.6500224216483541,0,0
