problem,access,navigate,page_close,video,discussion,wiki
0.0,1.4772170014624826,2.265822240142249,1.5545851693377997,0.9182958340544896,0.0,1.0
