problem,access,navigate,page_close,video,discussion,wiki
3.1800468334034817,3.5267326358501667,2.393269689515108,1.0,0.7219280948873623,1.805036532577266,0.0
