problem,access,navigate,page_close,video,discussion,wiki
1.8464393446710154,2.9399062531785924,2.2783518117113117,2.9801670842458123,1.9591479170272448,0.7219280948873623,0.0
