problem,access,navigate,page_close,video,discussion,wiki
2.426272411189441,3.2118090190951136,3.140361163698485,3.1090302261454035,2.9174779704062996,1.0,0
