problem,access,navigate,page_close,video,discussion,wiki
1.7381493331928661,2.535821139008017,2.415661470191763,2.6999266334462826,0.0,0.9798687566511528,0
