problem,access,navigate,page_close,video,discussion,wiki
0,2.2806390622295662,0.9182958340544896,2.188721875540867,1.8464393446710154,0,0
