problem,access,navigate,page_close,video,discussion,wiki
1.9502120649147465,3.495305372399151,2.844858912106752,3.7271353322748553,2.939829017466402,0.5907239186406502,1.0
