problem,access,navigate,page_close,video,discussion,wiki
0,1.5644050517413437,0.0,1.5683164932728872,1.5715416718219246,0.0,0.0
