problem,access,navigate,page_close,video,discussion,wiki
1.9182958340544896,2.618804636014715,2.378783493486176,2.263809173883546,2.6235166412180155,0.0,0
