problem,access,navigate,page_close,video,discussion,wiki
0.9182958340544896,3.2849384410017,2.950212064914747,3.4289454905396672,2.6588624602718016,0.7219280948873623,0
