problem,access,navigate,page_close,video,discussion,wiki
0.9940302114769565,2.99436137580871,2.688721875540867,1.584962500721156,2.0,0,0
