problem,access,navigate,page_close,video,discussion,wiki
1.7527152789797045,1.9329145639793979,1.5,2.1887218755408666,1.75,0,0
