problem,access,navigate,page_close,video,discussion,wiki
1.6365037884091787,1.821695404408628,1.9056390622295665,1.8812908992306927,1.781937063546704,0,0.0
