problem,access,navigate,page_close,video,discussion,wiki
0,1.4836591643979626,0.8658566174572235,1.4488156357251847,1.5,0,0.0
