problem,access,navigate,page_close,video,discussion,wiki
0.0,2.176769864940551,1.8423709931771084,2.2295739585136225,1.9056390622295665,1.0,0
