problem,access,navigate,page_close,video,discussion,wiki
0.0,1.2363864108712896,1.0,1.2406705316766886,0.7219280948873623,0.0,1.0
