problem,access,navigate,page_close,video,discussion,wiki
0.0,2.348941674333158,1.9877733714879842,1.4591479170272448,1.584962500721156,0.41381685030363374,0.9182958340544896
