problem,access,navigate,page_close,video,discussion,wiki
0,1.3609640474436813,0.7219280948873623,1.6644977792004614,1.6644977792004614,0,0
