problem,access,navigate,page_close,video,discussion,wiki
0,1.7382689280764647,1.0,2.1867043459100244,2.2359263506290326,0,0
