problem,access,navigate,page_close,video,discussion,wiki
1.4153413978136884,1.5610150105933087,1.5566567074628228,1.4572659136233872,0.0,0,0
