problem,access,navigate,page_close,video,discussion,wiki
2.935445856050764,3.961007798167699,3.8611394558717835,4.053344851370655,2.8962915290459277,2.179574128911341,1.584962500721156
