problem,access,navigate,page_close,video,discussion,wiki
0.8314743880097293,2.2522587752263576,2.2841591278514217,0.0,0,0,0
