problem,access,navigate,page_close,video,discussion,wiki
3.3470505202209013,3.7690262122237925,2.7083942101587835,2.321928094887362,3.178688570451096,2.5306390622295662,0.7219280948873623
