problem,access,navigate,page_close,video,discussion,wiki
0.0,2.1851068360429444,0.8112781244591328,2.481714572986073,1.9182958340544893,0,0
