problem,access,navigate,page_close,video,discussion,wiki
1.4788455359952017,2.4789750356014664,1.3520301017579528,2.725185002658035,2.4416298737872246,0.0,0.0
