problem,access,navigate,page_close,video,discussion,wiki
0.0,1.3787834934861753,1.5219280948873621,0.9940302114769565,1.0,0.0,0
