problem,access,navigate,page_close,video,discussion,wiki
0.0,1.37928048729106,1.5566567074628228,1.2987949406953985,1.2516291673878228,0,0
