problem,access,navigate,page_close,video,discussion,wiki
0.5916727785823275,1.565596230357602,1.3995812306460644,1.0,1.0,0.0,0.0
