problem,access,navigate,page_close,video,discussion,wiki
1.0,1.0488412604661608,0.8812908992306927,1.5487949406953985,1.5487949406953985,0,0
