problem,access,navigate,page_close,video,discussion,wiki
0.9940302114769565,3.4176579711228676,2.699513850319966,3.3810760119146073,3.006238928653389,0,0
