problem,access,navigate,page_close,video,discussion,wiki
2.3311358996175104,3.4647912729159236,3.319114154689793,3.4481337869954207,3.1164085657700444,1.3420192178195207,0.0
