problem,access,navigate,page_close,video,discussion,wiki
1.4034099330298797,2.610769974290907,1.9219280948873623,2.7382689280764647,2.467720100474499,0,0
