problem,access,navigate,page_close,video,discussion,wiki
0.5225593745369408,2.146560457663226,1.5,2.139353872167201,1.8496017527145812,0,0
