problem,access,navigate,page_close,video,discussion,wiki
0.0,2.9568280378828002,2.33012496531497,2.0048861640918427,0.0,0.3095434291503252,0
