problem,access,navigate,page_close,video,discussion,wiki
1.7768257348977232,1.941725401678912,1.2958363892911637,1.6805563732659934,1.4926140680171258,1.9387084972868345,0
