problem,access,navigate,page_close,video,discussion,wiki
0.9456603046006402,2.7369356363248762,3.0009230918800163,2.4852694328112364,2.0402239289418524,0,0.0
