problem,access,navigate,page_close,video,discussion,wiki
2.24960095006415,2.932755139381992,1.75,2.9432784620623473,2.6332696895151084,1.3787834934861753,0
