problem,access,navigate,page_close,video,discussion,wiki
0.5435644431995964,2.6895407356056946,2.584962500721156,2.2584598927441624,2.546439344671015,0.0,0
