problem,access,navigate,page_close,video,discussion,wiki
0,0.7062740891876007,0.7219280948873623,0.954434002924965,0.9182958340544896,0,0
