problem,access,navigate,page_close,video,discussion,wiki
0,2.095600714687273,0.9463729359854419,1.584962500721156,1.0,0.0,0
