problem,access,navigate,page_close,video,discussion,wiki
3.532477579789104,3.832354851716683,4.055939933510248,3.894161896699652,3.0133304010445783,4.003321252328238,2.1556390622295662
