problem,access,navigate,page_close,video,discussion,wiki
0.863120568566631,1.8262452584026092,1.5,1.9219280948873623,0,0,0
