problem,access,navigate,page_close,video,discussion,wiki
0.6500224216483541,2.247828818026025,1.8365916681089791,2.2841837197791888,2.0524212838293647,0.0,1.0
