problem,access,navigate,page_close,video,discussion,wiki
2.174583503614888,2.860105078696174,2.1492553971685,2.133937566094917,2.1180782093497093,0.8454801825506668,0
