problem,access,navigate,page_close,video,discussion,wiki
0.0,1.3834651896016472,0.4689955935892812,1.5002723456084084,1.6691803368667308,0.0,0.0
