problem,access,navigate,page_close,video,discussion,wiki
0.7553754125614287,1.7370148112524408,1.5510981710072647,1.4833557549816876,1.4355205042826666,0.0,0
