problem,access,navigate,page_close,video,discussion,wiki
2.282415628686154,2.2836775823617517,1.8026896923348332,2.2731755948068324,2.0979065701049424,1.2997367636952522,0
