problem,access,navigate,page_close,video,discussion,wiki
0.8112781244591328,0.6098403047164004,0.0,0.35335933502142136,0,0,0
