problem,access,navigate,page_close,video,discussion,wiki
1.0,1.37928048729106,1.584962500721156,0.9852281360342516,0.9182958340544896,0,0
