problem,access,navigate,page_close,video,discussion,wiki
0.74959525725948,1.739353872167201,1.9182958340544896,2.1180782093497097,1.8423709931771084,0.0,0
