problem,access,navigate,page_close,video,discussion,wiki
0.863120568566631,2.091014180570828,1.0975378398419535,0.0,0,0.0,0.0
