problem,access,navigate,page_close,video,discussion,wiki
1.7170407814747586,2.749006921461761,2.3371563143584555,0.0,0.0,1.0,0.0
