problem,access,navigate,page_close,video,discussion,wiki
0.954434002924965,2.2098886380147267,0.9182958340544896,1.0,0.0,0,0
