problem,access,navigate,page_close,video,discussion,wiki
0.9182958340544896,1.8710191208788398,1.561278124459133,0,0,0,0
