problem,access,navigate,page_close,video,discussion,wiki
1.3382689280764644,2.2744444545796396,0.7219280948873623,2.2983094013008034,2.181937063546704,0,0
