problem,access,navigate,page_close,video,discussion,wiki
1.5451531398349103,2.5341397703041033,2.4116022179746714,2.7219280948873625,2.538320189106,1.0,0.0
