problem,access,navigate,page_close,video,discussion,wiki
0.9731560354421096,2.0793757321384114,2.2998963911678914,2.3671114697796742,2.2810361125534238,0,0
