problem,access,navigate,page_close,video,discussion,wiki
0.0,1.6493974703476995,0.8112781244591328,1.8250112108241772,1.8423709931771086,0.0,0.0
