problem,access,navigate,page_close,video,discussion,wiki
1.8726696380501497,2.6721139701835472,2.475443618237888,0.5916727785823275,1.0,1.4591479170272446,1.5
