problem,access,navigate,page_close,video,discussion,wiki
1.9467171951597115,2.8115877616981217,2.517405811425518,2.458962007260638,2.725837248418937,1.188721875540867,0.8112781244591328
