problem,access,navigate,page_close,video,discussion,wiki
3.1444882430426846,3.58513947065098,3.27328864849747,2.8522170014624826,3.3203376769270974,2.9532189726893936,1.9502120649147465
