problem,access,navigate,page_close,video,discussion,wiki
0.8497511372532974,1.4618381992568743,1.0,0,0.9182958340544896,0.5032583347756457,0.0
