problem,access,navigate,page_close,video,discussion,wiki
0.0,1.8341993389995506,1.360964047443681,1.5394910703001345,1.2638091738835462,0.7219280948873623,0.0
