problem,access,navigate,page_close,video,discussion,wiki
2.2352063017683137,2.4123416902384665,2.4763929514203173,0,2.25,0.6722948170756379,0.0
