problem,access,navigate,page_close,video,discussion,wiki
1.5919171866886992,2.5940604888429912,1.5709505944546687,2.872524816782229,2.575997281297395,1.3143204867061788,0
