problem,access,navigate,page_close,video,discussion,wiki
1.3049201523582004,1.5489545060094527,1.5198391430437925,0.0,1.3609640474436813,0.5916727785823275,0.0
