problem,access,navigate,page_close,video,discussion,wiki
0,0.7642045065086203,1.061278124459133,0.7219280948873623,0.0,0.9967916319816366,0.0
