problem,access,navigate,page_close,video,discussion,wiki
1.236160254373812,2.875033827322507,0.0,2.77472783266632,2.3709505944546683,0.0,0
