problem,access,navigate,page_close,video,discussion,wiki
0.0,1.8423709931771088,0.0,1.9219280948873623,1.4591479170272448,0,0
