problem,access,navigate,page_close,video,discussion,wiki
1.37928048729106,2.9133831269021266,2.186704345910025,0.6500224216483541,2.2516291673878226,0,0
