problem,access,navigate,page_close,video,discussion,wiki
3.0363724696567624,3.727002242625755,3.1329145639793974,3.732284722533014,3.5654483718208256,0,0.0
