problem,access,navigate,page_close,video,discussion,wiki
0,2.7859297250257016,2.2516291673878226,2.6416041678685938,2.4056390622295662,0,0
