problem,access,navigate,page_close,video,discussion,wiki
0.0,2.8054967936988753,1.9219280948873623,2.9424955222917837,2.7534343861887853,0,0
