problem,access,navigate,page_close,video,discussion,wiki
0.9828586897127056,2.5906572759229984,2.0076779579315778,2.503185788423967,2.218387577327913,2.041814515501815,0.0
