problem,access,navigate,page_close,video,discussion,wiki
0,1.4097590668037259,0.9055872616982603,1.3485878960124222,0.8112781244591328,0.0,0.0
