problem,access,navigate,page_close,video,discussion,wiki
0,1.280672129520887,0.7219280948873623,1.6644977792004614,1.5219280948873621,0.9709505944546686,0
