problem,access,navigate,page_close,video,discussion,wiki
1.409975018822061,1.543719696203068,0.0,1.584962500721156,1.541982284286398,1.5219280948873621,0
