problem,access,navigate,page_close,video,discussion,wiki
0,1.8710191208788398,3.327484781955842,1.584962500721156,0,0,0
