problem,access,navigate,page_close,video,discussion,wiki
0,1.360964047443681,0.9182958340544896,1.9182958340544896,2.0,0,0.0
