problem,access,navigate,page_close,video,discussion,wiki
0.9182958340544896,1.7783283537314114,1.2987949406953985,1.792481250360578,1.584962500721156,0.5435644431995964,0.0
