problem,access,navigate,page_close,video,discussion,wiki
1.7033848993102918,3.0652944230277193,2.418295834054489,2.5827936132549505,0,0,0
