problem,access,navigate,page_close,video,discussion,wiki
0.0,2.7534343861887853,0.7219280948873623,3.1219280948873624,2.521640636343318,0,0.0
