problem,access,navigate,page_close,video,discussion,wiki
0,1.789929075309999,0.6500224216483541,2.1556390622295662,1.8423709931771084,0,0
