problem,access,navigate,page_close,video,discussion,wiki
0.8960382325345575,3.2505486378474395,2.75,3.1557576094605295,2.9037016960573485,0,0
