problem,access,navigate,page_close,video,discussion,wiki
1.4841924937745616,3.5795805090436748,1.5,3.6854724382315887,3.4639649610546037,0,0
