problem,access,navigate,page_close,video,discussion,wiki
0,0.4021791902022728,0.0,0.6193821946787638,0.7642045065086203,0,0
