problem,access,navigate,page_close,video,discussion,wiki
1.5523892173146852,2.949878105746399,2.6974749995352743,2.8746697102453487,2.1709505944546685,0.0,0.0
