problem,access,navigate,page_close,video,discussion,wiki
1.4591479170272446,3.4247693996053914,3.04642419731627,3.2439821538141285,2.4591479170272446,0.0,0
