problem,access,navigate,page_close,video,discussion,wiki
0.9940302114769565,2.626741758106722,2.885377505769539,0,0,2.0522278480698395,0.0
