problem,access,navigate,page_close,video,discussion,wiki
3.8194833288772716,4.152600008070674,3.6902603909683847,4.295558089016607,3.8158176852331853,2.6970148112524406,0
