problem,access,navigate,page_close,video,discussion,wiki
1.4098449412673983,1.8298665330982709,1.7627022003449737,1.821420801020302,1.9182958340544896,0.6500224216483541,0.0
