problem,access,navigate,page_close,video,discussion,wiki
1.5219280948873621,3.5083614955614473,1.7709505944546686,3.039148671903071,2.94770277922009,1.1488348542809166,0
