problem,access,navigate,page_close,video,discussion,wiki
0.0,0.9219280948873623,1.974937501201927,0.6500224216483541,0.8112781244591328,0,0
