problem,access,navigate,page_close,video,discussion,wiki
0,1.236277195721486,1.678770585643888,1.5,1.0957952550009336,1.4591479170272446,0.9182958340544896
