problem,access,navigate,page_close,video,discussion,wiki
2.69370587715946,3.0871919208535186,2.4056390622295662,2.798859949825195,1.9219280948873623,0.7219280948873623,0
