problem,access,navigate,page_close,video,discussion,wiki
1.5708596847231586,2.268014665366289,1.3787834934861753,2.2516291673878226,1.360964047443681,0.0,0
