problem,access,navigate,page_close,video,discussion,wiki
1.7033848993102918,3.2606800644508414,2.792481250360578,3.0494520727893937,1.9219280948873623,0.0,0
