problem,access,navigate,page_close,video,discussion,wiki
1.0,3.5776432974605794,3.027169118440619,3.63127238011291,3.5975583870244896,1.8339272176418302,0.0
