problem,access,navigate,page_close,video,discussion,wiki
1.7502480079231697,3.7824311865258915,3.226678197056296,3.964395529526285,3.736006946447657,0,0
