problem,access,navigate,page_close,video,discussion,wiki
2.188721875540867,3.5138923515982583,0,3.3177751506062116,3.1068905956085184,0,0
