problem,access,navigate,page_close,video,discussion,wiki
2.232076206431823,2.985505193562881,2.7516291673878226,3.023133014559191,2.6684930703645584,1.0,0
