problem,access,navigate,page_close,video,discussion,wiki
0.6051865766334206,2.009600111926443,2.1709505944546685,2.278351811711312,1.9182958340544896,1.5181250065199978,0.9182958340544896
