problem,access,navigate,page_close,video,discussion,wiki
0.9910760598382222,2.9766354702803617,2.313757110256082,2.8323824029194316,2.8423709931771084,0.9182958340544896,1.0
