problem,access,navigate,page_close,video,discussion,wiki
0.9709505944546686,2.8396901812417354,2.320423374953668,2.619970710927636,2.4159220638351666,0.0,0.0
