problem,access,navigate,page_close,video,discussion,wiki
1.4854752972273344,4.123061299088744,3.7534328220064515,4.069868646035955,3.8578969873097346,0.41381685030363374,1.0
