problem,access,navigate,page_close,video,discussion,wiki
1.4604846813131116,2.751131777519905,1.8464393446710154,2.6310800302880506,2.625814583693911,0,0.0
