problem,access,navigate,page_close,video,discussion,wiki
1.5262349099495225,2.038349361563216,2.2464393446710154,0.0,0,0.0,0.0
