problem,access,navigate,page_close,video,discussion,wiki
0.0,1.5294283316328894,0.0,1.5574319619297041,1.3709505944546687,0.5435644431995964,0
