problem,access,navigate,page_close,video,discussion,wiki
1.0,2.347938648468449,2.3983029951155594,2.305958492868042,1.9010223772961141,0,0.0
