problem,access,navigate,page_close,video,discussion,wiki
0,1.272905595320056,0.9886994082884974,1.5219280948873621,0.9182958340544896,0.0,0.0
