problem,access,navigate,page_close,video,discussion,wiki
1.5726236638951638,2.4259582303809,2.6022170014624826,2.4752732343462407,1.8423709931771084,0.8112781244591328,0.0
