problem,access,navigate,page_close,video,discussion,wiki
1.4183533479345782,2.9728063796934485,2.2008257945180887,2.0,0.0,1.8955734405551428,0.0
