problem,access,navigate,page_close,video,discussion,wiki
1.1433201021277661,1.8275431046909323,0,2.126614471810182,1.863120568566631,0,0
