problem,access,navigate,page_close,video,discussion,wiki
1.825131039533405,2.939136986742097,2.4996981431844145,3.0542894665748155,2.9464393446710155,1.584962500721156,0
