problem,access,navigate,page_close,video,discussion,wiki
0.9182958340544896,3.704346339276732,3.429855359748392,3.7666404471085677,3.1279868068776753,1.5566567074628228,0
