problem,access,navigate,page_close,video,discussion,wiki
0.6500224216483541,2.6776447685490967,2.503258334775646,2.811127933808759,2.4137995646056805,0.863120568566631,0
