problem,access,navigate,page_close,video,discussion,wiki
0.0,2.296045148699291,1.5487949406953985,2.102187170949333,2.0060603254083382,0,0
