problem,access,navigate,page_close,video,discussion,wiki
0.0,1.4591479170272446,0.8112781244591328,1.5219280948873621,0.8112781244591328,0.0,0.0
