problem,access,navigate,page_close,video,discussion,wiki
0,1.5545851693377997,1.811278124459133,1.4949188482339508,1.3787834934861753,0,0
