problem,access,navigate,page_close,video,discussion,wiki
1.3709505944546687,2.4313076001654323,1.3709505944546687,2.5061440668531976,2.4591479170272446,0,0
