problem,access,navigate,page_close,video,discussion,wiki
1.5655962303576019,1.8876226767620774,1.5,1.9698110652780971,1.8464393446710154,0,0
