problem,access,navigate,page_close,video,discussion,wiki
0,1.7295739585136223,0.0,2.1180782093497093,1.8423709931771084,0,0
