problem,access,navigate,page_close,video,discussion,wiki
2.473801585366785,4.103405252705334,3.9905863803852366,4.096157593026254,3.105672184271433,1.6491784260591662,1.0
