problem,access,navigate,page_close,video,discussion,wiki
0,0.7062740891876007,0.6500224216483541,0.5665095065529053,0.345117314944953,0,0
