problem,access,navigate,page_close,video,discussion,wiki
0.9910760598382222,0.9780155566622415,0.863120568566631,0,0,0.0,0
