problem,access,navigate,page_close,video,discussion,wiki
1.3787834934861753,1.5727041415453686,0.0,1.5058231002082845,1.5566567074628228,0,0
