problem,access,navigate,page_close,video,discussion,wiki
2.320075382754602,3.0385906059022396,2.4193819456463714,3.1514789228933093,3.070847093622518,0,0
