problem,access,navigate,page_close,video,discussion,wiki
2.2971493951103232,3.555793950382455,1.7004397181410922,1.584962500721156,0,0,0.0
