problem,access,navigate,page_close,video,discussion,wiki
0,1.4294732983598406,0.0,0.6500224216483541,1.5566567074628228,0,0
