problem,access,navigate,page_close,video,discussion,wiki
2.319849203060312,2.664472250567572,0.6500224216483541,1.8542858719872461,2.4591379510261238,0.9709505944546686,0
