problem,access,navigate,page_close,video,discussion,wiki
0,1.969070961978746,1.3545842123564742,2.1352130207431887,1.474724972521546,0,0
