problem,access,navigate,page_close,video,discussion,wiki
0.0,1.7965062604933844,1.8910611120726526,1.640223928941852,1.2987949406953985,1.5016144718101816,0.0
