problem,access,navigate,page_close,video,discussion,wiki
0.0,1.7345216647797514,1.3709505944546687,1.9182958340544893,1.0,0,0
