problem,access,navigate,page_close,video,discussion,wiki
0.3227569588973982,2.054258150862612,1.1488348542809166,2.063558608511122,2.199687794731328,0.5916727785823275,0
