problem,access,navigate,page_close,video,discussion,wiki
0.4689955935892812,3.0612952030474188,1.4466166676282082,3.108726459486888,3.3496929689578714,0,0
