problem,access,navigate,page_close,video,discussion,wiki
0.0,2.572623663895164,0.9182958340544896,2.498077546623641,1.8423709931771084,0.0,0
