problem,access,navigate,page_close,video,discussion,wiki
1.4955380299191112,1.7788856690744919,0.6500224216483541,2.099598313565133,1.9220231428515733,0,0
