problem,access,navigate,page_close,video,discussion,wiki
0,1.4854752972273344,0.0,1.7609640474436812,1.6644977792004614,0,0
