problem,access,navigate,page_close,video,discussion,wiki
0.0,1.2987949406953985,1.669180336866731,1.1488348542809166,0.0,1.360964047443681,0.0
