problem,access,navigate,page_close,video,discussion,wiki
0,1.9591479170272446,0.7642045065086203,1.75,1.9182958340544896,0.0,0.0
