problem,access,navigate,page_close,video,discussion,wiki
1.8828560636920493,3.1832034005258123,3.2283204507013727,3.1125543364464394,2.8057456515210593,2.368952711001897,0.8166890883150209
