problem,access,navigate,page_close,video,discussion,wiki
2.141613730365293,2.5652795214685153,1.9056390622295665,2.2359263506290326,2.3532946968877244,1.5219280948873621,0
