problem,access,navigate,page_close,video,discussion,wiki
0,1.56966700982349,1.2516291673878228,1.5243166733459836,1.5,0.0,0.0
