problem,access,navigate,page_close,video,discussion,wiki
0.0,1.327484781955842,1.5,2.1556390622295662,1.9219280948873623,0.0,0
