problem,access,navigate,page_close,video,discussion,wiki
0,0.24988229283318544,0.0,0.6143694458867568,1.061278124459133,0,0
