problem,access,navigate,page_close,video,discussion,wiki
0.0,0.7219280948873623,0.9709505944546686,0.6840384356390417,0.863120568566631,0.5665095065529053,0
