problem,access,navigate,page_close,video,discussion,wiki
2.8409816558164365,2.763353135974229,0.0,2.2885986402171965,2.5922973578171997,0,0
