problem,access,navigate,page_close,video,discussion,wiki
0.0,0.8030717273241024,1.3221793455166666,0,0,1.3865034118343482,1.0
