problem,access,navigate,page_close,video,discussion,wiki
1.2516291673878228,2.5185529507103013,1.584962500721156,2.5032583347756456,2.2359263506290326,0,0
