problem,access,navigate,page_close,video,discussion,wiki
1.402081402756032,1.2098003386604828,1.4353713907745331,0,1.0,0.9709505944546686,0.8112781244591328
