problem,access,navigate,page_close,video,discussion,wiki
0.0,1.1392781631244115,1.2516291673878228,0.9852281360342516,1.2210477851797181,0,0
