problem,access,navigate,page_close,video,discussion,wiki
0.0,1.5485806065228545,1.9182958340544896,1.4833557549816876,0,1.1216407621868583,0.0
