problem,access,navigate,page_close,video,discussion,wiki
0,0.5032583347756457,0.9910760598382222,0.5916727785823275,0.7219280948873623,0.0,0
