problem,access,navigate,page_close,video,discussion,wiki
0.0,1.3709505944546687,1.3787834934861753,1.584962500721156,1.0,0.0,0.0
