problem,access,navigate,page_close,video,discussion,wiki
0.9709505944546686,1.3709505944546687,0.0,0,0,0.6665783579949205,0
