problem,access,navigate,page_close,video,discussion,wiki
1.9903513586196353,1.971566705606731,1.0,1.5219280948873621,1.9500637564362102,1.5219280948873621,0
