problem,access,navigate,page_close,video,discussion,wiki
0,1.3921472236645345,0.9709505944546686,1.3516441151533924,1.1488348542809166,0,0
