problem,access,navigate,page_close,video,discussion,wiki
0,1.4949188482339508,0.0,1.4854752972273344,1.3709505944546687,1.0,0
