problem,access,navigate,page_close,video,discussion,wiki
0.8904916402194913,1.9299111709758696,1.4056390622295665,2.1709505944546685,1.5219280948873621,1.0,0.0
