problem,access,navigate,page_close,video,discussion,wiki
0.863120568566631,3.8493733171886313,1.867633890971212,1.0,3.1219280948873624,0.0,0.0
