problem,access,navigate,page_close,video,discussion,wiki
0,1.8671136219448052,1.584962500721156,1.5304930567574826,1.5219280948873621,0,0
