problem,access,navigate,page_close,video,discussion,wiki
1.4036736364187659,1.377220679770319,1.4911148500551858,1.0,0.0,0,0
