problem,access,navigate,page_close,video,discussion,wiki
1.7599305295640908,1.3143204867061788,0.0,1.3221793455166666,1.360964047443681,0.0,0
