problem,access,navigate,page_close,video,discussion,wiki
1.2987949406953985,0.863120568566631,1.3787834934861753,1.1050139971135322,0.7793498372920852,0.0,0.0
