problem,access,navigate,page_close,video,discussion,wiki
0.0,1.7187828921272554,0.7219280948873623,1.2516291673878228,1.5,0,0
