problem,access,navigate,page_close,video,discussion,wiki
0.0,1.4056390622295665,1.584962500721156,1.360964047443681,0.9852281360342516,0,0
