problem,access,navigate,page_close,video,discussion,wiki
0.0,0.23987382528036544,0.8366407419411673,0.21084230031853213,0.28639695711595625,0.0,0
