problem,access,navigate,page_close,video,discussion,wiki
0.0,1.322305788853309,0.6500224216483541,1.3346791410515946,0.9182958340544896,0.0,0.0
