problem,access,navigate,page_close,video,discussion,wiki
0.8739810481273578,1.5304930567574826,1.4299111709758698,1.5726236638951638,0.0,0,0.0
