problem,access,navigate,page_close,video,discussion,wiki
0.0,1.134969974603941,0.0,1.3346791410515946,1.4353713907745331,0.0,0
