problem,access,navigate,page_close,video,discussion,wiki
1.4777468341000444,1.8106993328423073,1.1567796494470395,1.584962500721156,1.0,0,0
