problem,access,navigate,page_close,video,discussion,wiki
0,3.5421176810056703,0.9852281360342516,1.0,3.452819531114783,0,1.0
