problem,access,navigate,page_close,video,discussion,wiki
0.0,1.8303233151429432,1.8129452762598801,1.766567605160557,0,0.5435644431995964,1.584962500721156
