problem,access,navigate,page_close,video,discussion,wiki
0,1.4355205042826666,1.4488156357251847,1.7924812503605778,1.584962500721156,0.9182958340544896,0
