problem,access,navigate,page_close,video,discussion,wiki
1.3995812306460644,1.0943101281146945,1.5,0.0,0,0.5993142373098092,0
