problem,access,navigate,page_close,video,discussion,wiki
1.80311878906939,2.3412768806028144,0.0,2.699513850319966,2.6639576111367096,0,0
