problem,access,navigate,page_close,video,discussion,wiki
0,1.9232196723355077,1.4591479170272448,2.046439344671015,1.9254106352407236,0,0
