problem,access,navigate,page_close,video,discussion,wiki
1.3921472236645345,2.609845022130371,2.2810361125534233,2.3522170014624826,1.6577427265048887,0.0,0.0
