problem,access,navigate,page_close,video,discussion,wiki
0,1.37928048729106,0.0,1.4355205042826666,1.3787834934861753,0,0
