problem,access,navigate,page_close,video,discussion,wiki
0.0,1.8802408149441479,2.1709505944546685,2.0403733936884962,1.7924812503605778,0.2761954276479391,0.9182958340544896
