problem,access,navigate,page_close,video,discussion,wiki
0,1.581257197820248,1.3472230399326603,1.5796799079563435,0,0.5916727785823275,0.6500224216483541
