problem,access,navigate,page_close,video,discussion,wiki
0.9798687566511528,1.188721875540867,1.0,1.4355205042826666,1.5566567074628228,0.0,0.0
