problem,access,navigate,page_close,video,discussion,wiki
0.0,1.061278124459133,0.0,1.792481250360578,1.584962500721156,0,0
