problem,access,navigate,page_close,video,discussion,wiki
0.9910760598382222,0.9587118829771317,0.7219280948873623,0.8453509366224365,0.8112781244591328,0.0,0.0
