problem,access,navigate,page_close,video,discussion,wiki
1.3092966682370037,2.235926350629033,1.271782221599798,2.2825887305018333,1.6854752972273346,0.8112781244591328,0.9852281360342516
