problem,access,navigate,page_close,video,discussion,wiki
1.5774062828523454,1.486565953154142,1.5485652260309177,0,0,0.6500224216483541,1.0
