problem,access,navigate,page_close,video,discussion,wiki
1.2516291673878228,1.2406705316766886,0.8112781244591328,1.4355205042826666,1.3787834934861753,0.0,0
