problem,access,navigate,page_close,video,discussion,wiki
0.0,0.9910760598382222,0.9940302114769565,0.863120568566631,0.0,0,0.9709505944546686
