problem,access,navigate,page_close,video,discussion,wiki
0,1.4219115073546411,0.7219280948873623,1.5197284615795614,1.5628066316931741,0,0.0
