problem,access,navigate,page_close,video,discussion,wiki
0.0,0.9886994082884974,0.8112781244591328,0.8904916402194913,0.9852281360342516,0.0,0
