problem,access,navigate,page_close,video,discussion,wiki
1.0,0.8112781244591328,1.0,0.9456603046006402,0.9182958340544896,1.0,0
