problem,access,navigate,page_close,video,discussion,wiki
1.0,1.5485806065228545,1.0,1.8710191208788398,1.924174352300441,0,0
