problem,access,navigate,page_close,video,discussion,wiki
0.0,0.8812908992306927,1.0,0.5916727785823275,0.6500224216483541,0,0
