problem,access,navigate,page_close,video,discussion,wiki
1.863120568566631,3.7269556472222862,3.8158649949341963,3.6625529211084005,3.6142990845857854,0,0
