problem,access,navigate,page_close,video,discussion,wiki
0.9910760598382222,0.7062740891876007,0.0,0.863120568566631,0,0.0,0
