problem,access,navigate,page_close,video,discussion,wiki
1.9808259362290785,1.8710191208788398,1.54515313983491,0,1.5219280948873621,1.4591479170272448,0
