problem,access,navigate,page_close,video,discussion,wiki
0.863120568566631,1.9219280948873623,1.2516291673878228,0.0,0,0.0,0.0
