problem,access,navigate,page_close,video,discussion,wiki
0.5916727785823275,1.756623811079363,1.0,0.0,0.7219280948873623,0,0
