problem,access,navigate,page_close,video,discussion,wiki
0.863120568566631,1.6031649549155953,1.7028195311147831,1.1542221846835221,1.0892300788425848,0.0,0.0
