problem,access,navigate,page_close,video,discussion,wiki
0.7642045065086203,1.3221793455166666,0.0,1.3609640474436813,1.4591479170272448,0,0
