problem,access,navigate,page_close,video,discussion,wiki
0.0,2.3285304754597487,1.2087030080822634,1.9870103976546638,2.4300365325772657,0.7642045065086203,0.0
