problem,access,navigate,page_close,video,discussion,wiki
0,1.0,1.280672129520887,0.9910760598382222,0.9709505944546686,1.3709505944546687,1.0
