problem,access,navigate,page_close,video,discussion,wiki
0.9182958340544896,2.5078942751776965,1.2987949406953985,2.5226203095310216,2.321928094887362,0.6722948170756379,1.0
