problem,access,navigate,page_close,video,discussion,wiki
1.0,2.734230144189907,2.146465798504072,2.5884563773505884,2.365596230357602,0.0,0
