problem,access,navigate,page_close,video,discussion,wiki
0.7475846798245739,1.940117815053443,2.256564762130954,1.9688738747207215,0.0,0.0,0.0
