problem,access,navigate,page_close,video,discussion,wiki
0.5547781633412736,2.3271646195376072,0.7219280948873623,2.0464393446710156,2.837405811425518,0.0,0
