problem,access,navigate,page_close,video,discussion,wiki
0,1.4488156357251847,0.0,1.3787834934861753,1.4591479170272446,0,0
