problem,access,navigate,page_close,video,discussion,wiki
0,1.4355205042826666,0.0,1.2987949406953985,1.2987949406953985,0,0
