problem,access,navigate,page_close,video,discussion,wiki
0.9957274520849256,1.4618381992568745,0.9182958340544896,0.0,0,0,0
