problem,access,navigate,page_close,video,discussion,wiki
0,1.2486545206672304,1.3709505944546687,1.3787834934861756,1.0,0.0,0
