problem,access,navigate,page_close,video,discussion,wiki
0.0,1.9056390622295665,0.0,1.8423709931771084,1.3709505944546687,0.0,0.0
