problem,access,navigate,page_close,video,discussion,wiki
0,1.911311162911769,1.9808259362290785,1.0,0.9709505944546686,0.0,0
