problem,access,navigate,page_close,video,discussion,wiki
1.5219280948873621,1.4137995646056802,0.9182958340544896,1.2389012566026307,0.8453509366224365,0.0,0.0
