problem,access,navigate,page_close,video,discussion,wiki
0.8721617883411701,2.424509903867461,0.9055872616982603,2.460754662766713,2.398302995115559,2.1832881911268167,0.0
