problem,access,navigate,page_close,video,discussion,wiki
1.224394445405986,1.3470732979972746,0.0,1.8464393446710154,1.4355205042826666,0.0,0
