problem,access,navigate,page_close,video,discussion,wiki
0.7219280948873623,1.360964047443681,1.5,0.9852281360342516,1.0,0,0
