problem,access,navigate,page_close,video,discussion,wiki
0,2.556849704144249,0.9940302114769565,1.9609640474436814,2.6464393446710153,0.0,0.0
