problem,access,navigate,page_close,video,discussion,wiki
0,1.8464393446710154,1.2516291673878228,1.8910611120726526,1.8910611120726526,0.0,0.0
