problem,access,navigate,page_close,video,discussion,wiki
0.0,2.481714572986073,0.0,2.4464393446710155,2.4193819456463714,0,0
