problem,access,navigate,page_close,video,discussion,wiki
1.2987949406953985,2.166662268332564,1.1488348542809166,1.6767370300521325,1.9056390622295665,0.7219280948873623,0.0
