problem,access,navigate,page_close,video,discussion,wiki
0.9182958340544896,2.020727779800787,0.0,2.063558608511122,1.8464393446710154,0,0.0
