problem,access,navigate,page_close,video,discussion,wiki
0.9709505944546686,1.2283491776835571,0.0,0,0,0.6098403047164004,0
