problem,access,navigate,page_close,video,discussion,wiki
1.2210477851797181,1.4787069142481561,0.0,1.4772170014624826,1.3787834934861753,0,0
