problem,access,navigate,page_close,video,discussion,wiki
0.0,0.7024665512903903,0.8453509366224365,0.3227569588973982,0.37123232664087563,0.9182958340544896,0.5435644431995964
