problem,access,navigate,page_close,video,discussion,wiki
2.365596230357602,4.2988737022692005,3.886917779175429,3.9960809969488955,4.1935053767547545,2.6492833648321525,0.0
