problem,access,navigate,page_close,video,discussion,wiki
0,3.023037065532881,2.706890595608519,3.0269868333592873,1.9219280948873623,0,0
