problem,access,navigate,page_close,video,discussion,wiki
0.8524051786494786,0.863120568566631,1.974937501201927,0,0,0,0
