problem,access,navigate,page_close,video,discussion,wiki
0.0,3.6654287319935035,1.8423709931771084,3.058984089445427,2.9219280948873623,0,0
