problem,access,navigate,page_close,video,discussion,wiki
1.5219280948873621,2.3523505541228946,1.4591479170272448,0.0,0.0,0,0
