problem,access,navigate,page_close,video,discussion,wiki
0.0,2.019035274338866,1.8423709931771086,2.2062389286533897,2.0,0,0
