problem,access,navigate,page_close,video,discussion,wiki
0,2.689525383210069,2.6635327548042547,2.6416041678685938,0,0,0
