problem,access,navigate,page_close,video,discussion,wiki
0,2.3087713879117944,1.7471671973069338,1.3719505165357166,0.0,1.6892464285091584,0.0
