problem,access,navigate,page_close,video,discussion,wiki
0,2.9846545460569884,2.7045348998193433,3.077819531114783,2.7321588913645702,0,0
