problem,access,navigate,page_close,video,discussion,wiki
0.5435644431995964,3.9734407571457684,4.216427102718625,3.894539679182977,2.4485338684661175,3.3248629576173565,2.321928094887362
