problem,access,navigate,page_close,video,discussion,wiki
0.0,2.214693951646702,2.6312929881819,2.4508257945180887,0.9852281360342516,0.9975025463691153,0
