problem,access,navigate,page_close,video,discussion,wiki
2.368681608963656,3.0076703508883953,1.9056390622295665,3.2275580060213764,2.7719788751693084,1.7601553465802904,0
