problem,access,navigate,page_close,video,discussion,wiki
0.9852281360342516,1.3455218046452568,1.8843135277997989,0.9709505944546686,0.9587118829771317,0,0
