problem,access,navigate,page_close,video,discussion,wiki
1.4182958340544896,2.9893528831816227,2.9282129458410013,2.9199309752155798,2.332976449796609,2.256564762130954,0.0
