problem,access,navigate,page_close,video,discussion,wiki
2.6175166264561547,3.17966930304639,3.30620280520831,3.2904827842012176,2.581013401577586,2.1794709709303257,0.8739810481273578
