problem,access,navigate,page_close,video,discussion,wiki
2.6619965995645956,3.003936857493552,2.5503407095463886,2.8910740612452637,2.949026291435921,1.0,0
