problem,access,navigate,page_close,video,discussion,wiki
1.7924812503605778,3.038967548167875,1.5,2.7321588913645702,2.9288982194774964,0,0
