problem,access,navigate,page_close,video,discussion,wiki
1.7033848993102918,1.971747257128181,1.7841591278514217,1.9182958340544896,1.5,0.0,0
