problem,access,navigate,page_close,video,discussion,wiki
0.0,2.7586435561139164,2.8553885422075336,2.6433649698578603,1.584962500721156,0,0
