problem,access,navigate,page_close,video,discussion,wiki
0,2.2172560751466914,2.2516291673878226,2.1112165884324905,1.9625745152068985,0,0
