problem,access,navigate,page_close,video,discussion,wiki
1.4591479170272448,2.519404998587684,1.8423709931771084,2.270942421748537,1.0,0,0
