problem,access,navigate,page_close,video,discussion,wiki
2.9739963599411423,4.124564090319694,3.818931495551437,3.906394838510937,3.808206464148339,0.9463729359854419,0
