problem,access,navigate,page_close,video,discussion,wiki
2.1887218755408666,2.6719859221799767,1.0,1.9219280948873623,0.0,0,0.0
