problem,access,navigate,page_close,video,discussion,wiki
0.9182958340544896,3.2210370221245426,2.224601752714581,2.823219672335508,2.7516291673878226,0,0
