problem,access,navigate,page_close,video,discussion,wiki
0,1.7588427128355957,0.0,1.871602261409798,0.9182958340544896,0.0,0.0
