problem,access,navigate,page_close,video,discussion,wiki
0.0,2.1283310497671026,0.0,2.1862781244591325,1.9056390622295665,0,0
