problem,access,navigate,page_close,video,discussion,wiki
1.861177885828764,2.553777074104757,2.1967916319816365,2.6719076690959676,2.577107161885248,1.3092966682370037,0.0
