problem,access,navigate,page_close,video,discussion,wiki
1.823067982273661,3.3241986604449623,1.9182958340544896,2.5,2.2516291673878226,0,0
