problem,access,navigate,page_close,video,discussion,wiki
2.6658396538277485,2.5049448713662135,2.9219280948873623,2.5468465893424046,0.0,1.9220231428515733,0
