problem,access,navigate,page_close,video,discussion,wiki
1.9367376372690068,3.718583946958553,3.2346970025308774,3.6961746300696414,3.5661089398374806,2.2274126395443004,1.0
