problem,access,navigate,page_close,video,discussion,wiki
1.9146459360304438,3.453144364976791,2.590408621573604,2.6464393446710157,1.584962500721156,1.9625615770974822,0.0
