problem,access,navigate,page_close,video,discussion,wiki
0.5916727785823275,3.33008623802222,3.121928094887362,3.329487476875225,2.4692407821722844,0,0
