problem,access,navigate,page_close,video,discussion,wiki
1.3787834934861753,3.273045247055968,2.481714572986073,3.4829175854050423,2.875,0.0,0
