problem,access,navigate,page_close,video,discussion,wiki
0.0,4.088015144156756,3.342568882024953,3.633761266871587,3.350209029099897,0,0
