problem,access,navigate,page_close,video,discussion,wiki
1.7331656828015385,3.225170440981795,0.0,3.442060798043512,3.3082708345352603,0,0
