problem,access,navigate,page_close,video,discussion,wiki
0.0,2.5073400119027807,2.584962500721156,2.6989699094106196,2.1180782093497093,0,0
