problem,access,navigate,page_close,video,discussion,wiki
0.6631968402398287,2.165498735494544,1.5566567074628228,2.0985864121084328,2.2051099000738694,0,0
