problem,access,navigate,page_close,video,discussion,wiki
2.6660648490140453,3.1749490351774337,2.7806390622295662,3.0132116437250893,2.5357983743913266,0.9182958340544896,0.0
