problem,access,navigate,page_close,video,discussion,wiki
0.0,2.0050124750325526,1.584962500721156,2.124429189186364,1.6577427265048887,0.8997437586982626,0
