problem,access,navigate,page_close,video,discussion,wiki
1.7360411676599226,3.9239286184472935,3.14894442083091,4.20811624497244,3.861725074756386,1.253297578463043,0.9182958340544896
