problem,access,navigate,page_close,video,discussion,wiki
2.4878863179533015,3.420465136164291,2.973736118389912,3.317276087079775,3.121928094887362,0.0,0
