problem,access,navigate,page_close,video,discussion,wiki
0.0,2.9418463016234795,0.9182958340544896,3.187430298092722,2.6612262562697895,0.0,1.0
