problem,access,navigate,page_close,video,discussion,wiki
0,2.1339375660949167,2.1280852788913944,0.9182958340544896,1.0,0,0
