problem,access,navigate,page_close,video,discussion,wiki
1.412456745054866,3.017250907174146,3.3772781309874365,2.7516291673878226,1.5,0.0,0
