problem,access,navigate,page_close,video,discussion,wiki
1.395316265912753,3.150690371163238,3.4110564704071065,3.2898329742278762,0,2.0458416408851736,0.0
