problem,access,navigate,page_close,video,discussion,wiki
2.247242245297191,3.5615053456992927,2.777776811456786,2.8464393446710154,2.251629167387823,0.0,1.0
