problem,access,navigate,page_close,video,discussion,wiki
0,3.056239255737564,2.725480556997868,2.1774212838293647,2.25,0.0,0
