problem,access,navigate,page_close,video,discussion,wiki
0,2.192167154018627,1.0,2.0892446619882707,2.181937063546704,0,0
