problem,access,navigate,page_close,video,discussion,wiki
0.0,2.2312702546075758,2.321928094887362,2.467720100474499,2.5216406363433186,0,0
