problem,access,navigate,page_close,video,discussion,wiki
0.0,3.052421586142465,2.9764097655573916,3.328358044113281,1.0,0.6193821946787638,0.0
