problem,access,navigate,page_close,video,discussion,wiki
1.0,2.2575584476348065,1.061278124459133,2.0,2.321928094887362,0.0,0
