problem,access,navigate,page_close,video,discussion,wiki
0,3.6714942749764834,2.807354922057604,3.433269689515108,3.690260390968384,0,0
