problem,access,navigate,page_close,video,discussion,wiki
2.7531974351049433,2.994563376887991,2.35274578087187,3.0054893054735463,2.975600080781649,0,0
