problem,access,navigate,page_close,video,discussion,wiki
0.0,1.5364657037491254,1.188721875540867,1.3221793455166666,0.0,0.0,0.0
