problem,access,navigate,page_close,video,discussion,wiki
0.0,3.1029651877437296,2.6644977792004614,3.204556602079536,0.0,0.9182958340544896,0
