problem,access,navigate,page_close,video,discussion,wiki
2.7824409024478602,3.269295214341024,2.2577174691301485,2.9460390338959277,2.642643480890055,0.9940302114769565,1.0
