problem,access,navigate,page_close,video,discussion,wiki
2.199687794731328,2.8046796433470202,2.533020192448046,0.9182958340544896,1.5,1.5744174271404585,1.360964047443681
