problem,access,navigate,page_close,video,discussion,wiki
0,3.928566092179952,3.277613436819116,3.901866882846276,3.566488060777636,0,0
