problem,access,navigate,page_close,video,discussion,wiki
0.0,2.1162996057016965,1.5487949406953985,1.584962500721156,0.0,0,0.0
