problem,access,navigate,page_close,video,discussion,wiki
0.0,3.2909969229563165,2.9219280948873623,2.9559039011611885,2.584476789366524,0,0
