problem,access,navigate,page_close,video,discussion,wiki
1.350197152944928,3.808226927670943,3.206238928653389,3.5625942630805603,3.127986806877675,0.0,0
