problem,access,navigate,page_close,video,discussion,wiki
3.036732965713816,3.3639052211770117,3.464400958964286,3.3718430516526157,2.0588138903312014,2.1011288186670525,0.9182958340544896
