problem,access,navigate,page_close,video,discussion,wiki
0.9940302114769565,3.2040415880642,2.35274578087187,1.9219280948873623,1.9219280948873623,0,0
