problem,access,navigate,page_close,video,discussion,wiki
0,2.2903906585214697,2.321928094887362,2.128085278891394,1.584962500721156,0,0
