problem,access,navigate,page_close,video,discussion,wiki
0.9912642605354288,2.186864030058413,2.4010583224943756,2.252706156305157,1.5,2.2783518117113117,0.0
