problem,access,navigate,page_close,video,discussion,wiki
2.6304056642259934,3.6784685182505767,3.128085278891395,3.736673938799109,2.7559113286549373,1.7766190707005445,0.0
