problem,access,navigate,page_close,video,discussion,wiki
2.0571549507961118,3.5453385882684247,2.615983565581917,3.5086949695628413,3.121928094887362,1.7602184695116319,0.0
