problem,access,navigate,page_close,video,discussion,wiki
0.954434002924965,3.09135315142784,3.1748858687242363,3.0228893989766563,1.9308185669313078,0.9182958340544896,0
