problem,access,navigate,page_close,video,discussion,wiki
3.038839756115133,4.141985658561988,3.1455933144511463,4.10837871127837,3.772305106249742,0.0,0.0
