problem,access,navigate,page_close,video,discussion,wiki
0.0,2.5292983326043545,2.4967411458758915,2.7003981663048475,2.2671178759649178,1.253297578463043,0.0
