problem,access,navigate,page_close,video,discussion,wiki
0,2.2841837197791888,2.0,2.4225797618424916,2.2359263506290326,0.0,0
