problem,access,navigate,page_close,video,discussion,wiki
1.1567796494470395,2.424917160886088,2.6416396727898706,1.7884504573082896,0.0,2.526234909949523,0.0
