problem,access,navigate,page_close,video,discussion,wiki
2.7444984515601636,3.1172246304167253,2.547123040147291,3.069347760631337,2.724129026400548,0.0,0
