problem,access,navigate,page_close,video,discussion,wiki
1.8710191208788398,3.2333415401547874,2.4464393446710155,3.1539851331061444,3.125,0.0,0
