problem,access,navigate,page_close,video,discussion,wiki
0.0,0.11600336623922573,2.521640636343318,1.8919954870390203,0,0,0
