problem,access,navigate,page_close,video,discussion,wiki
2.0945446341976988,3.1698745815309444,2.6947814605842733,1.0,0.0,2.1651893694447777,0.0
