problem,access,navigate,page_close,video,discussion,wiki
1.0230370655328809,2.241546969680216,1.3250112108241772,1.3709505944546687,0,0.0,0.0
