problem,access,navigate,page_close,video,discussion,wiki
1.9211854965885544,3.3710081920184787,3.5747816648668436,2.321928094887362,0,2.2295739585136225,0.9182958340544896
