problem,access,navigate,page_close,video,discussion,wiki
2.2810361125534238,3.2961238432958044,2.789896609060178,3.235106464669189,2.699513850319966,0.9182958340544896,0.0
