problem,access,navigate,page_close,video,discussion,wiki
1.5539081800685834,3.8768069043903575,3.578677786503616,3.901361330333327,3.593657665390962,0.0,0
