problem,access,navigate,page_close,video,discussion,wiki
0,1.8286345734705733,0.8112781244591328,1.7723388509380995,0.9852281360342516,0.0,0.0
