problem,access,navigate,page_close,video,discussion,wiki
0.0,2.2527241956246544,1.5,2.2389205950315936,1.811278124459133,0,0
