problem,access,navigate,page_close,video,discussion,wiki
0.8366407419411673,2.7886170795028633,2.451758284126438,2.8344228725995224,2.188721875540867,1.0,1.0
