problem,access,navigate,page_close,video,discussion,wiki
1.458618550884106,2.4212527998039977,2.6052720451251425,2.3541649561899414,2.0924266081388083,0.0,0.0
