problem,access,navigate,page_close,video,discussion,wiki
0.0,2.0197414669910265,1.2516291673878228,1.9293092079167293,2.5,0,0.0
