problem,access,navigate,page_close,video,discussion,wiki
1.9502120649147465,3.488764974387061,2.945038697540245,3.319773835029478,1.8423709931771084,0,0
