problem,access,navigate,page_close,video,discussion,wiki
1.5306189948485174,3.1318682996377314,2.583465189601647,3.2516350015174775,2.6062389286533896,0.5916727785823275,0
