problem,access,navigate,page_close,video,discussion,wiki
2.224897790602166,2.583007097797155,3.0841837197791886,2.367111469779674,2.2892464285091583,0.0,0.0
