problem,access,navigate,page_close,video,discussion,wiki
3.445429993807242,3.4203531544056744,3.704425219415871,3.0885944163670564,2.2661506484543548,2.6831573285181993,0
