problem,access,navigate,page_close,video,discussion,wiki
0,0.9182958340544896,1.5243166733459836,0.6500224216483541,0.0,0.9182958340544896,1.0
