problem,access,navigate,page_close,video,discussion,wiki
2.081706277574314,3.2635518133264285,2.8553885422075336,3.160374448272036,2.9150849518197797,0,0
