problem,access,navigate,page_close,video,discussion,wiki
1.5560179350980192,2.7863337887416226,2.7503779994004116,2.725480556997868,2.1280852788913944,2.3725480513448707,1.5566567074628228
