problem,access,navigate,page_close,video,discussion,wiki
0,2.549787381523038,1.9056390622295665,2.6235166412180155,1.3709505944546687,0,0
