problem,access,navigate,page_close,video,discussion,wiki
0.0,3.3018389676475763,2.52307418942857,3.3218652727265767,3.429275070710713,1.1994602933016414,0.0
