problem,access,navigate,page_close,video,discussion,wiki
1.5,3.613875597547823,2.197159723424149,2.41896119556797,1.9609640474436814,0.7219280948873623,0
