problem,access,navigate,page_close,video,discussion,wiki
1.8577968115985959,3.087154384298248,1.5219280948873621,3.124202230966521,2.609931015820306,0,0
