problem,access,navigate,page_close,video,discussion,wiki
1.7527152789797045,2.077642656071584,0.9709505944546686,1.9852281360342514,1.2987949406953985,0,0
