problem,access,navigate,page_close,video,discussion,wiki
1.5465935642949384,3.198544500928733,1.3709505944546687,1.584962500721156,0.0,0.0,0.0
