problem,access,navigate,page_close,video,discussion,wiki
1.3260875253642983,2.247285910782856,1.7709505944546688,1.0,0,0.0,0
