problem,access,navigate,page_close,video,discussion,wiki
1.881194702529252,3.299192885613816,3.007786748205024,2.38366329959714,2.1440239107574226,2.062683189255492,1.584962500721156
