problem,access,navigate,page_close,video,discussion,wiki
1.1254908068679137,2.5830021114413597,1.9182958340544893,1.5,0.9709505944546686,0,0.0
