problem,access,navigate,page_close,video,discussion,wiki
0.5032583347756457,2.5584005310080666,1.9887513942845323,2.769753570758199,0.0,0.0,0
