problem,access,navigate,page_close,video,discussion,wiki
0,3.035119912540997,1.5,2.738552853578734,2.3458519893382603,0,0
