problem,access,navigate,page_close,video,discussion,wiki
2.854048625259928,3.0813351588587103,2.5492553971685004,0.0,0.0,0.9852281360342516,0
