problem,access,navigate,page_close,video,discussion,wiki
0.7219280948873623,2.676193015315354,1.5219280948873621,2.801915736636332,2.973557262275185,0,0.0
