problem,access,navigate,page_close,video,discussion,wiki
2.2942740671928616,2.8660541712428746,2.961339962222249,2.696750708451978,2.3199730940219747,0.0,0.0
