problem,access,navigate,page_close,video,discussion,wiki
0.0,1.9657706741379202,0.0,2.278787598135611,2.4116022179746714,0,0
