problem,access,navigate,page_close,video,discussion,wiki
1.5309806202181804,2.1194605510128444,2.1339375660949167,2.1633565313597147,1.8358969868622317,0.0,0.0
