problem,access,navigate,page_close,video,discussion,wiki
0.0,2.951364504508457,2.7995843710829598,1.7783283537314114,0.8112781244591328,0.0,0.0
