problem,access,navigate,page_close,video,discussion,wiki
1.826244552864263,2.874240654957703,2.9053077763737467,2.850638155815241,2.217021885879718,2.4360211537800027,0
