problem,access,navigate,page_close,video,discussion,wiki
1.0862293462325945,3.2548267042426064,1.2516291673878228,3.3047627257175503,3.045523959920323,0,0
