problem,access,navigate,page_close,video,discussion,wiki
1.6556047536666059,2.438762623587575,2.9018534648000265,2.3014649438373094,0.5032583347756457,1.5566567074628228,0
