problem,access,navigate,page_close,video,discussion,wiki
1.8955734405551428,2.892181535245916,2.705274218874661,3.198037571370296,3.077819531114783,0.0,0.0
