problem,access,navigate,page_close,video,discussion,wiki
1.8423709931771084,3.233475710672181,2.197159723424149,3.468576629687865,3.1898980954642875,0,0
