problem,access,navigate,page_close,video,discussion,wiki
0.0,2.444105590136618,2.18950846755862,2.926288892187674,2.5046934208291405,0.5032583347756457,0.8112781244591328
