problem,access,navigate,page_close,video,discussion,wiki
1.889246428509158,3.3303238583685317,2.7806390622295662,3.1888570074458,3.0830741894285696,0,0
