problem,access,navigate,page_close,video,discussion,wiki
1.5,3.51489651628553,2.9790704069068443,3.632239522542884,3.2364405016961446,0.8112781244591328,0.8112781244591328
