problem,access,navigate,page_close,video,discussion,wiki
0.0,2.5616590914800197,0.9182958340544896,2.8225797618424915,2.9708400131019848,0,0
