problem,access,navigate,page_close,video,discussion,wiki
0,1.5709505944546684,0.9852281360342516,1.8910611120726526,1.0,0,0
