problem,access,navigate,page_close,video,discussion,wiki
2.875076853935192,3.8359157618437534,2.584962500721156,3.715749852916185,3.0960639591685455,0,0
