problem,access,navigate,page_close,video,discussion,wiki
0.6500224216483541,2.244845296126865,1.721928094887362,0.9182958340544896,0.0,0,0
