problem,access,navigate,page_close,video,discussion,wiki
1.5812908992306927,2.6440432820069706,2.188721875540867,2.59249733523605,2.0464393446710156,0,0
