problem,access,navigate,page_close,video,discussion,wiki
1.1730442045439498,2.1957140952363017,1.4466166676282084,2.8150724101159437,1.2516291673878228,0,0
