problem,access,navigate,page_close,video,discussion,wiki
1.5709505944546684,3.188314668567007,3.38009433628333,2.819957898557147,1.5304930567574826,0.0,0
