problem,access,navigate,page_close,video,discussion,wiki
0,1.8753156176197314,0.0,2.0464393446710156,1.9219280948873623,0,0
