problem,access,navigate,page_close,video,discussion,wiki
1.7660353655857572,3.5530118143883755,2.4056390622295662,1.0,1.0,0.0,0
