problem,access,navigate,page_close,video,discussion,wiki
0.0,1.9177311900369816,1.3567796494470397,0.8112781244591328,0.0,0,0
