problem,access,navigate,page_close,video,discussion,wiki
3.1031582313373143,3.693251465775385,3.4676975005029385,1.9219280948873623,1.584962500721156,0.0,0.0
