problem,access,navigate,page_close,video,discussion,wiki
1.0676111603502403,1.8607206712404127,2.3599445823925556,1.9232196723355077,0.0,1.2309595631140104,0
