problem,access,navigate,page_close,video,discussion,wiki
1.99927170223756,3.4202673994601667,3.3371439690246203,3.44904189199404,3.355388542207534,2.7110804962442776,1.0
