problem,access,navigate,page_close,video,discussion,wiki
0,1.3689955935892815,1.3709505944546687,1.271782221599798,0.9910760598382222,0.0,0.0
