problem,access,navigate,page_close,video,discussion,wiki
1.5810309627563695,2.6609863943962657,2.1219280948873624,0,0,0.6500224216483541,0.0
