problem,access,navigate,page_close,video,discussion,wiki
0,1.784159127851422,1.5566567074628228,1.584962500721156,1.584962500721156,0,0
