problem,access,navigate,page_close,video,discussion,wiki
3.2652550587135765,3.6093594979345545,3.4639818205809045,3.8218838965241,3.4192509128388293,2.5517784852981342,0.0
