problem,access,navigate,page_close,video,discussion,wiki
0.5032583347756457,1.4751648282981125,1.1488348542809166,1.3709505944546687,0.0,0,0
