problem,access,navigate,page_close,video,discussion,wiki
1.342851128598483,2.1840519815284996,1.836591668108979,2.2990689871576953,0.0,0.9957274520849256,0
