problem,access,navigate,page_close,video,discussion,wiki
0.9852281360342516,2.0485062353503127,1.4466166676282082,2.4356371288264103,2.3685225277282065,0,0
