problem,access,navigate,page_close,video,discussion,wiki
0.0,3.286146704942567,2.4193819456463714,1.811278124459133,1.584962500721156,0,0
