problem,access,navigate,page_close,video,discussion,wiki
0.7219280948873623,3.4776155406019926,3.099436412484689,3.5353377504703127,3.033794020992213,0,0
