problem,access,navigate,page_close,video,discussion,wiki
2.2613152774012364,3.5727391913339845,2.9429743299784783,3.784886917514739,3.084962500721156,0.9182958340544896,0.0
