problem,access,navigate,page_close,video,discussion,wiki
0.4220005168831531,2.2010282264217715,2.0588138903312014,2.04445108611554,1.823067982273661,0,0
