problem,access,navigate,page_close,video,discussion,wiki
0,2.1162996057016965,1.5,1.5566567074628228,1.5219280948873621,0,0
