problem,access,navigate,page_close,video,discussion,wiki
2.6579142357712855,3.6858533568514735,2.96874872904382,3.665782586594435,3.1173143543437782,0.0,0
