problem,access,navigate,page_close,video,discussion,wiki
0,1.922023142851573,1.3787834934861753,2.134969974603941,2.074164743022575,0,0
