problem,access,navigate,page_close,video,discussion,wiki
1.2080393967554763,2.725325948419849,2.251629167387823,1.9219280948873623,0.9182958340544896,0,0
