problem,access,navigate,page_close,video,discussion,wiki
0.0,2.8374181066892756,2.903513046107446,1.811278124459133,0.0,0,0.0
