problem,access,navigate,page_close,video,discussion,wiki
0,2.755028926371594,2.73215889136457,2.5027054819279444,1.4466166676282082,0,0
