problem,access,navigate,page_close,video,discussion,wiki
2.7045419456177604,3.359408669389042,3.32099661738395,3.403014853943126,2.952819531114783,0.0,0
