problem,access,navigate,page_close,video,discussion,wiki
1.7229712791784755,4.291547602825935,3.253158436540769,2.1556390622295662,0.9182958340544896,0.0,0.8112781244591328
