problem,access,navigate,page_close,video,discussion,wiki
0.9182958340544896,1.5726236638951638,1.9182958340544896,1.584962500721156,0.0,0,0
