problem,access,navigate,page_close,video,discussion,wiki
3.0060451188341886,3.5181669702012988,3.059710634477179,3.362930642928181,3.037156817615196,1.9808259362290785,0
