problem,access,navigate,page_close,video,discussion,wiki
2.0643965354965337,3.1566287629068808,2.5350101754347354,3.136572483445749,1.9532278205834097,0.0,0
