problem,access,navigate,page_close,video,discussion,wiki
0.5435644431995964,3.8224437077934277,3.236932592915306,2.9469818624420006,2.622012794398487,2.2470891022092188,1.0
