problem,access,navigate,page_close,video,discussion,wiki
0.0,3.0408284276111925,2.8082746346627623,2.244474529855453,1.2516291673878228,2.250136172804204,0.4394969869215134
