problem,access,navigate,page_close,video,discussion,wiki
3.5703148974371195,4.210981522283925,3.3818424507205176,3.25,3.9711601764699322,3.349940021440491,1.0
