problem,access,navigate,page_close,video,discussion,wiki
0.9709505944546686,2.501474221760766,2.5216406363433186,2.339572261986723,1.9182958340544896,0.0,0
