problem,access,navigate,page_close,video,discussion,wiki
2.477175233435624,3.7374184861580506,3.1808329872054415,3.8005271911067386,3.567756060170558,0,0
