problem,access,navigate,page_close,video,discussion,wiki
1.8468226336265308,3.5183503761314987,2.8073904508767225,3.666441568408834,3.3379350925631615,0,0
