problem,access,navigate,page_close,video,discussion,wiki
1.5825132380404296,2.7595131763704783,0.9864267287308425,3.122764717808251,3.2359263506290326,0,0
