problem,access,navigate,page_close,video,discussion,wiki
2.907291433751711,3.395223783179814,3.239422471233667,3.7544515322493774,2.707784045287725,2.7989861152297113,1.0
