problem,access,navigate,page_close,video,discussion,wiki
2.1949388205097558,3.609537743038563,3.8285214200635016,3.445665657917002,2.8002275588719074,2.2796275363413567,1.8553885422075338
