problem,access,navigate,page_close,video,discussion,wiki
0.0,2.3749502232235127,2.7721913816784043,2.4772170014624826,1.8910611120726526,0.0,0.0
