problem,access,navigate,page_close,video,discussion,wiki
0.9366673818775625,2.0305341371797594,1.5219280948873621,2.1180782093497093,1.9877733714879842,0.8112781244591328,0
