problem,access,navigate,page_close,video,discussion,wiki
0.9995708393473224,1.9873073902375025,2.404793302461803,1.4591479170272448,0.0,0.5665095065529053,0.0
