problem,access,navigate,page_close,video,discussion,wiki
2.508256576337782,3.7452460405939294,3.195461844238322,3.8377956330322642,3.632243484457413,0.0,0
