problem,access,navigate,page_close,video,discussion,wiki
0.9182958340544896,1.7057328617496863,1.823067982273661,1.5,0.0,0.0,0
