problem,access,navigate,page_close,video,discussion,wiki
3.5232663552756027,4.075147739738071,3.845506696105124,4.102076998762973,4.003098858671879,2.9285838097587713,0.0
