problem,access,navigate,page_close,video,discussion,wiki
0.9967916319816366,2.696135446381944,2.557727778739319,2.7642014310253886,2.498077546623641,2.446375262269517,1.0
