problem,access,navigate,page_close,video,discussion,wiki
0.0,2.1556390622295662,1.224394445405986,2.2359263506290326,2.2516291673878226,0.0,0.0
