problem,access,navigate,page_close,video,discussion,wiki
2.2480628698612115,2.5255070082524522,2.6100635408770723,2.5307681172598824,2.0464393446710156,0.5435644431995964,1.0
