problem,access,navigate,page_close,video,discussion,wiki
3.382048827786958,3.666416175723605,3.3362434129830603,3.6539485095200757,3.184319917634469,0.9182958340544896,0.0
