problem,access,navigate,page_close,video,discussion,wiki
2.2206512148101605,1.9024768850858593,2.201078735588117,1.9905418719405736,2.107735252622104,0.0,0.5916727785823275
