problem,access,navigate,page_close,video,discussion,wiki
1.6764659725018167,2.8112314304963326,2.5,2.8895494308620884,0.9182958340544896,0,0
