problem,access,navigate,page_close,video,discussion,wiki
0,1.584962500721156,1.4488156357251847,2.2359263506290326,0,0,0
