problem,access,navigate,page_close,video,discussion,wiki
0,1.7629318074149194,1.7924812503605778,0.9912642605354288,0.7219280948873623,0.0,0
