problem,access,navigate,page_close,video,discussion,wiki
2.7779015746961724,3.771801848736692,2.8007391364899146,1.584962500721156,3.2645626313460077,1.760495029766198,1.0
