problem,access,navigate,page_close,video,discussion,wiki
0.0,2.8694443182988403,2.6186330465167367,2.874872693343724,2.695600707942927,1.0,1.0
