problem,access,navigate,page_close,video,discussion,wiki
1.8892464285091581,3.225862066937129,2.8731406795131336,2.66329080817766,2.2359263506290326,0,0
