problem,access,navigate,page_close,video,discussion,wiki
1.5,2.5007903782668572,2.8423709931771084,2.516716186961402,1.8954618442383218,0,0
