problem,access,navigate,page_close,video,discussion,wiki
1.1433201021277661,2.246947329921961,2.1556390622295662,2.446439344671015,1.6858157091530304,0,0
