problem,access,navigate,page_close,video,discussion,wiki
0.0,2.471251836004466,2.113283334294875,2.16264411804726,1.0,0,0
