problem,access,navigate,page_close,video,discussion,wiki
2.953763083435043,3.6898927017119396,2.7813172094432987,3.1552215288595122,3.080439938586857,2.243773828551915,0
