problem,access,navigate,page_close,video,discussion,wiki
0,1.7409344704599838,2.6455933144511468,1.584962500721156,0.9182958340544896,2.4987781244591325,0
