problem,access,navigate,page_close,video,discussion,wiki
0.8861667339960031,2.1433644787588313,1.9591479170272448,2.083910227067178,1.8496017527145812,0.0,0
