problem,access,navigate,page_close,video,discussion,wiki
1.2987949406953985,3.3668839988994383,3.2313217959915264,3.2629279134683933,2.8521439326814417,1.9662325557258942,0.9933927290103626
