problem,access,navigate,page_close,video,discussion,wiki
2.0,2.84958840855581,2.127986806877675,2.8929261884895587,2.755911328654937,1.3144273101284487,0.0
