problem,access,navigate,page_close,video,discussion,wiki
0.863120568566631,2.169452269213598,2.1290255736436507,1.584962500721156,1.584962500721156,0.3372900666170139,1.2776134368191154
