problem,access,navigate,page_close,video,discussion,wiki
1.5615225135288493,2.9139749059978124,2.6835423624332306,2.9053077763737467,2.6635327548042547,0.0,0.0
