problem,access,navigate,page_close,video,discussion,wiki
2.568223645954418,3.951290235105247,3.958139883848374,3.5350662373137696,3.8667292966721747,3.0539877095448387,1.3709505944546687
