problem,access,navigate,page_close,video,discussion,wiki
1.765223435500949,2.780773483667401,3.0150207915199525,2.931173657469181,2.518378531956389,2.2665254937659904,1.855388542207534
