problem,access,navigate,page_close,video,discussion,wiki
0,1.7607204722176055,2.7527076676784437,2.120952031026403,1.0,1.5306390622295665,1.0
