problem,access,navigate,page_close,video,discussion,wiki
1.2197122511063165,1.8258899207042978,2.14057781226685,1.8842282034886928,0.9402859586706311,1.6171895725927152,0.0
