problem,access,navigate,page_close,video,discussion,wiki
0.0,3.1759593763715324,3.17699200758583,3.5348444768042904,3.03623767052194,0,0
