problem,access,navigate,page_close,video,discussion,wiki
0.0,1.9887586809150084,2.441923520601099,1.9261207468426806,1.561278124459133,1.7138827525301181,0.0
