problem,access,navigate,page_close,video,discussion,wiki
0,0.9864267287308424,1.4591479170272446,0.9864267287308424,0.0,0,0
