problem,access,navigate,page_close,video,discussion,wiki
1.6158175946759328,3.544379330752557,3.5634606841964285,3.6037044764988186,3.1819974648412166,2.4128086053854703,0
