problem,access,navigate,page_close,video,discussion,wiki
0.739480936716638,2.7509221488742446,2.813484465205744,2.9349092692952357,2.221615438476529,2.4946770985115667,0.9182958340544896
