problem,access,navigate,page_close,video,discussion,wiki
1.3092966682370037,2.0249853528137587,2.6312929881819,2.1019952243902447,1.4488156357251847,2.109827895356705,0.0
