problem,access,navigate,page_close,video,discussion,wiki
0,2.989690625045861,2.385390722331039,3.1332955677879624,2.549787381523038,0.9456603046006402,1.0
