problem,access,navigate,page_close,video,discussion,wiki
1.7585079875382823,2.7564878831258843,3.0761031709967224,0,2.2355917460279313,3.06083283275394,2.0
