problem,access,navigate,page_close,video,discussion,wiki
1.9386790169573507,3.106201550321226,2.4613201402110083,2.7015976555739156,2.682588730501833,0.0,0.0
