problem,access,navigate,page_close,video,discussion,wiki
1.75,3.133411905227311,2.93299930663729,3.0558392436106088,1.3485878960124222,2.479675843278332,0.0
