problem,access,navigate,page_close,video,discussion,wiki
2.6513636691975435,2.636965080121902,2.2272170014624826,2.7292469268722117,2.7658246950871774,0,0
