problem,access,navigate,page_close,video,discussion,wiki
2.6328560636920493,2.970509026034043,1.5487949406953985,2.9742158060554797,2.702819531114783,1.3208769653562038,0
