problem,access,navigate,page_close,video,discussion,wiki
1.640724060388877,2.1045568014986022,3.1572682296173893,0.0,1.4652556501132248,2.2939207016488528,1.784159127851422
