problem,access,navigate,page_close,video,discussion,wiki
1.0,2.3373092111357265,2.128085278891394,2.6416041678685938,2.725480556997868,0.0,0
