problem,access,navigate,page_close,video,discussion,wiki
0,2.41379956460568,1.0,2.368522527728207,2.0588138903312014,0,0
