problem,access,navigate,page_close,video,discussion,wiki
2.415957320949175,2.8284930703645585,1.9877733714879842,2.8221819586428722,2.4464393446710155,0.0,0.0
