problem,access,navigate,page_close,video,discussion,wiki
0,3.1291914306674156,2.317507032162851,2.8029100796497266,2.7229074943218796,0,0
