problem,access,navigate,page_close,video,discussion,wiki
3.860523774047958,4.012491099213625,3.2681510597957715,3.9384497930668867,3.995044810558619,2.708694969562842,1.0
