problem,access,navigate,page_close,video,discussion,wiki
3.50731540786805,3.8144560561162235,3.8809119356079806,3.8137488822767125,2.247084753917085,3.1445319922977535,1.0
