problem,access,navigate,page_close,video,discussion,wiki
0,2.559284387862438,2.715270396880037,2.561273623382585,2.2911340331362875,0.0,0
