problem,access,navigate,page_close,video,discussion,wiki
2.0,3.1251087971292772,1.6266888497018317,3.266332639970623,3.2390979179887864,0.0,0.0
