problem,access,navigate,page_close,video,discussion,wiki
0.0,1.6166422780956524,1.0,1.6577427265048887,1.4591479170272448,0.0,0
