problem,access,navigate,page_close,video,discussion,wiki
0.9961344835095796,2.862262960228482,2.606137660667954,2.6497743381389425,2.8797352677511157,0.9182958340544896,0.0
