problem,access,navigate,page_close,video,discussion,wiki
1.2076197058875997,2.256088857713575,1.8676338909712125,1.4591479170272448,0,0.863120568566631,0.0
