problem,access,navigate,page_close,video,discussion,wiki
0,2.5363113150691143,2.510056460356539,2.9219280948873623,1.9143411836123523,1.2638091738835462,0
