problem,access,navigate,page_close,video,discussion,wiki
0.0,3.3479014610774507,3.0923142370125563,3.3783065105340224,2.740103260028584,3.174762476314863,2.2516291673878226
