problem,access,navigate,page_close,video,discussion,wiki
3.3333509153789924,3.943739384397828,3.9561983328100947,3.962273290495966,3.278200517477363,0.9509560484549725,0
