problem,access,navigate,page_close,video,discussion,wiki
0.0,2.098480942344593,2.25,1.8016094970590277,1.851226815897192,0,0
