problem,access,navigate,page_close,video,discussion,wiki
0.0,1.8077635764171944,1.584962500721156,1.7295739585136223,1.4591479170272446,0,0
