problem,access,navigate,page_close,video,discussion,wiki
0.8997437586982626,1.5502835873133534,1.483831706844689,1.1994602933016414,1.0,0.0,0.0
