problem,access,navigate,page_close,video,discussion,wiki
0.0,0.863120568566631,1.8423709931771088,1.3221793455166666,0.8112781244591328,0.0,0.0
