problem,access,navigate,page_close,video,discussion,wiki
2.4462369282430583,3.21158967837015,3.4072682296173893,3.2028516971412726,2.25,2.176908169168578,1.0
