problem,access,navigate,page_close,video,discussion,wiki
0.9709505944546686,3.0439646981425383,1.9219280948873623,3.186278124459133,3.1958468151117176,1.0,0
