problem,access,navigate,page_close,video,discussion,wiki
2.6711796919474975,3.1775587612549776,2.557727778739319,1.9219280948873623,0.9182958340544896,0.0,0
