problem,access,navigate,page_close,video,discussion,wiki
0,1.8339272176418302,2.2312702546075758,0.9182958340544896,1.5,0.0,0
