problem,access,navigate,page_close,video,discussion,wiki
2.4789990674205953,2.9839553522413915,1.4911148500551858,3.147348937189065,2.6213526136130225,0,0.0
