problem,access,navigate,page_close,video,discussion,wiki
2.147020341748818,2.8123790576238945,2.368522527728207,2.963710641914682,2.9185369890791377,1.5,0
