problem,access,navigate,page_close,video,discussion,wiki
1.4607210985246075,3.418980733877957,3.3927474104487847,3.2483650467509033,0,0.994538681650011,0.0
