problem,access,navigate,page_close,video,discussion,wiki
1.5566567074628228,3.191844991948054,2.94770277922009,3.5216406363433186,3.125,0,0
