problem,access,navigate,page_close,video,discussion,wiki
1.0,3.6552007398780155,3.5110854081804277,1.9219280948873623,1.9182958340544893,0,0
