problem,access,navigate,page_close,video,discussion,wiki
0.0,2.2405330040422813,2.2516291673878226,2.1709505944546685,0.0,0,0
