problem,access,navigate,page_close,video,discussion,wiki
1.7900504167841065,2.96208717615022,2.7744998774912792,2.815304154388419,2.452096688995876,1.4056390622295665,0
