problem,access,navigate,page_close,video,discussion,wiki
3.1203140711826878,3.4638585723656803,3.033794020992213,3.4455332505568514,3.3519530742463752,1.0214554656116668,0.9182958340544896
