problem,access,navigate,page_close,video,discussion,wiki
3.0763759650265228,3.5186173936834035,2.7773627950641693,3.0565647621309537,3.1758425228298113,2.4962058480965483,0.0
