problem,access,navigate,page_close,video,discussion,wiki
0.0,2.4453434874572832,1.9219280948873623,2.2988252450030506,2.1556390622295662,0.0,0
