problem,access,navigate,page_close,video,discussion,wiki
0.9940302114769565,2.728857990108783,0.0,2.9870900416203345,2.8225797618424915,0.0,0
