problem,access,navigate,page_close,video,discussion,wiki
0.0,2.763458068960717,3.0075161631024963,2.70143323925505,2.4677201004744993,2.326010197438319,0.0
