problem,access,navigate,page_close,video,discussion,wiki
0.863120568566631,2.9200019239261668,2.7199643047423914,2.9395722619867226,2.472905595320056,0.4262286569981449,0.0
