problem,access,navigate,page_close,video,discussion,wiki
0.9994730201859836,3.9123179810743323,3.4304570255005586,3.8068867611354373,3.625,2.3329145639793976,0
