problem,access,navigate,page_close,video,discussion,wiki
0,1.6858157091530304,1.3092966682370037,1.9182958340544893,1.0,0.0,0.0
