problem,access,navigate,page_close,video,discussion,wiki
2.1619781796795534,3.7844143455571966,3.000961982762677,3.7730498962277945,3.5306390622295662,1.5866986361881041,1.584962500721156
