problem,access,navigate,page_close,video,discussion,wiki
1.974937501201927,2.7423462470504836,2.377443751081734,2.8779034700430115,2.4695083368391986,0.5934003486044382,1.0
