problem,access,navigate,page_close,video,discussion,wiki
0.0,2.4391144718101816,1.7961796919474975,2.2623623773882575,1.3752793655393791,0.0,0
