problem,access,navigate,page_close,video,discussion,wiki
0,2.369276298186941,2.8638263900908156,2.199321020709529,1.5465935642949382,0,0
