problem,access,navigate,page_close,video,discussion,wiki
2.1211274733371868,3.6541096819556786,2.7966138511441443,3.634888822103677,2.9339545780481746,1.0,1.0
