problem,access,navigate,page_close,video,discussion,wiki
1.9972441366392824,3.221167694118001,3.041625614369223,3.3766536620183087,2.803701696057348,0,0
