problem,access,navigate,page_close,video,discussion,wiki
0.6690158350565576,2.1605621508940507,1.8248169862168617,2.1556390622295662,2.213660689688186,0.0,1.0
