problem,access,navigate,page_close,video,discussion,wiki
0.0,2.945562589263207,3.1556390622295662,2.7942385860214762,1.9182958340544896,0.0,0
