problem,access,navigate,page_close,video,discussion,wiki
0,2.1867043459100244,1.584962500721156,2.0,1.4911148500551858,0,0
