problem,access,navigate,page_close,video,discussion,wiki
0.5916727785823275,2.7706716667454288,2.4464393446710155,2.666948741091983,2.3993974703476995,1.5644050517413437,0.0
