problem,access,navigate,page_close,video,discussion,wiki
0.9940302114769565,3.7394815180517136,3.4613201402110083,3.7483943455364037,3.238901256602631,1.5,0
