problem,access,navigate,page_close,video,discussion,wiki
0,2.469508336839199,1.5709505944546687,2.0464393446710156,1.8464393446710154,0.0,0
