problem,access,navigate,page_close,video,discussion,wiki
0.8112781244591328,3.2372832690190654,3.1164085657700444,1.9219280948873623,2.5249449750847117,1.9124084931084306,0
