problem,access,navigate,page_close,video,discussion,wiki
0.0,2.109321308633267,1.9502120649147465,2.356148933685849,1.8365916681089791,0,0
