problem,access,navigate,page_close,video,discussion,wiki
1.360388077926312,2.386777331373678,2.2810361125534238,2.521640636343318,2.0403733936884962,0.0,0
