problem,access,navigate,page_close,video,discussion,wiki
1.491013870758994,2.0720283170781166,1.3709505944546687,0,0,0.3095434291503252,0.0
