problem,access,navigate,page_close,video,discussion,wiki
0.7219280948873623,2.8141063109749718,0.7219280948873623,2.76013139325773,2.8150724101159437,0.9182958340544896,0
