problem,access,navigate,page_close,video,discussion,wiki
2.3363778928727914,3.477473257635081,3.1237917102166537,2.4193819456463714,3.0186776522021814,1.59306920777189,1.584962500721156
