problem,access,navigate,page_close,video,discussion,wiki
0,1.8656052882532657,1.8464393446710154,2.0948567835487384,1.9057584610289318,0.0,0
