problem,access,navigate,page_close,video,discussion,wiki
0.863120568566631,2.885173741104419,2.5995812306460646,2.8287951420674817,2.5272077403659856,0,0
