problem,access,navigate,page_close,video,discussion,wiki
0.0,2.2343087714219076,1.2516291673878228,2.351189446839949,2.4414460711655215,0,0
