problem,access,navigate,page_close,video,discussion,wiki
2.187740537319004,3.329859307656074,2.777262805593349,3.227558006021377,1.8423709931771086,1.5841600771843276,0.0
