problem,access,navigate,page_close,video,discussion,wiki
1.5304930567574826,2.9292292966721747,2.25,2.9659573209491743,2.6612262562697895,0,0
