problem,access,navigate,page_close,video,discussion,wiki
0.7642045065086203,1.936278124459133,1.0,2.058813890331201,1.6644977792004614,0,0
