problem,access,navigate,page_close,video,discussion,wiki
2.2516291673878226,3.1776150026019354,2.5503407095463886,2.8598790287368607,2.6895253832100687,0.0,0
