problem,access,navigate,page_close,video,discussion,wiki
1.5195137292287932,2.222754299595702,1.3221793455166666,2.2405330040422813,2.133937566094917,0.0,0.0
