problem,access,navigate,page_close,video,discussion,wiki
0.9910760598382222,1.4572659136233872,1.0,2.197159723424149,1.584962500721156,0,0
