problem,access,navigate,page_close,video,discussion,wiki
0.0,3.483986281153606,3.1531071683628116,3.4695767463163936,2.8221819586428727,2.2220964224379327,0.0
