problem,access,navigate,page_close,video,discussion,wiki
0,2.3553885422075336,1.4591479170272448,2.2516291673878226,1.584962500721156,0,0
