problem,access,navigate,page_close,video,discussion,wiki
2.0,2.2128867643171537,1.5,2.3550849518197796,2.217021885879718,0.0,0
