problem,access,navigate,page_close,video,discussion,wiki
0.0,3.109898128338916,2.2359263506290326,2.8480747815944305,2.5424826938097276,0,0
