problem,access,navigate,page_close,video,discussion,wiki
0,1.781937063546704,2.0,1.6767370300521325,1.4488156357251847,0,0
