problem,access,navigate,page_close,video,discussion,wiki
0.9940302114769565,3.3900195757638105,2.3553885422075336,3.271218447576994,3.124664819533709,0.9321115676166747,1.0
