problem,access,navigate,page_close,video,discussion,wiki
0.0,1.964133874733276,2.2516291673878226,2.5634500543076904,2.8729055953200557,0.0,0
