problem,access,navigate,page_close,video,discussion,wiki
1.5203750945933545,1.4949188482339508,2.2359263506290326,0.0,0,1.5306189948485172,0
