problem,access,navigate,page_close,video,discussion,wiki
0.9629004147713269,2.60076067439255,1.789929075309999,1.5,1.0,1.0,0
