problem,access,navigate,page_close,video,discussion,wiki
0.9977724720899821,3.09940275924382,2.7744019192887706,1.0,1.0,0.9912642605354289,0.0
