problem,access,navigate,page_close,video,discussion,wiki
1.4355205042826666,4.132749346467264,2.610577243331642,4.183768266288633,3.868453957701921,0.9182958340544896,0.0
