problem,access,navigate,page_close,video,discussion,wiki
2.6416041678685933,3.501455865949047,2.9345608142862893,3.5476937375845106,3.1775662320965252,0.0,0.0
