problem,access,navigate,page_close,video,discussion,wiki
0,2.5941178916311856,2.321928094887362,2.355388542207534,2.5,0,0
