problem,access,navigate,page_close,video,discussion,wiki
3.9212625065348057,4.407126703825265,4.193251944848282,4.377490047197013,4.283937523939237,3.514030106137772,1.0
