problem,access,navigate,page_close,video,discussion,wiki
1.402081402756032,2.3865991419917636,2.4193819456463714,2.55700273142711,1.7527152789797045,1.5566567074628228,0
