problem,access,navigate,page_close,video,discussion,wiki
1.5045898867645668,2.312734542947987,2.4508257945180882,2.2310338925574227,0.7793498372920852,0.0,1.3221793455166666
