problem,access,navigate,page_close,video,discussion,wiki
1.0,2.740646397202131,1.3787834934861753,2.169925001442312,2.133937566094917,0,0
