problem,access,navigate,page_close,video,discussion,wiki
0,3.0086976658694047,3.3416303588849137,2.927876901096793,0.0,1.765957320949175,0
