problem,access,navigate,page_close,video,discussion,wiki
1.5085735339754032,1.7319701290638492,1.1488348542809166,1.8163401138534079,1.3787834934861756,0,0
