problem,access,navigate,page_close,video,discussion,wiki
2.1249333756040762,2.108851970521006,1.9182958340544896,1.5,0,0,0
