problem,access,navigate,page_close,video,discussion,wiki
1.0,3.636463739000125,3.52257158913636,3.0220552088742,0.0,0,0
