problem,access,navigate,page_close,video,discussion,wiki
1.922023142851573,3.073934896284056,2.6079331747192502,2.9842341646524884,1.5,0,0.0
