problem,access,navigate,page_close,video,discussion,wiki
1.5147239826031003,3.2162695435209057,3.226678197056295,2.251629167387823,0.0,0.8904916402194913,0.0
