problem,access,navigate,page_close,video,discussion,wiki
1.224394445405986,1.9322381921018907,1.5709505944546687,1.8608288771249426,1.6500224216483543,0.8112781244591328,0.21639693245126462
