problem,access,navigate,page_close,video,discussion,wiki
0,1.825605199016944,1.5219280948873621,2.2312702546075758,2.128085278891394,0.9182958340544896,0.0
