problem,access,navigate,page_close,video,discussion,wiki
0.9182958340544896,2.218846363733215,1.6577427265048887,2.1492553971685,2.0403733936884962,0.0,0.0
