problem,access,navigate,page_close,video,discussion,wiki
0,1.9922718576118206,2.004886164091843,1.850347023215099,1.5,0,0
