problem,access,navigate,page_close,video,discussion,wiki
0.0,2.831668675276589,2.974937501201927,2.9638096525384383,1.0,1.6140054628542204,0.0
