problem,access,navigate,page_close,video,discussion,wiki
0,1.4926140680171256,1.9219280948873623,1.6854752972273344,0.0,0.0,0
