problem,access,navigate,page_close,video,discussion,wiki
0.0,2.453325260833937,2.684017280829845,1.982466207162797,1.9139919940326258,1.788341339656749,0.0
