problem,access,navigate,page_close,video,discussion,wiki
3.1010613104278892,3.8153996351366932,3.6441200678671155,1.0,3.6120825911453283,2.8392371208311316,0
