problem,access,navigate,page_close,video,discussion,wiki
2.2064688230730516,2.544431096501954,2.7052290027422967,2.448292500450094,1.8423709931771084,0.8739810481273578,0.0
