problem,access,navigate,page_close,video,discussion,wiki
0.0,2.5510173642897036,2.2516291673878226,0.8112781244591328,0.0,0,0
