problem,access,navigate,page_close,video,discussion,wiki
0.7918583525674836,1.1752835873133534,1.0,0.0,0,0.954434002924965,0
