problem,access,navigate,page_close,video,discussion,wiki
2.789113297462513,3.2508195929670047,2.625814583693911,3.4165156243414536,3.2550175018502423,2.534826985380358,0
