problem,access,navigate,page_close,video,discussion,wiki
0.9967916319816366,1.9547541343536352,1.5,1.895461844238322,1.7295739585136223,0.0,0
