problem,access,navigate,page_close,video,discussion,wiki
3.7157226027043704,3.7196183061373613,2.4164997849817103,3.026285819033843,3.3342535944494163,2.981953294686447,0.0
