problem,access,navigate,page_close,video,discussion,wiki
0,1.895461844238322,1.224394445405986,2.2359263506290326,2.0,0.0,0.0
