problem,access,navigate,page_close,video,discussion,wiki
2.946387519131128,3.2369915370383255,3.0276327405541132,3.1657965509577943,3.0023879697121525,1.6779842806377734,0.0
