problem,access,navigate,page_close,video,discussion,wiki
0,1.9544340029249652,1.9219280948873623,2.1709505944546685,1.5219280948873621,0,0
