problem,access,navigate,page_close,video,discussion,wiki
1.9329145639793976,2.699513850319966,1.9219280948873623,3.080500530640267,2.5849625007211565,0,0
