problem,access,navigate,page_close,video,discussion,wiki
0.8453509366224365,2.0713451397302376,2.197159723424149,2.4464393446710155,2.321928094887362,0.6193821946787638,0
