problem,access,navigate,page_close,video,discussion,wiki
3.713570058687351,3.87532920477389,3.4129137594573957,3.6406855690125686,3.5472089308811565,3.3405031907259355,1.0
