problem,access,navigate,page_close,video,discussion,wiki
1.561278124459133,2.4393538721672012,1.9808259362290785,2.481714572986073,2.4464393446710155,1.5,1.5
