problem,access,navigate,page_close,video,discussion,wiki
0,1.856952269213598,2.287783719941071,1.93012496531497,1.792481250360578,0.863120568566631,0
