problem,access,navigate,page_close,video,discussion,wiki
1.345963744443785,2.8348791353911116,3.202819531114783,2.9210296217376146,0.5916727785823275,0.0,0
