problem,access,navigate,page_close,video,discussion,wiki
2.256564762130954,3.1607040210831654,3.0385623360756298,3.1678875312214516,2.905764584655453,0.6500224216483541,0.0
