problem,access,navigate,page_close,video,discussion,wiki
1.0971245697587872,2.0235431037220284,2.188721875540867,0.9182958340544896,0.0,0.0,0
