problem,access,navigate,page_close,video,discussion,wiki
0.5787946246321198,1.517528789399,0.0,0.0,0.6500224216483541,0.0,0
