problem,access,navigate,page_close,video,discussion,wiki
0.7755126581331477,2.342069777846378,2.75,2.0,2.4040097573248604,0.0,0
