problem,access,navigate,page_close,video,discussion,wiki
2.9102947705778717,2.6007615268959325,2.0705934438130758,2.6412809617884183,2.7181390622295662,0.8524051786494786,0
