problem,access,navigate,page_close,video,discussion,wiki
0,1.8423709931771084,1.8773870642966133,1.6644977792004614,0.0,0.5916727785823275,0.0
