problem,access,navigate,page_close,video,discussion,wiki
1.5,2.1054105870684143,0.7219280948873623,1.6774212838293647,1.6854752972273344,0.0,0.0
