problem,access,navigate,page_close,video,discussion,wiki
1.5566567074628228,1.998050937146914,0.0,1.9903513586196353,1.5,0,0
