problem,access,navigate,page_close,video,discussion,wiki
0.0,3.3126027619314264,2.1867043459100244,2.747167197306934,2.75,0,0
