problem,access,navigate,page_close,video,discussion,wiki
0.4262286569981449,2.2204004808343614,2.2359263506290326,1.7448425317532439,1.3516441151533924,0,0.0
