problem,access,navigate,page_close,video,discussion,wiki
0,2.3941776023878507,2.3219280948873626,2.397474257757359,1.9219280948873623,0,0
