problem,access,navigate,page_close,video,discussion,wiki
2.4294651474420044,3.491965185928703,3.5145450044807234,3.422068712617148,2.8865451235745474,0.5435644431995964,0
