problem,access,navigate,page_close,video,discussion,wiki
0.9182958340544896,3.1052895290653817,3.1556390622295662,1.8423709931771084,2.5916885408091463,0.9182958340544896,0.0
