problem,access,navigate,page_close,video,discussion,wiki
0.0,0.28639695711595625,0.5435644431995964,0.5435644431995964,0.0,0.0,0.0
