problem,access,navigate,page_close,video,discussion,wiki
0,1.3346791410515948,1.2516291673878228,1.3787834934861753,0.0,0,0
