problem,access,navigate,page_close,video,discussion,wiki
1.5009550787843395,3.4408836283937703,2.827819531114783,3.3573523088655137,2.737129989315889,0.0,0
