problem,access,navigate,page_close,video,discussion,wiki
3.058984089445427,3.3015402297838694,2.473072414373093,3.6535714354857918,3.426616045880948,0.0,0.0
