problem,access,navigate,page_close,video,discussion,wiki
1.295461844238322,1.8778867313886056,0.0,0.0,0.7219280948873623,0,0
