problem,access,navigate,page_close,video,discussion,wiki
2.9236357012959266,3.6342176851586565,3.575910596186653,3.634744907975647,3.3409909789689616,2.6187561956882854,1.584962500721156
