problem,access,navigate,page_close,video,discussion,wiki
1.3353605979479541,2.2186039307663195,1.792481250360578,2.427501949976853,2.368522527728207,0.0,1.0
