problem,access,navigate,page_close,video,discussion,wiki
2.048542139499064,2.8581184630979695,2.99894621977465,2.755057619938307,1.0,0.0,0
