problem,access,navigate,page_close,video,discussion,wiki
0.0,2.1020906748558494,2.1556390622295662,1.9182958340544893,1.5,0.5435644431995964,0.0
