problem,access,navigate,page_close,video,discussion,wiki
2.746324702965582,3.460093852944516,4.196701805330019,3.542360914989797,2.6995138503199656,4.203512289093043,1.4591479170272448
