problem,access,navigate,page_close,video,discussion,wiki
0,1.7967916319816366,1.4488156357251847,1.3716407621868583,1.617189572592715,0.0,0
