problem,access,navigate,page_close,video,discussion,wiki
0.863120568566631,1.6644977792004612,2.4182958340544896,0.9709505944546686,0,0,0
