problem,access,navigate,page_close,video,discussion,wiki
1.988794959084673,2.7298542659065004,1.9219280948873623,2.6312929881819005,2.5887791855917497,1.8622157852947445,0
