problem,access,navigate,page_close,video,discussion,wiki
1.0,3.069990075233496,2.8352377453121176,2.1709505944546685,2.5216406363433186,0.0,0
