problem,access,navigate,page_close,video,discussion,wiki
3.371699580193101,3.537295079086613,4.00718643076357,3.5375006667533464,3.293140089458574,2.7059755670855408,0.0
