problem,access,navigate,page_close,video,discussion,wiki
0,2.6608009529163636,2.121276357834812,2.5524429317483417,0.6500224216483541,0.0,0
