problem,access,navigate,page_close,video,discussion,wiki
1.6670542781173159,2.3245281066474774,2.5,2.5282129458410014,0.0,0.0,0
