problem,access,navigate,page_close,video,discussion,wiki
2.7192945256669794,3.0466015029569355,2.4729055953200563,3.4316235658474303,0,1.8453509366224365,0.0
