problem,access,navigate,page_close,video,discussion,wiki
2.397189911439483,3.4976450226564157,3.392147223664534,2.1709505944546685,1.0,0,0
