problem,access,navigate,page_close,video,discussion,wiki
0.0,1.5341889905464643,1.9219280948873623,1.5461796919474975,1.4488156357251847,0,0
