problem,access,navigate,page_close,video,discussion,wiki
1.8954618442383218,2.8232735237637345,2.6601297526332566,2.775750548500278,2.9540036423298544,0.8112781244591328,0.0
