problem,access,navigate,page_close,video,discussion,wiki
0.0,2.8072779342281775,2.5032583347756456,2.8537196970758525,1.7295739585136223,0,1.5219280948873621
