problem,access,navigate,page_close,video,discussion,wiki
1.8071009668378561,3.338131074529052,3.434560814286289,3.5215300414675315,3.042074588267465,2.1868085945630504,0
