problem,access,navigate,page_close,video,discussion,wiki
1.0,3.1423796004690154,2.4613201402110083,2.8972140843660323,2.827819531114783,0,0
