problem,access,navigate,page_close,video,discussion,wiki
3.5733278616015567,3.3441034634897586,1.9717472571281807,3.2487369899719627,2.8787599204576466,0,0
