problem,access,navigate,page_close,video,discussion,wiki
0.0,1.7527152789797047,1.5566567074628228,1.4488156357251847,0.9182958340544896,0,0
