problem,access,navigate,page_close,video,discussion,wiki
2.952819531114783,3.2675520166049523,2.8870964478055785,3.546439344671015,2.8150724101159437,0.0,0.6840384356390417
