problem,access,navigate,page_close,video,discussion,wiki
0,2.618633046516737,1.9182958340544893,2.702819531114783,2.725480556997868,0,0
