problem,access,navigate,page_close,video,discussion,wiki
0.0,2.137144614771506,1.224394445405986,2.561848239589024,2.3234526691358925,0,0
