problem,access,navigate,page_close,video,discussion,wiki
1.956066972363038,3.7218252881212983,3.2002886706435762,2.396782221599798,2.5,0.4394969869215134,0.0
