problem,access,navigate,page_close,video,discussion,wiki
1.727032061768254,3.3526573697774427,3.101820860051412,2.6252508969759463,1.9211796919474975,0.5916727785823275,0.0
