problem,access,navigate,page_close,video,discussion,wiki
0.0,2.2594705707972524,1.823067982273661,2.2280722251069975,1.4056390622295665,1.4466479595102752,0.0
