problem,access,navigate,page_close,video,discussion,wiki
0.9967916319816366,2.7019878127621784,1.5,2.625807235905091,2.6724876891689533,0,0
