problem,access,navigate,page_close,video,discussion,wiki
0.0,2.9329743775204555,1.962806631693174,1.9219280948873623,1.0,0.0,0
