problem,access,navigate,page_close,video,discussion,wiki
1.8879185026711327,3.0109768596329824,0.0,1.584962500721156,1.0,0,0
