problem,access,navigate,page_close,video,discussion,wiki
3.118923738188641,4.068809667551592,3.0,4.11062670603501,3.8918040402872447,0.5032583347756457,0
