problem,access,navigate,page_close,video,discussion,wiki
0,1.8496017527145814,1.3567796494470397,1.4911148500551856,0.6500224216483541,0.0,0
