problem,access,navigate,page_close,video,discussion,wiki
1.7346929389890435,2.8002431078306382,2.6657769146135104,2.86687917781418,2.854693951646702,0.9798687566511528,0.0
