problem,access,navigate,page_close,video,discussion,wiki
0.6500224216483541,2.3029187033874186,1.773011489738988,2.3559130951758247,2.260820318171659,1.7609640474436812,1.2516291673878228
