problem,access,navigate,page_close,video,discussion,wiki
0.9182958340544896,2.357157796112037,2.186704345910025,2.5178805866665384,2.4314505466145167,0,0
