problem,access,navigate,page_close,video,discussion,wiki
0,0.9910760598382222,1.3221793455166666,0.8112781244591328,1.0,0,0
