problem,access,navigate,page_close,video,discussion,wiki
2.1809452990539384,3.2467701614969795,2.3718956694089632,2.5,2.5216406363433186,0.0,0.0
