problem,access,navigate,page_close,video,discussion,wiki
1.162578214735809,2.0558585222589945,1.4488156357251847,2.0713451397302376,2.2062389286533897,0.0,0.0
