problem,access,navigate,page_close,video,discussion,wiki
0,2.880518887020688,2.807354922057604,2.1493974703476995,2.2312702546075758,0,0
