problem,access,navigate,page_close,video,discussion,wiki
0,2.6714083379810867,0.0,2.4885548621928453,0.9852281360342516,0,0
