problem,access,navigate,page_close,video,discussion,wiki
1.224394445405986,2.257906570104942,2.25,2.4370658315190226,1.584962500721156,0.0,0
