problem,access,navigate,page_close,video,discussion,wiki
0.9182958340544896,1.8062389286533895,0.4394969869215134,0.9182958340544896,0,1.8423709931771084,0.0
