problem,access,navigate,page_close,video,discussion,wiki
2.0403733936884962,3.569798474927363,0.0,3.263010652626657,3.355834261022085,0.0,0
