problem,access,navigate,page_close,video,discussion,wiki
0,1.6171895725927152,1.061278124459133,2.2359263506290326,1.5,0,0
