problem,access,navigate,page_close,video,discussion,wiki
1.9502120649147465,3.72380270721246,3.1813663288914587,3.639172474643377,2.7232196723355075,3.558906628697545,0.0
