problem,access,navigate,page_close,video,discussion,wiki
0,2.5654483718208256,2.584962500721156,2.5216406363433186,0,0,0
