problem,access,navigate,page_close,video,discussion,wiki
0.0,2.609350487870193,2.3219280948873626,2.7229414447519296,2.1180782093497093,1.2108100261060328,0.0
