problem,access,navigate,page_close,video,discussion,wiki
2.4745528751702013,3.1041853593986843,2.994108495873069,3.2530737989029177,2.2479275134435857,2.43503565746928,1.0
