problem,access,navigate,page_close,video,discussion,wiki
1.552979662642136,4.119387448670267,2.725902245718536,4.1122652132357,3.9620315910594455,0.0,0.0
