problem,access,navigate,page_close,video,discussion,wiki
1.565596230357602,3.2619408340695784,2.721928094887362,3.321928094887362,1.792481250360578,0.9182958340544896,0
