problem,access,navigate,page_close,video,discussion,wiki
0.6500224216483541,2.166385158953432,2.321928094887362,2.411327877376861,2.063458298648303,0.0,0.0
