problem,access,navigate,page_close,video,discussion,wiki
0.0,2.229428627021692,1.811278124459133,2.4863286677871854,2.2359263506290326,0,0
