problem,access,navigate,page_close,video,discussion,wiki
0.0,2.403784238571645,2.0,0.9182958340544896,0.9182958340544896,0,0
