problem,access,navigate,page_close,video,discussion,wiki
0.9182958340544896,3.490190206853406,3.006238928653389,3.2085638219175654,0,0.0,1.0
