problem,access,navigate,page_close,video,discussion,wiki
1.9997877191848734,2.545135895010749,0.9709505944546686,2.5842953160960103,2.472905595320056,0,0
