problem,access,navigate,page_close,video,discussion,wiki
2.1172585875880228,3.18730218386995,1.4949188482339508,3.3628997129389355,3.495574960495609,0.9798687566511528,1.0
