problem,access,navigate,page_close,video,discussion,wiki
1.2987949406953985,3.4191924664587514,2.781398149750718,3.4532503422262035,2.950212064914747,0,0.0
