problem,access,navigate,page_close,video,discussion,wiki
2.3475065031305893,3.032403561430246,2.0324876891689536,3.1277408302018124,0,1.6076294920868501,0.24229218908241482
