problem,access,navigate,page_close,video,discussion,wiki
2.8991662905699465,2.6103048652364222,3.4193819456463714,2.6625056054120884,1.8322488896002305,2.2576068788115964,0
