problem,access,navigate,page_close,video,discussion,wiki
0.8112781244591328,3.734152273931733,2.5,3.447647237111874,2.8142383611082504,1.0,0
