problem,access,navigate,page_close,video,discussion,wiki
0.6665783579949205,3.159713293280956,2.1124876891689532,3.25266365050263,2.9411301067238367,1.4604846813131116,1.0
