problem,access,navigate,page_close,video,discussion,wiki
3.304456363098009,4.167093140271316,2.2464393446710154,3.05701448917184,2.7414460711655217,0,0
