problem,access,navigate,page_close,video,discussion,wiki
3.1368715751955176,3.6653793281856006,3.4251185503571397,3.6927652503315294,3.3973683589017414,0.0,0
