problem,access,navigate,page_close,video,discussion,wiki
1.5306189948485172,2.3416091504571166,2.0464393446710156,2.353533948577482,1.8423709931771084,0.5435644431995964,1.0
