problem,access,navigate,page_close,video,discussion,wiki
2.1800365325772657,3.613167261458099,3.7843684875968613,3.428418003796345,2.607861226141998,2.5492553971685,0
