problem,access,navigate,page_close,video,discussion,wiki
0,1.5510981710072647,0.7219280948873623,1.8464393446710154,1.0,0,0
