problem,access,navigate,page_close,video,discussion,wiki
0.0,1.24007984991827,2.0403733936884962,1.4411535278793055,1.4355205042826666,0.0,0.0
