problem,access,navigate,page_close,video,discussion,wiki
1.6068206182140734,3.15553828887646,1.7799500009615414,1.2516291673878228,1.3787834934861753,0.0,0.0
