problem,access,navigate,page_close,video,discussion,wiki
0.0,2.6978458230844127,1.3709505944546687,2.663532754804255,0.0,0.0,0
