problem,access,navigate,page_close,video,discussion,wiki
2.807354922057604,3.4713361217994394,3.382568083276077,2.6760463489779847,2.4961268547517808,0,0
