problem,access,navigate,page_close,video,discussion,wiki
1.7723388509380997,3.446753018338759,3.177566232096525,3.4127103303925637,2.7550576199383072,0,0.0
