problem,access,navigate,page_close,video,discussion,wiki
3.4908884602816643,3.7272024715316547,3.6420266905186516,2.125814583693911,2.345851989338261,2.4737205450100426,0.0
