problem,access,navigate,page_close,video,discussion,wiki
2.203740601903867,3.151131777519905,3.4991695476615083,2.945471286908548,1.181899057917561,2.1916116417513787,0.0
