problem,access,navigate,page_close,video,discussion,wiki
2.4772170014624826,2.4983175093348478,2.0,2.4428621651554665,2.4116022179746714,0.0,0
