problem,access,navigate,page_close,video,discussion,wiki
0.0,1.7283060568217474,1.7730445481524968,1.6650473349840273,0,1.5077577608066894,0.9709505944546686
