problem,access,navigate,page_close,video,discussion,wiki
2.1394098276068307,3.315917390221917,2.723669398093777,3.236088983676863,0,2.4696704873718613,0.0
