problem,access,navigate,page_close,video,discussion,wiki
2.425745263110179,3.2847495023789275,1.5,1.5566567074628228,1.5,0.0,0
