problem,access,navigate,page_close,video,discussion,wiki
0.8812908992306927,2.4519325792170332,1.9219280948873623,2.1339375660949167,1.7924812503605778,0,0
