problem,access,navigate,page_close,video,discussion,wiki
1.5566567074628228,2.7090045246636034,3.2516291673878226,2.46181436740094,1.884313527799799,0.0,0
