problem,access,navigate,page_close,video,discussion,wiki
2.52902557364365,2.820903440680585,2.4996981431844145,2.8788765858561836,2.6967788068829472,2.368229950913056,1.1433201021277661
