problem,access,navigate,page_close,video,discussion,wiki
2.105349475617027,2.9516780961254945,2.5974168451037087,2.9492553971685003,2.452819531114783,0.0,0.9182958340544896
