problem,access,navigate,page_close,video,discussion,wiki
0,1.8577174691301483,1.584962500721156,1.836591668108979,1.8423709931771084,0,0
