problem,access,navigate,page_close,video,discussion,wiki
1.4970151057384782,1.541982284286398,1.5461796919474975,1.5262349099495225,1.561278124459133,0.0,0.0
