problem,access,navigate,page_close,video,discussion,wiki
2.7991660706481927,3.854672186928789,2.617492461184755,3.968507380904427,3.7110738960586116,2.1339375660949167,0
