problem,access,navigate,page_close,video,discussion,wiki
2.5424826938097276,2.1892923256909462,2.0758692966977272,2.2333637081183717,2.05632607578088,1.6954285283113,0.9182958340544896
