problem,access,navigate,page_close,video,discussion,wiki
1.6586731139754265,3.2805693297292455,2.885103877330988,3.3156588043508206,3.0000923186179653,2.0477256086869073,0
