problem,access,navigate,page_close,video,discussion,wiki
2.0762893592941096,3.530996162573349,3.2248809498103124,3.432062623806543,3.265700829881032,1.1424850025216093,0.0
