problem,access,navigate,page_close,video,discussion,wiki
0.9709505944546686,2.7020710147055573,2.0,2.57243125132212,2.6550505394177746,0,0
