problem,access,navigate,page_close,video,discussion,wiki
1.4591479170272448,3.426321949208533,2.284476351041122,3.4097499993447755,3.3680424225727155,0.0,0.0
