problem,access,navigate,page_close,video,discussion,wiki
1.4591479170272448,3.21568302562827,2.80649852879183,3.221876577634201,2.9685331496285645,1.584962500721156,0
