problem,access,navigate,page_close,video,discussion,wiki
1.9379742052341322,2.8785278470936255,2.120952031026403,3.0039004409729566,2.5164222466913486,0.961236604722876,0.0
