problem,access,navigate,page_close,video,discussion,wiki
1.8325808961691767,2.691270621732527,2.0464393446710156,1.8980933736695382,1.5,0.0,0
