problem,access,navigate,page_close,video,discussion,wiki
2.4165845476727745,3.876530183944009,3.327567157116928,3.6923063568253585,3.4349313821388194,1.744279509637912,1.0
