problem,access,navigate,page_close,video,discussion,wiki
0.2580186686648155,1.8881261241927627,1.8910611120726526,2.1280852788913944,2.0,0.0,0
