problem,access,navigate,page_close,video,discussion,wiki
1.5766212201074912,1.7826701080870337,1.5219280948873621,1.752715278979705,1.4353713907745331,0.0,0
