problem,access,navigate,page_close,video,discussion,wiki
0.0,2.7524876891689534,1.5219280948873621,1.584962500721156,1.584962500721156,0,0
