problem,access,navigate,page_close,video,discussion,wiki
0.7706290693639405,3.071511449853599,3.0,3.337677779700861,3.11353886979926,0.0,0
