problem,access,navigate,page_close,video,discussion,wiki
2.1311772582376163,3.332909350842959,2.6699971757481116,2.0,2.0,2.4243567168942253,1.8919954870390203
