problem,access,navigate,page_close,video,discussion,wiki
2.6929107668339975,3.544310187364058,3.0789419758097494,2.4193819456463714,3.1924178467769693,2.0318213340928555,1.0
