problem,access,navigate,page_close,video,discussion,wiki
0,1.8256051990169437,2.689246428509158,1.8423709931771088,1.5219280948873621,0,0
