problem,access,navigate,page_close,video,discussion,wiki
0.74959525725948,3.5706240932075435,3.6578326677160917,2.688721875540867,2.9348486136508467,3.8532559238620716,1.0
