problem,access,navigate,page_close,video,discussion,wiki
0,1.188721875540867,0.0,1.2516291673878228,0.8112781244591328,0,0
