problem,access,navigate,page_close,video,discussion,wiki
1.4616022689565504,2.482330892038569,3.1556390622295662,1.9219280948873623,2.6031579868726,0.0,0
