problem,access,navigate,page_close,video,discussion,wiki
0.0,2.3083048425790493,2.0086949695628418,2.186704345910025,1.0,0.0,0.0
