problem,access,navigate,page_close,video,discussion,wiki
1.1579822143139986,3.35414230481219,2.6332062193464947,3.0136606896881855,2.6612262562697895,0.8112781244591328,0
