problem,access,navigate,page_close,video,discussion,wiki
0,1.7739119513005472,0.9182958340544896,1.633731420642133,1.8464393446710154,0,0
