problem,access,navigate,page_close,video,discussion,wiki
1.1770225546116342,3.3263716068392495,2.2998963911678914,2.9956029237290127,3.1276204074720737,0.0,0.0
