problem,access,navigate,page_close,video,discussion,wiki
0.0,2.4664732304267543,1.5566567074628228,1.584962500721156,1.0,0.0,0
