problem,access,navigate,page_close,video,discussion,wiki
1.836591668108979,1.8918275963087599,0.0,2.0481110671281466,1.9016094970590274,0,0
