problem,access,navigate,page_close,video,discussion,wiki
2.2884504573082896,3.439259458157342,3.369709076723632,1.8423709931771086,2.521640636343318,2.837476406575086,1.626688849701832
