problem,access,navigate,page_close,video,discussion,wiki
2.1713600874958074,3.4379534136397933,3.0960639591685455,2.584962500721156,1.8423709931771088,2.2304194359942193,0.0
