problem,access,navigate,page_close,video,discussion,wiki
0.0,2.6232955140329417,3.239097917988786,2.7016094970590276,1.792481250360578,0.0,0
