problem,access,navigate,page_close,video,discussion,wiki
1.4488156357251847,3.147348781633051,2.6812763696025814,1.0,0.0,1.5294283316328894,1.295461844238322
