problem,access,navigate,page_close,video,discussion,wiki
1.2406705316766886,2.252184177620466,2.378783493486176,2.2567796494470396,1.760495029766198,0.7642045065086203,0.9182958340544896
