problem,access,navigate,page_close,video,discussion,wiki
0.0,2.139097655573916,2.418295834054489,2.4193819456463714,2.0,0,0
