problem,access,navigate,page_close,video,discussion,wiki
0.0,1.681983845487279,1.0,2.0234651896016476,2.0419460322060456,0,0
