problem,access,navigate,page_close,video,discussion,wiki
0,2.1368005201485647,2.420503832755769,2.1219280948873624,1.0,0.9182958340544896,1.0
