problem,access,navigate,page_close,video,discussion,wiki
1.5530353969896922,3.080676520608041,3.189275070710713,2.7908213889935305,2.469694697204492,0.8571484374283715,0.9182958340544896
