problem,access,navigate,page_close,video,discussion,wiki
0,3.420961970524708,3.039148671903071,3.0849625007211556,3.0957952550009344,0,0
