problem,access,navigate,page_close,video,discussion,wiki
2.0553020824479646,2.346413931530835,2.6942654584201033,2.280174767478525,2.022000516883153,0.9975025463691153,0
