problem,access,navigate,page_close,video,discussion,wiki
0.0,2.5522621971801174,2.1280852788913944,2.1211274733371868,0.9182958340544896,0,0
