problem,access,navigate,page_close,video,discussion,wiki
2.0566416671474372,3.0338314428046997,2.984183719779189,2.981765169536535,1.9219280948873623,0.0,0.0
