problem,access,navigate,page_close,video,discussion,wiki
0.0,1.0,0.6500224216483541,0.9927744539878084,0.5032583347756457,0.0,0
