problem,access,navigate,page_close,video,discussion,wiki
2.838796390747765,3.2917412353597357,2.821928094887362,3.469438760018037,2.682588730501833,0.0,0
