problem,access,navigate,page_close,video,discussion,wiki
1.8426888601471614,2.2006654255234506,1.784159127851422,1.5510981710072647,0.0,0,0
