problem,access,navigate,page_close,video,discussion,wiki
0.6500224216483541,1.924174352300441,2.0,1.9219280948873623,0.9182958340544896,0,0
