problem,access,navigate,page_close,video,discussion,wiki
0.6769759597680174,2.242641660099713,2.440223928941852,0,1.5,0,0
