problem,access,navigate,page_close,video,discussion,wiki
0.0,3.377166846341841,2.663532754804255,3.146439344671015,2.4464393446710155,1.5430185008706274,0
