problem,access,navigate,page_close,video,discussion,wiki
0.9366673818775625,1.5588718484453603,1.5304930567574826,0.0,0,0.0,0
