problem,access,navigate,page_close,video,discussion,wiki
2.907425362371129,3.2924266590688878,3.3735572622751864,3.5621722254463646,3.12088669858215,0,0
