problem,access,navigate,page_close,video,discussion,wiki
0.0,2.2841591278514217,0.7219280948873623,2.0,2.0,0.8366407419411673,0.0
