problem,access,navigate,page_close,video,discussion,wiki
1.801321457838236,2.936588098845719,2.511542797314143,2.7219280948873625,1.75,1.5715416718219246,1.0
