problem,access,navigate,page_close,video,discussion,wiki
0,2.221251836004466,0,2.3219280948873626,2.3219280948873626,0,0
