problem,access,navigate,page_close,video,discussion,wiki
0.0,2.976095751363222,2.584962500721156,2.914689224164245,2.8221819586428727,0,0
