problem,access,navigate,page_close,video,discussion,wiki
0.6840384356390417,2.045445725840082,1.823067982273661,0.9182958340544896,0.9182958340544896,0,0.0
