problem,access,navigate,page_close,video,discussion,wiki
0.9957274520849256,2.4424117329910096,2.984234164652489,2.4046784730635706,0.0,0,0
