problem,access,navigate,page_close,video,discussion,wiki
2.1248277845555306,3.3980729829319287,2.85274578087187,3.0582946587877546,2.8709505944546683,2.4548717260363513,0.0
