problem,access,navigate,page_close,video,discussion,wiki
0,1.5516537043039171,1.0957952550009338,1.7219280948873623,0.4394969869215134,0.0,0.0
