problem,access,navigate,page_close,video,discussion,wiki
0.9852281360342516,1.3015742892816131,1.0,1.5002723456084084,0.9182958340544896,0,0
