problem,access,navigate,page_close,video,discussion,wiki
1.5219280948873621,1.9329145639793979,1.5,1.4355205042826666,0.0,0.0,0
