problem,access,navigate,page_close,video,discussion,wiki
1.9437390346589716,3.1104930173029564,2.3550849518197796,3.3681515417172,2.964889451733241,0.0,1.0
