problem,access,navigate,page_close,video,discussion,wiki
0.0,2.454986855772667,2.452819531114783,2.513645929358371,2.481714572986073,0,0.0
