problem,access,navigate,page_close,video,discussion,wiki
1.5343371980653047,1.9778500706648714,2.4116022179746714,0.0,0.0,0.0,0
