problem,access,navigate,page_close,video,discussion,wiki
1.2516291673878228,2.960725589648017,2.752715278979705,2.9074759795810037,0,0.0,0.9182958340544896
