problem,access,navigate,page_close,video,discussion,wiki
0,1.2987207862212027,1.2516291673878228,1.1488348542809166,0.7219280948873623,0,0
