problem,access,navigate,page_close,video,discussion,wiki
0.9182958340544896,1.3026227503285144,2.321928094887362,1.121177460903491,0.0,0.0,0
