problem,access,navigate,page_close,video,discussion,wiki
0.9709505944546686,2.5360483841255825,2.287783719941071,2.2516291673878226,0.9182958340544896,0.0,0
