problem,access,navigate,page_close,video,discussion,wiki
1.1896228215475402,2.7559895260785554,2.4662478973127318,1.2516291673878228,2.289246428509158,0.0,1.0
