problem,access,navigate,page_close,video,discussion,wiki
0.9182958340544896,2.397516051409586,2.53732072509209,2.233997907838827,1.3709505944546687,1.1451104143815827,0.0
