problem,access,navigate,page_close,video,discussion,wiki
0.9182958340544896,3.0090948551388363,2.8464393446710154,2.5216406363433186,2.584962500721156,1.4577174691301484,0
