problem,access,navigate,page_close,video,discussion,wiki
2.3129103167094347,3.253728102833872,3.300559092390954,3.320728224024744,3.3219280948873617,2.0576894198238445,0
