problem,access,navigate,page_close,video,discussion,wiki
2.10917759055734,2.9785612386209532,2.3553885422075336,2.8714416684228543,2.6676286494293433,1.2516291673878228,0.0
