problem,access,navigate,page_close,video,discussion,wiki
2.521640636343318,3.7626516494174913,2.889549430862088,3.613234111284803,2.7013757559060485,0.9852281360342516,1.584962500721156
