problem,access,navigate,page_close,video,discussion,wiki
1.0,1.7324626076155318,1.7177602521413333,1.9690255736436506,0,0.9182958340544896,1.0
