problem,access,navigate,page_close,video,discussion,wiki
2.3900570842733355,2.8143241451281837,2.2892464285091583,2.70562959023884,2.411882875169393,0.0,0
