problem,access,navigate,page_close,video,discussion,wiki
0.6500224216483541,1.9232196723355077,1.9219280948873623,1.0,1.0,0,0
