problem,access,navigate,page_close,video,discussion,wiki
1.5523892173146852,2.5541082551198127,2.125,2.416063609694063,1.5656531116458186,0.0,0
