problem,access,navigate,page_close,video,discussion,wiki
0.8112781244591328,2.620984447178656,2.389898095464287,2.6081108934918174,2.7219280948873625,0,0
