problem,access,navigate,page_close,video,discussion,wiki
1.286074688164428,2.522880837729892,2.135821824148036,2.3455463800242042,1.7967916319816366,1.8744444545796393,1.2516291673878228
