problem,access,navigate,page_close,video,discussion,wiki
0.9975025463691153,2.194213293036512,2.1219280948873624,0,0.0,1.5566567074628228,0.0
