problem,access,navigate,page_close,video,discussion,wiki
0.0,3.130453779783036,2.005977711423774,2.869758493169374,2.7773627950641693,0,0
