problem,access,navigate,page_close,video,discussion,wiki
1.0529815751302694,2.82981662565196,2.8431390622295662,2.7510562003602095,2.0095031362402964,1.295461844238322,1.584962500721156
