problem,access,navigate,page_close,video,discussion,wiki
1.4224751175914554,2.4212920430371496,1.855388542207534,2.161978179679554,1.3787834934861753,0,0
