problem,access,navigate,page_close,video,discussion,wiki
0.9852281360342516,2.6685266043915434,0.9182958340544896,1.9182958340544893,1.9182958340544893,0,0
