problem,access,navigate,page_close,video,discussion,wiki
1.5694882449983494,2.857271359382692,1.6644977792004614,2.959147917027245,3.0269868333592873,0,0
