problem,access,navigate,page_close,video,discussion,wiki
0.9182958340544896,3.4556713190326365,3.1961547809328676,2.459399483465725,2.569791287644984,2.2150798786693504,1.0
