problem,access,navigate,page_close,video,discussion,wiki
2.475971117956085,3.1921504410753925,2.8453509366224368,2.9586234174972867,2.9018066519137595,0.0,0
