problem,access,navigate,page_close,video,discussion,wiki
0,2.7313553713178207,1.811278124459133,0.0,2.777776811456786,0.0,0.0
