problem,access,navigate,page_close,video,discussion,wiki
0.8773488944085208,3.579601682514625,2.8453509366224368,3.1940879961000466,3.401770476207993,0.0,0
