problem,access,navigate,page_close,video,discussion,wiki
0.0,3.389122892960006,2.1556390622295662,1.7924812503605778,1.0,0,0
