problem,access,navigate,page_close,video,discussion,wiki
0,1.5683146419212375,1.573402452417767,1.4568017817750278,1.0949143184120975,0,0
