problem,access,navigate,page_close,video,discussion,wiki
0.0,2.498730106106519,3.0269868333592873,2.6550505394177746,1.584962500721156,0.0,0
