problem,access,navigate,page_close,video,discussion,wiki
0.8112781244591328,2.860026040729018,2.9834585933443494,3.1496734471867414,0,0.4689955935892812,0.0
