problem,access,navigate,page_close,video,discussion,wiki
0.9957274520849256,2.457265913623387,1.8799649487271108,2.4662478973127313,2.170950594454669,0.0,0.0
