problem,access,navigate,page_close,video,discussion,wiki
1.4535645302038671,2.113979809556055,1.721928094887362,1.0,1.0,0.0,0
