problem,access,navigate,page_close,video,discussion,wiki
2.362198569302638,3.5427493189682955,3.250102669456406,3.759079570624174,3.508621780036165,1.540923455885253,0.37123232664087563
