problem,access,navigate,page_close,video,discussion,wiki
1.6709176423690184,3.319872406161987,3.2437357573361996,2.930633853046478,2.6426434808900545,2.017801027300537,1.584962500721156
