problem,access,navigate,page_close,video,discussion,wiki
1.3366664819166876,3.8111863657422873,3.6569377176849445,3.8973244693173257,3.8404025467025056,2.9298592080073655,1.6171895725927152
