problem,access,navigate,page_close,video,discussion,wiki
0.0,2.749698213381841,2.321127473337187,2.870657328518199,2.523231428797621,0.9182958340544896,0.0
