problem,access,navigate,page_close,video,discussion,wiki
1.7335127892374385,3.487541453564043,2.021420801020302,3.412431478808678,0.0,1.784315128855494,0.8112781244591328
