problem,access,navigate,page_close,video,discussion,wiki
0,1.198192411043098,1.3250112108241772,1.7924812503605778,1.0,0,0
