problem,access,navigate,page_close,video,discussion,wiki
0,2.502353099273396,2.188721875540867,2.4131595730896045,2.0178650529206683,0.8112781244591328,1.0
