problem,access,navigate,page_close,video,discussion,wiki
0.9494520153879484,2.282528648873707,2.0577174691301483,2.280138673760707,1.922023142851573,0.8812908992306927,0.0
