problem,access,navigate,page_close,video,discussion,wiki
0.7355085815538398,1.2415242038285013,2.125814583693911,1.4345491399952024,0.0,1.3921472236645345,0.0
