problem,access,navigate,page_close,video,discussion,wiki
1.9994859645348273,3.012217755839533,2.8891793599761657,3.0091108055624898,2.708098663501806,1.4056390622295665,0.0
