problem,access,navigate,page_close,video,discussion,wiki
0.8112781244591328,2.81034967345426,1.8464393446710154,2.0,1.0,2.4529488880072616,0
