problem,access,navigate,page_close,video,discussion,wiki
2.71666351457035,3.5192875529091716,3.4967425575462747,0,1.0,2.9770559837825803,0.8112781244591328
