problem,access,navigate,page_close,video,discussion,wiki
1.9591479170272448,2.8938878467298945,3.0269868333592873,3.026129815595918,2.6612262562697895,0,0
