problem,access,navigate,page_close,video,discussion,wiki
0,2.560762750315035,2.797211123704015,2.578830073557112,1.9182958340544896,0,0
