problem,access,navigate,page_close,video,discussion,wiki
0.9182958340544896,2.3969131131654473,2.757993170278519,2.3634612874968948,1.5779772001172403,2.0733869159181793,0.0
