problem,access,navigate,page_close,video,discussion,wiki
0.0,1.6774212838293647,3.1207505427313436,1.3921472236645345,1.0,2.716208754245411,2.0
