problem,access,navigate,page_close,video,discussion,wiki
1.4143324103387334,3.356249724968156,3.2639334294856344,0.0,0,0.8812908992306927,0
