problem,access,navigate,page_close,video,discussion,wiki
2.4464393446710155,3.8251188889353185,3.7849418274376427,3.2833269376860597,2.663532754804255,1.0,0
