problem,access,navigate,page_close,video,discussion,wiki
0.0,3.363997309268632,2.4662478973127313,1.584962500721156,0.0,0.0,0.0
