problem,access,navigate,page_close,video,discussion,wiki
2.438111856804443,3.174622420489349,2.905764584655453,2.1556390622295662,1.9182958340544893,0.9182958340544896,0
