problem,access,navigate,page_close,video,discussion,wiki
2.2607845582978525,2.6000918607610934,3.086048612313038,0.0,0,1.0,0.0
