problem,access,navigate,page_close,video,discussion,wiki
1.7244078178625923,3.3759268835001754,1.9219280948873623,3.4614726819443318,3.362945670351884,1.6858157091530304,0
