problem,access,navigate,page_close,video,discussion,wiki
0.7793498372920852,2.4420705221036556,1.7527152789797045,0.0,0,0.9852281360342516,0
