problem,access,navigate,page_close,video,discussion,wiki
0.0,1.1981174211304033,1.4488156357251847,1.134969974603941,0.0,0.0,0
