problem,access,navigate,page_close,video,discussion,wiki
2.064917484271221,2.684865828035783,0.0,0.0,2.3598063039211,0,0
