problem,access,navigate,page_close,video,discussion,wiki
1.6906604367678049,3.1116144862572743,3.6235369903203662,2.9139770731827515,0.0,2.714735344095902,0
