problem,access,navigate,page_close,video,discussion,wiki
0.0,2.395972527337491,0.9182958340544896,2.3993974703476995,0,0.0,0
