problem,access,navigate,page_close,video,discussion,wiki
2.1938646772267334,3.304623657482637,2.2577560641285177,3.4328653601052563,3.3837930573985107,0,0
