problem,access,navigate,page_close,video,discussion,wiki
1.5566567074628228,2.3154918127216697,2.3993974703476995,2.1320139422512874,1.3485878960124222,0.8453509366224365,0
