problem,access,navigate,page_close,video,discussion,wiki
0.0,2.0421434232997266,2.621928094887362,1.875,1.2516291673878228,0,0
