problem,access,navigate,page_close,video,discussion,wiki
0.7642045065086203,2.15410825051101,2.25,2.1086949695628423,2.0464393446710156,0.7219280948873623,0.0
