problem,access,navigate,page_close,video,discussion,wiki
2.1735332098491886,2.481461555641179,3.3640297186696553,2.7035593239513567,2.439268146254097,0,0.0
