problem,access,navigate,page_close,video,discussion,wiki
1.8365916681089791,2.6968264916004614,2.481714572986073,2.615983565581917,1.4591479170272448,0.0,0
