problem,access,navigate,page_close,video,discussion,wiki
1.4315602842833157,2.3963104246409683,1.2516291673878228,2.5755886970847772,2.054585169337799,0.9940302114769565,0.0
