problem,access,navigate,page_close,video,discussion,wiki
1.9591479170272446,3.3145018136769897,2.655050539417775,3.2232715659654505,2.298852726158181,0,0
