problem,access,navigate,page_close,video,discussion,wiki
1.9357494299891007,2.3406581399506017,1.3709505944546687,2.0446150394212923,2.18950846755862,0,0
