problem,access,navigate,page_close,video,discussion,wiki
2.6080590443514757,3.385105380963923,2.722971279178475,3.1038746768588883,3.0392591087779857,1.280019973431558,1.2389012566026307
