problem,access,navigate,page_close,video,discussion,wiki
0.9709505944546686,2.068162977202482,1.6644977792004612,2.35845859334435,0,0.0,0.0
