problem,access,navigate,page_close,video,discussion,wiki
0,0.904381457724494,1.4056390622295665,0.9182958340544896,0.954434002924965,0,0
