problem,access,navigate,page_close,video,discussion,wiki
0.8812908992306927,3.236558020361371,2.7521104230807327,3.0464065996324416,2.9984159722226593,2.129137170132955,1.5
