problem,access,navigate,page_close,video,discussion,wiki
0,1.4620792352518803,1.584962500721156,1.4591479170272448,1.5275302083002933,0,0
