problem,access,navigate,page_close,video,discussion,wiki
0,2.3973349103525243,2.5219280948873624,1.3609640474436813,0.8112781244591328,0,0
