problem,access,navigate,page_close,video,discussion,wiki
3.3638561897747246,4.182032204920745,4.007948464071284,4.340226685827056,4.259588258522587,2.9505153430730786,1.0
