problem,access,navigate,page_close,video,discussion,wiki
2.5280231799809005,3.5769270874678827,2.4159220638351666,3.277019832209525,3.321849020955059,1.4299111709758698,0.0
