problem,access,navigate,page_close,video,discussion,wiki
0.9418285354475157,3.0772516523236253,2.803215692534584,3.1416578414630774,2.9386885704510974,1.5656531116458186,1.5219280948873621
