problem,access,navigate,page_close,video,discussion,wiki
0,2.985098337498793,1.3485878960124222,3.020423846606931,2.7401723786860575,1.7609640474436812,0.0
