problem,access,navigate,page_close,video,discussion,wiki
2.353259380302525,3.4610437137871575,3.4826187838910645,3.479144713562718,3.2158411726837524,2.6990787346834946,0.9182958340544896
