problem,access,navigate,page_close,video,discussion,wiki
0.0,1.9698110652780971,1.584962500721156,1.6266144718101818,1.0,0,0
