problem,access,navigate,page_close,video,discussion,wiki
0.9910760598382222,1.9919334249772622,2.25,2.1199100232740657,1.836591668108979,0,0
