problem,access,navigate,page_close,video,discussion,wiki
0.9640787648082291,1.9733406692900002,0.954434002924965,2.1492799881316267,1.877387064296613,0.863120568566631,0.0
