problem,access,navigate,page_close,video,discussion,wiki
1.8966582019007248,2.623912655150713,2.1219280948873624,2.481714572986073,2.5580510765444577,2.5510173642897036,0.0
