problem,access,navigate,page_close,video,discussion,wiki
0.0,1.7230913368258904,2.1709505944546685,1.7924812503605778,0,0.0,0
