problem,access,navigate,page_close,video,discussion,wiki
2.2359263506290326,3.070356254848973,2.6235166412180155,3.171560577084868,2.938694363550425,0,0
