problem,access,navigate,page_close,video,discussion,wiki
2.496925094924911,3.146739068432775,2.6644977792004614,3.2989269315959366,2.647707761808613,0,0
