problem,access,navigate,page_close,video,discussion,wiki
0.8710955350455423,1.9774674953889988,1.8423709931771084,1.8106993328423073,1.360964047443681,0.7219280948873623,0
