problem,access,navigate,page_close,video,discussion,wiki
1.923340367040984,2.4005193681729815,2.2896911372753768,0.0,0,2.2768109034276947,1.5
