problem,access,navigate,page_close,video,discussion,wiki
1.8262452584026092,3.2382975702780197,2.9772170014624826,3.725916088924304,3.1820058147602133,0,0
