problem,access,navigate,page_close,video,discussion,wiki
0,2.0272925846688996,1.0,2.2390979179887864,2.413088436425758,0,0
