problem,access,navigate,page_close,video,discussion,wiki
0.9182958340544896,2.8641074835418583,2.876853130799308,1.5,1.584962500721156,2.4852694328112364,0.0
