problem,access,navigate,page_close,video,discussion,wiki
0.0,3.134911852754789,2.0670314951575843,3.2381081122623816,3.2359263506290326,0.8112781244591328,1.0
