problem,access,navigate,page_close,video,discussion,wiki
1.0263137138648348,2.582273818711966,2.752715278979705,0.0,0,0.8112781244591328,0
