problem,access,navigate,page_close,video,discussion,wiki
2.32296395478991,3.299663820632738,3.036382338766571,3.534145593853573,3.3431390622295662,0.4394969869215134,0
