problem,access,navigate,page_close,video,discussion,wiki
1.584962500721156,2.7450851871082684,1.9219280948873623,2.670950594454668,1.8423709931771088,0.0,0
