problem,access,navigate,page_close,video,discussion,wiki
0.0,2.1535654389463628,2.3789919869000626,2.8159220638351665,2.75,0,0.9182958340544896
