problem,access,navigate,page_close,video,discussion,wiki
1.2722595663292235,2.3407836321239794,2.168232893338811,2.3806385806030743,2.1451363701530526,1.4256051990169438,1.3709505944546687
