problem,access,navigate,page_close,video,discussion,wiki
2.321928094887362,2.4366213360717546,2.197159723424149,1.8423709931771084,1.5,0,0
