problem,access,navigate,page_close,video,discussion,wiki
0.5916727785823275,2.597526833590745,2.6635327548042547,2.5382689280764645,1.870253816431622,0.0,0.0
