problem,access,navigate,page_close,video,discussion,wiki
0.8524051786494786,1.8628214475995342,1.7912612804207124,1.3127443531093745,1.6040246201759074,1.5219280948873621,0.0
