problem,access,navigate,page_close,video,discussion,wiki
2.0,2.4191505805015394,2.0,2.408836511483622,2.287783719941071,0,0
