problem,access,navigate,page_close,video,discussion,wiki
0.9182958340544896,2.2067300256866935,2.2810361125534238,2.473072414373093,1.7884504573082893,0.0,0
