problem,access,navigate,page_close,video,discussion,wiki
1.3396642639295127,1.6346893577027608,1.9219280948873623,1.8895782867502309,0.9451696091196164,0.0,0
