problem,access,navigate,page_close,video,discussion,wiki
2.4638728082909873,3.5990970837675125,2.6365036835493165,2.7219280948873625,2.6612262562697895,1.6888660914649938,1.0
