problem,access,navigate,page_close,video,discussion,wiki
0.0,2.487122805397797,2.2359263506290326,2.2261207468426805,1.6500224216483543,0.0,0
