problem,access,navigate,page_close,video,discussion,wiki
0,1.829495196157193,2.107735252622104,1.4591479170272448,1.584962500721156,0,0
