problem,access,navigate,page_close,video,discussion,wiki
1.1475462137277825,1.5585631842013214,1.6854752972273346,1.6503225410599685,1.5793426014908483,0,0
