problem,access,navigate,page_close,video,discussion,wiki
0,2.490540451694633,2.004364184708142,2.5321348941431117,1.9056390622295665,0,0.0
