problem,access,navigate,page_close,video,discussion,wiki
1.4604846813131114,2.37642813061118,2.004886164091843,2.4159220638351666,0.0,0.0,0
