problem,access,navigate,page_close,video,discussion,wiki
0.9709505944546686,2.339495283621342,2.1379185026711327,1.5,0.9182958340544896,0.0,0
