problem,access,navigate,page_close,video,discussion,wiki
0,2.662505605412089,2.5216406363433186,2.8993974703476995,2.5,0,0
