problem,access,navigate,page_close,video,discussion,wiki
0.0,3.0541883749616283,2.6493974703476995,0.0,2.4830067805200744,0.0,1.0
