problem,access,navigate,page_close,video,discussion,wiki
1.472935039619369,3.060901416989396,2.980232739683689,2.9856745446848256,3.069773835029478,0.9709505944546686,1.0
