problem,access,navigate,page_close,video,discussion,wiki
1.565340216174067,2.1539564363704753,2.28332693768606,1.584962500721156,0.0,0.9709505944546686,1.0
