problem,access,navigate,page_close,video,discussion,wiki
1.360964047443681,3.048203119936417,2.851064437489381,2.8888840705376357,2.6464393446710153,1.0,0
