problem,access,navigate,page_close,video,discussion,wiki
1.4970563511746704,2.5470910116261445,2.4584538292330587,1.9655962303576022,0.8112781244591328,0,0.0
