problem,access,navigate,page_close,video,discussion,wiki
2.7412289082033148,3.513704780111514,3.046439344671015,3.4261567985916015,3.462414584697267,0.0,0
