problem,access,navigate,page_close,video,discussion,wiki
0.0,1.6348224724072005,1.4591479170272448,0.8112781244591328,0.0,0,0
