problem,access,navigate,page_close,video,discussion,wiki
2.6084715741814826,3.2610409905959186,2.658680662942251,3.177668720879277,2.7777768114567865,0.0,0.0
