problem,access,navigate,page_close,video,discussion,wiki
1.6644977792004614,2.7526204074720737,2.170950594454669,2.9362600275315267,2.9056390622295662,1.3328204045850196,0
