problem,access,navigate,page_close,video,discussion,wiki
1.8879185026711327,2.860846213948775,2.6464393446710153,3.08232813685843,2.5032583347756456,0,0
