problem,access,navigate,page_close,video,discussion,wiki
1.3250112108241772,2.5622812287552588,2.564042639445697,2.5441881858672533,1.7295739585136223,0.0,0
