problem,access,navigate,page_close,video,discussion,wiki
1.9812982889306925,3.3081623672213314,2.1735572622751858,3.2098671219040362,3.1376677942553632,0.8453509366224365,0
