problem,access,navigate,page_close,video,discussion,wiki
3.121928094887362,2.8272165147604404,2.0141467614227277,2.614428582279805,2.557727778739319,0.0,0.8112781244591328
