problem,access,navigate,page_close,video,discussion,wiki
0.6500224216483541,2.0538146570363986,1.669180336866731,1.0,0.0,0,0.0
