problem,access,navigate,page_close,video,discussion,wiki
0,1.5128876215181606,0.5916727785823275,1.3221793455166666,0.8112781244591328,0,0
