problem,access,navigate,page_close,video,discussion,wiki
0,0.9709505944546686,0.5435644431995964,1.4591479170272448,0,0,0
