problem,access,navigate,page_close,video,discussion,wiki
1.8463939831641794,3.0322358992484606,2.7272170014624826,3.2733494559629497,0,0.0,0.0
