problem,access,navigate,page_close,video,discussion,wiki
0,1.4152689500270956,0.0,1.1488348542809166,0.8658566174572235,0,0
