problem,access,navigate,page_close,video,discussion,wiki
0,1.3716407621868583,2.439079570624175,1.4182958340544896,1.5219280948873621,0,0
