problem,access,navigate,page_close,video,discussion,wiki
0.0,1.8205130464697605,2.25,1.9542028044502626,1.3716407621868583,0,0
