problem,access,navigate,page_close,video,discussion,wiki
2.8714985520237817,2.909847835546038,3.0845227801732817,3.1230878295999247,2.822169235259032,2.0588138903312014,0.0
