problem,access,navigate,page_close,video,discussion,wiki
1.4030918581218388,3.2409578115754383,0.6500224216483541,3.21990387950714,2.7621987351738495,0,0
