problem,access,navigate,page_close,video,discussion,wiki
2.318977668477832,3.3583000805540597,2.915151234499248,3.345690924202131,2.7783283537314114,0.0,0
