problem,access,navigate,page_close,video,discussion,wiki
0.0,1.901253537043075,1.7295739585136223,1.690078499330368,1.2010947341319422,0,0
