problem,access,navigate,page_close,video,discussion,wiki
0.0,2.315660714140755,1.8676338909712125,2.2464393446710154,2.1174924611847548,0.0,0
