problem,access,navigate,page_close,video,discussion,wiki
1.4355205042826666,2.968399639296099,2.2359263506290326,2.749902506162897,2.2312702546075758,0,0
