problem,access,navigate,page_close,video,discussion,wiki
2.4082746346627624,3.023742196754026,2.7534393533742927,2.8464393446710154,2.807354922057604,0.0,0
