problem,access,navigate,page_close,video,discussion,wiki
0,1.4166422780956525,1.6282202760321463,1.7382689280764647,2.251629167387823,0.7793498372920852,0.0
