problem,access,navigate,page_close,video,discussion,wiki
1.066503202885787,3.475526568467982,3.586970655848723,2.2516291673878226,2.1280852788913944,0.0,0
