problem,access,navigate,page_close,video,discussion,wiki
1.5837730791644518,2.3747648410467153,1.584962500721156,2.41896119556797,0.9709505944546686,0,0
