problem,access,navigate,page_close,video,discussion,wiki
2.2178561135066155,3.3497642393498,2.725480556997868,3.219214129970057,2.2516291673878226,0,0
