problem,access,navigate,page_close,video,discussion,wiki
2.2577560641285177,2.356490694038882,2.235926350629032,0,0,0,0
