problem,access,navigate,page_close,video,discussion,wiki
0,2.789898095464287,0.9182958340544896,1.0,0,2.1219280948873624,0
