problem,access,navigate,page_close,video,discussion,wiki
0,2.3995593589434168,3.928481053248384,2.2384959654169796,2.1812056673346514,3.337094419298952,0
