problem,access,navigate,page_close,video,discussion,wiki
1.836591668108979,3.1246434013959363,1.9648966168256354,3.0385744759678603,2.688721875540867,0.0,0.0
