problem,access,navigate,page_close,video,discussion,wiki
0.5916727785823275,1.6676298440596642,1.584962500721156,1.6663137138648345,1.4854752972273344,0,0
