problem,access,navigate,page_close,video,discussion,wiki
0.0,2.327724930767593,2.5032583347756456,2.411509198419911,2.0,0,0
