problem,access,navigate,page_close,video,discussion,wiki
0.0,1.8681125700076542,0.9182958340544896,2.064042639445697,0.9182958340544896,0.0,0
