problem,access,navigate,page_close,video,discussion,wiki
0.0,2.6720032625585928,2.5810134015775863,2.5691419899920556,2.688721875540867,0,0
