problem,access,navigate,page_close,video,discussion,wiki
0.0,3.6790795706241743,3.323231428797621,3.549405656230163,2.9540036423298544,0,0
