problem,access,navigate,page_close,video,discussion,wiki
1.0,2.9522986987113122,1.5,2.9143481368424515,2.5423289894137593,0.0,0
