problem,access,navigate,page_close,video,discussion,wiki
0,2.310149231585285,2.521640636343318,2.1609640474436813,0.0,0,0
