problem,access,navigate,page_close,video,discussion,wiki
2.317640005966218,3.6959454597693147,3.698746484310978,3.5940792483405413,1.5219280948873621,1.2599699476067827,1.0
