problem,access,navigate,page_close,video,discussion,wiki
0,2.2062389286533897,2.25,2.4193819456463714,2.1280852788913944,0,0
