problem,access,navigate,page_close,video,discussion,wiki
0,1.770338392458634,2.526280481683624,1.7210644955509045,1.5420539199387628,1.8423709931771084,0
