problem,access,navigate,page_close,video,discussion,wiki
2.217936029588917,3.442632077515893,2.1280852788913944,0,0,0.0,0
