problem,access,navigate,page_close,video,discussion,wiki
1.3995812306460647,1.8409745639875459,1.6387586809150083,1.6578764348499595,1.360964047443681,0.0,0.6500224216483541
