problem,access,navigate,page_close,video,discussion,wiki
0.0,2.9387670500801693,2.0580531366523855,2.7347167546254587,2.375,1.5,0.0
