problem,access,navigate,page_close,video,discussion,wiki
0.41381685030363374,2.0550365325772657,2.292481250360578,0,0,0,0
