problem,access,navigate,page_close,video,discussion,wiki
1.5709505944546684,1.5794340029249652,1.4488156357251847,0.0,0,0,0
