problem,access,navigate,page_close,video,discussion,wiki
2.3312213200336194,3.217142985797981,3.523231428797621,3.0554330581607703,2.8239007316414546,2.360166921849939,1.4488156357251847
