problem,access,navigate,page_close,video,discussion,wiki
0.9352691398683566,2.55515183160221,3.0565647621309546,2.60845859334435,1.061278124459133,0.0,0.0
