problem,access,navigate,page_close,video,discussion,wiki
2.2892464285091583,3.5478527723796076,3.789220960519262,3.34634887667163,2.523561956057013,0.7219280948873623,0.0
