problem,access,navigate,page_close,video,discussion,wiki
0.0,2.4673656760798126,2.1219280948873624,2.5503407095463886,2.25,0.0,0
