problem,access,navigate,page_close,video,discussion,wiki
0.6587435307694672,2.2608164790605914,2.192005835492107,2.2357689632328253,1.8352377453121174,0,0
