problem,access,navigate,page_close,video,discussion,wiki
0.0,1.7806390622295665,1.4488156357251847,0,1.584962500721156,0.0,0.0
