problem,access,navigate,page_close,video,discussion,wiki
2.610577243331642,4.025561526193524,3.175123135113461,2.0,1.584962500721156,0.0,0
