problem,access,navigate,page_close,video,discussion,wiki
0,1.836591668108979,0.9182958340544896,1.6644977792004614,0.9182958340544896,0,0
