problem,access,navigate,page_close,video,discussion,wiki
1.5,2.849060156295072,2.9870900416203345,1.5,0,0.9709505944546686,0
