problem,access,navigate,page_close,video,discussion,wiki
1.9121138909722288,2.9787273702501187,2.5603124465420373,3.1362824642385436,2.820898501329615,0.8112781244591328,1.7232314287976207
