problem,access,navigate,page_close,video,discussion,wiki
2.440960166066084,3.6325014722502047,3.026277013101236,3.523679029038193,2.9841837197791885,2.621754198118776,1.9219280948873623
