problem,access,navigate,page_close,video,discussion,wiki
0.0,2.2312702546075758,1.5726236638951638,2.321928094887362,0,0,0
