problem,access,navigate,page_close,video,discussion,wiki
0.0,1.8007287402720742,1.3787834934861756,1.8262452584026092,1.811278124459133,0,0
