problem,access,navigate,page_close,video,discussion,wiki
0.7219280948873623,2.3149839026006047,1.2516291673878228,0.9182958340544896,1.5,1.5487949406953985,0.0
