problem,access,navigate,page_close,video,discussion,wiki
1.4048269576665082,3.94892188491496,3.5944656369614516,2.9477027792200903,2.584962500721156,2.9033013852822607,0.0
