problem,access,navigate,page_close,video,discussion,wiki
2.3320178751371605,2.806523603629264,2.5282129458410014,2.6771730424797924,2.9709505944546684,0.0,0.0
