problem,access,navigate,page_close,video,discussion,wiki
0.0,1.198192411043098,1.0,1.2870540281187268,1.2406705316766886,0,0
