problem,access,navigate,page_close,video,discussion,wiki
0,2.577001089397579,2.0948567835487384,2.9057645846554525,1.9182958340544893,1.0813247795573497,1.0
