problem,access,navigate,page_close,video,discussion,wiki
1.3982352745645177,1.5646480767171675,0.8904916402194913,1.8016366412706075,0.9182958340544896,0.0,0
