problem,access,navigate,page_close,video,discussion,wiki
0,2.3655962303576024,1.7924812503605778,2.113283334294875,1.7924812503605778,1.5,0.0
