problem,access,navigate,page_close,video,discussion,wiki
1.3709505944546687,2.5613473462817304,1.280672129520887,2.4490255736436506,2.257856063692049,0,0.9182958340544896
