problem,access,navigate,page_close,video,discussion,wiki
0.0,2.8927021732601896,1.584962500721156,2.863826390090816,2.5073801024236353,0,0
