problem,access,navigate,page_close,video,discussion,wiki
2.1600209043541603,2.746095826378594,2.5503407095463886,2.9569012471322416,2.5219280948873624,1.3995812306460647,0
