problem,access,navigate,page_close,video,discussion,wiki
0.0,3.289573299692264,2.913977073182752,3.169925001442312,2.2892464285091583,1.5099686126368168,0.0
