problem,access,navigate,page_close,video,discussion,wiki
0,1.5545851693377997,1.5451531398349103,0.9182958340544896,1.0,1.0,0.0
