problem,access,navigate,page_close,video,discussion,wiki
0.0,3.026589656684235,2.955913095175825,3.1299133176846823,0.0,0.7642045065086203,0
