problem,access,navigate,page_close,video,discussion,wiki
0.9852281360342516,2.7880802338596777,2.6586806629422504,2.6416041678685933,0.8112781244591328,0.863120568566631,0.0
