problem,access,navigate,page_close,video,discussion,wiki
0,1.9874093483665205,1.2776134368191154,0.7219280948873623,0.0,0,0.0
