problem,access,navigate,page_close,video,discussion,wiki
0.0,2.6326713532012356,2.546631615393778,0.0,1.584962500721156,0.8904916402194913,0.9182958340544896
