problem,access,navigate,page_close,video,discussion,wiki
0.35335933502142136,2.0234994144703293,2.469670487371862,2.155968102145908,1.1488348542809166,0.9182958340544896,0.0
