problem,access,navigate,page_close,video,discussion,wiki
3.6168382738220384,4.2583633415535385,3.8421012972735085,4.227469775058999,3.5539340313967624,0,0.0
