problem,access,navigate,page_close,video,discussion,wiki
0.0,2.888775091789749,1.823067982273661,2.8699100232740657,2.7321588913645702,0.4689955935892812,0.0
