problem,access,navigate,page_close,video,discussion,wiki
2.537161561603516,3.4426855145066386,3.135469200464172,2.929414222868664,0,2.5280626704621634,0.0
