problem,access,navigate,page_close,video,discussion,wiki
0.0,1.7474594241169754,1.2516291673878228,1.4488156357251847,0.9910760598382222,0.0,0.0
