problem,access,navigate,page_close,video,discussion,wiki
0,1.9908744742550062,1.0408520829727552,2.290308297488598,2.1180782093497093,0.0,0.0
