problem,access,navigate,page_close,video,discussion,wiki
0.6840384356390417,1.806594846421914,2.134888728884726,1.532609762668367,0.5916727785823275,1.1567796494470395,0.0
