problem,access,navigate,page_close,video,discussion,wiki
0,0.8997437586982626,1.5219280948873621,1.3609640474436813,1.2987949406953985,0,0
