problem,access,navigate,page_close,video,discussion,wiki
1.9182958340544896,2.688653729994564,2.0,2.7277592133335244,2.625814583693911,0,0
