problem,access,navigate,page_close,video,discussion,wiki
0,3.4884435996933534,3.604703967712183,3.254441845713346,1.5,3.4319970764544934,1.3567796494470394
