problem,access,navigate,page_close,video,discussion,wiki
0.0,2.075303902455473,1.9609640474436814,2.1492553971685,1.8423709931771084,0.0,0.0
