problem,access,navigate,page_close,video,discussion,wiki
2.1632156925345845,3.1205005672562574,2.4729055953200563,3.3086949695628425,1.9182958340544893,0.4537163391869448,0
