problem,access,navigate,page_close,video,discussion,wiki
1.1567796494470395,3.2573483227394555,2.8221819586428727,1.0,0.0,0,0
