problem,access,navigate,page_close,video,discussion,wiki
2.3951792432043986,3.458729221441924,3.0957952550009344,2.75,3.261043983337284,0.6500224216483541,0
