problem,access,navigate,page_close,video,discussion,wiki
1.807165417579633,2.8797481133326372,2.051954955141182,2.1485357333138193,1.2987949406953985,1.4411665441579462,0.9182958340544896
