problem,access,navigate,page_close,video,discussion,wiki
1.4591479170272446,2.155725223376603,1.3752580686696534,0,0,0.0,0
