problem,access,navigate,page_close,video,discussion,wiki
2.4306324094907477,3.4531599961681123,2.952407378762775,3.433789759454284,3.0265663853452898,2.260463128678611,2.2516291673878226
