problem,access,navigate,page_close,video,discussion,wiki
0.9988455359952018,2.803281611271313,1.4854752972273344,3.0414460711655216,0,1.224394445405986,0
