problem,access,navigate,page_close,video,discussion,wiki
1.9056390622295665,2.549388487965679,1.8751310486364097,1.0,0.0,0.0,0.0
