problem,access,navigate,page_close,video,discussion,wiki
1.2936094957266198,2.119560576370305,2.3244093931715555,2.221928094887362,1.2516291673878228,0,0
