problem,access,navigate,page_close,video,discussion,wiki
0.0,2.292096688995876,1.280672129520887,2.4729055953200563,2.1280852788913944,0.0,0.0
