problem,access,navigate,page_close,video,discussion,wiki
2.159119117786613,3.2686638656380294,2.423794940695399,3.5944825065194204,2.94770277922009,0.0,0.0
