problem,access,navigate,page_close,video,discussion,wiki
0.0,2.3925906969726833,1.9219280948873623,2.4591479170272446,2.169925001442312,0,0
