problem,access,navigate,page_close,video,discussion,wiki
0.0,2.3198316977165407,1.5510981710072647,2.593866643788516,1.965596230357602,0.0,0.0
