problem,access,navigate,page_close,video,discussion,wiki
1.5219280948873621,3.2162476519052503,2.99285605016046,3.217329684461502,2.8780262306743603,0.0,0
