problem,access,navigate,page_close,video,discussion,wiki
1.431586208139466,2.9963773954972917,3.197159723424149,2.912638235399753,2.2711644947068796,1.584962500721156,0
