problem,access,navigate,page_close,video,discussion,wiki
2.436272452896281,2.744596585257052,2.7773627950641693,2.5433211645258824,1.3921472236645345,0.7062740891876007,0
