problem,access,navigate,page_close,video,discussion,wiki
0.0,3.8934398441864286,2.9802532067718244,3.7827584936235605,3.28273471742809,0.9910760598382222,1.0
