problem,access,navigate,page_close,video,discussion,wiki
0.0,2.899774643227765,2.9219280948873623,3.268453957701921,3.452819531114783,0,0
