problem,access,navigate,page_close,video,discussion,wiki
1.198192411043098,1.8126976442300946,2.1325745329296515,0.0,0.954434002924965,0.0,0.8112781244591328
