problem,access,navigate,page_close,video,discussion,wiki
2.974676692272612,3.607722355871762,2.8553885422075336,3.7160723228968298,3.2720552088742005,0.0,0
