problem,access,navigate,page_close,video,discussion,wiki
0.0,2.6560310144308374,2.251629167387823,2.0,2.446439344671015,0,0
