problem,access,navigate,page_close,video,discussion,wiki
0.9182958340544896,1.895112772058355,1.3787834934861756,2.0670314951575843,1.6143308351592656,0,0
