problem,access,navigate,page_close,video,discussion,wiki
0.9910760598382222,2.2061407593912055,0.5435644431995964,2.4692407821722844,2.10845859334435,0.0,0.0
