problem,access,navigate,page_close,video,discussion,wiki
3.589161014818989,4.2921309776684975,3.2457434950529693,4.242495019302787,3.8398227820087545,2.2516291673878226,0
