problem,access,navigate,page_close,video,discussion,wiki
0,1.8149455891497535,2.058813890331201,2.2359263506290326,2.209888638014727,0,0
