problem,access,navigate,page_close,video,discussion,wiki
0,2.482874474952219,2.5032583347756456,2.4364823836654392,2.172837249931209,0,0
