problem,access,navigate,page_close,video,discussion,wiki
0,0.869137580612638,0.6500224216483541,0.9402859586706311,0.8453509366224365,0,0
