problem,access,navigate,page_close,video,discussion,wiki
1.892313900303289,2.014201965799245,1.7306502730537436,1.9699150159968148,2.2598462092674683,0,0
