problem,access,navigate,page_close,video,discussion,wiki
2.7035016427332845,3.0120850409367304,2.7550576199383072,3.1777538680468886,2.367111469779674,1.132540542697658,0
