problem,access,navigate,page_close,video,discussion,wiki
3.2223647536318487,3.7513945862391154,2.8792489698826955,1.584962500721156,3.212239929778164,1.6858157091530304,0.0
