problem,access,navigate,page_close,video,discussion,wiki
1.0,1.2275057673395868,2.302391868935546,1.4411535278793055,0.9182958340544896,0.5032583347756457,1.0
