problem,access,navigate,page_close,video,discussion,wiki
0.9886994082884974,1.3516871258043608,1.2987949406953985,0.0,0.0,0,0
