problem,access,navigate,page_close,video,discussion,wiki
0.74959525725948,3.561676654653226,3.8714455931267757,2.128085278891394,1.584962500721156,3.092977447122592,2.5278409369377406
