problem,access,navigate,page_close,video,discussion,wiki
1.1567796494470395,3.332058694023815,1.7924812503605778,3.6035805085236916,3.2356449092503623,0.863120568566631,0
