problem,access,navigate,page_close,video,discussion,wiki
3.1517988525068463,3.6575247934190322,2.938307235905091,3.7245858660876174,3.7159094486332735,2.573201430475107,1.2516291673878228
