problem,access,navigate,page_close,video,discussion,wiki
1.474041717473638,2.3071190197195977,0.0,2.2746276985842497,1.867576946176195,0,0
