problem,access,navigate,page_close,video,discussion,wiki
3.2158411726837532,3.6631500075500307,3.64716007463276,3.701275733142214,3.6917214968008585,2.005977711423774,0.49123734182433315
