problem,access,navigate,page_close,video,discussion,wiki
1.5516314552382726,2.522679805506617,2.476796752685521,1.9519940819087829,1.4832261969709113,1.9219280948873623,0.8112781244591328
