problem,access,navigate,page_close,video,discussion,wiki
0.0,2.9366213360717546,3.25,2.582059910580257,1.9056390622295665,0,0
