problem,access,navigate,page_close,video,discussion,wiki
0.6722948170756379,2.8832611251598834,0.9182958340544896,2.828641302057316,2.6748008763572906,1.5219280948873621,0
