problem,access,navigate,page_close,video,discussion,wiki
3.161690507203812,3.988556266797787,3.9561983328100943,3.978947278122685,2.7777768114567865,1.7367593562154393,0.0
