problem,access,navigate,page_close,video,discussion,wiki
1.9035239700887407,2.4932135392803185,1.896240625180289,2.5262963907477656,1.9544340029249652,0.0,0.0
