problem,access,navigate,page_close,video,discussion,wiki
1.7947367178034823,3.046902312283899,3.296726340408221,2.752906923122852,1.836591668108979,0.4681666405523326,1.0
