problem,access,navigate,page_close,video,discussion,wiki
0.0,2.4479063305472635,2.084874342225349,2.4056390622295662,2.1280852788913944,0.0,0.0
