problem,access,navigate,page_close,video,discussion,wiki
2.735546528601573,3.2994069624013984,3.512188403968661,2.8183882601826356,2.389177176775977,2.476197521359345,0.0
