problem,access,navigate,page_close,video,discussion,wiki
1.0,3.0677265335133663,2.0113650418263793,3.2464393446710154,1.9709505944546686,0.9182958340544896,1.0
