problem,access,navigate,page_close,video,discussion,wiki
1.969389419529156,3.531668923234176,2.9772170014624826,3.65809141593302,3.4086949695628417,0.0,0
