problem,access,navigate,page_close,video,discussion,wiki
1.8727298369794545,2.9926318083850596,3.1863776444156406,2.992497877600817,2.372094637795624,1.4406454496153462,1.5
