problem,access,navigate,page_close,video,discussion,wiki
0.0,3.938012841065493,2.2359263506290326,3.862550821138691,3.808285874850646,0,0
