problem,access,navigate,page_close,video,discussion,wiki
1.5766212201074912,2.2612058124160237,2.8218881955261788,0.0,0,2.577188196030443,0.0
