problem,access,navigate,page_close,video,discussion,wiki
0.0,1.8238298076030628,2.2464393446710154,1.784159127851422,1.584962500721156,0.0,0
