problem,access,navigate,page_close,video,discussion,wiki
0.0,2.117155358735709,0.9182958340544896,2.1895415173391393,1.9502120649147465,0,0
