problem,access,navigate,page_close,video,discussion,wiki
3.4287337140647796,3.644145850679131,3.238901256602631,3.4030741894285694,3.6841837197791882,0,0
