problem,access,navigate,page_close,video,discussion,wiki
1.9567796494470397,3.6769608774487663,1.9502120649147465,3.6990278753194064,2.4300365325772657,0,0
