problem,access,navigate,page_close,video,discussion,wiki
1.557930785086727,2.9067391563813345,2.4095349947050457,2.930561131319763,2.752715278979705,0.8812908992306927,0.0
