problem,access,navigate,page_close,video,discussion,wiki
0,1.9772170014624826,1.5,1.9362600275315274,1.7527152789797047,0,0
