problem,access,navigate,page_close,video,discussion,wiki
3.1329096603837856,3.2233590461548354,2.510056460356539,3.3348295085032613,2.8934363291449174,3.1208988511180986,0
