problem,access,navigate,page_close,video,discussion,wiki
1.5347809815212445,2.9438525818346437,2.5492553971685004,2.763180709077574,2.610518477796144,1.5690255736436507,1.0
