problem,access,navigate,page_close,video,discussion,wiki
2.6401023760402644,3.7073574953139334,3.7964382376632533,3.099996811385403,2.5550365325772657,3.5955453154081582,1.0
