problem,access,navigate,page_close,video,discussion,wiki
0.9182958340544896,2.33085827610406,2.0225797618424917,2.488785591776994,2.4182958340544896,0.0,0
