problem,access,navigate,page_close,video,discussion,wiki
1.866691849874472,4.011560620828017,2.1556390622295662,3.956223119532269,4.031731198861777,2.447401504705915,0
