problem,access,navigate,page_close,video,discussion,wiki
1.925126559410829,3.4215728564490857,2.869737972729375,3.477539086608935,3.1076013115120564,1.4355205042826666,0
