problem,access,navigate,page_close,video,discussion,wiki
2.9517055038552864,3.9889594025714805,3.378783493486176,3.899220856364342,3.347601311512057,3.2300737582408945,0
