problem,access,navigate,page_close,video,discussion,wiki
1.5268696148078722,2.8549993374764178,3.1090796427087914,2.8159805177707944,2.5954760276333784,2.8901124249674472,0.9864267287308425
