problem,access,navigate,page_close,video,discussion,wiki
3.143529083169323,3.8020524248830596,3.0647125106479183,3.9350135758781493,3.8707817728567,0.0,0.0
