problem,access,navigate,page_close,video,discussion,wiki
2.729018461024018,4.34789562277888,2.2464393446710154,4.393207756384667,4.10028138163173,0,0.0
