problem,access,navigate,page_close,video,discussion,wiki
1.383099991189334,2.287971933980081,1.5,2.2464393446710154,2.084962500721156,0,0
