problem,access,navigate,page_close,video,discussion,wiki
1.9574058114255182,2.2647815726322498,1.9249240976806197,2.519093063715316,1.3787834934861753,0.0,0.0
