problem,access,navigate,page_close,video,discussion,wiki
1.0488412604661608,2.7764616328279415,1.7924812503605778,2.855539000552653,2.9232314287976213,0,0
