problem,access,navigate,page_close,video,discussion,wiki
3.145120879242575,3.7082335977536,3.049452072789394,3.43932035395179,3.1491615329216236,1.8770341680403249,0
