problem,access,navigate,page_close,video,discussion,wiki
0.9090221560878149,2.6799885137016206,2.668980145022533,3.0523613883117893,2.792586226369731,0.8112781244591328,1.0
