problem,access,navigate,page_close,video,discussion,wiki
1.2997367636952524,2.534441187971873,1.9182958340544896,2.757546188808839,2.0,0.0,0
