problem,access,navigate,page_close,video,discussion,wiki
0.0,2.672345257123344,1.5694452621548822,1.584962500721156,1.0,0.9852281360342516,0.0
