problem,access,navigate,page_close,video,discussion,wiki
2.146560457663226,3.7583935685916083,3.652422500730672,3.853857072047374,2.359879028736861,2.206020523292981,1.0
