problem,access,navigate,page_close,video,discussion,wiki
0.961236604722876,3.4771394019986563,1.3709505944546687,3.5039280318460246,2.974937501201927,0,0
