problem,access,navigate,page_close,video,discussion,wiki
0.0,2.5650765423363695,1.4488156357251847,1.584962500721156,2.0,0,0
