problem,access,navigate,page_close,video,discussion,wiki
1.3382689280764644,2.811185276323322,2.355388542207534,2.883494054707682,2.1607047528877823,0.6500224216483541,0
