problem,access,navigate,page_close,video,discussion,wiki
0,1.492754192030965,1.5219280948873621,1.584962500721156,0.0,0,0
