problem,access,navigate,page_close,video,discussion,wiki
1.8727298369794545,2.5954950980686204,2.2516291673878226,2.872905595320056,1.419556298571613,1.4949188482339508,0
