problem,access,navigate,page_close,video,discussion,wiki
1.4684292794377112,3.405493378481595,3.0819672775704956,3.085676852444447,2.4232196723355077,2.2700836705860223,1.584962500721156
