problem,access,navigate,page_close,video,discussion,wiki
2.587568746961532,4.145405618165612,3.4314134569803287,3.9181446167348817,3.779470570797251,1.9036807106445284,1.0
