problem,access,navigate,page_close,video,discussion,wiki
1.75,3.563984179047392,3.1299133176846827,3.870654451541482,3.155565013329719,2.8512513530159262,0
