problem,access,navigate,page_close,video,discussion,wiki
1.3328204045850196,2.8702233446155088,2.427427141088366,2.321928094887362,1.584962500721156,0,0
