problem,access,navigate,page_close,video,discussion,wiki
0.9709505944546686,3.2683734943615153,3.088710641914682,2.9918798734718326,2.6297493293878453,0.976020648236615,1.0
