problem,access,navigate,page_close,video,discussion,wiki
3.0191277180957057,3.852775700873123,3.2970851333950884,3.766426940700907,0,1.1433201021277661,0.0
