problem,access,navigate,page_close,video,discussion,wiki
0.9852281360342516,3.4654382839359767,2.4846987825969657,3.6310276977540674,3.447262499441211,0.7642045065086203,0.8112781244591328
