problem,access,navigate,page_close,video,discussion,wiki
3.3565714344747035,3.5353250788709865,3.3886555203108157,3.5263494533546456,3.359451848116582,2.744495246028847,1.5070208574380541
