problem,access,navigate,page_close,video,discussion,wiki
2.243773828551915,3.0737666469521527,2.5996659733039564,2.0,1.0,0.0,1.584962500721156
