problem,access,navigate,page_close,video,discussion,wiki
1.5302332953398365,2.5130885862388883,2.5629072918469555,2.8260211012310963,2.4007128487630363,0.0,0.0
