problem,access,navigate,page_close,video,discussion,wiki
2.8288161495011863,3.279069594889615,2.751629167387823,3.261202611182162,3.0360332541369734,1.8752377049477431,0
