problem,access,navigate,page_close,video,discussion,wiki
1.8182095469657649,3.229051017152554,2.861192552331381,3.254008497261594,2.9645654122509737,1.5,0.0
