problem,access,navigate,page_close,video,discussion,wiki
0.9957274520849256,2.186704345910025,2.4193819456463714,0.9182958340544896,0,0,0
