problem,access,navigate,page_close,video,discussion,wiki
0,2.9398844292635022,2.688721875540867,2.2359263506290326,1.5,0,0
