problem,access,navigate,page_close,video,discussion,wiki
0.954434002924965,2.6272057679637344,2.321928094887362,2.3545502265468965,2.188721875540867,0,0
