problem,access,navigate,page_close,video,discussion,wiki
2.1621856328956626,3.7090737546743977,3.6375375112660517,3.878246009821622,2.984631465318121,1.432817406639527,0
