problem,access,navigate,page_close,video,discussion,wiki
0,1.8583725167502294,2.5423289894137593,0.9182958340544896,1.0,0.0,0.9709505944546686
