problem,access,navigate,page_close,video,discussion,wiki
0.0,3.3159994265522945,1.3516441151533924,3.0998364703211965,3.0397376863965184,0.0,0
