problem,access,navigate,page_close,video,discussion,wiki
2.4313158300925437,3.262800382246575,2.603975726610715,1.5,2.584962500721156,0.0,0.0
