problem,access,navigate,page_close,video,discussion,wiki
2.7013908614463324,3.0937198738504943,2.8662478973127308,1.4488156357251847,1.5,1.7152594269583483,0.0
