problem,access,navigate,page_close,video,discussion,wiki
0,2.065957320949175,1.061278124459133,2.931208948910323,1.7924812503605778,0.0,0
