problem,access,navigate,page_close,video,discussion,wiki
0,3.3362434129830607,2.2988252450030506,3.170950594454669,3.4613201402110083,0.0,0
