problem,access,navigate,page_close,video,discussion,wiki
0.6500224216483541,2.6676286494293433,3.2663996953417036,0.0,0.0,1.5289659680720937,0.0
