problem,access,navigate,page_close,video,discussion,wiki
0.9440870182837794,1.7417308223091066,0.8112781244591328,0.9182958340544896,0.0,0,0
