problem,access,navigate,page_close,video,discussion,wiki
0,0.8812908992306927,0.8524051786494786,0.8812908992306927,0.0,0.9456603046006402,0
