problem,access,navigate,page_close,video,discussion,wiki
2.155968102145908,3.310473868612193,3.027518266288633,2.8464393446710154,1.584962500721156,0.9709505944546686,1.0
