problem,access,navigate,page_close,video,discussion,wiki
0.8112781244591328,2.1618919425135052,1.4838317068446891,2.114805144339332,2.058813890331201,0.0,0.0
