problem,access,navigate,page_close,video,discussion,wiki
0,2.8709505944546683,1.867576946176195,2.8553885422075336,0.0,1.2639334294856335,0.0
