problem,access,navigate,page_close,video,discussion,wiki
0.8112781244591328,1.8574078182219773,1.9852281360342516,1.875,1.3609640474436813,0.0,0.0
