problem,access,navigate,page_close,video,discussion,wiki
0.6840384356390417,2.093165418138664,2.0,2.048794940695399,1.8910611120726526,0,0
