problem,access,navigate,page_close,video,discussion,wiki
0,2.0763065600001434,1.573402452417767,1.6143308351592656,1.9527241956246548,0,0.9182958340544896
