problem,access,navigate,page_close,video,discussion,wiki
0.5689955935892812,2.6794662247298215,2.8453509366224368,3.001629167387823,2.521640636343318,0,0
