problem,access,navigate,page_close,video,discussion,wiki
1.7014405054147734,3.2523726055613436,3.3436310999243433,2.3870437266795426,1.8166422780956524,2.4315602842833153,1.0
