problem,access,navigate,page_close,video,discussion,wiki
1.14630864593417,2.4477305788212576,0.5435644431995964,0,0.0,0.0,0.0
