problem,access,navigate,page_close,video,discussion,wiki
0.8112781244591328,3.3002287102118246,3.0609640474436812,2.321928094887362,0.0,0.8524051786494786,0.0
