problem,access,navigate,page_close,video,discussion,wiki
0,1.160101690290284,0.0,1.0128791379340258,0.6500224216483541,0,0
