problem,access,navigate,page_close,video,discussion,wiki
0.0,2.4924527411499033,2.1820058147602133,3.2954656791802917,3.1083757000539407,0,0
