problem,access,navigate,page_close,video,discussion,wiki
2.5443683177191723,3.087577026552905,2.3122891453934695,2.75,2.584962500721156,0.0,1.2987949406953985
