problem,access,navigate,page_close,video,discussion,wiki
1.7324782652995523,3.0802086001457707,1.8464393446710154,0.0,0,1.0,0.0
