problem,access,navigate,page_close,video,discussion,wiki
1.3143204867061788,2.1477033394706586,3.085055102756477,2.1967916319816365,1.5,0.0,0
