problem,access,navigate,page_close,video,discussion,wiki
0,1.5394847569315018,1.760495029766198,1.5566567074628228,1.0,0.7219280948873623,0.0
