problem,access,navigate,page_close,video,discussion,wiki
1.9182958340544893,3.181652452765904,3.484183719779189,3.003690046478698,2.049452072789394,2.9319361553254315,0
