problem,access,navigate,page_close,video,discussion,wiki
2.1034007263561887,2.8383611237241855,2.8132098295058956,2.5032583347756456,1.9219280948873623,1.4604846813131116,0
