problem,access,navigate,page_close,video,discussion,wiki
0.0,1.9125056054120886,2.094000160564931,1.4182958340544896,1.061278124459133,0.0,0
