problem,access,navigate,page_close,video,discussion,wiki
1.0,2.8030074211313076,3.0104340890333376,2.7751375484884027,2.413088436425758,2.445812100263855,1.0
