problem,access,navigate,page_close,video,discussion,wiki
2.5220552088742005,2.98897401636387,2.8716535224393334,3.0924513580228163,2.7729244557748216,1.9056390622295665,0.0
