problem,access,navigate,page_close,video,discussion,wiki
0,1.7209480533797534,2.0182155146751497,1.70558726169826,1.3787834934861753,1.8638263900908156,0.0
