problem,access,navigate,page_close,video,discussion,wiki
0.934068055375491,1.3663146570363986,0.9182958340544896,1.4591479170272448,0,0.37123232664087563,0.0
