problem,access,navigate,page_close,video,discussion,wiki
1.4911148500551858,2.736607938779529,2.584303179346713,2.725480556997868,2.0,1.0,1.0
