problem,access,navigate,page_close,video,discussion,wiki
0,1.8912458840526272,1.9502120649147465,2.25444305597241,2.1219280948873624,0.0,0.0
