problem,access,navigate,page_close,video,discussion,wiki
0.0,1.383099991189334,1.2516291673878228,1.4137995646056802,0.0,0,0
