problem,access,navigate,page_close,video,discussion,wiki
0.0,3.3902444053617566,2.807354922057604,3.6302753548819773,3.056564762130954,0.9182958340544896,0
