problem,access,navigate,page_close,video,discussion,wiki
3.4178841398547473,3.6955886458193907,3.2464393446710154,3.564467611368723,3.431264333565246,1.6736884322120482,0
