problem,access,navigate,page_close,video,discussion,wiki
0.0,1.9047736450247985,1.7128876215181608,1.9053999311004344,1.8464393446710154,1.2987949406953985,1.0
