problem,access,navigate,page_close,video,discussion,wiki
3.006866543182522,3.4098915078850958,2.145222101217149,3.403073731615717,2.50558726169826,2.4054535485993336,1.5
