problem,access,navigate,page_close,video,discussion,wiki
1.808625489744176,2.8056792633431593,2.4650694618158373,2.774428112802344,3.346655963944844,0.0,1.0
