problem,access,navigate,page_close,video,discussion,wiki
0,2.8482539711886723,2.7773627950641693,2.5,1.9219280948873623,2.270942421748537,0
