problem,access,navigate,page_close,video,discussion,wiki
2.7720552088742005,2.8053043430171813,2.0,1.5304930567574826,1.4591479170272448,1.7609640474436812,0.0
