problem,access,navigate,page_close,video,discussion,wiki
1.9531525874151108,1.7176856953872666,1.9219280948873623,1.3567796494470394,0.0,0,0
