problem,access,navigate,page_close,video,discussion,wiki
0.0,3.0414460711655216,0.9709505944546686,3.327819531114783,3.0957952550009344,0.0,0.0
