problem,access,navigate,page_close,video,discussion,wiki
2.467720100474499,2.452512239529508,1.9688238866642982,2.5419518040040336,2.35274578087187,2.256908989558354,0.0
