problem,access,navigate,page_close,video,discussion,wiki
1.31664733333952,2.204727785853798,0.7345299214394703,2.484694709764578,2.1588718484453606,1.731773601169986,0
