problem,access,navigate,page_close,video,discussion,wiki
2.1387403977119233,3.9075643150041572,3.2987311859727013,3.6954819757884922,3.7095104742984777,1.237978259087945,0
