problem,access,navigate,page_close,video,discussion,wiki
0.8554508105601308,2.8494498971819233,3.224880949810312,2.406666316740689,1.2516291673878228,1.0226297788901695,1.0
