problem,access,navigate,page_close,video,discussion,wiki
1.4609051511279385,2.550558922339968,2.7898980954642876,2.101881223476018,1.584962500721156,1.0,0.0
