problem,access,navigate,page_close,video,discussion,wiki
1.5400570471512052,2.624490959471215,3.202819531114783,2.500940788565503,0.0,2.6812206601987385,0
