problem,access,navigate,page_close,video,discussion,wiki
0.7219280948873623,1.675822057576696,1.3709505944546687,1.6577427265048887,0.9182958340544896,0.0,0
