problem,access,navigate,page_close,video,discussion,wiki
0.0,2.0804614861329527,1.2309595631140104,2.278351811711312,2.3278928463836115,0.4394969869215134,0.0
