problem,access,navigate,page_close,video,discussion,wiki
0,1.709526332323075,1.7489992230622806,1.4966407621868583,1.4591479170272448,0.0,0.0
