problem,access,navigate,page_close,video,discussion,wiki
1.3709505944546687,2.053276604226251,1.6503452842745279,1.9720686218402657,1.4627552262645034,0.0,0
