problem,access,navigate,page_close,video,discussion,wiki
0,3.1333807190554004,1.5,3.286629486786195,3.3371753411230776,0,0
