problem,access,navigate,page_close,video,discussion,wiki
2.3009550787843396,3.621498253403502,3.2726807257397645,3.496911075097138,2.9344340657990293,1.54515219719895,0
