problem,access,navigate,page_close,video,discussion,wiki
1.4833557549816876,1.9309924010475479,1.4182958340544896,1.936278124459133,0.0,0.0,0.0
