problem,access,navigate,page_close,video,discussion,wiki
3.142910390317592,3.533449481358338,2.6703397002311062,3.5495075752187013,3.675385880275616,0,0
