problem,access,navigate,page_close,video,discussion,wiki
1.930047730972216,2.8767272770735106,3.3058698544623204,0,0,1.0892300788425848,1.584962500721156
