problem,access,navigate,page_close,video,discussion,wiki
2.286969843139304,3.6705146611440718,3.2393169730084828,3.6892600328109273,3.4594316186372964,0.0,0.0
