problem,access,navigate,page_close,video,discussion,wiki
0.0,2.1716600908932158,0.8112781244591328,2.217676228546745,2.0830739655924457,0.0,0
