problem,access,navigate,page_close,video,discussion,wiki
1.487454623991759,2.3431468339968062,1.950212064914747,1.613824394358762,0.41381685030363374,0,0
