problem,access,navigate,page_close,video,discussion,wiki
1.9738226158545613,2.9322579981350767,2.825379779389311,1.5219280948873621,1.0,0.9182958340544896,2.0
