problem,access,navigate,page_close,video,discussion,wiki
2.5355072643372885,3.556364342053979,2.8638263900908156,3.506749918638778,2.8221819586428722,2.548211945593988,1.0
