problem,access,navigate,page_close,video,discussion,wiki
3.0852777470700916,3.656851058214854,3.2903216092483047,3.3847360947453105,3.549166651921659,1.8156047322327638,0
