problem,access,navigate,page_close,video,discussion,wiki
1.5164336144561052,2.7520379569992226,2.292481250360578,1.9056390622295665,1.9219280948873623,0,0
