problem,access,navigate,page_close,video,discussion,wiki
2.938753672342153,3.18905730351127,2.4834585933443494,3.52536738341527,3.5349384626593525,0.0,0.0
