problem,access,navigate,page_close,video,discussion,wiki
2.739470570797252,3.4345191246868305,3.360388077926312,3.437036340868577,3.1328807598347046,1.93552240978319,0.0
