problem,access,navigate,page_close,video,discussion,wiki
1.4488156357251847,2.560031023317541,2.426120746842681,2.4709505944546684,2.1258145836939115,0.0,0.0
