problem,access,navigate,page_close,video,discussion,wiki
0.0,2.1673631931949044,0.5916727785823275,1.9219280948873623,1.5,0,0
