problem,access,navigate,page_close,video,discussion,wiki
0,1.4353713907745331,1.4949188482339508,0.6500224216483541,0.8112781244591328,0,0
