problem,access,navigate,page_close,video,discussion,wiki
0,0.9980008838722996,0.5916727785823275,1.3516441151533924,1.1488348542809166,0,0
