problem,access,navigate,page_close,video,discussion,wiki
2.3850552575681516,3.8343991678592735,3.1925714113662655,3.8478130019415993,3.74288688344518,2.3424856554650337,0.9182958340544896
