problem,access,navigate,page_close,video,discussion,wiki
2.703626767019874,3.136331756542898,1.584962500721156,3.1281844720692162,3.1887218755408675,0,0
