problem,access,navigate,page_close,video,discussion,wiki
0.9852281360342516,2.7694457471890144,2.180768321596845,2.9796292179527906,2.418295834054489,1.4355205042826666,0.0
