problem,access,navigate,page_close,video,discussion,wiki
0,2.6062389286533896,1.573402452417767,2.584962500721156,1.5,1.0,1.0
