problem,access,navigate,page_close,video,discussion,wiki
0.9402859586706311,3.0621206447706846,1.689391746743088,2.9464393446710155,1.9709505944546686,1.1271018129100783,0.0
