problem,access,navigate,page_close,video,discussion,wiki
0.0,2.055634220262709,2.1556390622295662,2.480938113854112,2.521640636343318,0,0
