problem,access,navigate,page_close,video,discussion,wiki
2.1482562393645264,3.1394749492724645,2.866247897312731,2.6352130207431887,2.1339375660949167,0.0,0
