problem,access,navigate,page_close,video,discussion,wiki
3.2930194076306387,3.924890008548991,3.563673555099731,3.8911441025680613,3.4016094970590265,3.1228712920138704,1.584962500721156
