problem,access,navigate,page_close,video,discussion,wiki
0,0.6962122601251458,1.0,0.9219280948873623,0.8658566174572235,0,0
