problem,access,navigate,page_close,video,discussion,wiki
0,2.7084925531348847,2.298852726158181,2.781913521436963,2.294274067192862,1.4568201395845362,0.8112781244591328
