problem,access,navigate,page_close,video,discussion,wiki
1.0957952550009336,2.91576653451881,2.669372148594611,2.8831880107523755,2.870950594454669,0.8366407419411673,0.0
