problem,access,navigate,page_close,video,discussion,wiki
1.0,2.5469908364919607,2.682588730501833,2.396240625180289,0.9182958340544896,1.5394910703001345,0
