problem,access,navigate,page_close,video,discussion,wiki
0,1.8543708229489684,1.584962500721156,1.7193793404575044,1.691037563430953,0,0
