problem,access,navigate,page_close,video,discussion,wiki
0.0,1.37928048729106,1.3784188527203236,0.0,0.0,1.0,0.9182958340544896
