problem,access,navigate,page_close,video,discussion,wiki
0.9957274520849256,2.3975947744646384,1.9182958340544896,1.9219280948873623,1.5,0,0
