problem,access,navigate,page_close,video,discussion,wiki
1.3541859576379551,3.2422146659215554,2.063558608511122,3.2861609076769347,3.2175765031162435,0.0,0.0
