problem,access,navigate,page_close,video,discussion,wiki
1.3787834934861753,2.810374243334814,2.1219280948873624,1.3709505944546687,1.584962500721156,0,0
