problem,access,navigate,page_close,video,discussion,wiki
0.9182958340544896,2.738873603877784,1.755336213432141,2.1556390622295662,0.9182958340544896,0.0,0.0
