problem,access,navigate,page_close,video,discussion,wiki
1.792481250360578,2.938688570451097,1.5510981710072647,2.94770277922009,2.8453509366224368,0,0.0
