problem,access,navigate,page_close,video,discussion,wiki
1.924174352300441,3.680405965959215,3.508621780036166,2.8453509366224368,1.9219280948873623,0,0
