problem,access,navigate,page_close,video,discussion,wiki
0,2.4445307440040125,2.4854752972273344,2.4632431204148597,2.610577243331642,1.0,0
