problem,access,navigate,page_close,video,discussion,wiki
2.2146939516467024,3.7350329784502434,3.6168746059562227,3.755344702823469,3.4928966084191075,0.0,0.0
