problem,access,navigate,page_close,video,discussion,wiki
3.5566567074628233,3.7258758343616254,3.396758621974927,2.0588138903312014,1.5,2.507517956298696,0
