problem,access,navigate,page_close,video,discussion,wiki
0.0,1.1964209471916636,0.9182958340544896,1.1941737342569119,1.2516291673878228,0,0.0
