problem,access,navigate,page_close,video,discussion,wiki
2.095001428167036,3.34087774155152,3.3421263603534204,2.1987565875081505,0,0.9852281360342516,0
