problem,access,navigate,page_close,video,discussion,wiki
0.0,1.8053977112599198,1.2773600852070808,1.4056390622295665,0.9852281360342516,0.0,0
