problem,access,navigate,page_close,video,discussion,wiki
1.9149798205164812,2.2585300301188083,1.0,2.263815501664096,2.120952031026403,0,0
