problem,access,navigate,page_close,video,discussion,wiki
1.5566567074628228,2.9092783722941844,2.8152023999804867,2.7658763584704307,2.6022170014624826,0.9182958340544896,1.0
