problem,access,navigate,page_close,video,discussion,wiki
2.790755261745986,4.216547609185669,3.3087513512471665,4.338481680860703,4.242709712935595,1.6258145836939115,0.0
