problem,access,navigate,page_close,video,discussion,wiki
0,1.7854752972273342,1.5487949406953985,2.133937566094917,1.9219280948873623,0.0,0
