problem,access,navigate,page_close,video,discussion,wiki
0.8812908992306927,3.187390866520144,2.575285049774153,3.164378128450004,2.6612262562697895,0.8453509366224365,0.0
