problem,access,navigate,page_close,video,discussion,wiki
1.7424153599984742,3.150472318684652,3.3464393446710154,3.162585506308651,2.2464393446710154,0,0
