problem,access,navigate,page_close,video,discussion,wiki
3.217372976432116,3.8699687804675342,3.1985574713813842,0,1.0,2.3146789989534247,1.5709505944546687
