problem,access,navigate,page_close,video,discussion,wiki
2.542521761053789,3.4872131909728723,2.75,3.8271738339684305,3.3564924137968246,0.5293608652873644,0
