problem,access,navigate,page_close,video,discussion,wiki
0.8453509366224365,2.807542262563648,2.023465189601647,2.9160456260789394,2.699513850319966,1.295461844238322,1.0
