problem,access,navigate,page_close,video,discussion,wiki
1.360964047443681,2.2890531545647694,2.2269608142719166,2.2680185673376263,2.7334585933443494,1.0,1.584962500721156
