problem,access,navigate,page_close,video,discussion,wiki
2.4475482416698755,3.085686818078684,2.788450457308289,3.0575908770778093,3.0245520916204094,0,0
