problem,access,navigate,page_close,video,discussion,wiki
1.6158045319402516,2.059651458859479,2.188721875540867,1.8250112108241772,0,0.0,0.9852281360342516
