problem,access,navigate,page_close,video,discussion,wiki
1.5219280948873621,2.494786161729604,1.7381493331928661,2.5498550315128585,2.4414460711655215,0.9405662399881731,0.4689955935892812
