problem,access,navigate,page_close,video,discussion,wiki
0.6840384356390417,2.6037724890775618,2.5503407095463886,2.578830073557112,0,0.0,0
