problem,access,navigate,page_close,video,discussion,wiki
3.327819531114783,3.8458899780102542,3.3997117632760014,3.7404640559568154,3.291401546348238,2.78107348707768,1.936278124459133
