problem,access,navigate,page_close,video,discussion,wiki
0.0,2.64616808388253,2.4696704873718613,2.6816259570743917,2.5220552088742,0.0,0
