problem,access,navigate,page_close,video,discussion,wiki
1.8843135277997989,3.069710292433556,3.215841172683753,2.987386625190374,0.9864267287308424,1.5620624582362637,0
