problem,access,navigate,page_close,video,discussion,wiki
2.405138673760707,3.465596230357602,3.039148671903071,3.600412897259044,3.163409377088532,2.021782221599798,0
