problem,access,navigate,page_close,video,discussion,wiki
1.0,3.0568504193562123,3.2029984748849634,3.1591940015397544,2.8778584059050023,1.8509723601162602,0.7219280948873623
