problem,access,navigate,page_close,video,discussion,wiki
1.3346791410515948,2.15329123189048,1.8910611120726526,2.370963042825407,2.2671178759649178,0.9182958340544896,0
