problem,access,navigate,page_close,video,discussion,wiki
0,2.843267554233418,2.2810361125534238,3.0114680633470656,2.5032583347756456,1.0,1.2870540281187268
