problem,access,navigate,page_close,video,discussion,wiki
0.5916727785823275,2.4414460711655215,2.485475297227334,2.606238928653389,0.9182958340544896,1.7924812503605778,0.0
