problem,access,navigate,page_close,video,discussion,wiki
0.7642045065086203,2.6023504304167147,2.7758589482446405,2.4056390622295662,2.0,1.0,1.0
