problem,access,navigate,page_close,video,discussion,wiki
2.953139518638893,3.6624684684417024,3.741427169075074,3.6391617002651317,3.316340113853407,0.9182958340544896,0.0
