problem,access,navigate,page_close,video,discussion,wiki
0.8904916402194913,0.8524051786494786,0.9182958340544896,0.8904916402194913,0.8812908992306927,0,0
