problem,access,navigate,page_close,video,discussion,wiki
0.0,3.1275420171275776,2.4416298737872246,2.2359263506290326,1.9219280948873623,0.0,0.0
