problem,access,navigate,page_close,video,discussion,wiki
0,2.979199228041237,2.760964047443681,2.831183341462168,2.550340709546389,0.0,0.0
