problem,access,navigate,page_close,video,discussion,wiki
1.9574058114255182,2.491699422023754,1.0957952550009336,0.0,0.0,0.5435644431995964,0.9182958340544896
