problem,access,navigate,page_close,video,discussion,wiki
2.1263546260928767,2.7411175364880993,2.2810361125534233,0.9182958340544896,1.0,0,0
