problem,access,navigate,page_close,video,discussion,wiki
0.9402859586706311,3.3751758291375356,3.085055102756477,1.8423709931771084,1.5219280948873621,1.6493974703476995,0
