problem,access,navigate,page_close,video,discussion,wiki
0,0.9876925088958034,1.584962500721156,1.1488348542809166,0.7219280948873623,0,0
