problem,access,navigate,page_close,video,discussion,wiki
0.5435644431995964,2.492203107205413,2.481714572986073,2.4854752972273344,1.5,0,0
