problem,access,navigate,page_close,video,discussion,wiki
0.0,2.631980771648247,2.251629167387823,2.702940087321047,2.35274578087187,0.0,0
