problem,access,navigate,page_close,video,discussion,wiki
0.9940302114769565,2.893786096967789,2.287783719941071,3.1185077804617447,0.0,0.6500224216483541,0.0
