problem,access,navigate,page_close,video,discussion,wiki
2.236623811079363,2.163720425816428,2.1416195253341384,2.3904555171926773,2.2584598927441624,0,0.0
