problem,access,navigate,page_close,video,discussion,wiki
1.288649764535596,3.0341484626651805,3.261842390463366,2.698476859632983,2.121928094887362,0.6143694458867568,0
