problem,access,navigate,page_close,video,discussion,wiki
0,0.8812908992306927,0.9709505944546686,1.6644977792004614,1.9219280948873623,0,0
