problem,access,navigate,page_close,video,discussion,wiki
0.0,2.1874302980927216,1.3787834934861756,2.1493974703476995,1.9182958340544896,0,0
