problem,access,navigate,page_close,video,discussion,wiki
1.8710191208788398,3.044785033913539,2.7192945256669794,2.3709505944546687,1.4591479170272446,0.8112781244591328,0.0
