problem,access,navigate,page_close,video,discussion,wiki
1.9219280948873623,2.7907672391255836,2.4193819456463714,1.584962500721156,0,0.0,0
