problem,access,navigate,page_close,video,discussion,wiki
0.0,1.5262349099495227,0.9182958340544896,1.8676338909712125,1.584962500721156,0,0
