problem,access,navigate,page_close,video,discussion,wiki
0.9709505944546686,1.8910611120726528,1.811278124459133,1.5219280948873621,0,0,0
