problem,access,navigate,page_close,video,discussion,wiki
2.266293172170494,3.196275789380448,1.75,3.2348826675770352,2.864866279093188,0.0,0
