problem,access,navigate,page_close,video,discussion,wiki
0.9182958340544896,1.9606561297718694,1.855388542207534,2.309880054408834,2.4436420209076157,2.2607845582978525,0.0
