problem,access,navigate,page_close,video,discussion,wiki
2.6455933144511468,3.248840117189926,2.2892464285091583,0.0,1.584962500721156,0.0,0.0
