problem,access,navigate,page_close,video,discussion,wiki
0.0,3.337536904938978,2.581013401577586,3.094087011049872,3.1913992823562065,0.6500224216483541,0.0
