problem,access,navigate,page_close,video,discussion,wiki
2.3484004394557805,3.2495169020110377,1.9182958340544893,2.321928094887362,2.472905595320056,0.6500224216483541,0
