problem,access,navigate,page_close,video,discussion,wiki
3.5521690373275234,3.7002090726501,3.00623892865339,2.6464393446710153,2.725480556997868,1.3250112108241772,0.0
