problem,access,navigate,page_close,video,discussion,wiki
1.4565966398802905,2.7262818789910535,1.8464393446710154,1.0,0.8112781244591328,1.7924812503605778,0
