problem,access,navigate,page_close,video,discussion,wiki
0,0.9090221560878149,0.0,1.134969974603941,1.1401156785146092,0,0
