problem,access,navigate,page_close,video,discussion,wiki
2.6113191980291113,3.1027445965738774,2.978212945841001,2.9794266307818775,3.023037065532881,1.9056390622295665,0.0
