problem,access,navigate,page_close,video,discussion,wiki
3.218192225222381,3.7468588500864515,2.495602923729013,3.7141426135950457,3.6345943216865635,0,0.0
