problem,access,navigate,page_close,video,discussion,wiki
2.3045497374256483,3.1735672808030393,2.621291394642249,1.0,3.0934486223532907,0.9709505944546686,0.0
