problem,access,navigate,page_close,video,discussion,wiki
0,1.6049355947431312,0,1.5465935642949382,1.4911148500551858,0,0
