problem,access,navigate,page_close,video,discussion,wiki
1.9056390622295665,2.4521471875050294,2.3458519893382603,2.581343066358878,2.134969974603941,0,0
