problem,access,navigate,page_close,video,discussion,wiki
2.1837548319239213,2.6326291922749685,1.9182958340544893,0.0,0,0.0,0
