problem,access,navigate,page_close,video,discussion,wiki
1.3328204045850196,4.105698633636612,3.8035088547976788,3.955143403113037,3.6469307351842843,0,0
