problem,access,navigate,page_close,video,discussion,wiki
3.4166401323226507,4.438067724430148,4.119818794953213,4.1935856977775945,3.755296291774868,3.3168100094647817,0.9182958340544896
