problem,access,navigate,page_close,video,discussion,wiki
2.2352629298722433,3.0430101595548553,1.3516441151533924,2.9689185639620974,2.6455933144511468,0.8812908992306927,0
