problem,access,navigate,page_close,video,discussion,wiki
1.640223928941852,2.9579967848750437,3.4225779953216042,2.663532754804255,2.2516291673878226,1.7695459925589747,0.0
