problem,access,navigate,page_close,video,discussion,wiki
1.3090909691036434,2.2856549469008307,2.321928094887362,2.4729055953200563,0,0.0,0
