problem,access,navigate,page_close,video,discussion,wiki
1.5644050517413437,3.141090502276525,3.216216918687274,3.0891800626315176,2.5777968115985956,0.0,0
