problem,access,navigate,page_close,video,discussion,wiki
2.0075874753050806,3.3133607358354604,2.725480556997868,3.3013141367444407,2.7192945256669794,0.9709505944546686,0.0
