problem,access,navigate,page_close,video,discussion,wiki
1.3800943362833298,3.313640445301312,1.5,3.1329440449809587,2.9312089489103235,0,0
