problem,access,navigate,page_close,video,discussion,wiki
0,2.2222881926787386,2.1812056673346514,1.8464393446710154,2.0,0.0,1.4591479170272448
