problem,access,navigate,page_close,video,discussion,wiki
0.7641140545540274,2.746353085499369,1.061278124459133,1.5,1.4591479170272448,0.9798687566511528,0
