problem,access,navigate,page_close,video,discussion,wiki
0.9898220559635811,3.3780225295337853,3.1446773420456386,3.210777084415067,2.5996659733039564,2.0089998915183713,0.0
