problem,access,navigate,page_close,video,discussion,wiki
0.0,2.296039830289891,1.3250112108241772,2.4535775876032386,2.452819531114783,0.9182958340544896,1.0
