problem,access,navigate,page_close,video,discussion,wiki
2.091442744153284,3.0917815922010297,2.1287347499440905,2.235926350629032,2.0,0.0,0
