problem,access,navigate,page_close,video,discussion,wiki
0.5435644431995964,1.3458519893382606,0.7219280948873623,1.5709505944546684,1.360964047443681,0,0
