problem,access,navigate,page_close,video,discussion,wiki
2.105033356221294,3.488949320070228,2.9226799244444974,3.432485116721651,3.255736618774909,1.5486241546053248,1.2516291673878228
