problem,access,navigate,page_close,video,discussion,wiki
1.5190461643198379,2.864270209323079,1.3346791410515946,3.0220552088742005,2.984183719779189,1.0,0.0
