problem,access,navigate,page_close,video,discussion,wiki
1.9821360487645912,3.403759051841016,3.311844101310204,1.584962500721156,1.0,1.5726236638951638,0.0
