problem,access,navigate,page_close,video,discussion,wiki
1.7663337663642074,3.51734041867101,2.856073378548283,2.75,1.0,1.8423709931771084,1.5
