problem,access,navigate,page_close,video,discussion,wiki
3.2001997369826127,4.063050185546555,3.8389613181241034,3.961535002348387,3.667260654859433,1.7360411676599221,0.0
