problem,access,navigate,page_close,video,discussion,wiki
1.5566567074628228,2.278024291640274,2.25,2.240670531676688,1.689391746743088,0,0
