problem,access,navigate,page_close,video,discussion,wiki
1.188721875540867,2.1713600874958074,1.1567796494470395,1.7244078178625923,0.0,0,0
