problem,access,navigate,page_close,video,discussion,wiki
3.021306798846273,3.9026350273577135,3.0844935479364843,3.913640873915145,3.8438561897747237,2.5858316909424404,0.9182958340544896
