problem,access,navigate,page_close,video,discussion,wiki
0.0,2.1130900325159425,2.0,2.517405811425518,1.4858262074315178,0,0
