problem,access,navigate,page_close,video,discussion,wiki
2.1492553971685,3.148595055427524,2.521928094887362,2.8731406795131336,2.8553885422075336,1.3709505944546687,0.0
