problem,access,navigate,page_close,video,discussion,wiki
1.8478548143998654,3.047568328994731,2.881142681145249,2.9317394083364974,1.9487766673878508,0.5916727785823275,0.0
