problem,access,navigate,page_close,video,discussion,wiki
0.5916727785823275,3.391521015103733,2.040223928941852,3.518431127439768,3.124889451733241,0,0.0
