problem,access,navigate,page_close,video,discussion,wiki
1.3610156764620025,2.5153621662810406,1.9182958340544893,2.552841670172532,2.3898980954642877,0,0
