problem,access,navigate,page_close,video,discussion,wiki
1.2108100261060328,2.6176704734444436,2.2516291673878226,2.57159439327828,2.5607813940100193,0.0,0
