problem,access,navigate,page_close,video,discussion,wiki
0.9910760598382222,3.3965652983305317,3.1288840705376355,2.4056390622295662,2.321928094887362,1.930093723461302,0
