problem,access,navigate,page_close,video,discussion,wiki
0.8453509366224365,1.7216218631644162,1.6457113704075788,0.6500224216483541,0.0,0.9182958340544896,0.0
