problem,access,navigate,page_close,video,discussion,wiki
0,2.5770173451668827,2.634828367552192,2.5050019779263035,2.5239860659612976,0.9182958340544896,0.0
