problem,access,navigate,page_close,video,discussion,wiki
1.8250112108241772,2.434023077342643,2.4996981431844145,2.619065883280639,2.252878689342031,0.0,1.4466166676282082
