problem,access,navigate,page_close,video,discussion,wiki
0.0,1.4710707275498114,0.0,1.6854752972273344,1.6577427265048887,0,0
