problem,access,navigate,page_close,video,discussion,wiki
0,2.779487847144022,2.186704345910025,2.8224693031559585,2.619647337185571,0.0,0.0
