problem,access,navigate,page_close,video,discussion,wiki
0,2.6750253433633993,2.1556390622295662,2.78783715161801,2.5412620304454907,0,0
