problem,access,navigate,page_close,video,discussion,wiki
0.0,1.7763318528003074,1.5219280948873621,1.7841591278514217,1.4591479170272448,0,0
