problem,access,navigate,page_close,video,discussion,wiki
0.9957274520849256,2.691636020473836,1.9219280948873623,2.8750338273225076,2.689246428509158,0.0,0
