problem,access,navigate,page_close,video,discussion,wiki
0,1.198192411043098,1.1050139971135322,1.6171895725927152,1.0,0.9182958340544896,0.0
