problem,access,navigate,page_close,video,discussion,wiki
1.9528296828631373,3.044806854204561,1.950212064914747,3.0055282612933474,3.0280729963885094,0.0,0
