problem,access,navigate,page_close,video,discussion,wiki
0.0,1.9613215307575134,1.54515219719895,1.9919784291143958,1.9903166968736787,0,0
