problem,access,navigate,page_close,video,discussion,wiki
1.8773870642966133,3.128888523047858,1.5219280948873621,2.8639721829746034,2.288019280279689,0,0.0
