problem,access,navigate,page_close,video,discussion,wiki
0.0,2.28037867274774,3.063450300397254,2.415661470191763,1.4355205042826666,2.6365706070007953,1.2516291673878228
