problem,access,navigate,page_close,video,discussion,wiki
0,1.873562518512994,1.4256051990169436,1.8262452584026092,1.950212064914747,0,0
