problem,access,navigate,page_close,video,discussion,wiki
2.6016146331673746,3.258780113027904,2.3432578733442675,3.2406739011256924,3.28867840877147,0,0
