problem,access,navigate,page_close,video,discussion,wiki
3.1544941461079508,3.9185358331325175,3.4685766296878655,4.054493533332007,3.5473167065282847,1.5,0
