problem,access,navigate,page_close,video,discussion,wiki
2.0115248564667065,3.517235687638283,3.382165785238766,3.4932993045250793,2.063458298648303,2.0942444351471337,1.9219280948873623
