problem,access,navigate,page_close,video,discussion,wiki
2.5203705492126978,3.866470657829328,3.5900182662886326,3.435896108645084,1.061278124459133,0.0,0
