problem,access,navigate,page_close,video,discussion,wiki
2.056380377425995,2.532867600600623,0.5916727785823275,2.7449279876442114,2.6969588012549406,0,0.0
