problem,access,navigate,page_close,video,discussion,wiki
1.4034099330298797,2.1012324444125667,2.4728930834150873,2.1782684476255376,1.9572317273055821,1.0488412604661608,0.9709505944546686
