problem,access,navigate,page_close,video,discussion,wiki
1.6216840505538386,2.583701917271189,2.6635327548042547,2.62191239111165,2.3787753681456,2.10882675582305,0
