problem,access,navigate,page_close,video,discussion,wiki
0,2.9020580611386286,1.8423709931771084,2.6130201924480456,2.3071885761626687,0.8812908992306927,0
