problem,access,navigate,page_close,video,discussion,wiki
0.9899927915575186,3.723299712523531,3.1180782093497097,3.7431967684911,3.3281843117879495,1.5304930567574826,0
