problem,access,navigate,page_close,video,discussion,wiki
0.0,3.430942808827652,2.7339419795904845,3.3082708345352603,2.913977073182752,1.2406705316766886,0
