problem,access,navigate,page_close,video,discussion,wiki
1.4906183891648777,2.7405958372655745,2.4225797618424916,1.6644977792004614,1.4911148500551858,0.0,0.0
