problem,access,navigate,page_close,video,discussion,wiki
0.9182958340544896,1.3472230399326601,1.8294732983598407,0.0,0,0,0
