problem,access,navigate,page_close,video,discussion,wiki
1.723822991883329,2.7099983280053968,2.9056390622295662,1.584962500721156,0,0.6500224216483541,0.0
