problem,access,navigate,page_close,video,discussion,wiki
0.7793498372920852,1.8647869792568113,1.9219280948873623,1.0,1.0,0,0
