problem,access,navigate,page_close,video,discussion,wiki
0.9852281360342516,2.212396072422482,2.1556390622295662,2.1215424877545814,1.9523612813926658,0,0
