problem,access,navigate,page_close,video,discussion,wiki
0,2.73215889136457,2.584962500721156,1.9502120649147465,1.9182958340544896,0,0
