problem,access,navigate,page_close,video,discussion,wiki
1.4182958340544896,2.4497571510701013,1.5,2.5900182662886326,2.2322628970242686,0,0
