problem,access,navigate,page_close,video,discussion,wiki
0,0.6456889013946261,0.9182958340544896,0.8200619345557181,0.744866173833546,0,0
