problem,access,navigate,page_close,video,discussion,wiki
0.0,0.9949848281859701,0.9852281360342516,1.271782221599798,1.4056390622295665,0,0
