problem,access,navigate,page_close,video,discussion,wiki
2.1425685170702904,2.7001857815701933,2.8257163090882544,2.9102725350684806,2.321928094887362,1.5219280948873621,0
