problem,access,navigate,page_close,video,discussion,wiki
2.845514242651719,3.2868013296078566,2.9680280535008916,3.5231654822324225,3.1572682296173893,1.5,0
