problem,access,navigate,page_close,video,discussion,wiki
1.4042104596972953,1.6131047430791061,0.9182958340544896,1.6767370300521325,0.9864267287308425,0.0,0
