problem,access,navigate,page_close,video,discussion,wiki
1.0,2.443880081877494,2.256564762130954,2.1492553971685,1.4591479170272448,0.0,0
