problem,access,navigate,page_close,video,discussion,wiki
0,1.8892464285091581,1.9219280948873623,1.8464393446710154,1.9219280948873623,0,0
