problem,access,navigate,page_close,video,discussion,wiki
0.9709505944546686,2.4910889107195917,2.7742433029172697,1.683240358011977,1.280672129520887,0.0,1.0
