problem,access,navigate,page_close,video,discussion,wiki
0.0,2.3683607216094806,2.0948567835487384,2.3168178546396656,2.4305946180235427,0.0,0.0
