problem,access,navigate,page_close,video,discussion,wiki
2.3056248156825463,3.1810859795355833,3.3400182662886326,3.283138048399029,3.0436656279983034,1.456564762130954,1.4591479170272448
