problem,access,navigate,page_close,video,discussion,wiki
0.9182958340544896,1.7083653414851083,2.538688570451097,1.836993530807766,1.9163193927932736,0.0,0
