problem,access,navigate,page_close,video,discussion,wiki
0,2.755699630342129,2.523231428797621,1.9502120649147465,1.9182958340544896,0,0
