problem,access,navigate,page_close,video,discussion,wiki
1.0,3.033173116120246,2.9219280948873623,2.5492553971685,2.2516291673878226,0,0
