problem,access,navigate,page_close,video,discussion,wiki
2.1790740482565654,3.2301929047540745,0.0,3.1820614277423207,3.080815379132648,0.0,0
