problem,access,navigate,page_close,video,discussion,wiki
1.5,2.5394009820537295,2.653107168362811,2.385308730736173,1.789929075309999,0.0,0.0
