problem,access,navigate,page_close,video,discussion,wiki
0,2.4279809474982748,2.4193819456463714,2.588465279604108,2.663532754804255,0,0
