problem,access,navigate,page_close,video,discussion,wiki
1.4854752972273344,2.7885373455556732,2.7890538755880447,1.584962500721156,0.0,1.2406705316766886,0.0
