problem,access,navigate,page_close,video,discussion,wiki
0.0,2.9134093770885316,1.8464393446710154,2.8797060488062796,2.623219672335508,0,0.0
