problem,access,navigate,page_close,video,discussion,wiki
0.863120568566631,2.5290255736436507,2.1709505944546685,2.6612262562697895,2.2516291673878226,0,0
