problem,access,navigate,page_close,video,discussion,wiki
0.0,2.5190795706241746,1.5,1.7527152789797045,1.8464393446710154,0,0
