problem,access,navigate,page_close,video,discussion,wiki
0.2460225782203316,1.6137129703673825,2.9956029237290127,1.0,1.0,1.0,0.0
