problem,access,navigate,page_close,video,discussion,wiki
2.6245493157567807,3.5168733641259995,2.5755886970847777,2.947860597836286,2.927694271103767,1.7822287189138017,0.9852281360342516
