problem,access,navigate,page_close,video,discussion,wiki
2.8507178680254857,3.182974692996249,3.071271150031998,2.584962500721156,1.4591479170272448,0.9182958340544896,0
