problem,access,navigate,page_close,video,discussion,wiki
0,2.4122951792485634,2.5559130951758244,2.6199707109276353,1.8464393446710154,0,0
