problem,access,navigate,page_close,video,discussion,wiki
0,2.5574899102582407,1.7574839898128802,1.2516291673878228,0.0,0,0
