problem,access,navigate,page_close,video,discussion,wiki
0.9182958340544896,2.654933814908051,1.7381493331928661,2.716447067161327,0,0,0.0
