problem,access,navigate,page_close,video,discussion,wiki
2.536596650697502,2.55742586033703,2.439079570624174,2.5856975189051203,2.5751819407939593,0.7219280948873623,1.0
