problem,access,navigate,page_close,video,discussion,wiki
2.8449956539836556,3.3298204990595184,3.186044724042016,3.4209327115965835,3.5108796369219375,1.4591479170272448,0.0
