problem,access,navigate,page_close,video,discussion,wiki
1.5485806065228545,3.262528150116599,3.013070929103845,0.4689955935892812,0,0.0,0
