problem,access,navigate,page_close,video,discussion,wiki
1.6253959301631318,2.217115720424018,1.9717472571281809,2.2807864006025236,1.8400837592991008,1.5304930567574826,0.6500224216483541
