problem,access,navigate,page_close,video,discussion,wiki
1.494714615931693,2.5311429854653986,2.303701696057348,2.725480556997868,2.824635874557747,1.0,0
