problem,access,navigate,page_close,video,discussion,wiki
1.8003591170911204,3.235768238649345,2.251629167387823,3.353533948577482,2.5,1.1567796494470395,0.0
