problem,access,navigate,page_close,video,discussion,wiki
2.484065178444525,3.356475540896225,3.064193409876633,3.3996738967715503,2.9242299136001457,2.4322574485535142,0.0
