problem,access,navigate,page_close,video,discussion,wiki
0.9182958340544896,1.3993556675323378,1.7924812503605778,1.0,0,0,0
