problem,access,navigate,page_close,video,discussion,wiki
2.541918522237185,2.5164901742060684,2.4193819456463714,2.4332537337908096,2.404668509963856,2.4877237504092307,0
