problem,access,navigate,page_close,video,discussion,wiki
0.0,2.2126717907787454,2.2841591278514217,2.0730576766384505,2.1464393446710153,0.9709505944546686,0
