problem,access,navigate,page_close,video,discussion,wiki
0,1.4926140680171258,1.4056390622295665,1.5,0.9182958340544896,0.0,0.0
