problem,access,navigate,page_close,video,discussion,wiki
0,1.4949188482339508,1.0,1.4056390622295665,0.9182958340544896,0,0
