problem,access,navigate,page_close,video,discussion,wiki
0,1.7924812503605778,1.4488156357251847,1.7527152789797045,1.5,0,0
