problem,access,navigate,page_close,video,discussion,wiki
2.481714572986073,3.3642014310253883,3.3401998765158556,3.245674917835038,2.4189370883802,0.0,0
