problem,access,navigate,page_close,video,discussion,wiki
0.0,2.2737288290053255,2.1219280948873624,1.584962500721156,0,0.0,0
