problem,access,navigate,page_close,video,discussion,wiki
2.072808552314143,2.5160941934716794,2.1887218755408666,2.688721875540867,2.4591479170272446,0,0
