problem,access,navigate,page_close,video,discussion,wiki
0,2.0730576766384505,1.4488156357251847,2.0740534157249533,1.8262452584026092,0,0
