problem,access,navigate,page_close,video,discussion,wiki
2.296781607006345,3.144971740308563,2.974937501201927,3.131650155283429,2.8010909634571273,2.246439344671016,0
