problem,access,navigate,page_close,video,discussion,wiki
1.9362600275315274,1.9956364132813589,1.198192411043098,1.2516291673878228,0.0,0.7219280948873623,0
