problem,access,navigate,page_close,video,discussion,wiki
0,1.8618084674058863,1.0957952550009338,1.6854752972273344,1.561278124459133,0.0,0.0
