problem,access,navigate,page_close,video,discussion,wiki
0.9876925088958034,2.8551790285545486,2.856274941365669,2.902655596558188,2.537014811252441,1.9184773977934286,0
