problem,access,navigate,page_close,video,discussion,wiki
0.5032583347756457,2.3501722024339156,2.16264411804726,1.5219280948873621,0.0,0,0
