problem,access,navigate,page_close,video,discussion,wiki
0,2.5658777010838953,2.5,1.974937501201927,1.7924812503605778,0,0
