problem,access,navigate,page_close,video,discussion,wiki
1.3709505944546687,3.4067611258610118,0.9852281360342516,3.384183719779189,3.2192141299700565,1.2987949406953985,0.0
