problem,access,navigate,page_close,video,discussion,wiki
0.0,2.094856783548739,1.584962500721156,2.197159723424149,1.5219280948873621,0,0
