problem,access,navigate,page_close,video,discussion,wiki
1.120930073839049,2.788768664516668,2.424835634986198,1.0,0.9182958340544896,0,0
