problem,access,navigate,page_close,video,discussion,wiki
0.0,0.904381457724494,0.863120568566631,0.9366673818775625,0.0,0.0,0
