problem,access,navigate,page_close,video,discussion,wiki
0.0,2.756866543182522,2.1556390622295662,2.521640636343318,1.7527152789797045,0.4537163391869448,0.0
