problem,access,navigate,page_close,video,discussion,wiki
2.5138755975478237,3.082618275603806,1.4355205042826666,2.582840024653932,2.5841715302298347,0,0.0
