problem,access,navigate,page_close,video,discussion,wiki
1.761706277574314,3.8954497378333945,2.965583935727781,3.721541602391874,3.803062530127978,0.0,0
