problem,access,navigate,page_close,video,discussion,wiki
1.6814963295286753,2.301072329402873,2.6612262562697895,2.4579981528670425,2.41379956460568,0.0,1.0
