problem,access,navigate,page_close,video,discussion,wiki
1.9182958340544893,3.515789584174682,1.0,2.8453509366224368,2.2359263506290326,0,0
