problem,access,navigate,page_close,video,discussion,wiki
2.023454614078503,2.7165312705841793,2.75,2.912599627695351,2.5439649216588487,0,0
