problem,access,navigate,page_close,video,discussion,wiki
0.8112781244591328,2.073877360159211,1.5,2.2466633876047295,1.5219280948873621,0,0
