problem,access,navigate,page_close,video,discussion,wiki
0,1.5193308322365362,1.6854752972273344,1.7004397181410922,0.0,0,0
