problem,access,navigate,page_close,video,discussion,wiki
0.0,1.3709505944546687,1.352030101757953,1.2406705316766886,0.0,0.0,0.0
