problem,access,navigate,page_close,video,discussion,wiki
0,1.6365037884091789,1.2516291673878228,1.5443683177191718,1.601014305806835,1.2607717938967942,0
