problem,access,navigate,page_close,video,discussion,wiki
2.751148436486083,2.965207667707822,2.6371580743924357,2.8652282172782653,2.6018131855914897,0,0
