problem,access,navigate,page_close,video,discussion,wiki
0.0,1.5156546557441946,0.8112781244591328,1.789929075309999,1.5566567074628228,0,0
