problem,access,navigate,page_close,video,discussion,wiki
0.7219280948873623,2.2017719463007257,1.9219280948873623,2.4613201402110088,1.867633890971212,0,0
