problem,access,navigate,page_close,video,discussion,wiki
2.078106345610391,3.574023636262181,2.5073801024236357,2.0,1.0,1.8766774014988084,1.0
