problem,access,navigate,page_close,video,discussion,wiki
1.823067982273661,2.63960891597693,2.8795075812893662,2.8918519463822396,2.5027361715940035,1.6933269522460908,0
