problem,access,navigate,page_close,video,discussion,wiki
0.961236604722876,3.3190795706241745,2.278351811711312,3.1462863706621045,2.2359263506290326,0,0.0
