problem,access,navigate,page_close,video,discussion,wiki
0.0,2.984706597820261,3.663532754804254,2.7516291673878226,2.005977711423774,0,0
