problem,access,navigate,page_close,video,discussion,wiki
0.0,1.5262349099495225,1.5,1.2406705316766886,0.7642045065086203,0,0
