problem,access,navigate,page_close,video,discussion,wiki
2.3075045457630874,3.373399270080891,2.725480556997868,3.472445544178841,3.1775662320965252,2.3547213575823873,0.0
