problem,access,navigate,page_close,video,discussion,wiki
2.4114286053685823,2.7164825236084047,1.950212064914747,2.965018266288633,2.6062389286533896,0,0
