problem,access,navigate,page_close,video,discussion,wiki
0.8904916402194913,1.269433559880332,1.0,1.0,1.3921472236645345,0,0
