problem,access,navigate,page_close,video,discussion,wiki
0.9283620723948676,1.3516441151533924,1.9502120649147465,1.360964047443681,0.9182958340544896,0,0
