problem,access,navigate,page_close,video,discussion,wiki
1.4294732983598406,2.5923613390706213,1.75,2.1392619307348246,2.2312702546075758,0,0
