problem,access,navigate,page_close,video,discussion,wiki
0,2.717515075282231,2.75,2.6844935479364844,2.4499852908687223,0,0
