problem,access,navigate,page_close,video,discussion,wiki
1.4097590668037259,2.5175326606669226,2.5445263410253127,2.6284276433771647,2.663532754804255,0.6193821946787638,0.0
