problem,access,navigate,page_close,video,discussion,wiki
0.0,3.352888339136246,3.0414460711655216,3.494034834541984,3.553090083530327,0.0,0.0
