problem,access,navigate,page_close,video,discussion,wiki
0.8256265261578954,2.2412739093316145,2.483905271011444,0.9182958340544896,0.0,0,0
