problem,access,navigate,page_close,video,discussion,wiki
1.4056390622295665,2.8742201766044086,0.9182958340544896,1.5,0,0,0
