problem,access,navigate,page_close,video,discussion,wiki
1.5485806065228545,2.9802325201828626,2.663532754804255,3.3469391972068316,0,0.4394969869215134,0
