problem,access,navigate,page_close,video,discussion,wiki
1.2866280229807057,2.7266823374461926,1.4854752972273344,2.727497224852472,2.4193819456463714,1.0,1.0
