problem,access,navigate,page_close,video,discussion,wiki
2.4856356351570517,3.0542236507721485,1.295461844238322,2.930709582593748,2.7344518194827176,0,0
