problem,access,navigate,page_close,video,discussion,wiki
0,0.6500224216483541,0.0,0.74959525725948,0.7219280948873623,0,0.0
