problem,access,navigate,page_close,video,discussion,wiki
1.0,2.5602674406735795,2.4116022179746714,2.6901186471677594,2.0119209285947934,0.0,0.0
