problem,access,navigate,page_close,video,discussion,wiki
0.8997437586982626,2.1434067560463643,1.7609640474436812,2.0359953953050485,1.7609640474436812,0,0
