problem,access,navigate,page_close,video,discussion,wiki
0.0,2.107755846489457,1.7139350452807203,2.2961692420901847,0,0.0,0.0
