problem,access,navigate,page_close,video,discussion,wiki
0.5435644431995964,2.4130234940315165,2.181205667334651,2.5871834412104566,2.7407934129929576,0.0,0.0
