problem,access,navigate,page_close,video,discussion,wiki
0,2.6363499030914013,2.6635327548042547,2.622392698320382,2.3332062193464953,0,0
