problem,access,navigate,page_close,video,discussion,wiki
0.9103480624345153,2.762372703161582,1.4970151057384782,2.2661506484543548,1.9502120649147465,0.6500224216483541,0.5665095065529053
