problem,access,navigate,page_close,video,discussion,wiki
0.0,2.6490893947492986,2.064042639445697,1.8464393446710154,1.3709505944546687,0.0,0.0
