problem,access,navigate,page_close,video,discussion,wiki
0.9709505944546686,1.5058231002082845,1.3727069617019705,1.5304930567574824,0,0.0,0
