problem,access,navigate,page_close,video,discussion,wiki
0,3.2241680252073017,3.355388542207534,2.570356063692049,2.654255313215029,0,0
