problem,access,navigate,page_close,video,discussion,wiki
0.0,1.992013996275584,0.8112781244591328,2.067031495157584,1.2516291673878228,0.8112781244591328,0
