problem,access,navigate,page_close,video,discussion,wiki
0.0,0.9819407868640977,1.2516291673878228,1.198192411043098,1.280672129520887,0.0,0
