problem,access,navigate,page_close,video,discussion,wiki
2.9749448734988166,3.4585902631541416,3.5525438629158814,3.5400786085571236,3.15672749727798,2.4004637361808725,2.0
