problem,access,navigate,page_close,video,discussion,wiki
0.0,1.9894908719265079,2.1180782093497093,2.1219280948873624,1.9182958340544896,0.7642045065086203,0.0
