problem,access,navigate,page_close,video,discussion,wiki
1.1094168433904474,1.4029342381953893,1.9591479170272448,2.0849625007211565,1.5,0,0.0
