problem,access,navigate,page_close,video,discussion,wiki
0,2.8918548355985507,3.546593564294939,2.8553885422075336,1.3787834934861756,0,0
