problem,access,navigate,page_close,video,discussion,wiki
1.9769738573991849,3.620201748563852,3.602860755712175,3.4309707515818295,3.1144093452479407,3.3822998031914517,0.0
