problem,access,navigate,page_close,video,discussion,wiki
0,1.2108100261060328,0.8812908992306927,1.3787834934861756,0.0,1.0,0.0
