problem,access,navigate,page_close,video,discussion,wiki
1.9449864209735108,2.867984705834353,1.7924812503605778,2.9990795706241746,2.7247198033190516,0.0,0
