problem,access,navigate,page_close,video,discussion,wiki
1.9614292709896408,2.896489210029066,2.7550576199383072,2.725480556997868,2.321928094887362,0.0,0.0
