problem,access,navigate,page_close,video,discussion,wiki
1.584962500721156,2.5190795706241746,1.7924812503605778,2.739572261986723,2.2359263506290326,0.5665095065529053,0.0
