problem,access,navigate,page_close,video,discussion,wiki
1.8841729245379457,2.794901006503048,1.610577243331642,2.787667201427305,2.3898980954642877,0.9182958340544896,0
