problem,access,navigate,page_close,video,discussion,wiki
2.3101492315852847,3.405006317600178,2.7516291673878226,3.4991982360578966,3.3273191426459237,0.9182958340544896,0
