problem,access,navigate,page_close,video,discussion,wiki
0.0,3.0072895949531686,3.8187289191750375,2.896464757510427,2.084962500721156,2.3925825498115834,0.0
