problem,access,navigate,page_close,video,discussion,wiki
2.287783719941071,3.0858185612175295,2.7321588913645702,3.135094005732581,2.311278124459133,1.2516291673878228,0
