problem,access,navigate,page_close,video,discussion,wiki
0,2.7707523715295066,3.319646811578581,2.7944684148604475,2.084962500721156,2.1794709709303257,0.0
