problem,access,navigate,page_close,video,discussion,wiki
0.0,1.497224320061398,1.895461844238322,1.7394541964918904,1.5304930567574826,0,0
