problem,access,navigate,page_close,video,discussion,wiki
0.0,3.2510697179766423,3.1377226960166995,3.198601303971483,2.964889451733241,2.1493765548904307,0
