problem,access,navigate,page_close,video,discussion,wiki
0,3.0798300806719765,3.844403223708139,3.137774542751816,2.792481250360578,2.5502988849528805,0
