problem,access,navigate,page_close,video,discussion,wiki
1.9173570203484225,2.798772932377533,3.3110804962442786,2.05632607578088,0.0,0.0,0.0
