problem,access,navigate,page_close,video,discussion,wiki
2.936260027531528,4.12921632552682,3.396498955491672,2.251629167387823,1.5,1.5219280948873621,1.0
