problem,access,navigate,page_close,video,discussion,wiki
0.863120568566631,2.7097074160749535,2.0,2.534567094075591,2.303728908203315,0.5916727785823275,0
