problem,access,navigate,page_close,video,discussion,wiki
0.8112781244591328,1.8726696380501495,2.0048861640918427,1.0,0.0,0.0,0
