problem,access,navigate,page_close,video,discussion,wiki
0,2.8126730777527906,3.074263936200397,2.3071885761626687,0.0,2.7495711250864066,0.0
