problem,access,navigate,page_close,video,discussion,wiki
2.4982965889303155,3.1579732383638555,3.044110417748401,3.491173461043484,3.299896391167891,0.8812908992306927,0.0
