problem,access,navigate,page_close,video,discussion,wiki
2.189080158397478,2.5647741737226912,1.924174352300441,2.611135633194072,2.704986855772667,2.1147130311157563,1.0
