problem,access,navigate,page_close,video,discussion,wiki
0.0,1.8412997995224136,1.9056390622295665,1.0,0,0.9852281360342516,0
