problem,access,navigate,page_close,video,discussion,wiki
0.9852281360342516,2.372966377227965,2.452819531114783,2.855388542207534,1.584962500721156,1.584962500721156,0.0
