problem,access,navigate,page_close,video,discussion,wiki
2.2312702546075758,2.9822630324186905,2.4508257945180882,2.876853130799308,2.0588138903312014,1.1981174211304033,0.0
