problem,access,navigate,page_close,video,discussion,wiki
1.7206166448818938,4.257352024025134,3.121928094887362,1.867633890971212,1.584962500721156,0.9182958340544896,0.0
