problem,access,navigate,page_close,video,discussion,wiki
0.6500224216483541,2.1135388697992603,1.5197284615795614,2.321928094887362,1.584962500721156,0.5032583347756457,0.0
