problem,access,navigate,page_close,video,discussion,wiki
0.0,1.9015064025015058,1.584962500721156,1.9241743523004413,1.3709505944546687,0,0
