problem,access,navigate,page_close,video,discussion,wiki
0,2.1833830982290134,2.2312702546075758,1.3709505944546687,1.5,0.41381685030363374,1.0
