problem,access,navigate,page_close,video,discussion,wiki
2.4349054335653717,2.4610519227295953,1.8423709931771084,2.595173332399697,2.4505059710789405,1.5219280948873621,0
