problem,access,navigate,page_close,video,discussion,wiki
0.0,2.867559540761032,2.873140679513133,2.2883201891060003,1.75,0.9182958340544896,0
