problem,access,navigate,page_close,video,discussion,wiki
1.8552419173638843,2.6595560444999164,1.5,2.861269180317664,2.4464393446710155,0.0,0
