problem,access,navigate,page_close,video,discussion,wiki
0.0,1.901703263618631,1.5487949406953985,1.6805563732659934,1.2987949406953985,0,0
