problem,access,navigate,page_close,video,discussion,wiki
0,2.1479153962774604,1.3346791410515946,2.1441753977234277,0.0,0,0
