problem,access,navigate,page_close,video,discussion,wiki
2.9000198193591666,4.12502569519493,3.4399330638678833,3.9333961324763203,0,1.2406705316766886,0.0
