problem,access,navigate,page_close,video,discussion,wiki
2.288019280279689,3.6168028751710946,3.5,1.5,3.6841837197791882,0,0
