problem,access,navigate,page_close,video,discussion,wiki
1.5262349099495227,2.090885621202821,1.5487949406953985,2.332263854738758,1.8910611120726526,0.0,0.0
