problem,access,navigate,page_close,video,discussion,wiki
1.7924812503605778,2.5643753044829234,1.5435644431995963,2.4345094455588163,2.5,1.4795981595523573,1.0
