problem,access,navigate,page_close,video,discussion,wiki
1.360964047443681,2.1372383932424994,2.251629167387823,2.095241917363884,1.2516291673878228,0.9709505944546686,0
