problem,access,navigate,page_close,video,discussion,wiki
0.5032583347756457,2.7210873356689156,2.41876811864159,2.4967674035087857,2.3701851589367213,1.3527241956246545,0.0
