problem,access,navigate,page_close,video,discussion,wiki
0.4854607607459134,2.8453509366224363,1.5566567074628228,1.0,1.0,0.0,0
