problem,access,navigate,page_close,video,discussion,wiki
0.9709505944546686,2.0892446619882707,2.1556390622295662,2.278351811711312,2.197159723424149,1.7232314287976207,0
