problem,access,navigate,page_close,video,discussion,wiki
1.392626445055314,1.6598403034303995,1.5487949406953985,1.7464353842388933,0.0,0,0.0
