problem,access,navigate,page_close,video,discussion,wiki
2.4030584936922197,2.5187119013827752,2.1820058147602133,2.5511894468399485,2.6556390622295662,0.41381685030363374,0.0
