problem,access,navigate,page_close,video,discussion,wiki
0,3.493671110078571,3.039148671903071,3.3082708345352603,3.0062389286533895,0,0
