problem,access,navigate,page_close,video,discussion,wiki
1.2069147065402306,2.2437964362751606,2.058813890331201,2.3545502265468965,0.0,0,0
