problem,access,navigate,page_close,video,discussion,wiki
0.9402859586706311,2.6850255085924464,2.3638651219508544,0.0,0.0,1.2987949406953985,0.0
