problem,access,navigate,page_close,video,discussion,wiki
3.322572247591964,3.6154541865385834,3.3073549220576037,2.2516291673878226,3.121928094887362,0,0.0
