problem,access,navigate,page_close,video,discussion,wiki
0.828055725379504,2.057924310831006,1.9182958340544893,0.0,0,0,0
