problem,access,navigate,page_close,video,discussion,wiki
2.073985488201969,2.8073138788981815,2.77424330291727,2.74257435705803,0,0.7219280948873623,0.8112781244591328
