problem,access,navigate,page_close,video,discussion,wiki
2.3254194655548384,2.996268462825711,2.86612297632523,2.5603199926245694,2.2825887305018333,0.8658566174572235,1.584962500721156
