problem,access,navigate,page_close,video,discussion,wiki
2.66648544809026,3.7602474045806655,0.6500224216483541,3.8420508624486263,3.651495007006518,2.557300745103064,0.0
