problem,access,navigate,page_close,video,discussion,wiki
2.386839296671271,3.784182952769428,3.3260601904404075,3.7555542547315413,3.3559891505089876,0.9864267287308424,0.0
