problem,access,navigate,page_close,video,discussion,wiki
0,2.5941178916311856,1.5,1.3709505944546687,1.9219280948873623,0,0
