problem,access,navigate,page_close,video,discussion,wiki
0.0,2.1269341166435063,2.5,2.1227236539320726,2.1219280948873624,0,0
