problem,access,navigate,page_close,video,discussion,wiki
0,2.531869256975175,2.5032583347756456,2.663532754804255,2.128085278891394,0,0
