problem,access,navigate,page_close,video,discussion,wiki
2.2494069093557685,3.3203766553843796,2.311278124459133,3.5926369484687153,3.042481250360578,0.0,0.0
