problem,access,navigate,page_close,video,discussion,wiki
0.0,2.8967436906829613,1.9709505944546688,2.321928094887362,2.321928094887362,0.0,0
