problem,access,navigate,page_close,video,discussion,wiki
1.3381280379269256,2.4267479713211126,2.5600289361122233,2.5643340317924084,1.9219280948873623,1.7589385323502773,1.0
