problem,access,navigate,page_close,video,discussion,wiki
0.9912642605354289,3.152787540921754,1.9609640474436814,3.298694580114543,2.886842188131012,0,0.0
