problem,access,navigate,page_close,video,discussion,wiki
1.4591479170272448,3.093453257454618,2.669229930779907,3.0955980857022647,2.5492553971685,1.5,1.0
