problem,access,navigate,page_close,video,discussion,wiki
0,2.4047933024618025,2.321928094887362,2.1180782093497093,1.6644977792004614,0,0
