problem,access,navigate,page_close,video,discussion,wiki
0.9709505944546686,2.509309057271682,2.058813890331201,2.5914359387113306,2.1339375660949167,0,0
