problem,access,navigate,page_close,video,discussion,wiki
1.5304930567574826,3.223049790215554,1.6774212838293645,1.8423709931771084,0.0,0.0,1.0
