problem,access,navigate,page_close,video,discussion,wiki
3.4253805102408497,3.425070520364182,0.0,2.2516291673878226,3.2639334294856344,0,0
