problem,access,navigate,page_close,video,discussion,wiki
0,1.7540691193139848,1.024284331748921,1.9552558992251075,1.9219280948873623,1.3366664819166876,1.1488348542809166
