problem,access,navigate,page_close,video,discussion,wiki
1.3830999911893338,3.2034825505209863,2.4996981431844145,3.328724445269141,3.5724312513221195,0.0,0.0
