problem,access,navigate,page_close,video,discussion,wiki
2.266072591041911,3.6946544417089484,3.3553973302621736,3.5566105601123277,3.0900327766014803,1.9347154954246262,0
