problem,access,navigate,page_close,video,discussion,wiki
1.7241353319314916,3.1503332596937934,2.7905471947419622,3.142352147431732,3.058746230592378,0.9709505944546686,0.0
