problem,access,navigate,page_close,video,discussion,wiki
2.176654930513493,2.902900636840747,2.4414460711655215,3.0334660718742956,2.9516288394329413,0,0.0
