problem,access,navigate,page_close,video,discussion,wiki
0.0,2.497478895958937,0.0,2.0403733936884962,1.9219280948873623,0,0.0
