problem,access,navigate,page_close,video,discussion,wiki
0.0,2.160251687312627,1.9182958340544893,2.189511398792891,2.0804820237218404,0,0
