problem,access,navigate,page_close,video,discussion,wiki
0.0,2.773899848247114,2.495602923729013,2.8584585933443494,2.4056390622295662,0.5746356978376794,0
