problem,access,navigate,page_close,video,discussion,wiki
1.4056390622295665,3.3527581402783744,3.238901256602631,3.277166846341841,2.6464393446710153,0,0
