problem,access,navigate,page_close,video,discussion,wiki
2.1748516196348495,3.7814632756924533,2.2516291673878226,3.9073997859535146,3.6158175946759328,0,0
