problem,access,navigate,page_close,video,discussion,wiki
1.5485652260309177,2.684429197728174,2.7659573209491746,2.7693452623695123,0,2.8912576441643396,0.0
