problem,access,navigate,page_close,video,discussion,wiki
2.282415628686154,3.217709082626459,2.9386790169573507,1.2516291673878228,0.7219280948873623,1.3709505944546687,0.0
