problem,access,navigate,page_close,video,discussion,wiki
1.022420703848328,2.729105517913708,2.1416195253341384,2.668558124936845,2.502598068247261,0.0,0
