problem,access,navigate,page_close,video,discussion,wiki
1.0,2.5646319568414366,1.6644977792004614,2.542643063463721,2.629219686524097,0,0
