problem,access,navigate,page_close,video,discussion,wiki
1.0,3.1885287303501064,2.1992818130163667,2.872334856855675,2.651793902628769,1.0,0.0
