problem,access,navigate,page_close,video,discussion,wiki
0.7732283485249176,3.0228806957799677,2.136800520148565,1.0,0,1.0,0.0
