problem,access,navigate,page_close,video,discussion,wiki
1.5,2.9713763967320608,2.610063540877072,3.1610880863907997,3.0985257479568604,0,1.0
