problem,access,navigate,page_close,video,discussion,wiki
1.9182958340544893,2.7330098115548442,2.9534217594042853,2.6937964362751603,2.5648325090899213,0.0,0.0
