problem,access,navigate,page_close,video,discussion,wiki
0,2.2928789470794526,2.422579761842491,2.521640636343318,2.4193819456463714,0.0,0
