problem,access,navigate,page_close,video,discussion,wiki
1.5734514757305034,3.2180477252856474,3.021928094887362,2.4193819456463714,2.75,0,0
