problem,access,navigate,page_close,video,discussion,wiki
0,2.3968830974035926,1.9035239700887407,2.903513046107446,2.260820318171659,0,0.0
