problem,access,navigate,page_close,video,discussion,wiki
0.0,2.597405811425518,1.7295739585136223,2.8855130303998817,3.121928094887362,0,0
