problem,access,navigate,page_close,video,discussion,wiki
0,2.1465158697712505,2.25,2.527495543791609,2.5503407095463886,0,0
