problem,access,navigate,page_close,video,discussion,wiki
2.1256121562515418,3.19561947048657,2.584962500721156,3.4681390622295662,3.3230741894285694,0,0
