problem,access,navigate,page_close,video,discussion,wiki
1.186278124459133,3.0881333177313275,2.6817701521250576,2.4056390622295662,1.584962500721156,0,0.0
