problem,access,navigate,page_close,video,discussion,wiki
0.9456603046006402,3.3382897511064566,3.3831223767425036,3.2359263506290326,2.5216406363433186,1.5726236638951638,0
