problem,access,navigate,page_close,video,discussion,wiki
0.8112781244591328,1.271782221599798,2.4922031072054134,0.0,0,0,0
