problem,access,navigate,page_close,video,discussion,wiki
1.3567796494470397,2.988481149161244,2.788450457308289,1.9219280948873623,1.0,0.0,0
