problem,access,navigate,page_close,video,discussion,wiki
1.0,1.3612504026603247,1.4591479170272448,1.6152502650882519,1.3221793455166666,0,0
