problem,access,navigate,page_close,video,discussion,wiki
1.0783220795483648,2.524264553693828,2.4182958340544896,0.0,0.9182958340544896,0.547553154980007,0
