problem,access,navigate,page_close,video,discussion,wiki
0.5665095065529053,3.246397648443333,2.2584598927441624,3.2326882124531147,3.031401845392172,0.0,0
