problem,access,navigate,page_close,video,discussion,wiki
2.9174934105176606,3.517190340175668,3.095795255000934,1.5,1.5,2.101227480952956,0
