problem,access,navigate,page_close,video,discussion,wiki
0.7219280948873623,2.735163924864813,1.896240625180289,2.4363896106525234,2.074164743022575,0.0,0
