problem,access,navigate,page_close,video,discussion,wiki
0,1.7205552171461251,1.5219280948873621,1.9214804607802791,0,0.0,0.0
