problem,access,navigate,page_close,video,discussion,wiki
1.1545676820893709,3.2369405816580445,1.4591479170272446,3.483234351937289,3.452819531114783,1.0,0
