problem,access,navigate,page_close,video,discussion,wiki
1.953152587415111,3.0993774899453537,2.324862957617356,2.7484742488411005,2.665957320949175,0.0,0.0
