problem,access,navigate,page_close,video,discussion,wiki
0,2.3869105215072257,1.0,1.584962500721156,2.5609640474436812,0,0
