problem,access,navigate,page_close,video,discussion,wiki
0,2.5350101754347354,2.133937566094917,2.4591479170272446,1.9219280948873623,0,0
