problem,access,navigate,page_close,video,discussion,wiki
1.9502120649147465,2.1043866573732015,2.2516291673878226,2.39207883297832,0.0,0,0
