problem,access,navigate,page_close,video,discussion,wiki
0.0,3.4649851487070555,2.4806821149663847,3.365461498491128,3.2634577577473327,0.0,0.0
