problem,access,navigate,page_close,video,discussion,wiki
1.7992330105332441,3.351021293325097,3.458876575099363,3.445718915588939,1.2516291673878228,0.39124356362925566,0.0
