problem,access,navigate,page_close,video,discussion,wiki
1.5,2.39463353221882,1.7806390622295665,1.9219280948873623,1.5,0.0,0.0
