problem,access,navigate,page_close,video,discussion,wiki
1.7381493331928664,3.5687228249130927,2.8603207778330444,3.3908054820769813,3.039148671903071,0.0,0.0
