problem,access,navigate,page_close,video,discussion,wiki
2.4041444620679107,2.7732604625898216,1.3787834934861753,2.644647224642818,2.217021885879718,0.6500224216483541,0.0
