problem,access,navigate,page_close,video,discussion,wiki
1.2995953015769373,2.2612687697465046,1.4911148500551856,2.376132935927952,2.313042301793865,0.0,0.0
