problem,access,navigate,page_close,video,discussion,wiki
0.9910760598382222,3.680523161083147,3.3209966173839494,2.321928094887362,1.7924812503605778,1.0,0
