problem,access,navigate,page_close,video,discussion,wiki
0.0,2.1578874751690202,1.8726693569100332,2.1493974703476995,2.121928094887362,0.0,0
