problem,access,navigate,page_close,video,discussion,wiki
2.2738698754726827,3.6407512490147917,2.058813890331201,3.5569498615020096,3.6514789228933084,0,0
