problem,access,navigate,page_close,video,discussion,wiki
0.0,3.10549128492029,2.7719023720385585,2.805288621665821,2.146465798504072,0,0
