problem,access,navigate,page_close,video,discussion,wiki
0,1.739427186302331,0.7219280948873623,2.1283310497671026,2.355388542207534,0,0
