problem,access,navigate,page_close,video,discussion,wiki
1.7815525212361014,2.629391116818793,1.4591479170272448,2.465123424621386,2.23345859334435,0,0
