problem,access,navigate,page_close,video,discussion,wiki
1.0,2.28388576350905,1.7804463148460088,2.423616565671561,0,1.0,0
