problem,access,navigate,page_close,video,discussion,wiki
1.0,2.107364707147819,1.188721875540867,2.0534426554859957,1.823067982273661,0.0,0.0
