problem,access,navigate,page_close,video,discussion,wiki
0.0,1.4674579648482995,0.0,1.5262349099495225,1.5219280948873621,0,0.0
