problem,access,navigate,page_close,video,discussion,wiki
0.9910760598382222,2.468565492522285,1.9056390622295665,2.4922031072054134,2.4613201402110083,0,0
