problem,access,navigate,page_close,video,discussion,wiki
0.5916727785823275,3.508584186301347,2.9658856363938875,1.584962500721156,0,1.9717472571281807,0.9182958340544896
