problem,access,navigate,page_close,video,discussion,wiki
0,1.8410860423252735,1.9219280948873623,1.9751060324573735,1.5275070675902451,0,0
