problem,access,navigate,page_close,video,discussion,wiki
2.2355917460279313,3.390720188890769,2.7497406322591122,3.61917246534057,3.0037016960573486,1.280672129520887,1.0
