problem,access,navigate,page_close,video,discussion,wiki
2.01926015782545,2.866418917751459,2.6556390622295662,2.6972333330529827,2.23577593064482,0.0,0
