problem,access,navigate,page_close,video,discussion,wiki
1.022420703848328,2.055462762235024,0,2.1981203125901447,1.9182958340544896,0,0
