problem,access,navigate,page_close,video,discussion,wiki
0.9990102708804813,2.0664568380301396,2.509211491893328,1.9182958340544896,2.2516291673878226,0.0,0
