problem,access,navigate,page_close,video,discussion,wiki
1.1113930493011068,3.196788006011559,2.994087996100047,3.2301646462457785,3.0814960521503343,1.8423709931771088,0.0
