problem,access,navigate,page_close,video,discussion,wiki
1.9709505944546688,3.5084160963978386,2.6535442970305683,3.5368867237421675,3.181244317680756,1.9609640474436814,0.0
