problem,access,navigate,page_close,video,discussion,wiki
0,2.4200824632751345,0.9182958340544896,2.2359263506290326,1.5,0,0
