problem,access,navigate,page_close,video,discussion,wiki
2.2816427076454655,3.625932197794486,3.110207059327665,3.525183306471629,0.0,2.1942571238954836,0.0
