problem,access,navigate,page_close,video,discussion,wiki
1.3328204045850196,3.164635712594845,2.6464393446710153,3.077501181613946,2.356370398866214,0,0
