problem,access,navigate,page_close,video,discussion,wiki
1.9854513993116463,3.1846425073749183,2.9339545780481746,2.503258334775646,1.9219280948873623,0,0
