problem,access,navigate,page_close,video,discussion,wiki
0.9709505944546686,2.2365688093588343,2.4325087045193867,2.5119424081530224,2.538688570451097,1.9219280948873623,0.9182958340544896
