problem,access,navigate,page_close,video,discussion,wiki
0.0,2.6572682296173893,1.0,2.038760752862686,2.3553885422075336,0,0
