problem,access,navigate,page_close,video,discussion,wiki
3.4456530663727976,4.0790350471864665,0.0,3.851309989710664,3.932999306637289,0.8112781244591328,0
