problem,access,navigate,page_close,video,discussion,wiki
2.4250983688183,3.3849515049599455,2.2359263506290326,1.584962500721156,1.5219280948873621,1.5,0
