problem,access,navigate,page_close,video,discussion,wiki
1.7849125600409002,2.8483236301742196,2.889549430862088,2.9489807597862963,1.8837671193967074,1.5,0
