problem,access,navigate,page_close,video,discussion,wiki
1.0,3.4813824685401507,2.974937501201927,3.210055951095563,2.91379956460568,0.0,0
