problem,access,navigate,page_close,video,discussion,wiki
1.9182958340544896,3.4155828337642764,2.6126502330422663,3.3509093770885316,1.6644977792004614,0.0,1.0
