problem,access,navigate,page_close,video,discussion,wiki
1.4772170014624826,3.213395320321289,2.974937501201927,3.2950956495457584,2.655050539417774,1.0,0.0
