problem,access,navigate,page_close,video,discussion,wiki
2.463932119725855,3.533598884512228,2.9585429818803033,3.7462682662886326,3.539763589667333,0.0,1.0
