problem,access,navigate,page_close,video,discussion,wiki
2.483834912994555,3.878076286356359,3.720387797332572,2.0,0.0,3.459711565933649,1.0
