problem,access,navigate,page_close,video,discussion,wiki
2.2819170612091715,3.3260500799832355,3.005123044017255,1.9877733714879842,1.0,0.954434002924965,0.0
