problem,access,navigate,page_close,video,discussion,wiki
0,2.915538757616537,0.0,2.8457270461747837,2.7833835345551226,0,0
