problem,access,navigate,page_close,video,discussion,wiki
2.534544664739285,2.9221345262228144,2.75,3.0243974703476995,2.199687794731328,0,0
