problem,access,navigate,page_close,video,discussion,wiki
1.8913438429415894,3.452172559360783,2.981188069479095,2.833790948816829,2.498929563690935,1.6697367178034823,1.3787834934861756
