problem,access,navigate,page_close,video,discussion,wiki
1.0,3.1947603056424554,2.4956029237290127,2.6312929881819,2.197159723424149,0,0
