problem,access,navigate,page_close,video,discussion,wiki
1.8305188698901305,2.6849478532599496,2.4387439204017474,2.6193531234253826,2.0979065701049424,0.0,0
