problem,access,navigate,page_close,video,discussion,wiki
0.41381685030363374,3.495652499867778,1.4911148500551858,3.3678834144998344,3.2524257458009567,0,0.0
