problem,access,navigate,page_close,video,discussion,wiki
1.9591479170272448,3.6381476962048276,2.6464393446710153,3.5868878409958143,3.0441104177484006,0,0
