problem,access,navigate,page_close,video,discussion,wiki
1.0,3.0856352997523766,2.4749525415173124,1.584962500721156,0.0,1.9056390622295665,0.0
