problem,access,navigate,page_close,video,discussion,wiki
1.784159127851422,2.949707477693957,2.0588138903312014,2.9780664484213544,2.918295834054489,0,0
