problem,access,navigate,page_close,video,discussion,wiki
0.9988455359952018,1.7471671973069338,1.4056390622295665,1.5709505944546687,1.5,0.37123232664087563,0.0
