problem,access,navigate,page_close,video,discussion,wiki
0.9182958340544896,2.8494312959663843,2.6199100232740657,1.584962500721156,1.0,1.608700165519891,0.0
