problem,access,navigate,page_close,video,discussion,wiki
0,3.8181223735636642,3.664222001144005,3.829115106190033,3.2806390622295662,3.2906866503848917,0.9182958340544896
