problem,access,navigate,page_close,video,discussion,wiki
0.6098403047164004,2.595014064897743,0.0,0.0,2.6606732334168424,1.0,0.0
