problem,access,navigate,page_close,video,discussion,wiki
1.0,2.936057612755155,2.5304930567574826,3.109275070710713,3.0220552088742005,0.0,0
