problem,access,navigate,page_close,video,discussion,wiki
0.0,2.5272077403659856,2.556656707462823,2.1280852788913944,0,0.0,0
