problem,access,navigate,page_close,video,discussion,wiki
2.1924559969845445,3.4601638378975244,1.8423709931771088,1.584962500721156,0,0,0.0
