problem,access,navigate,page_close,video,discussion,wiki
1.669180336866731,3.212437103259576,2.7450851871082684,2.584962500721156,0.0,0.5916727785823275,0.0
