problem,access,navigate,page_close,video,discussion,wiki
2.4336354286173254,4.006416644647954,3.0120158956199643,3.689729069514723,3.501397825434103,0,0.0
