problem,access,navigate,page_close,video,discussion,wiki
0,3.5051516812483783,2.5,2.725480556997868,2.5216406363433186,0,0
