problem,access,navigate,page_close,video,discussion,wiki
0.9182958340544896,2.927451224964519,2.8731406795131336,2.6213526136130225,1.9219280948873623,0,0
