problem,access,navigate,page_close,video,discussion,wiki
1.5020352759844964,2.2612671451090893,1.2516291673878228,1.8585552118703144,0.0,0.7642045065086203,0.0
