problem,access,navigate,page_close,video,discussion,wiki
3.3504065420257407,4.003654243363156,3.8404025467025056,3.754995864247025,3.6300311936055305,1.505977711423774,0
