problem,access,navigate,page_close,video,discussion,wiki
3.7036791801442024,4.277838771941364,3.7834651896016465,4.205659789571327,3.8955610578318387,2.6989358713215634,0.0
