problem,access,navigate,page_close,video,discussion,wiki
0.8112781244591328,3.571879707859104,3.277613436819116,2.6464393446710153,2.1556390622295662,0.0,0
