problem,access,navigate,page_close,video,discussion,wiki
1.5304930567574826,1.8340711630212996,1.8423709931771084,1.884313527799799,0,0,0
