problem,access,navigate,page_close,video,discussion,wiki
0.8112781244591328,3.5446715297487263,2.7052290027422967,3.099884015931998,2.6216535224393334,0.0,0
