problem,access,navigate,page_close,video,discussion,wiki
1.0408520829727552,3.27752914363103,2.588465279604108,2.8962915290459277,2.688721875540867,0.7219280948873623,0.0
