problem,access,navigate,page_close,video,discussion,wiki
1.4949188482339508,1.3235315761100483,1.0,1.4488156357251847,0.9709505944546686,0,0
