problem,access,navigate,page_close,video,discussion,wiki
0,0.8739810481273578,1.2987949406953985,0.8453509366224365,0.0,1.1488348542809166,0.0
