problem,access,navigate,page_close,video,discussion,wiki
0.8524051786494786,3.5865538703577515,3.6375903597214685,2.9219280948873623,0.8112781244591328,0.0,0.0
