problem,access,navigate,page_close,video,discussion,wiki
1.9746939516467021,2.359021920373789,1.9877733714879842,2.109452976253238,1.9056390622295665,0.0,0
