problem,access,navigate,page_close,video,discussion,wiki
1.6644977792004612,3.9757300288234916,2.949082295352821,2.6416041678685933,2.1280852788913944,0,0
