problem,access,navigate,page_close,video,discussion,wiki
0.863120568566631,3.026987810712257,2.8132098295058956,2.7321588913645707,1.3709505944546687,1.4591479170272448,1.0
