problem,access,navigate,page_close,video,discussion,wiki
0,3.0316996271046066,3.855288436533599,2.890616322322555,1.6382533594712747,0,0.0
