problem,access,navigate,page_close,video,discussion,wiki
1.7318736238640717,3.2554249549713155,3.0009230918800163,2.1280852788913944,3.084962500721156,0,0
