problem,access,navigate,page_close,video,discussion,wiki
2.5941577183804028,3.089724251720435,3.0220552088742,3.1841837197791887,0,0,0
