problem,access,navigate,page_close,video,discussion,wiki
0,2.121276357834812,0.8112781244591328,1.9056390622295665,1.7924812503605778,0,0
