problem,access,navigate,page_close,video,discussion,wiki
0.9182958340544896,2.1079331747192502,1.584962500721156,1.4355205042826666,0.0,0,0
