problem,access,navigate,page_close,video,discussion,wiki
0.0,2.2706000827573516,2.0,2.6229641986579426,2.713216235691139,0,0
