problem,access,navigate,page_close,video,discussion,wiki
0.9666186325481028,2.6044807143843967,1.5709505944546687,2.563334596370663,2.2844727127031867,0,0.0
