problem,access,navigate,page_close,video,discussion,wiki
1.0,1.6698050549913168,1.7841591278514217,1.8804820237218407,1.5,0.0,0
