problem,access,navigate,page_close,video,discussion,wiki
1.8365916681089791,4.160856304224357,3.263457757747333,4.194743455201286,4.140319531114783,1.3235315761100483,0
