problem,access,navigate,page_close,video,discussion,wiki
2.502736171594004,4.047266569146913,3.3818184609812465,4.138610031047444,3.799642175814981,0,0.0
