problem,access,navigate,page_close,video,discussion,wiki
0.0,2.191862313863079,2.5672103113389797,2.3053232276070963,2.1279868068776753,0.8960382325345575,1.0
