problem,access,navigate,page_close,video,discussion,wiki
2.549523459597832,2.521897137767582,1.93012496531497,2.75,2.0,0.0,0
