problem,access,navigate,page_close,video,discussion,wiki
0.0,2.5243974703476995,1.584962500721156,2.321928094887362,2.321928094887362,0,0
