problem,access,navigate,page_close,video,discussion,wiki
1.4185644431995963,3.469150425205456,3.1840746799205206,3.5823465587779157,3.262362653567818,1.0,0
