problem,access,navigate,page_close,video,discussion,wiki
1.287054028118727,1.7285319366435015,1.75,1.8210319581338212,1.7609640474436812,0,0
