problem,access,navigate,page_close,video,discussion,wiki
0,0.49418293484978865,1.789929075309999,0.7653636126766978,0.4689955935892812,0.0,0
