problem,access,navigate,page_close,video,discussion,wiki
1.326297625725199,2.774872428466307,2.6088184770436325,2.4128786893420306,0.0,0,0.0
