problem,access,navigate,page_close,video,discussion,wiki
2.4359092416655557,2.8650205994492883,2.5220552088742005,2.7665665125153684,2.3532946968877244,0,0.0
