problem,access,navigate,page_close,video,discussion,wiki
2.4250983688182997,3.412648041690067,2.6062389286533896,2.0,1.584962500721156,0,0
