problem,access,navigate,page_close,video,discussion,wiki
1.9026435035753768,2.762930535655374,1.9746017527145812,1.0,0,1.5,0
