problem,access,navigate,page_close,video,discussion,wiki
0,2.5632156925345844,2.2516291673878226,2.699513850319966,1.811278124459133,0,0
