problem,access,navigate,page_close,video,discussion,wiki
0,2.7018847820052074,2.189010909298125,2.6703397002311067,2.8294370305766097,0.0,0
