problem,access,navigate,page_close,video,discussion,wiki
0,3.6829111298898325,0.0,3.880794959555807,3.9032080616476805,0.863120568566631,0
