problem,access,navigate,page_close,video,discussion,wiki
1.6878698464571675,4.186485315771026,2.9362600275315276,4.211107923307562,4.095939893180384,2.0354751179410586,0.0
