problem,access,navigate,page_close,video,discussion,wiki
2.5250494294508066,3.304314554965796,3.504216566720879,3.5025608106720627,3.026791320663831,3.40439902186405,0.9182958340544896
