problem,access,navigate,page_close,video,discussion,wiki
1.789929075309999,2.6249548896763026,1.6644977792004614,2.688721875540867,2.5941178916311856,1.9852281360342514,0
