problem,access,navigate,page_close,video,discussion,wiki
2.7279666230727755,2.8902563135826225,1.9542473996920802,2.9185077804617445,2.4303630536924397,2.921167179377191,1.4591479170272446
