problem,access,navigate,page_close,video,discussion,wiki
3.7993266558537573,4.228571469485264,2.994087996100047,3.5630428436171693,4.294920675526451,2.35274578087187,0
