problem,access,navigate,page_close,video,discussion,wiki
2.9790571519666065,3.806921249223464,2.5931390622295662,3.650160231405394,3.639338335646214,3.0766005119193682,1.0
