problem,access,navigate,page_close,video,discussion,wiki
3.6019425092918733,3.9244129376498953,3.394434894369104,3.7490223603640374,3.7271087228723436,3.6215968933337424,1.0
