problem,access,navigate,page_close,video,discussion,wiki
1.9056390622295665,3.1431725441329266,3.2998963911678905,2.925853014561283,1.584962500721156,1.1812908992306925,0
