problem,access,navigate,page_close,video,discussion,wiki
0,2.5500457793640745,1.0,1.8822287189138016,2.3523479118118216,0,0
