problem,access,navigate,page_close,video,discussion,wiki
2.3071885761626683,3.485967352408916,2.7321588913645702,2.929845100639666,3.525939943986514,1.0,0.0
