problem,access,navigate,page_close,video,discussion,wiki
3.5817278019991967,4.299982151434389,3.727320254206047,4.109834259796043,4.148232231312028,2.738653867552336,1.584962500721156
