problem,access,navigate,page_close,video,discussion,wiki
0,1.598816797162542,1.1567796494470395,1.5487949406953985,1.836591668108979,0.0,0.0
