problem,access,navigate,page_close,video,discussion,wiki
0,2.242572530766071,2.25,2.2544475789720946,1.3567796494470397,0,0
