problem,access,navigate,page_close,video,discussion,wiki
0.8865408928220899,1.8770341680403249,3.2639334294856344,1.8256051990169437,0,2.6951811269635657,1.5
