problem,access,navigate,page_close,video,discussion,wiki
0.0,2.820693349367509,2.7489400470054295,2.9201108385891223,2.865576855207248,1.789929075309999,0
