problem,access,navigate,page_close,video,discussion,wiki
3.5023153608698765,4.181005014263365,4.274919172730958,4.405877723765121,3.822213314095366,3.6885576253382952,2.0
