problem,access,navigate,page_close,video,discussion,wiki
0.9709505944546686,3.286680513924688,2.3522170014624826,3.367534306280194,3.043019030245397,1.9217897106839215,0.0
