problem,access,navigate,page_close,video,discussion,wiki
0,1.7028188308764025,1.1660870601063933,1.7244078178625923,1.5766212201074912,0,0
