problem,access,navigate,page_close,video,discussion,wiki
0.0,0.4537163391869448,1.0,1.061278124459133,0.9864267287308424,0.0,0
