problem,access,navigate,page_close,video,discussion,wiki
0.0,1.5905710812598663,0.9182958340544896,1.1401156785146092,1.2406705316766886,0.0,0
