problem,access,navigate,page_close,video,discussion,wiki
0.0,3.6605725999640724,3.1279868068776753,3.4332015097872883,3.2687584397314544,0.6500224216483541,0.0
