problem,access,navigate,page_close,video,discussion,wiki
3.453626767019874,3.937605522598903,3.207686112873937,3.6180782093497097,3.302456438892877,3.00699374239596,1.584962500721156
