problem,access,navigate,page_close,video,discussion,wiki
0.0,3.40194695925137,2.2516291673878226,2.8553885422075336,2.251629167387823,1.295461844238322,0
