problem,access,navigate,page_close,video,discussion,wiki
1.9502120649147465,3.607727324316578,3.2516291673878226,3.655646221325766,3.334208014676135,0.5907239186406502,0
