problem,access,navigate,page_close,video,discussion,wiki
2.5091278918548365,3.3247756655372123,3.3680424225727155,3.2015457840323744,1.610577243331642,3.2262082002160084,1.0
