problem,access,navigate,page_close,video,discussion,wiki
0.6193821946787638,3.5733000051432806,2.4613201402110083,3.144660260856098,3.337677779700861,0.2974722489192896,0.0
