problem,access,navigate,page_close,video,discussion,wiki
0,2.3594070405168885,2.7371527409518586,2.570590626342302,1.8313996280112397,1.8975870361235372,0
