problem,access,navigate,page_close,video,discussion,wiki
0.9656361333706098,2.119368832093841,2.498929563690935,2.125814583693911,0,0,0.0
