problem,access,navigate,page_close,video,discussion,wiki
1.584962500721156,3.62167222911606,2.188721875540867,2.0,1.0,1.0,0
