problem,access,navigate,page_close,video,discussion,wiki
0,1.4362198392928196,1.4591479170272446,0.9980008838722996,0.863120568566631,0,0
