problem,access,navigate,page_close,video,discussion,wiki
2.7515956396631234,3.035577074625289,2.5654483718208256,2.9147221199257842,2.4662844928227434,1.5,0
