problem,access,navigate,page_close,video,discussion,wiki
3.273485878825445,4.12530153478386,3.2757332887399127,3.970214677008096,4.114342581696137,2.490284263727572,1.0
