problem,access,navigate,page_close,video,discussion,wiki
0,0.5435644431995964,0.9709505944546686,0.863120568566631,0.0,0.0,0.0
