problem,access,navigate,page_close,video,discussion,wiki
0,2.114252021858077,1.8230679822736608,0.9182958340544896,1.5,1.4591479170272448,0
