problem,access,navigate,page_close,video,discussion,wiki
2.8259788445892062,2.951557807408528,2.339353872167201,2.7928416378945076,2.828942282124713,2.1607047528877823,1.0
