problem,access,navigate,page_close,video,discussion,wiki
0,2.510863056838805,2.6245853603642235,2.4271207016196277,1.0,2.5383105956150067,0
