problem,access,navigate,page_close,video,discussion,wiki
0.0,3.0654123981712256,2.4410849805739487,2.9001641643977845,2.8409763586737578,2.4883167106100124,0.9182958340544896
