problem,access,navigate,page_close,video,discussion,wiki
0,2.3049620485761877,2.321928094887362,2.331164445867128,1.9211854965885542,1.5055213905049434,0.0
