problem,access,navigate,page_close,video,discussion,wiki
0,0.8812908992306927,2.2345299214394703,0.0,0.0,0.5032583347756457,0.9182958340544896
