problem,access,navigate,page_close,video,discussion,wiki
2.4853574818080113,2.831806815451817,2.725480556997868,2.577819531114783,2.8000446184790095,2.636246469689471,0.0
