problem,access,navigate,page_close,video,discussion,wiki
0,2.640521962682592,3.220175521464345,2.7052290027422967,2.3522170014624826,0,0
