problem,access,navigate,page_close,video,discussion,wiki
0,2.412544679421157,2.872905595320056,1.584962500721156,1.0,0,0
