problem,access,navigate,page_close,video,discussion,wiki
1.9103083326692298,1.9799921089194208,2.523986065961298,2.71929452566698,2.359879028736861,0.0,0
