problem,access,navigate,page_close,video,discussion,wiki
3.6222478325102383,4.146638041913032,3.8275616858178063,3.1037016960573482,2.919372148594611,2.905764584655453,1.5219280948873621
