problem,access,navigate,page_close,video,discussion,wiki
1.5304930567574824,2.881778244882831,2.807354922057604,2.6635327548042547,2.413088436425758,0,0
