problem,access,navigate,page_close,video,discussion,wiki
0.0,1.3421389558735093,1.5,1.0,0.9709505944546686,0.5916727785823275,0
