problem,access,navigate,page_close,video,discussion,wiki
3.395044357144307,3.787316655148836,2.846439344671015,3.4850294448982604,3.9249233411085016,2.5184263441742107,0
