problem,access,navigate,page_close,video,discussion,wiki
0,2.9048762328880526,2.8019239983882507,2.7922753423657825,2.6062389286533896,1.8691080069876276,0.9182958340544896
