problem,access,navigate,page_close,video,discussion,wiki
0.9182958340544896,3.82243078861249,2.9219280948873623,3.6326676134387434,3.0170148112524404,2.2810361125534238,0
