problem,access,navigate,page_close,video,discussion,wiki
0.9910760598382222,2.230185624827098,3.041625614369223,2.347189326978835,1.9873008763572906,2.3653642211959878,0.0
