problem,access,navigate,page_close,video,discussion,wiki
0.41381685030363374,3.81224658991453,3.6980685120588386,3.6420266905186507,3.0946939516467027,3.9399302812212027,1.0
