problem,access,navigate,page_close,video,discussion,wiki
0,2.339401148259081,2.1258145836939115,2.610063540877072,2.6493974703476995,0,0
