problem,access,navigate,page_close,video,discussion,wiki
0,3.04401683023689,2.2359263506290326,2.350209029099897,0.0,0,0
