problem,access,navigate,page_close,video,discussion,wiki
0,1.9772170014624826,1.3709505944546687,1.5566567074628228,0.0,0,0
