problem,access,navigate,page_close,video,discussion,wiki
0,1.3387555217605211,1.3355055565170972,1.6437519544205021,1.1488348542809166,0.0,0.9182958340544896
