problem,access,navigate,page_close,video,discussion,wiki
0,2.1966027599111344,1.93012496531497,1.9274512249645188,1.5219280948873621,0,0
