problem,access,navigate,page_close,video,discussion,wiki
0,2.9027278176695193,2.1258145836939115,0.9182958340544896,1.0,1.4490024268381776,0.0
