problem,access,navigate,page_close,video,discussion,wiki
0.9709505944546686,2.957203999393675,2.440223928941852,2.962997705356122,2.930566099774968,1.3709505944546687,0
