problem,access,navigate,page_close,video,discussion,wiki
2.2029732760545317,3.467073287758998,3.7843684875968617,3.4695446270877346,3.0940557755266314,1.9738563391949415,1.0
