problem,access,navigate,page_close,video,discussion,wiki
2.4918638711352497,3.214129502318417,2.022106112739839,3.2882935687868255,3.049142902313033,1.4466166676282084,0.0
