problem,access,navigate,page_close,video,discussion,wiki
0,1.9591479170272448,2.155968102145908,0.0,1.0,1.5723516633085877,1.0
