problem,access,navigate,page_close,video,discussion,wiki
0,2.9347337044337545,1.3709505944546687,0.0,1.0,2.8325699108674844,0.0
