problem,access,navigate,page_close,video,discussion,wiki
1.4197367178034825,2.709855058129662,2.7421465905391478,2.905764584655453,3.095304281179123,0.9912642605354289,0
