problem,access,navigate,page_close,video,discussion,wiki
0.9182958340544896,3.606421708607751,3.1396945473192996,3.8572672318169605,3.6435094368454792,2.7052742188746612,0.0
