problem,access,navigate,page_close,video,discussion,wiki
0.9910760598382222,2.8307163799980084,2.7792553760679404,2.4956029237290123,3.296148374747624,0.0,0
