problem,access,navigate,page_close,video,discussion,wiki
0,0.9366673818775625,0.954434002924965,0.0,1.0,0.3095434291503252,0
