problem,access,navigate,page_close,video,discussion,wiki
1.3916733286231857,2.5261047607892833,1.384431504340598,2.8423709931771093,2.5329145639793977,0.8112781244591328,0.8112781244591328
