problem,access,navigate,page_close,video,discussion,wiki
1.8423709931771084,3.3782365680528077,2.994361229671924,3.3573650547619733,3.1848764073539533,2.1258145836939115,0
