problem,access,navigate,page_close,video,discussion,wiki
0,0.9402859586706311,2.199687794731328,0.8812908992306927,1.0,1.2516291673878228,0.0
