problem,access,navigate,page_close,video,discussion,wiki
1.409975018822061,3.8126636288523574,3.9513249660548784,3.5660916383025385,2.7943671613415555,3.230653739571715,2.74894004700543
