problem,access,navigate,page_close,video,discussion,wiki
2.415661470191763,3.6590810204326187,3.7786623423341013,3.544899028848378,3.0232589914370305,2.6685694157227764,1.584962500721156
