problem,access,navigate,page_close,video,discussion,wiki
0,1.436545552091029,1.5485806065228545,1.9591479170272446,1.9056390622295665,0.0,0.0
