problem,access,navigate,page_close,video,discussion,wiki
3.1581987307296138,3.5616585644132046,2.917702923377119,2.5216406363433186,3.174885868724236,2.921881085402018,0.0
