problem,access,navigate,page_close,video,discussion,wiki
0,0.7382848661434506,1.805036532577266,0.7871265862012691,0.9182958340544896,0,0
