problem,access,navigate,page_close,video,discussion,wiki
4.068495206642803,4.405383965866701,4.1621356463885455,4.12939026601092,4.443138563297432,3.3123498960600495,0.9182958340544896
