problem,access,navigate,page_close,video,discussion,wiki
0,2.1606348522629064,1.061278124459133,2.47450498810543,2.4956029237290123,0.0,0
