problem,access,navigate,page_close,video,discussion,wiki
2.633555611378339,3.123017973415572,2.271782221599798,2.2359263506290326,2.7107770844150676,2.1867043459100244,0
