problem,access,navigate,page_close,video,discussion,wiki
2.4328173151210217,2.607537614060296,1.57838982472352,1.8536882264834516,2.568978242583695,2.4334180530103335,1.0
