problem,access,navigate,page_close,video,discussion,wiki
0.0,3.1023629249216795,2.1180782093497093,3.327339900083509,3.3945884966423407,0.9373012413074895,0
