problem,access,navigate,page_close,video,discussion,wiki
0.0,3.9738482904121173,3.593269689515108,3.6864194113487736,3.533771256064557,1.811278124459133,0
