problem,access,navigate,page_close,video,discussion,wiki
0.7642045065086203,2.9938344201855536,3.1545446302558116,3.2848295085032615,1.6854752972273346,1.4591479170272448,0.0
