problem,access,navigate,page_close,video,discussion,wiki
0,0.9494520153879484,1.2406705316766886,1.1401156785146092,1.4056390622295665,0.0,0.0
