problem,access,navigate,page_close,video,discussion,wiki
1.4854752972273344,2.3995330688756975,2.217021885879718,2.2238246715102328,0,0.8112781244591328,0.0
