problem,access,navigate,page_close,video,discussion,wiki
2.1650298073017673,2.789410080475148,2.008694969562842,1.0,2.6556390622295662,1.792481250360578,0.0
