problem,access,navigate,page_close,video,discussion,wiki
1.0,1.9881488635897118,1.4112050925821995,0.0,1.061278124459133,1.3488212430487583,0.0
