problem,access,navigate,page_close,video,discussion,wiki
2.7889460467324376,3.6806699522049144,2.7898980954642876,3.2405823788938943,3.315828151990837,0.8112781244591328,0
