problem,access,navigate,page_close,video,discussion,wiki
2.088643463014389,2.4372566718050077,1.324344026199031,2.1416195253341384,2.1339198250586535,2.0662478973127314,0.9182958340544896
