problem,access,navigate,page_close,video,discussion,wiki
1.0905076396795623,2.464490221029634,2.214812224859865,2.4405425007884616,2.563354635087932,1.1488348542809166,0
