problem,access,navigate,page_close,video,discussion,wiki
0,2.058053136652385,1.5,2.1258145836939115,2.113283334294875,0,0
