problem,access,navigate,page_close,video,discussion,wiki
0,2.27037115012605,1.0462142562183354,1.7527152789797045,1.3709505944546687,0.0,0.8112781244591328
