problem,access,navigate,page_close,video,discussion,wiki
0.0,1.8792214289899292,1.971747257128181,2.093445909665798,1.9814963295286756,0.6292492238560345,0
