problem,access,navigate,page_close,video,discussion,wiki
0.9852281360342516,2.2458467957385775,1.275162982784857,2.353533948577482,2.1360604099707614,1.7924812503605778,0.0
