problem,access,navigate,page_close,video,discussion,wiki
0,2.388103567753498,1.7527152789797045,2.0464393446710156,1.6140054628542202,0.0,0
