problem,access,navigate,page_close,video,discussion,wiki
0.9456603046006402,2.3938107081862894,1.4926140680171258,2.5366082543914996,0,0.8112781244591328,0.0
