problem,access,navigate,page_close,video,discussion,wiki
1.6913501702383558,2.5915744660175033,1.9301249653149701,2.9727729101945686,2.346177724240947,0.9182958340544896,0.0
