problem,access,navigate,page_close,video,discussion,wiki
0,2.262824692361507,2.0,2.2854752972273342,2.3071885761626683,0,0
