problem,access,navigate,page_close,video,discussion,wiki
2.119091110835917,3.3944576874241896,3.381620107948735,3.4857808213564594,3.3567373021647446,1.528801814525318,0.0
