problem,access,navigate,page_close,video,discussion,wiki
0.0,0.9819407868640977,1.0,0.6500224216483541,0.4394969869215134,1.0,0.0
