problem,access,navigate,page_close,video,discussion,wiki
0.8112781244591328,1.4056390622295665,1.3361602543738118,1.0,1.5,0.26676498780302604,0.0
