problem,access,navigate,page_close,video,discussion,wiki
2.6162386331324514,3.084867683637329,2.7527152789797045,3.0768953242860815,3.001340202312938,0.8112781244591328,0
