problem,access,navigate,page_close,video,discussion,wiki
0,2.3299841211167838,2.2654427886916007,2.610625918002233,2.1592768042272796,1.5466028780144545,0.9182958340544896
