problem,access,navigate,page_close,video,discussion,wiki
0,1.9738101767957255,1.9219280948873623,1.8366003408685507,1.9182958340544893,0.863120568566631,0
