problem,access,navigate,page_close,video,discussion,wiki
1.0361953531307893,1.8062509144150936,2.9318497041442484,2.3903360647604437,1.584962500721156,2.2686592613330245,1.584962500721156
