problem,access,navigate,page_close,video,discussion,wiki
0,1.2953619593203252,0.9798687566511528,0.976020648236615,0.9910760598382222,0.7219280948873623,0.0
