problem,access,navigate,page_close,video,discussion,wiki
0.0,3.1564071567244194,2.9994261358625742,1.0,1.584962500721156,0.0,1.0
