problem,access,navigate,page_close,video,discussion,wiki
0.0,2.8857505438079794,1.224394445405986,0.0,2.2109736165067546,0,0
