problem,access,navigate,page_close,video,discussion,wiki
2.127713965059204,2.797305441112818,2.892354076934027,2.973093712817955,2.2676109879480686,2.5485591538991024,1.7385612662767
