problem,access,navigate,page_close,video,discussion,wiki
1.9035239700887407,2.6220579586116144,2.6416041678685933,2.4350246760234198,2.1113834567195195,1.7927612083862332,0.0
