problem,access,navigate,page_close,video,discussion,wiki
0.0,1.2653631529224847,2.7538585810360594,2.058053136652385,1.3709505944546687,0.0,0
