problem,access,navigate,page_close,video,discussion,wiki
1.4713544870139292,3.5124137256856756,2.572623663895164,3.265881369960098,3.0269868333592873,1.288649764535596,0
