problem,access,navigate,page_close,video,discussion,wiki
0.0,3.0673826455360746,2.5216406363433186,3.1839792714088295,3.1634093770885316,0.9940302114769565,0
