problem,access,navigate,page_close,video,discussion,wiki
0,1.3257847812033308,1.807763576417194,1.2638091738835462,0.9798687566511528,0.5916727785823275,1.0
