problem,access,navigate,page_close,video,discussion,wiki
0,1.384431504340598,2.2577560641285177,0.5032583347756457,0.0,0,0
