problem,access,navigate,page_close,video,discussion,wiki
1.0,3.277250217896089,1.7233083338141042,3.344775646278068,3.148511114409896,1.8629827466464546,0.5435644431995964
