problem,access,navigate,page_close,video,discussion,wiki
0.6083187346109281,1.1169099448725825,1.6659663389107253,1.1545676820893709,1.179191089248204,0,1.5
