problem,access,navigate,page_close,video,discussion,wiki
3.2779009464253774,4.127418918331625,3.926733681937771,4.209707042510355,3.852361206057747,2.5019640159230123,0.0
