problem,access,navigate,page_close,video,discussion,wiki
0,2.4392681462540966,2.5216406363433186,0.9182958340544896,0.9182958340544896,0,0
