problem,access,navigate,page_close,video,discussion,wiki
0,3.2015152803175133,2.4834585933443494,3.219214129970057,2.7773627950641697,0.0,0.0
