problem,access,navigate,page_close,video,discussion,wiki
0,1.6383322415958457,1.1994602933016414,1.8512268158971916,1.7209480533797534,0.9182958340544896,0
