problem,access,navigate,page_close,video,discussion,wiki
1.5304930567574824,3.212005228763589,3.180832987205441,3.0459998645886577,2.406647097785926,0.0,0.0
