problem,access,navigate,page_close,video,discussion,wiki
0.0,2.1503978359577056,2.1709505944546685,1.6644977792004612,1.971747257128181,0,0
