problem,access,navigate,page_close,video,discussion,wiki
2.600966814362456,2.851558574231364,2.9312089489103235,2.793345194191516,2.4992352022341917,1.5628066316931741,0.0
