problem,access,navigate,page_close,video,discussion,wiki
0.9426831892554922,2.0398010045520976,2.4056390622295662,2.222191575506678,0.8112781244591328,0.9182958340544896,0
