problem,access,navigate,page_close,video,discussion,wiki
0,2.4404817690198763,0.6500224216483541,2.202819531114783,2.1219280948873624,0.0,0.0
