problem,access,navigate,page_close,video,discussion,wiki
1.9591479170272446,3.509400506993156,3.5492553971684995,3.540194540033556,0,2.0525242214623565,0.0
