problem,access,navigate,page_close,video,discussion,wiki
0.0,3.103489944481969,2.072905595320056,2.9473342106549554,2.796613851144144,2.1732122332963018,1.0
