problem,access,navigate,page_close,video,discussion,wiki
0,1.7094320646611725,1.3566695198333112,1.669180336866731,2.2810361125534238,0.0,0.0
