problem,access,navigate,page_close,video,discussion,wiki
0,1.7273966735744795,1.3787834934861753,1.75,1.2516291673878228,0.0,0
