problem,access,navigate,page_close,video,discussion,wiki
1.5103117238772321,2.5661988348489384,2.4056390622295662,2.0841837197791886,1.5058231002082845,0.8112781244591328,0
