problem,access,navigate,page_close,video,discussion,wiki
0.0,3.3122968440292406,2.5,1.9609640474436814,1.75,0.8112781244591328,0
