problem,access,navigate,page_close,video,discussion,wiki
2.6142804974104226,3.1096031709704612,1.6854752972273344,2.998181593025122,2.97797866851888,2.5018105498707914,0.9182958340544896
