problem,access,navigate,page_close,video,discussion,wiki
0.9940302114769565,1.5203750945933545,1.2516291673878228,1.811278124459133,1.3787834934861753,0.0,0
