problem,access,navigate,page_close,video,discussion,wiki
1.8365916681089791,2.7641932372119533,2.2810361125534233,2.984183719779189,2.40282810365295,0.9182958340544896,0
