problem,access,navigate,page_close,video,discussion,wiki
0.7871265862012691,2.89502032271953,2.6944527985315267,2.1084585933443494,1.657742726504889,1.820111964470926,0.0
