problem,access,navigate,page_close,video,discussion,wiki
0.9852281360342516,3.0180634783232216,2.886842188131012,3.1117397490444514,2.985979129983103,2.270942421748537,0.0
