problem,access,navigate,page_close,video,discussion,wiki
0.9709505944546686,1.383353826669108,1.6854752972273346,1.3346791410515948,0.8112781244591328,0,0.0
