problem,access,navigate,page_close,video,discussion,wiki
0.9910760598382222,2.7191806193983314,1.287054028118727,2.2834409853782627,1.7345216647797512,0.74959525725948,0.0
