problem,access,navigate,page_close,video,discussion,wiki
2.8166995716814447,3.4977832735008456,3.056054210413333,2.959818899171286,3.5639001251999547,2.045841640885174,0
