problem,access,navigate,page_close,video,discussion,wiki
0,1.7574839898128802,3.998652546878167,1.6171895725927152,0.0,3.9064643833179393,0.0
