problem,access,navigate,page_close,video,discussion,wiki
0.0,0.9545056292423364,1.792481250360578,1.4488156357251847,0.6500224216483541,0.8112781244591328,0
