problem,access,navigate,page_close,video,discussion,wiki
0.6840384356390417,2.0858363518424152,1.811278124459133,1.5,1.4591479170272446,1.061278124459133,0
