problem,access,navigate,page_close,video,discussion,wiki
0,1.5485652260309177,0.9182958340544896,2.235926350629032,1.0,0,0
