problem,access,navigate,page_close,video,discussion,wiki
0.0,2.2306502730537434,2.1609640474436813,2.4508257945180882,1.9219280948873623,0.5032583347756457,0.0
