problem,access,navigate,page_close,video,discussion,wiki
1.0,2.365266872311827,1.9056390622295665,2.4200824632751345,1.9552558992251075,0,0
