problem,access,navigate,page_close,video,discussion,wiki
0.9366673818775625,2.472895604260568,1.950212064914747,2.601382162091293,2.084962500721156,1.4591479170272448,0
