problem,access,navigate,page_close,video,discussion,wiki
1.5545851693377997,3.2219579270213123,3.225681775692778,3.017441123621816,3.098210473595832,2.6564527757350573,0.8112781244591328
