problem,access,navigate,page_close,video,discussion,wiki
0.0,2.0144417012012457,2.251614471810182,2.0948567835487384,1.8250112108241772,1.4591479170272448,0
