problem,access,navigate,page_close,video,discussion,wiki
1.0,1.4616464640747138,0.8453509366224365,1.6699095137731645,1.6143308351592656,1.061278124459133,0.0
