problem,access,navigate,page_close,video,discussion,wiki
1.295461844238322,2.4381972080777286,1.789929075309999,2.3472693618378706,2.65052715670636,0.8112781244591328,0
