problem,access,navigate,page_close,video,discussion,wiki
0,2.6030634543746127,2.358938532350277,2.5935346841684104,2.038159681645953,0.6292492238560345,0.0
