problem,access,navigate,page_close,video,discussion,wiki
2.5624609850544493,3.7948477958973132,3.1750090941497175,4.01001258430054,3.503523217554254,1.3787834934861756,1.5
