problem,access,navigate,page_close,video,discussion,wiki
2.214579328313211,2.5924866700898566,1.2607717938967942,2.2339979078388272,2.5721624876523816,0.7219280948873623,0.0
