problem,access,navigate,page_close,video,discussion,wiki
0,1.5387244077462792,0.9274479232123118,1.749902506162897,1.8250112108241772,0.5435644431995964,0.0
