problem,access,navigate,page_close,video,discussion,wiki
1.2361602543738117,1.6894822670191827,1.3516441151533922,0,0.863120568566631,1.360964047443681,0
