problem,access,navigate,page_close,video,discussion,wiki
0.9182958340544896,2.2217705761151794,2.4922031072054134,1.8937666738014505,2.3325518169307426,0.6500224216483541,0
