problem,access,navigate,page_close,video,discussion,wiki
0,2.8389205950315937,1.7924812503605778,2.788077305583377,2.689246428509158,0.0,0
