problem,access,navigate,page_close,video,discussion,wiki
0.6500224216483541,3.48654075503606,3.8868275570661766,3.229885065354512,3.062017685594844,3.131318544543144,0.8112781244591328
