problem,access,navigate,page_close,video,discussion,wiki
2.0577174691301483,2.3699447700140657,2.4021077582354775,2.65148411731416,1.9566313681840648,1.5709505944546684,0.0
