problem,access,navigate,page_close,video,discussion,wiki
0,1.565596230357602,1.5,1.5394847569315018,1.2987949406953985,0,0
