problem,access,navigate,page_close,video,discussion,wiki
0,1.9103083326692296,1.4294732983598406,1.9362600275315276,1.561278124459133,0,0.0
