problem,access,navigate,page_close,video,discussion,wiki
0.9182958340544896,1.4197367178034825,0.0,1.4137995646056802,1.3092966682370037,0,0
