problem,access,navigate,page_close,video,discussion,wiki
0,1.6152502650882519,1.5545851693377997,1.6143308351592656,1.836591668108979,0.863120568566631,0.0
