problem,access,navigate,page_close,video,discussion,wiki
0.0,3.383891134373971,3.0258386473820615,1.0,0.0,1.657742726504889,2.2516291673878226
