problem,access,navigate,page_close,video,discussion,wiki
2.4977273293101674,2.789469718358348,2.153291231890481,2.26149018937388,2.8103124465420377,1.6302034981342586,0
