problem,access,navigate,page_close,video,discussion,wiki
1.9709505944546688,2.722101342331463,0.0,2.5,2.549787381523038,0,0
