problem,access,navigate,page_close,video,discussion,wiki
3.3385437395455395,3.861456231549729,3.2783055302310786,3.8281611323388307,0.0,2.3435317435395513,0.9182958340544896
