problem,access,navigate,page_close,video,discussion,wiki
0.9709505944546686,2.627601311512057,1.8910611120726526,2.5216406363433186,2.0464393446710156,0.0,0.0
