problem,access,navigate,page_close,video,discussion,wiki
0.954434002924965,2.944324651594402,1.8751310486364092,2.8007850279248854,2.7893643477641703,1.224394445405986,0.0
