problem,access,navigate,page_close,video,discussion,wiki
2.688571355454951,2.9784339717488053,2.5219280948873624,1.4911148500551858,2.7528625136529454,3.027880447234184,0
