problem,access,navigate,page_close,video,discussion,wiki
0,1.8496017527145812,1.224394445405986,1.8423709931771086,1.3709505944546687,0,0
