problem,access,navigate,page_close,video,discussion,wiki
2.311278124459133,2.836653682811116,2.9086939257144406,2.730034373902094,2.6785402638067355,2.324674095509896,1.3709505944546687
