problem,access,navigate,page_close,video,discussion,wiki
0,2.5566567074628233,2.1735572622751858,2.2516291673878226,0.0,0.0,0.0
