problem,access,navigate,page_close,video,discussion,wiki
3.039605028530679,3.627357543376602,3.438307235905091,2.4193819456463714,3.193231183837466,2.9225189239988567,1.9219280948873623
