problem,access,navigate,page_close,video,discussion,wiki
0,0.8812908992306927,2.2892464285091583,1.4591479170272446,0,0.0,0.0
