problem,access,navigate,page_close,video,discussion,wiki
1.4591479170272446,2.5156128364468295,1.3787834934861753,1.0,1.8464393446710154,1.784159127851422,0.0
