problem,access,navigate,page_close,video,discussion,wiki
0.0,2.7614740168108236,2.8575109888759522,2.782253245539763,2.10845859334435,1.5262349099495227,0.9182958340544896
