problem,access,navigate,page_close,video,discussion,wiki
1.5219280948873621,2.8346738710516104,1.8423709931771084,3.0505684881937487,2.4516084941043093,0.6193821946787638,0
