problem,access,navigate,page_close,video,discussion,wiki
0.0,1.4904685707328282,1.0,1.7464353842388936,1.6457113704075788,0.0,0.8112781244591328
