problem,access,navigate,page_close,video,discussion,wiki
0,1.4488156357251847,1.3787834934861756,1.2516291673878228,1.5,0.0,0.0
