problem,access,navigate,page_close,video,discussion,wiki
3.3577547072227882,3.4212071210016815,3.3618776504896117,3.42400878400876,3.370733336632118,0.0,0
