problem,access,navigate,page_close,video,discussion,wiki
0.0,2.8009042133252566,2.438743920401748,2.5183866515920523,0,0.9709505944546686,0.0
