problem,access,navigate,page_close,video,discussion,wiki
1.4591479170272448,1.946195492004824,1.0,1.584962500721156,0.0,0,0
