problem,access,navigate,page_close,video,discussion,wiki
3.153571738477581,3.6532433411670144,3.2359263506290326,3.528516208708697,0.0,0.9182958340544896,0
