problem,access,navigate,page_close,video,discussion,wiki
0,2.6365816826634814,2.725480556997868,2.794653473544342,2.6464393446710157,0,0
