problem,access,navigate,page_close,video,discussion,wiki
3.290850769360541,3.684880910193546,3.5477654639882523,3.3560734077833354,3.5492063914452685,2.373775266935047,2.004886164091843
