problem,access,navigate,page_close,video,discussion,wiki
1.1994602933016414,2.0363608364900476,1.9219280948873623,0.0,1.3709505944546687,0.0,0
