problem,access,navigate,page_close,video,discussion,wiki
3.007107817926895,3.3980324785129397,3.4892171361223405,3.648085736615395,3.1916389479852265,1.3921472236645345,0
