problem,access,navigate,page_close,video,discussion,wiki
0.9366673818775625,3.570250499559423,3.753949193304317,3.6168746059562227,1.2516291673878228,0,0
