problem,access,navigate,page_close,video,discussion,wiki
1.2987949406953985,4.049948502057717,2.789898095464287,3.9745362894335132,4.076569159884012,0.9864267287308425,1.0
