problem,access,navigate,page_close,video,discussion,wiki
0,3.1717897106839215,2.8218881955261788,3.3126027619314256,3.170543891762937,2.0178650529206683,0.9182958340544896
