problem,access,navigate,page_close,video,discussion,wiki
1.3304835169703004,3.074165495897502,2.552348909448559,2.3598063039211006,0.954434002924965,0.6685644431995964,1.6577427265048887
