problem,access,navigate,page_close,video,discussion,wiki
2.484068452547234,3.15180549887432,2.0588138903312014,3.273269689515108,3.265583322887733,1.2987949406953985,0.0
