problem,access,navigate,page_close,video,discussion,wiki
0,2.493359795631317,2.128085278891394,2.2584598927441624,1.780672129520887,0,0
