problem,access,navigate,page_close,video,discussion,wiki
1.628473880294773,2.1524101057736096,0.5032583347756457,2.253562767453049,1.9839972408624718,0.0,0.0
