problem,access,navigate,page_close,video,discussion,wiki
1.2957378005380122,3.387373640698526,2.969731566544131,2.9109922530150456,2.7534343861887844,0,0
