problem,access,navigate,page_close,video,discussion,wiki
2.3523143893193135,3.4161840132346626,3.481661512101756,2.988594761554029,3.096891932467571,3.30002563942456,0
