problem,access,navigate,page_close,video,discussion,wiki
0.0,2.393017427701226,2.2810361125534233,1.9219280948873623,1.0,0.8865408928220899,0
