problem,access,navigate,page_close,video,discussion,wiki
0,2.6688388898504303,1.780672129520887,3.0269868333592873,2.6464393446710153,1.718845535995202,1.0
