problem,access,navigate,page_close,video,discussion,wiki
0.9910760598382222,1.8077635764171944,2.1890109092981254,0.0,1.0,0.48217919020227284,1.4488156357251847
