problem,access,navigate,page_close,video,discussion,wiki
0.0,3.1128623226263366,2.197159723424149,2.7898657820928925,2.6276013115120564,0,0
