problem,access,navigate,page_close,video,discussion,wiki
0,2.270942421748537,2.288019280279689,2.113283334294875,1.9219280948873623,0.8112781244591328,0
