problem,access,navigate,page_close,video,discussion,wiki
0,1.3221793455166666,1.8810947601100745,1.3221793455166666,1.3221793455166666,0.0,0
