problem,access,navigate,page_close,video,discussion,wiki
2.66329080817766,2.7667671015381172,1.6140054628542204,2.3650496777656036,2.5282129458410014,0.0,0.0
