problem,access,navigate,page_close,video,discussion,wiki
1.8841729245379457,3.9739812747075534,2.941446071165522,4.018942707918269,3.979915808978945,1.5794340029249652,0
