problem,access,navigate,page_close,video,discussion,wiki
0.0,2.688721875540867,1.4854752972273344,2.710070621397605,3.03914867190307,0,1.0
