problem,access,navigate,page_close,video,discussion,wiki
0.9182958340544896,3.431382373133209,2.903107168362811,3.5582426910248457,3.260891110799899,1.584962500721156,0.0
