problem,access,navigate,page_close,video,discussion,wiki
0,1.9751060324573735,2.6258145836939115,2.321928094887362,0,1.4355205042826666,0.0
