problem,access,navigate,page_close,video,discussion,wiki
0,0.9055872616982603,1.5,1.584962500721156,1.2516291673878228,0,0
