problem,access,navigate,page_close,video,discussion,wiki
0,0.6193821946787638,1.2406705316766886,1.3709505944546687,1.9182958340544893,0.0,0.0
