problem,access,navigate,page_close,video,discussion,wiki
0.0,3.3957172891980374,3.2649069417073657,3.3424966724813037,2.5475870854088964,0.8112781244591328,1.9219280948873623
