problem,access,navigate,page_close,video,discussion,wiki
1.2319621350284407,3.7508741985889325,3.4085141503580476,3.810262856039497,3.317640005966217,0,0
