problem,access,navigate,page_close,video,discussion,wiki
1.9628109697338991,3.0558796850881396,2.838566847267297,2.7342658292494404,2.433206219346495,1.55751674559861,0.9182958340544896
