problem,access,navigate,page_close,video,discussion,wiki
3.353333451013531,4.37101765549169,4.03407107149673,3.8820320933863917,2.8954238702803154,1.8837351258813584,0
