problem,access,navigate,page_close,video,discussion,wiki
0,1.5016144718101818,1.7381493331928664,0.8315435491770659,1.103307408607834,0,0
