problem,access,navigate,page_close,video,discussion,wiki
1.5688950458765587,2.8639332159613544,1.6767370300521325,3.008703057874181,2.960675594806832,0.0,0
