problem,access,navigate,page_close,video,discussion,wiki
1.1567796494470395,2.2566900836246226,2.120952031026403,2.281380489206318,2.272088893287269,1.3104382776453585,0.0
