problem,access,navigate,page_close,video,discussion,wiki
0.4394969869215134,2.1180782093497097,0.0,1.4591479170272446,1.5,0.0,0
