problem,access,navigate,page_close,video,discussion,wiki
0.8112781244591328,2.6321921215711943,2.5,2.840223928941852,2.5032583347756456,0,0
