problem,access,navigate,page_close,video,discussion,wiki
0.0,3.7720882965904012,2.0,3.6695767463163933,3.021068763807479,0.0,0.0
