problem,access,navigate,page_close,video,discussion,wiki
0.9182958340544896,3.161210683957337,2.6084585933443494,3.1551436335664684,2.8868392966712704,2.2587776853381336,0.0
