problem,access,navigate,page_close,video,discussion,wiki
1.4685602994126612,3.0739199458349096,2.2853576679512004,2.695600714687273,2.127986806877675,0.8180959929710641,0.9182958340544896
