problem,access,navigate,page_close,video,discussion,wiki
0,2.6472103113389793,2.2516291673878226,2.927451224964519,2.8073549220576037,0,0
