problem,access,navigate,page_close,video,discussion,wiki
0.0,1.5916727785823275,0.9182958340544896,1.811278124459133,0,0,0
