problem,access,navigate,page_close,video,discussion,wiki
0,2.4938565244908473,0.5916727785823275,2.5262804816836244,2.3249100803655556,0.0,0.0
