problem,access,navigate,page_close,video,discussion,wiki
2.88070153703984,3.412291036029532,3.4091300665770796,3.260987091312589,3.255306302345634,2.3579171921576245,0.0
