problem,access,navigate,page_close,video,discussion,wiki
0.9182958340544896,3.6632271782773955,3.3018040267333895,2.7151922558221844,2.6981203125901447,1.295461844238322,0.0
