problem,access,navigate,page_close,video,discussion,wiki
2.286668621156921,3.042070647211168,3.2482964645366446,2.7811034823398026,2.53804416665522,1.771171887499809,2.0
