problem,access,navigate,page_close,video,discussion,wiki
1.2628839008717192,3.109939584815389,2.788323628255448,2.8069167983429746,1.895461844238322,1.4266496094927887,0.8112781244591328
