problem,access,navigate,page_close,video,discussion,wiki
0,2.277095495955815,2.8731406795131336,2.224601752714581,1.2516291673878228,0,0
