problem,access,navigate,page_close,video,discussion,wiki
0.0,3.751506501870694,2.5,2.584962500721156,3.277613436819116,0,0
