problem,access,navigate,page_close,video,discussion,wiki
0.0,1.5798634010685344,1.4185644431995963,1.5304930567574824,0.8112781244591328,0.0,1.0
