problem,access,navigate,page_close,video,discussion,wiki
2.653955877305281,2.699082464628443,3.22163692632137,2.5606919871571896,2.275652051823735,1.584962500721156,0.0
