problem,access,navigate,page_close,video,discussion,wiki
0,2.242572530766071,2.2359263506290326,2.625814583693911,2.0588138903312014,0,0
