problem,access,navigate,page_close,video,discussion,wiki
0.9709505944546686,2.4217263309910746,1.5465935642949382,2.563865121950854,1.9219280948873623,0.9182958340544896,0.0
