problem,access,navigate,page_close,video,discussion,wiki
1.7373467540737504,2.4546859469463556,2.5220552088742005,2.438721875540867,1.5219280948873621,0.961236604722876,0
