problem,access,navigate,page_close,video,discussion,wiki
0.0,2.5294881142662007,2.0,2.1180782093497093,1.9182958340544896,0,0
