problem,access,navigate,page_close,video,discussion,wiki
0.0,2.626877818785582,2.25,2.7353018746872135,2.320763631426055,0,0
