problem,access,navigate,page_close,video,discussion,wiki
2.4193819456463714,3.542796300724281,3.09306920777189,3.051601636871704,2.9535236141695105,1.8148493701198407,0
