problem,access,navigate,page_close,video,discussion,wiki
0.0,2.512092453010985,2.4464393446710155,2.8225797618424915,1.9749375012019268,0.9182958340544896,0
