problem,access,navigate,page_close,video,discussion,wiki
1.574578375854349,3.2808897616672974,3.1924178467769693,0.9182958340544896,1.9056390622295665,2.865576855207248,0.0
