problem,access,navigate,page_close,video,discussion,wiki
1.2419460322060458,1.8776205033895348,1.5219280948873621,1.75,1.6767370300521325,0,0
