problem,access,navigate,page_close,video,discussion,wiki
0.0,2.183667077920911,1.9056390622295665,2.0,2.321928094887362,0,0
