problem,access,navigate,page_close,video,discussion,wiki
2.5810760119146074,3.1954339401417684,3.215841172683753,3.332151100002089,3.096654086984491,0,0.0
