problem,access,navigate,page_close,video,discussion,wiki
0.0,2.674073866915027,1.6729330318733675,1.0,1.8464393446710154,1.584962500721156,0.0
