problem,access,navigate,page_close,video,discussion,wiki
0.8904916402194913,1.8955056206115382,0.5916727785823275,1.9211796919474975,1.676737030052133,0.0,0
