problem,access,navigate,page_close,video,discussion,wiki
2.2096443264915573,2.082720622399687,2.4532415821521862,0,0.0,0.9182958340544896,1.0
