problem,access,navigate,page_close,video,discussion,wiki
0,1.9591479170272446,0.0,1.5304930567574826,1.8464393446710154,0,0
