problem,access,navigate,page_close,video,discussion,wiki
2.153557544614567,3.044138045836576,2.7736606896881857,2.584962500721156,1.584962500721156,0.9182958340544896,0
