problem,access,navigate,page_close,video,discussion,wiki
1.4604846813131114,3.0573728806438654,1.5,3.231270254607575,2.6416041678685933,0.0,0
