problem,access,navigate,page_close,video,discussion,wiki
1.561278124459133,2.028748703704343,1.384431504340598,0.0,0.0,0,0
