problem,access,navigate,page_close,video,discussion,wiki
0.0,1.5128876215181606,1.4591479170272448,1.5461796919474975,0.8112781244591328,0.0,0.0
