problem,access,navigate,page_close,video,discussion,wiki
0.0,2.268472751631122,1.3787834934861753,2.4464393446710155,1.7924812503605778,0.6722948170756379,0
