problem,access,navigate,page_close,video,discussion,wiki
0,1.9546859469463558,1.2516291673878228,1.8910611120726526,0.9852281360342516,0,0
