problem,access,navigate,page_close,video,discussion,wiki
1.9813599744078445,3.2767969159728234,2.6464393446710153,3.002705481927944,2.481714572986073,0.9182958340544896,1.0
