problem,access,navigate,page_close,video,discussion,wiki
0.0,1.5227119556807576,1.9196905740496966,1.5492111247114508,1.2532975784630431,0.4394969869215134,0.0
