problem,access,navigate,page_close,video,discussion,wiki
1.4926140680171258,3.074477060688074,2.725480556997868,1.8149798205164813,1.7381493331928661,0,0
