problem,access,navigate,page_close,video,discussion,wiki
0,2.470714851871155,2.25,3.1307179879273748,3.0850551027564768,0,0
