problem,access,navigate,page_close,video,discussion,wiki
1.0,2.473060286070558,1.5,2.794238586021477,2.974937501201927,1.620335265838344,0
