problem,access,navigate,page_close,video,discussion,wiki
0.0,3.696405759417489,2.6037016960573487,3.824533406881911,3.9957817728566996,0,0
