problem,access,navigate,page_close,video,discussion,wiki
0.0,0.6840384356390417,0.961236604722876,0.37123232664087563,1.1050139971135322,0.0,0.0
