problem,access,navigate,page_close,video,discussion,wiki
2.3945482431512652,3.613099602348014,2.9103824712502653,3.6430613913367877,1.760495029766198,0.8166890883150209,1.2987949406953985
