problem,access,navigate,page_close,video,discussion,wiki
2.47809488816926,2.932089083462621,2.4193819456463714,2.9176929949072528,2.7991461548246193,0,0
