problem,access,navigate,page_close,video,discussion,wiki
1.8458141315489427,2.769742378465751,2.789898095464287,2.7086949695628415,0.9709505944546686,1.87874199490644,0.0
