problem,access,navigate,page_close,video,discussion,wiki
0.0,2.626049022543959,2.6635327548042547,1.9182958340544893,1.8423709931771084,0,0
