problem,access,navigate,page_close,video,discussion,wiki
0.0,3.239919751806973,2.807354922057604,2.8865451235745474,2.946387519131128,1.0,0
