problem,access,navigate,page_close,video,discussion,wiki
0.9228063975853575,2.859311940690824,2.6557758928053166,1.0,2.5100564603565387,0.9182958340544896,1.0
