problem,access,navigate,page_close,video,discussion,wiki
0,1.9220231428515733,1.5,1.9056390622295665,1.4591479170272446,0,0
