problem,access,navigate,page_close,video,discussion,wiki
0,2.054258150862612,1.5,1.6767370300521327,1.721928094887362,0.0,0
