problem,access,navigate,page_close,video,discussion,wiki
0.5225593745369408,2.9429068644807,1.4949188482339508,2.0,2.584962500721156,0.9189737220942126,0
