problem,access,navigate,page_close,video,discussion,wiki
3.175123113060718,4.1034910691789905,3.9734160505607194,4.053536014119795,3.8149088267586215,2.5621132315376447,0.9182958340544896
