problem,access,navigate,page_close,video,discussion,wiki
0.9811522341999133,1.864698326166961,1.3921472236645345,1.9709505944546686,1.836591668108979,0,0.0
