problem,access,navigate,page_close,video,discussion,wiki
0.0,1.610577243331642,1.2406705316766886,1.75,0.9182958340544896,0.0,0.0
