problem,access,navigate,page_close,video,discussion,wiki
0,1.1216407621868583,1.5709505944546687,0.8112781244591328,0,1.0,0
