problem,access,navigate,page_close,video,discussion,wiki
0.0,1.598816797162542,1.2987949406953985,1.4591479170272448,1.5,0,0
