problem,access,navigate,page_close,video,discussion,wiki
3.3037453690972574,3.7863336712640017,3.708966082694623,3.656998039266561,3.3794483635086916,3.4694483729089396,0.0
