problem,access,navigate,page_close,video,discussion,wiki
0.9852281360342516,2.2578689935626404,1.6858157091530304,2.2605069652406473,2.24284205771387,0.9709505944546686,0.0
