problem,access,navigate,page_close,video,discussion,wiki
0.863120568566631,2.784704984449218,1.5,1.0,2.084962500721156,0,0
