problem,access,navigate,page_close,video,discussion,wiki
0,1.7841432859952082,2.5486323569322273,0,0,0.9852281360342516,1.0
