problem,access,navigate,page_close,video,discussion,wiki
0,2.1829316468984663,2.058813890331201,2.481714572986073,1.2516291673878228,0,0
