problem,access,navigate,page_close,video,discussion,wiki
2.0925251368530167,3.3867300129835805,3.2961483747476232,3.4219280948873623,2.8603207778330444,0,0
