problem,access,navigate,page_close,video,discussion,wiki
1.894273869771264,3.3789361671297073,3.121928094887362,1.584962500721156,2.0,0,0
