problem,access,navigate,page_close,video,discussion,wiki
0.9886994082884974,2.6305826051608423,2.3053206513329316,0.9182958340544896,1.0,1.4591479170272446,0.0
