problem,access,navigate,page_close,video,discussion,wiki
0.9182958340544896,2.057924310831006,2.9219280948873623,1.9219280948873623,1.721928094887362,0,0
