problem,access,navigate,page_close,video,discussion,wiki
0.7793498372920852,1.569432036254818,2.0464393446710156,2.038159681645953,1.811278124459133,0.0,0.0
