problem,access,navigate,page_close,video,discussion,wiki
0,1.7813152774012364,1.584962500721156,2.103909910282364,1.5510981710072647,0.0,0
