problem,access,navigate,page_close,video,discussion,wiki
0,2.8016094970590277,1.3787834934861756,2.8140154482997177,2.8073904508767225,0,0.0
