problem,access,navigate,page_close,video,discussion,wiki
0.8708644692353644,3.3459380172806847,3.8065266037312937,1.9219280948873623,1.9219280948873623,0.5631028237513912,0
