problem,access,navigate,page_close,video,discussion,wiki
0.0,2.173903462189826,2.1054105870684143,2.5032583347756456,1.584962500721156,0.6193821946787638,0.0
