problem,access,navigate,page_close,video,discussion,wiki
0.0,3.040287634182251,2.252705481927944,2.321928094887362,0.0,0.0,0.0
