problem,access,navigate,page_close,video,discussion,wiki
3.165401605527608,3.4449455768216053,2.903513046107446,2.6948705033769476,3.4034361422454813,0.0,0.0
