problem,access,navigate,page_close,video,discussion,wiki
1.3821022532543101,3.205606547973798,2.4130884364257574,0.0,1.0,0,0
