problem,access,navigate,page_close,video,discussion,wiki
0,1.9087830712952814,2.046439344671015,1.870253816431622,1.7527152789797045,0,0
