problem,access,navigate,page_close,video,discussion,wiki
0.9182958340544896,3.02808008020077,2.725480556997868,1.9276822926042518,1.7120954362128464,0.0,0
