problem,access,navigate,page_close,video,discussion,wiki
1.584962500721156,1.3615419333359278,2.0403733936884962,1.4108478748063633,0.0,0,0.9182958340544896
