problem,access,navigate,page_close,video,discussion,wiki
1.3709505944546687,1.3346791410515946,1.584962500721156,1.0,1.8810947601100747,0,0
