problem,access,navigate,page_close,video,discussion,wiki
0,1.8814963295286755,1.8423709931771084,1.352030101757953,1.75,0,0
