problem,access,navigate,page_close,video,discussion,wiki
0,1.7841591278514217,0.9852281360342516,1.823067982273661,1.8464393446710154,0.0,0
