problem,access,navigate,page_close,video,discussion,wiki
0,2.8073904508767225,1.584962500721156,2.584962500721156,2.5032583347756456,0,0
