problem,access,navigate,page_close,video,discussion,wiki
0.7918583525674836,0.7024665512903903,1.224394445405986,0.0,0,0.0,0.0
