problem,access,navigate,page_close,video,discussion,wiki
0.0,2.6159640649861804,2.4277409762329367,2.314302951473625,1.901506402501506,0.0,0
