problem,access,navigate,page_close,video,discussion,wiki
0,1.4281945908435039,1.5304930567574826,1.6140054628542202,1.2987949406953985,0.0,0
