problem,access,navigate,page_close,video,discussion,wiki
1.5273611661985227,3.4493691279262384,3.0220552088742,3.650013373778757,3.0306390622295662,0,0
