problem,access,navigate,page_close,video,discussion,wiki
1.7826727665825661,3.0145386473542253,2.2256051990169436,3.0511768940186794,0,0.8112781244591328,0.0
