problem,access,navigate,page_close,video,discussion,wiki
1.3709505944546687,2.3791401160087715,2.6310594229374114,1.940542550486125,1.7232314287976207,0.8194449620569582,1.6140054628542202
