problem,access,navigate,page_close,video,discussion,wiki
0,1.8770341680403249,1.6644977792004614,2.4464393446710155,1.0,0.0,0
