problem,access,navigate,page_close,video,discussion,wiki
1.9219280948873623,2.1642288036009085,2.5032583347756456,1.8464393446710154,1.584962500721156,0,0
