problem,access,navigate,page_close,video,discussion,wiki
1.0942658959797504,3.204604684922407,2.439005517604766,3.2583956146970467,3.1888216752051486,0.0,0
