problem,access,navigate,page_close,video,discussion,wiki
2.7146018197257265,3.121624047559263,2.887096447805579,2.519835490143408,2.7559113286549373,1.584962500721156,0
