problem,access,navigate,page_close,video,discussion,wiki
0.9910760598382222,1.4591479170272448,0.6500224216483541,1.3921472236645345,0.9852281360342516,0,0
