problem,access,navigate,page_close,video,discussion,wiki
1.9287705856438884,2.4902848242864897,2.4772170014624826,2.735761283067285,1.75,1.3609640474436813,0.0
