problem,access,navigate,page_close,video,discussion,wiki
0,1.7863012011716393,0.6500224216483541,1.784159127851422,2.321928094887362,0,0.0
