problem,access,navigate,page_close,video,discussion,wiki
0.0,2.5533545535032802,2.4193819456463714,2.672323133567084,1.8322628970242685,0,0
