problem,access,navigate,page_close,video,discussion,wiki
0.8112781244591328,1.6271598853662412,2.005977711423774,1.7917374334224665,1.7360411676599226,0.0,0.0
