problem,access,navigate,page_close,video,discussion,wiki
0.0,1.7748224910867798,1.8464393446710154,1.0957952550009336,0,0.0,0
