problem,access,navigate,page_close,video,discussion,wiki
0.0,1.6993660159854245,1.6697367178034823,1.6578764348499595,1.573402452417767,0.0,0.0
