problem,access,navigate,page_close,video,discussion,wiki
0,1.5486241546053248,2.3173490751958727,1.9102699414555262,1.5709505944546687,2.1516950657435454,0.0
