problem,access,navigate,page_close,video,discussion,wiki
1.189731916820733,3.025271426711751,2.6464393446710153,3.0530900835303276,2.5654483718208256,0,0
