problem,access,navigate,page_close,video,discussion,wiki
0.0,2.4421545827822353,2.008694969562842,1.9591479170272446,1.9219280948873623,0.0,1.3787834934861753
