problem,access,navigate,page_close,video,discussion,wiki
0,2.17347613770566,1.6266888497018317,2.4591479170272446,1.9219280948873623,0.0,0.0
