problem,access,navigate,page_close,video,discussion,wiki
0.6500224216483541,1.7427308737169431,2.4632431204148593,1.6068322783181097,1.3787834934861753,2.1492553971685,0.0
