problem,access,navigate,page_close,video,discussion,wiki
3.226805800719094,3.7235914914356054,3.414441303694973,1.0,0,0.9182958340544896,0.0
