problem,access,navigate,page_close,video,discussion,wiki
2.665597233433155,3.3715358811532616,2.838710641914682,2.6464393446710153,3.5471593428359363,0.8112781244591328,0.5435644431995964
