problem,access,navigate,page_close,video,discussion,wiki
0.0,1.7634107735156515,1.6894822670191825,1.584962500721156,0.0,0.8112781244591328,0
