problem,access,navigate,page_close,video,discussion,wiki
2.347938648468449,2.6386995940108244,2.951677926159374,1.7709505944546688,1.0,0.8112781244591328,0
