problem,access,navigate,page_close,video,discussion,wiki
1.0,2.947722818612408,3.0056785904566774,0.0,1.584962500721156,1.584962500721156,0.0
