problem,access,navigate,page_close,video,discussion,wiki
0.0,1.9086126988727123,1.1567796494470395,1.9219280948873623,1.584962500721156,0.0,0.0
