problem,access,navigate,page_close,video,discussion,wiki
1.8646580691230399,2.816313304462649,2.1054105870684143,2.9540036423298544,2.0588138903312014,1.0,0
