problem,access,navigate,page_close,video,discussion,wiki
3.130224764712235,3.556163980988352,3.4326366603447487,3.444908252230834,3.4549637007202856,3.2377160834240093,1.3308917623444607
