problem,access,navigate,page_close,video,discussion,wiki
2.292071752457787,3.4185770446623107,3.2089873002588,3.370494119759603,3.393577887717004,0.0,0.0
