problem,access,navigate,page_close,video,discussion,wiki
2.2730274171658587,3.0072686524242296,2.9139770731827523,1.584962500721156,0.0,0.0,0
