problem,access,navigate,page_close,video,discussion,wiki
0,1.488708908764086,0.0,1.418619670275654,1.2773600852070808,0,0
