problem,access,navigate,page_close,video,discussion,wiki
1.439306637215179,2.3371203966031704,1.7273966735744792,0,2.3898980954642877,0.0,0
