problem,access,navigate,page_close,video,discussion,wiki
2.0430576940642533,3.400748134868582,2.521640636343318,2.8731406795131336,3.2627834289765825,1.0,0
