problem,access,navigate,page_close,video,discussion,wiki
0.0,1.9199730940219752,1.0,2.021782221599798,2.1174924611847548,0,0
