problem,access,navigate,page_close,video,discussion,wiki
0.9992492479956565,1.6290996366618336,1.3709505944546687,0,0.0,0,0
