problem,access,navigate,page_close,video,discussion,wiki
0.0,2.019973094021975,1.584962500721156,1.584962500721156,0,0,0
