problem,access,navigate,page_close,video,discussion,wiki
3.409862599668593,3.707226316053676,2.3745560483818835,1.0,2.807354922057604,1.4406454496153465,0.9182958340544896
