problem,access,navigate,page_close,video,discussion,wiki
1.4353713907745331,2.0954591351808576,2.0,1.6737949406953985,0.5916727785823275,0,0
