problem,access,navigate,page_close,video,discussion,wiki
0,2.1401071260539988,1.4488156357251847,0,1.3787834934861753,0,0
