problem,access,navigate,page_close,video,discussion,wiki
0.8524051786494786,1.858096743210927,2.9328045775391227,1.8909209935891982,2.2841591278514217,0.0,0
