problem,access,navigate,page_close,video,discussion,wiki
2.844106544814538,3.1517544273988394,2.6535442970305687,3.323657757228481,3.0967060231572843,0.8112781244591328,0
