problem,access,navigate,page_close,video,discussion,wiki
0.0,1.7884504573082893,1.5219280948873621,2.3219280948873626,2.321928094887362,0,0
