problem,access,navigate,page_close,video,discussion,wiki
2.3119297113263344,3.100412841765154,2.021614871911295,3.0612542521330375,2.8221819586428727,1.584962500721156,0
