problem,access,navigate,page_close,video,discussion,wiki
0.0,2.23590190530188,2.9735572622751856,2.164106472920501,1.8783135434447005,0.0,0
