problem,access,navigate,page_close,video,discussion,wiki
0,2.2873887470624528,1.5510981710072647,2.195461844238322,2.1280852788913944,0,0
