problem,access,navigate,page_close,video,discussion,wiki
0.8112781244591328,2.9242606347316724,2.7321588913645702,2.648884070537636,2.3655962303576024,0.0,0
