problem,access,navigate,page_close,video,discussion,wiki
0.8314743880097293,2.010127505221842,4.2155894378827385,1.792481250360578,1.584962500721156,4.077582953600232,0.0
