problem,access,navigate,page_close,video,discussion,wiki
0,2.5330201924480455,2.2998963911678914,2.1556390622295662,0.9182958340544896,0.8112781244591328,0.0
