problem,access,navigate,page_close,video,discussion,wiki
2.29564353287308,2.78338855441279,2.7806390622295662,2.7799068349116887,2.408754759469019,1.9182958340544896,0
