problem,access,navigate,page_close,video,discussion,wiki
0.0,1.577428772913488,2.584962500721156,0.0,0,1.3701635095276026,0
