problem,access,navigate,page_close,video,discussion,wiki
0.9852281360342516,3.21385092517362,2.8300985114819133,2.606238928653389,2.94770277922009,1.5749180366673452,1.0
