problem,access,navigate,page_close,video,discussion,wiki
1.5275302083002935,3.102823417988359,1.584962500721156,2.8553885422075336,2.968918563962097,1.781937063546704,0
