problem,access,navigate,page_close,video,discussion,wiki
0.362051251733998,3.5530957989216234,1.9852281360342512,2.887210311338979,3.1007891045882228,1.061278124459133,0
