problem,access,navigate,page_close,video,discussion,wiki
0.0,2.267117875964918,0.9182958340544896,2.2569089895583545,1.9808259362290785,0,0
