problem,access,navigate,page_close,video,discussion,wiki
1.9870418176966682,3.0164055262919702,3.124716770765834,2.321928094887362,1.5304930567574824,0.0,0.0
