problem,access,navigate,page_close,video,discussion,wiki
0.0,2.542170115952693,1.2516291673878228,2.1844984515601635,1.9015064025015063,0.863120568566631,0
