problem,access,navigate,page_close,video,discussion,wiki
0.0,2.588908406042259,2.651444319626949,1.9211796919474975,2.0895524525606675,0.9182958340544896,0.0
