problem,access,navigate,page_close,video,discussion,wiki
0,3.332642865987679,2.5654483718208256,3.243735757336199,3.2464393446710154,0.0,0
