problem,access,navigate,page_close,video,discussion,wiki
0.9975025463691153,2.396076454425063,1.4488156357251847,0.0,1.5566567074628228,0.5916727785823275,0.0
