problem,access,navigate,page_close,video,discussion,wiki
1.4949188482339508,2.5282129458410014,2.2516291673878226,1.5219280948873621,0.0,0,0
