problem,access,navigate,page_close,video,discussion,wiki
0,1.5304930567574826,1.0,1.3787834934861756,1.2516291673878228,0,0
