problem,access,navigate,page_close,video,discussion,wiki
1.3995812306460647,3.606037838742319,2.873140679513133,2.8163075192246447,0,2.2998963911678914,0.0
