problem,access,navigate,page_close,video,discussion,wiki
0.961236604722876,2.5294874982728337,2.2986806089179543,2.823465189601648,2.6464393446710157,0.7219280948873623,1.0
