problem,access,navigate,page_close,video,discussion,wiki
0.0,2.6367398341120603,2.406666316740689,1.752715278979705,1.3787834934861753,0,0
