problem,access,navigate,page_close,video,discussion,wiki
2.437065831519022,3.070614347950162,3.438721875540867,2.1867043459100244,2.5216406363433186,1.6601998322916307,0
