problem,access,navigate,page_close,video,discussion,wiki
0.0,1.3992075416402177,0.0,1.4171326567191829,1.4618381992568745,0.0,0
