problem,access,navigate,page_close,video,discussion,wiki
1.5709505944546684,3.163785710297177,3.0,3.358545387374944,3.0761031709967206,0,0
