problem,access,navigate,page_close,video,discussion,wiki
2.6161187014283698,3.7412311851240636,3.155221528859512,3.2898650935339346,3.542056200389919,0,0
