problem,access,navigate,page_close,video,discussion,wiki
2.354099255786818,2.9153562717489465,2.8410849805739486,3.0697738350294776,1.8423709931771084,1.600983694881109,0.0
