problem,access,navigate,page_close,video,discussion,wiki
0.0,1.9431590918088646,1.4716022614097979,1.970124740700467,1.8496017527145812,0.0,0.0
