problem,access,navigate,page_close,video,discussion,wiki
1.5,1.548565226030918,1.584962500721156,2.038159681645953,2.0588138903312014,0,0
