problem,access,navigate,page_close,video,discussion,wiki
0.0,1.7594110557979201,1.5,1.6589797521242051,1.789929075309999,0,0
