problem,access,navigate,page_close,video,discussion,wiki
0.0,2.6790303141305634,2.0,2.572878689342031,2.5492553971685,0,0.0
