problem,access,navigate,page_close,video,discussion,wiki
0.0,2.374742995684221,2.080500530640267,2.5941178916311856,2.1709505944546685,0.0,0.9182958340544896
