problem,access,navigate,page_close,video,discussion,wiki
0,1.7527152789797047,1.7841591278514217,1.6854752972273346,0.0,1.3921472236645345,0.0
