problem,access,navigate,page_close,video,discussion,wiki
0,0.5665095065529053,1.5,0.41381685030363374,0.6500224216483541,0,0
