problem,access,navigate,page_close,video,discussion,wiki
0,2.067031495157584,1.9056390622295665,2.1556390622295662,1.9182958340544896,0,0.0
