problem,access,navigate,page_close,video,discussion,wiki
1.5,3.192046141824313,2.95744450595756,3.2197128915300914,2.413088436425758,1.5678150156269306,1.9219280948873623
