problem,access,navigate,page_close,video,discussion,wiki
2.0271797258691793,3.020017740517423,2.495602923729013,3.437741088793185,2.664497779200461,0.6500224216483541,0.0
