problem,access,navigate,page_close,video,discussion,wiki
0.0,1.9045099659634257,1.0,2.1077352526221045,2.1180782093497093,0,0
