problem,access,navigate,page_close,video,discussion,wiki
0.5304060778306042,1.7777307230221286,1.5566567074628228,1.4294732983598406,1.8423709931771084,0.0,0.0
