problem,access,navigate,page_close,video,discussion,wiki
0,2.3746088271343795,1.3709505944546687,2.5366082543914996,2.1556390622295662,0.0,0.0
