problem,access,navigate,page_close,video,discussion,wiki
2.2125823032160294,3.240806638103586,2.2516291673878226,3.1497546653762116,2.6469854578513536,1.4958242288403436,0
