problem,access,navigate,page_close,video,discussion,wiki
1.6171895725927152,1.7107770844150674,0.9967916319816366,1.8464393446710154,1.6644977792004614,0.4586858162005403,0.8112781244591328
