problem,access,navigate,page_close,video,discussion,wiki
0.9995708393473224,2.5719797615299695,2.7321588913645702,2.2786357361599285,2.2073362726074945,0.0,0
