problem,access,navigate,page_close,video,discussion,wiki
0.9940302114769565,2.9115131910953944,2.5243974703476995,2.9990795706241746,2.6612262562697895,1.3221793455166666,0.0
