problem,access,navigate,page_close,video,discussion,wiki
0.8960382325345575,2.6333768251216307,0.0,2.7254128972590443,2.660964047443681,0,0
