problem,access,navigate,page_close,video,discussion,wiki
0,1.6758220575766962,2.128085278891394,0.5435644431995964,1.0,0.0,0.0
