problem,access,navigate,page_close,video,discussion,wiki
0,1.8862289445281224,1.9182958340544893,2.3685225277282065,2.058813890331201,0,0
