problem,access,navigate,page_close,video,discussion,wiki
2.128085278891394,2.8526186334167196,2.8888840705376357,2.883287923029018,2.4659573209491747,0.0,0.0
