problem,access,navigate,page_close,video,discussion,wiki
2.526867562341872,3.226301214078332,2.9140163035068447,3.1583041986283584,2.8112107393068326,2.474551674369129,0.0
