problem,access,navigate,page_close,video,discussion,wiki
2.4173600032288136,3.078314701660334,2.9022724241147198,1.7638421227824583,2.6493974703476995,0.8112781244591328,1.0
