problem,access,navigate,page_close,video,discussion,wiki
0.0,2.104808314725732,1.7771563143584552,2.1581047637021826,2.1556390622295662,1.5566567074628228,0.0
