problem,access,navigate,page_close,video,discussion,wiki
1.327218536756493,3.1602323848296816,1.9312952802328742,3.1718545692710522,2.7520379569992226,1.4937095464322434,1.5
