problem,access,navigate,page_close,video,discussion,wiki
0.6500224216483541,2.452619696785756,1.5,2.3584585933443494,2.222191575506678,0,0
