problem,access,navigate,page_close,video,discussion,wiki
1.6451407133456024,2.4040466829296596,2.71929452566698,2.4514137557544395,2.3935823097180293,0,0
