problem,access,navigate,page_close,video,discussion,wiki
2.6048762644736354,3.5819024684090532,3.300194642888527,3.6131203145830084,3.0385623360756298,2.8401218293011956,2.2998963911678914
