problem,access,navigate,page_close,video,discussion,wiki
0.9967916319816366,2.3160044127822226,1.4926140680171258,2.3078589066235837,2.2532710659068393,0.9886994082884974,0.0
