problem,access,navigate,page_close,video,discussion,wiki
0,1.584962500721156,1.352030101757953,1.7609640474436812,1.3709505944546687,0.0,0.0
