problem,access,navigate,page_close,video,discussion,wiki
0.0,2.158494377490801,2.263809173883546,2.536048384125583,2.2810361125534233,0,0.0
