problem,access,navigate,page_close,video,discussion,wiki
2.4464393446710155,2.8163385093719224,2.4116022179746714,2.0,1.0,1.326696202786228,0
