problem,access,navigate,page_close,video,discussion,wiki
0,1.2958363892911637,1.3921472236645345,0.9182958340544896,1.0,0,0
