problem,access,navigate,page_close,video,discussion,wiki
1.9749375012019272,2.8058877448819675,2.660129752633257,2.7564403362209937,1.6577427265048887,0.0,0
