problem,access,navigate,page_close,video,discussion,wiki
1.7484238349804768,2.1451270450515425,2.5659573209491753,0.9182958340544896,1.6209520310264032,1.8776402831734214,0
