problem,access,navigate,page_close,video,discussion,wiki
0,2.4979065701049423,3.566428031846024,2.725480556997868,2.5219280948873624,0.0,0
