problem,access,navigate,page_close,video,discussion,wiki
2.183600861773281,2.430769055634411,2.2339466645252255,2.7529436988537297,1.9903166968736787,0.0,1.0
