problem,access,navigate,page_close,video,discussion,wiki
0.9910760598382222,2.7735791143254986,2.981765169536535,2.1047412314783913,1.8937666738014505,0.0,0
