problem,access,navigate,page_close,video,discussion,wiki
2.469274548076693,2.9904738853660944,2.287783719941071,2.9300365325772657,2.962821713168668,1.5596872848213033,0.0
