problem,access,navigate,page_close,video,discussion,wiki
1.4644264763856563,2.9376993652143146,2.378991986900062,2.784010874644601,2.6100635408770723,0.0,0
