problem,access,navigate,page_close,video,discussion,wiki
0,1.4158627048033285,1.4197367178034825,1.541982284286398,0.9910760598382222,0.9910760598382222,0
