problem,access,navigate,page_close,video,discussion,wiki
1.77482249108678,2.73101034198518,2.197620571461702,2.7035335175223794,2.662726554268895,0.9182958340544896,0.0
