problem,access,navigate,page_close,video,discussion,wiki
1.934280615255996,4.005116016717893,3.7756624631690476,3.875905243867542,2.974418313907282,1.3244602933016414,1.0
