problem,access,navigate,page_close,video,discussion,wiki
0.0,2.8401998765158556,1.811278124459133,0.0,1.584962500721156,1.811278124459133,0
