problem,access,navigate,page_close,video,discussion,wiki
0,1.2607717938967942,0.7219280948873623,0.8112781244591328,1.5219280948873621,0.9852281360342516,0
