problem,access,navigate,page_close,video,discussion,wiki
0.0,1.198183947911799,0.0,1.2516291673878228,1.584962500721156,0,0
