problem,access,navigate,page_close,video,discussion,wiki
0,3.248840117189926,1.5726236638951638,3.28273471742809,3.259751595698744,0,0
