problem,access,navigate,page_close,video,discussion,wiki
0.0,2.5825518169307426,1.9751060324573735,2.1556390622295662,2.321928094887362,0.0,0
