problem,access,navigate,page_close,video,discussion,wiki
3.264205569654975,3.5917864404987547,3.2732696895151077,0.0,0,0.4689955935892812,1.0
