problem,access,navigate,page_close,video,discussion,wiki
0.6500224216483541,3.2068305194020734,2.321928094887362,1.950212064914747,1.0,0,0
