problem,access,navigate,page_close,video,discussion,wiki
2.10209067485585,3.329307674110328,2.5216406363433186,2.0,1.0,0.0,0
