problem,access,navigate,page_close,video,discussion,wiki
0.0,1.579772716726736,1.9056390622295665,1.4815101887362598,0.4689955935892812,0,0
