problem,access,navigate,page_close,video,discussion,wiki
0.0,2.074164743022575,1.789929075309999,1.867633890971212,1.2987949406953985,0,0.0
