problem,access,navigate,page_close,video,discussion,wiki
0.863120568566631,2.283022411949724,2.2221915755066783,1.584962500721156,1.584962500721156,1.450734711775325,0.0
