problem,access,navigate,page_close,video,discussion,wiki
2.251614471810182,3.0962640093033027,2.2608203181716595,3.0729922272347645,2.9927204145277413,0.4689955935892812,0.0
