problem,access,navigate,page_close,video,discussion,wiki
1.4219115073546411,1.4591479170272448,1.9219280948873623,0.0,0,0,0
