problem,access,navigate,page_close,video,discussion,wiki
2.0365766899407327,2.717021885879718,1.5709505944546687,1.0,1.0,2.0944321717269028,0.8112781244591328
