problem,access,navigate,page_close,video,discussion,wiki
0.9182958340544896,2.4606406669627527,2.2492870686521593,2.0,0.0,0.7642045065086203,0.0
