problem,access,navigate,page_close,video,discussion,wiki
2.7657729225330385,3.115470548907324,2.4530201924480455,1.0,0.0,0.8112781244591328,0.9182958340544896
