problem,access,navigate,page_close,video,discussion,wiki
1.0434356963218767,2.275622229375392,1.6774212838293645,2.2064195278237007,2.2256108145207376,0.0,0.0
