problem,access,navigate,page_close,video,discussion,wiki
0.0,1.3946169838545441,1.5052408149441479,2.113283334294875,2.038159681645953,0.9182958340544896,1.0
