problem,access,navigate,page_close,video,discussion,wiki
1.4618381992568745,3.074333545923115,2.4304570255005586,3.0830741894285696,2.625,0.0,0.0
