problem,access,navigate,page_close,video,discussion,wiki
1.5,2.403187553309256,1.584962500721156,1.584962500721156,1.0,0,0
