problem,access,navigate,page_close,video,discussion,wiki
1.2419460322060458,1.9841973056014783,1.8423709931771084,2.0242600666933597,1.811278124459133,0.0,0
