problem,access,navigate,page_close,video,discussion,wiki
0,2.4749525415173124,2.128085278891394,2.4193819456463714,1.5566567074628228,0,0
