problem,access,navigate,page_close,video,discussion,wiki
0.9709505944546686,1.7883106100537456,2.05126936292225,1.7295739585136223,0.0,1.1567796494470395,0
