problem,access,navigate,page_close,video,discussion,wiki
0.0,2.829984875267566,2.313459750171824,2.7625141305057106,2.6628246923615073,0.9957274520849256,0
