problem,access,navigate,page_close,video,discussion,wiki
0.824980257347893,1.8211198470646455,1.9362600275315274,1.80851022840355,1.5943609377704338,0,0
