problem,access,navigate,page_close,video,discussion,wiki
1.9071859715898134,3.4497080943428533,2.2998963911678914,3.555799522156166,3.238920595031594,0.0,0.0
