problem,access,navigate,page_close,video,discussion,wiki
1.1488348542809166,2.4028280197711696,2.2516291673878226,1.792481250360578,0.9182958340544896,0,0
