problem,access,navigate,page_close,video,discussion,wiki
0.0,2.69691301630752,2.7806390622295662,2.9870900416203345,1.811278124459133,1.596392117859812,0.0
