problem,access,navigate,page_close,video,discussion,wiki
2.9424803727246926,3.150865440357277,2.292481250360578,3.2153603572973033,2.983342099382735,1.5,0.0
