problem,access,navigate,page_close,video,discussion,wiki
0.9456603046006402,2.2891984061071886,2.0781758650865774,2.2849860025696254,2.3318026736242854,0.0,0
