problem,access,navigate,page_close,video,discussion,wiki
2.5741145630341125,3.235705945743414,3.0306390622295662,3.41175897457113,2.9910764483137644,1.295461844238322,0
