problem,access,navigate,page_close,video,discussion,wiki
0.954434002924965,1.8924071185928766,1.584962500721156,2.186704345910025,2.0,0,0
