problem,access,navigate,page_close,video,discussion,wiki
0.5787946246321198,1.5262349099495225,2.481714572986073,1.0,0,0,0
