problem,access,navigate,page_close,video,discussion,wiki
1.5310001550435157,3.0881165867751235,2.891851946382239,2.7378723922315147,1.8464393446710154,1.7360411676599226,0.0
