problem,access,navigate,page_close,video,discussion,wiki
0.0,1.5071570511890173,0.9182958340544896,1.4237949406953985,1.922023142851573,0,0
