problem,access,navigate,page_close,video,discussion,wiki
1.0,2.1446029282686503,2.418295834054489,0.0,0.863120568566631,0.9444885341662053,0
