problem,access,navigate,page_close,video,discussion,wiki
1.5545851693377997,3.502391153322332,1.669180336866731,1.0,0,0.0,0.0
