problem,access,navigate,page_close,video,discussion,wiki
2.696998722031113,2.7152058397822705,2.6557684303227793,2.6675998067679965,2.7660138338546254,2.7991508231308915,0
