problem,access,navigate,page_close,video,discussion,wiki
2.321055299751224,2.6072702508647936,2.0349409139562287,2.587599691325159,2.4139097655573916,0.0,0.0
