problem,access,navigate,page_close,video,discussion,wiki
0,2.4045692031131707,2.199687794731328,1.584962500721156,0.7219280948873623,0.0,0
