problem,access,navigate,page_close,video,discussion,wiki
1.9570425997028669,2.2347637539084544,2.6812763696025814,2.620689974011476,2.258459892744163,0.0,0.8112781244591328
