problem,access,navigate,page_close,video,discussion,wiki
0.863120568566631,2.0812867722513544,1.8423709931771084,1.7322216637616483,2.089902458185835,0,0
