problem,access,navigate,page_close,video,discussion,wiki
1.7608517364258869,2.7546355011687647,3.1155904774385785,2.1709505944546685,2.7942086837942446,0.0,0
