problem,access,navigate,page_close,video,discussion,wiki
1.541475867079292,2.204300070111457,2.251629167387823,0.0,0.0,0,0
