problem,access,navigate,page_close,video,discussion,wiki
1.168747653978524,3.208709766354768,2.807354922057604,2.64546000160954,3.335531869678925,1.9591479170272446,0
