problem,access,navigate,page_close,video,discussion,wiki
0.0,1.4591479170272446,1.584962500721156,0.9709505944546686,0,0,0
