problem,access,navigate,page_close,video,discussion,wiki
0.0,2.6427627902437028,2.217021885879718,2.6820058147602133,2.6098501660289424,0,0.9182958340544896
