problem,access,navigate,page_close,video,discussion,wiki
0,1.4589784907403085,1.584962500721156,1.3921472236645345,1.2516291673878228,0.0,0
