problem,access,navigate,page_close,video,discussion,wiki
0.0,1.9091073240841263,1.5219280948873621,1.8062389286533893,1.584962500721156,0,0
