problem,access,navigate,page_close,video,discussion,wiki
0,1.384431504340598,1.040852082972755,1.3567796494470397,1.061278124459133,1.0,1.0
