problem,access,navigate,page_close,video,discussion,wiki
0.8166890883150209,1.7381493331928661,1.5,1.6858157091530304,0.5916727785823275,0,0
