problem,access,navigate,page_close,video,discussion,wiki
1.568445859054108,2.368102070191481,1.792481250360578,2.2577560641285177,1.4591479170272448,0,0
