problem,access,navigate,page_close,video,discussion,wiki
0,2.1180782093497097,1.9219280948873623,1.9329145639793976,1.855388542207534,0,0
