problem,access,navigate,page_close,video,discussion,wiki
1.829352136869956,2.702736799471885,2.808238937133978,3.2516291673878226,2.286265804148611,1.7758589482446405,0
