problem,access,navigate,page_close,video,discussion,wiki
0,2.3354286515006137,1.3709505944546687,1.8262452584026092,2.121928094887362,0.0,0
