problem,access,navigate,page_close,video,discussion,wiki
0.9922666387194963,0.8418521897563208,0.35335933502142136,0.0,0,0.0,0.0
