problem,access,navigate,page_close,video,discussion,wiki
1.0453386056346683,1.5447521953639154,2.584962500721156,1.5882541633997853,1.4777468341000444,1.9192789744377787,0
