problem,access,navigate,page_close,video,discussion,wiki
1.4423276252944186,1.9603493149915987,1.9219280948873623,0.0,0,0,0
