problem,access,navigate,page_close,video,discussion,wiki
2.3648071282067833,3.198601303971483,2.4632431204148597,3.437193208607594,2.8731406795131336,0.0,0.0
