problem,access,navigate,page_close,video,discussion,wiki
0,1.9127092074860041,2.4729055953200563,2.146240625180289,1.207518749639422,0,0.0
