problem,access,navigate,page_close,video,discussion,wiki
1.575114591410657,1.4618381992568745,2.8010521033236246,0,0,1.1981174211304033,1.0
