problem,access,navigate,page_close,video,discussion,wiki
0.9983636725938131,1.6875406420035002,1.1567796494470395,1.855154957849531,1.766150648454355,0.0,0.0
