problem,access,navigate,page_close,video,discussion,wiki
0.863120568566631,2.833925694486235,2.502715824119997,0.0,0,0.9182958340544896,0
