problem,access,navigate,page_close,video,discussion,wiki
0,3.0397465970135795,2.6556390622295662,3.1468807887948476,2.8612691803176635,0,0.0
