problem,access,navigate,page_close,video,discussion,wiki
2.2516291673878226,3.381200739575285,2.89580942847003,3.452819531114783,1.0,1.6143308351592656,1.5
