problem,access,navigate,page_close,video,discussion,wiki
0.9819407868640977,1.1674367232867007,1.5465935642949382,0.0,0.0,0,0
