problem,access,navigate,page_close,video,discussion,wiki
1.7761856026589713,2.276598522496836,2.133937566094917,0,1.8322628970242685,0.0,0.0
