problem,access,navigate,page_close,video,discussion,wiki
0,1.4937095464322434,0.9141828384352135,1.5219280948873621,1.8910611120726526,0.0,0.0
