problem,access,navigate,page_close,video,discussion,wiki
1.4949188482339508,2.04597512699001,1.9920139962755843,0.0,0,0.7088356733321961,0.1350362028021276
