problem,access,navigate,page_close,video,discussion,wiki
1.7609640474436812,2.474229758181961,2.0,2.773131523414322,2.133937566094917,0.0,0
