problem,access,navigate,page_close,video,discussion,wiki
0,2.1493974703476995,1.584962500721156,2.120952031026403,2.0381596816459533,0,0
