problem,access,navigate,page_close,video,discussion,wiki
1.3787834934861753,1.9152170254376086,2.0021722231837638,0,0,0.6500224216483541,0.7219280948873623
