problem,access,navigate,page_close,video,discussion,wiki
1.9356677999715277,1.933871100356716,1.4911148500551858,1.9546859469463558,1.9527241956246548,1.6854752972273344,0
