problem,access,navigate,page_close,video,discussion,wiki
0.9182958340544896,2.4455070343193337,1.9056390622295665,2.3053206513329316,2.321928094887362,0.0,0
