problem,access,navigate,page_close,video,discussion,wiki
0.0,1.2958363892911637,1.0,1.2406705316766886,1.1567796494470395,0,0
