problem,access,navigate,page_close,video,discussion,wiki
0.8076702057269436,1.3813736558380936,0.0,1.5128876215181606,1.5,0.28639695711595625,0
