problem,access,navigate,page_close,video,discussion,wiki
1.7609640474436812,2.0357671321929423,1.2987949406953985,0.0,0,0.0,0.0
