problem,access,navigate,page_close,video,discussion,wiki
0.6422064220541268,2.196870956951914,1.584962500721156,2.10845859334435,1.9362600275315274,1.0,0
