problem,access,navigate,page_close,video,discussion,wiki
2.4641737885545836,2.7026416000140943,3.266399695341703,2.768036463658569,2.3676465847754526,1.8971304165744247,0
