problem,access,navigate,page_close,video,discussion,wiki
0.0,1.8005533885042402,1.337778097192496,2.287454835008816,1.9117184111901233,0.9940302114769565,0
