problem,access,navigate,page_close,video,discussion,wiki
1.9370326766092507,2.161089672758333,2.2272170014624826,2.162292189082415,0,0,0
