problem,access,navigate,page_close,video,discussion,wiki
0.9980008838722996,2.8088840705376357,1.7709505944546688,1.9219280948873623,0.9182958340544896,0.0,0
