problem,access,navigate,page_close,video,discussion,wiki
2.523231428797621,2.889276113420356,2.610577243331642,2.888792864548511,2.751610325528167,0.0,0.0
