problem,access,navigate,page_close,video,discussion,wiki
2.2322628970242686,3.490736924985761,2.9109922530150456,3.694605432242864,3.3082708345352603,1.4355205042826666,0
