problem,access,navigate,page_close,video,discussion,wiki
2.4464393446710155,3.2736785626377785,2.9258530145612824,3.3795685386470353,3.088456377350588,0.2580186686648155,1.0
