problem,access,navigate,page_close,video,discussion,wiki
1.5774062828523454,2.3563110067495736,2.0588138903312014,1.5219280948873621,1.8676338909712122,1.1567796494470395,0
