problem,access,navigate,page_close,video,discussion,wiki
0.0,2.07803688848206,2.197159723424149,2.135392875299616,1.3609640474436813,0.0,0
