problem,access,navigate,page_close,video,discussion,wiki
0,1.3609640474436813,0.6500224216483541,1.3921472236645345,1.4056390622295665,0,0
