problem,access,navigate,page_close,video,discussion,wiki
2.90157515630763,3.849922868929445,2.423382411192131,2.5,3.103701696057348,2.1219280948873624,0
