problem,access,navigate,page_close,video,discussion,wiki
1.0,3.129400701516894,2.4137995646056805,2.725480556997868,0,0,0.0
