problem,access,navigate,page_close,video,discussion,wiki
0,2.466052868455254,1.974937501201927,2.2232196723355075,0,0,0
