problem,access,navigate,page_close,video,discussion,wiki
0.0,3.0402400004270445,3.2516291673878226,2.584962500721156,2.521640636343318,0.0,0.0
