problem,access,navigate,page_close,video,discussion,wiki
1.8345901684333654,2.3879422103290704,2.146240625180289,1.584962500721156,0,0.0,0.0
