problem,access,navigate,page_close,video,discussion,wiki
0,2.2607845582978525,1.6644977792004612,2.481714572986073,2.128085278891394,0,0
