problem,access,navigate,page_close,video,discussion,wiki
2.149620739385588,3.3242333514261437,2.5032583347756456,3.3241767435304808,2.9500637564362098,0.0,0
