problem,access,navigate,page_close,video,discussion,wiki
1.0,3.6760375876207716,2.969731566544131,3.47115744968737,3.036422165764681,1.5394847569315018,0.0
