problem,access,navigate,page_close,video,discussion,wiki
0,2.8700933919639664,2.1556390622295662,2.2516291673878226,1.0,0,0
