problem,access,navigate,page_close,video,discussion,wiki
1.6858157091530304,3.1520273587434238,3.121928094887362,1.5,0.0,0.0,0
