problem,access,navigate,page_close,video,discussion,wiki
2.0199191230510305,3.2999102073391136,3.3948488700257897,3.1927057793963654,3.3240638183533937,0.9957274520849256,0
