problem,access,navigate,page_close,video,discussion,wiki
0.0,2.4454708534068352,2.3598063039211006,2.927798970294785,2.7806390622295662,0,0.9709505944546686
