problem,access,navigate,page_close,video,discussion,wiki
0.0,2.5189704621597437,2.0,2.3718956694089632,1.4591479170272448,0,0
