problem,access,navigate,page_close,video,discussion,wiki
1.9103083326692298,2.4130555392980613,2.1626441180472606,2.679374370513199,2.4116022179746714,0,0
