problem,access,navigate,page_close,video,discussion,wiki
0.9709505944546686,2.9591257504502644,2.481714572986073,3.109685696912064,2.73345859334435,0,0
