problem,access,navigate,page_close,video,discussion,wiki
2.2510345501401265,3.204079789644012,2.725480556997868,2.960675594806832,2.063558608511122,1.640223928941852,0
