problem,access,navigate,page_close,video,discussion,wiki
0,1.867633890971212,1.0,2.4056390622295662,1.9219280948873623,0,0
