problem,access,navigate,page_close,video,discussion,wiki
0,2.0221061127398396,1.3346791410515946,2.0294069451656007,2.263809173883546,0.0,0.0
