problem,access,navigate,page_close,video,discussion,wiki
0.0,3.071989696561206,2.7773627950641693,2.321928094887362,2.321928094887362,0,0
