problem,access,navigate,page_close,video,discussion,wiki
0,2.072905595320056,1.9219280948873623,2.1219280948873624,0.9182958340544896,0,0
