problem,access,navigate,page_close,video,discussion,wiki
1.3396642639295127,2.9025384433066774,2.6213526136130225,2.514711971090691,1.867633890971212,0.8112781244591328,0.0
