problem,access,navigate,page_close,video,discussion,wiki
0.0,2.337507682689734,2.3219280948873626,2.2457166246288307,1.930155966959864,0.0,0.0
