problem,access,navigate,page_close,video,discussion,wiki
0.0,1.4751648282981122,1.4056390622295665,1.7028195311147831,1.561278124459133,0,0
