problem,access,navigate,page_close,video,discussion,wiki
0,1.2516291673878228,0.9709505944546686,1.4591479170272448,1.5,0,0
