problem,access,navigate,page_close,video,discussion,wiki
0,0.9474351361840306,0.954434002924965,0.9932338197397066,0,0.0,0
