problem,access,navigate,page_close,video,discussion,wiki
1.4772170014624826,3.3717635882551047,1.0,3.411721561122632,2.8962769185584962,0,0
