problem,access,navigate,page_close,video,discussion,wiki
1.2987949406953985,2.9360434496438916,2.125814583693911,2.270942421748537,1.061278124459133,0.9819407868640977,0.7219280948873623
