problem,access,navigate,page_close,video,discussion,wiki
0,1.524097983068835,1.4604846813131114,1.9280980912618826,1.8910611120726526,0,0
