problem,access,navigate,page_close,video,discussion,wiki
0.0,3.12531257444732,2.9219280948873627,2.298794940695399,2.197159723424149,0.0,0
