problem,access,navigate,page_close,video,discussion,wiki
0,2.0403733936884962,1.207518749639422,2.3685225277282065,2.0,1.2987949406953985,1.0
