problem,access,navigate,page_close,video,discussion,wiki
0,1.198183947911799,0.8112781244591328,1.3709505944546687,1.4591479170272448,0,0
