problem,access,navigate,page_close,video,discussion,wiki
0,1.5608325807338423,1.5566567074628228,1.5190461643198379,1.4926140680171258,0,0
