problem,access,navigate,page_close,video,discussion,wiki
0.863120568566631,2.6479191505312096,2.433411192621123,2.6455933144511468,1.836591668108979,0,1.584962500721156
