problem,access,navigate,page_close,video,discussion,wiki
2.127315527323335,3.975778486042183,2.7107770844150676,3.9057048015566522,3.844106544814538,0.0,0
