problem,access,navigate,page_close,video,discussion,wiki
2.1339375660949167,2.990344045400586,2.1280852788913944,3.1113061459995177,2.527495543791609,0,0
