problem,access,navigate,page_close,video,discussion,wiki
1.9133718793992398,2.3917642303148594,2.5111583602665406,1.0,0,1.628732346697684,1.0
