problem,access,navigate,page_close,video,discussion,wiki
2.375,3.1935893285798573,2.4056390622295662,1.5219280948873621,2.4056390622295662,0,0.0
