problem,access,navigate,page_close,video,discussion,wiki
1.402993418443045,2.1663428898406694,2.5216406363433186,2.1044984515601635,2.214812224859865,0,0
