problem,access,navigate,page_close,video,discussion,wiki
0.0,2.5709505944546684,1.5,2.3935823097180298,1.950212064914747,0,0
