problem,access,navigate,page_close,video,discussion,wiki
0,1.9189510473801639,0.9182958340544896,1.924174352300441,1.9056390622295665,0,0
