problem,access,navigate,page_close,video,discussion,wiki
1.5058231002082845,3.011669750653327,2.1731691795491246,3.0554952613075455,2.741662818008062,1.198183947911799,0.0
