problem,access,navigate,page_close,video,discussion,wiki
1.985277590509022,2.751987589693496,1.8464393446710154,0.9182958340544896,0.0,1.0,0
