problem,access,navigate,page_close,video,discussion,wiki
0.0,2.005977711423774,1.6225562489182659,2.1261207468426804,1.7527152789797045,0.0,0.9182958340544896
