problem,access,navigate,page_close,video,discussion,wiki
1.4056390622295665,1.9010011940401843,1.8073549220576042,0,0,0.9323484963532156,0
