problem,access,navigate,page_close,video,discussion,wiki
0,1.7360411676599221,1.9056390622295665,1.4466166676282084,2.0,0.0,0.0
