problem,access,navigate,page_close,video,discussion,wiki
0.8997437586982626,3.1233545518097174,2.686494994012813,3.082392163835565,2.791434642957859,0.0,0.0
