problem,access,navigate,page_close,video,discussion,wiki
1.2987949406953985,2.740399971666361,2.6464393446710153,2.8708895156296297,2.1180782093497093,0,0
