problem,access,navigate,page_close,video,discussion,wiki
1.214295263080721,3.002790856818855,2.6556390622295662,3.005678590456677,2.4116022179746714,0.954434002924965,1.0
