problem,access,navigate,page_close,video,discussion,wiki
0,2.3598063039211006,1.3709505944546687,2.584962500721156,2.807354922057604,0.0,0
