problem,access,navigate,page_close,video,discussion,wiki
2.3795232477879553,3.6398366628908567,3.36030597770208,3.5935769924549463,2.9276942711037672,1.061278124459133,0.0
