problem,access,navigate,page_close,video,discussion,wiki
0.0,1.8640054628542204,1.352030101757953,1.0,0.0,0.9182958340544896,0.0
