problem,access,navigate,page_close,video,discussion,wiki
1.158938532350277,2.7113336557185694,2.4543217863234155,2.728096892596986,2.5732196723355076,1.6493974703476995,1.5
