problem,access,navigate,page_close,video,discussion,wiki
1.3124852065079404,2.015694882898696,2.0972133988213417,1.9792844184142648,0,0.0,1.5219280948873621
