problem,access,navigate,page_close,video,discussion,wiki
0.9293636260137187,2.205724900887714,2.4982965889303155,1.4355205042826666,1.584962500721156,1.0,0.0
