problem,access,navigate,page_close,video,discussion,wiki
1.5255276355240324,2.3706687419328345,2.8104682884857803,2.4017932493334677,2.1501897432169463,1.4604846813131116,1.5
