problem,access,navigate,page_close,video,discussion,wiki
0,2.407430022880617,1.4591479170272446,1.584962500721156,1.584962500721156,0,0
