problem,access,navigate,page_close,video,discussion,wiki
2.0719814254906335,3.1743103130921995,3.0414768762698334,3.263809173883546,2.521640636343318,1.9591479170272448,1.0
