problem,access,navigate,page_close,video,discussion,wiki
1.656535883811988,2.268793062399667,1.2516291673878228,1.9705730958116852,1.4294732983598406,0,0
