problem,access,navigate,page_close,video,discussion,wiki
0.0,1.9384964492986378,1.2516291673878228,1.9182958340544893,1.4056390622295665,0,0
