problem,access,navigate,page_close,video,discussion,wiki
0.5435644431995964,2.756848184684622,2.5220552088742005,2.6986604604011153,1.9219280948873623,0.7219280948873623,0
