problem,access,navigate,page_close,video,discussion,wiki
0.0,2.415661470191763,1.5219280948873621,2.5306390622295662,2.413088436425758,0,0
