problem,access,navigate,page_close,video,discussion,wiki
1.640223928941852,2.329862748439038,1.5219280948873621,2.4830067805200744,0,0,0
