problem,access,navigate,page_close,video,discussion,wiki
0.9182958340544896,2.297445081309232,1.811278124459133,1.584962500721156,1.0,0.0,0
