problem,access,navigate,page_close,video,discussion,wiki
2.2902453746084936,2.2533438411229243,2.414273927276003,2.190449308974533,1.186278124459133,1.7135538034831783,0.0
