problem,access,navigate,page_close,video,discussion,wiki
0.0,1.7098683589017412,1.6854752972273346,1.81294527625988,1.8423709931771084,0,0
