problem,access,navigate,page_close,video,discussion,wiki
0.0,1.65043973552417,1.6143308351592656,1.0,0.0,0.9219280948873623,1.0
