problem,access,navigate,page_close,video,discussion,wiki
1.541422660643616,2.9031774557608525,3.0373035612628625,2.643295765164483,2.237972569829142,1.9597424899851517,1.6024773681586493
