problem,access,navigate,page_close,video,discussion,wiki
0.5916727785823275,3.2967779865036024,3.3794705707972517,3.2141924470932373,2.2810361125534233,0,0
