problem,access,navigate,page_close,video,discussion,wiki
1.5465935642949382,2.3454704227754077,2.755123044017255,0.0,0.0,0,0
