problem,access,navigate,page_close,video,discussion,wiki
0,1.5478976275004668,0.0,1.8192407046368488,2.186704345910025,0,0
