problem,access,navigate,page_close,video,discussion,wiki
0.863120568566631,2.3600017885989573,1.4604846813131116,2.3854975262181957,2.3437621626224825,0.9852281360342516,0.0
