problem,access,navigate,page_close,video,discussion,wiki
0,2.3898980954642877,1.9219280948873623,2.25,2.2516291673878226,0.0,0
