problem,access,navigate,page_close,video,discussion,wiki
1.9502120649147465,3.3551465070218347,2.4313076001654323,3.3549928652716914,3.2720552088742005,1.3609640474436813,1.584962500721156
