problem,access,navigate,page_close,video,discussion,wiki
0.9944423248022588,1.7607811037496393,2.0,0.9182958340544896,1.188721875540867,0.863120568566631,0
