problem,access,navigate,page_close,video,discussion,wiki
1.9892936331613538,2.4311953837617315,1.867633890971212,2.187931722181783,1.829352136869956,0.0,0
