problem,access,navigate,page_close,video,discussion,wiki
1.6699095137731645,2.6427036519170817,1.437181403208764,1.1567796494470395,0.0,1.2406705316766886,1.584962500721156
