problem,access,navigate,page_close,video,discussion,wiki
2.6891040034468183,3.373158855826927,3.0179179007620967,3.480267083933531,2.436278124459133,2.8261444493561783,1.0
