problem,access,navigate,page_close,video,discussion,wiki
0.9059282160429992,2.5946631828067535,2.8578770966496303,2.0,1.0,1.8496017527145814,1.0
