problem,access,navigate,page_close,video,discussion,wiki
0.8112781244591328,2.765595703996379,2.4056390622295662,2.9282129458410013,0,0.4798320236161285,0
