problem,access,navigate,page_close,video,discussion,wiki
1.9529806705189043,3.1334896750816923,2.1556390622295662,2.9697315665441306,2.351227480952956,0.0,0.0
