problem,access,navigate,page_close,video,discussion,wiki
0,2.8898023435133737,0.9182958340544896,2.9240025382630805,2.4477426785812737,0,0
