problem,access,navigate,page_close,video,discussion,wiki
0.5916727785823275,1.288649764535596,0.6500224216483541,1.352030101757953,1.5,0,0
