problem,access,navigate,page_close,video,discussion,wiki
3.3812119667064664,3.991350889828892,3.0241817261190036,2.321928094887362,3.4524805918016317,2.674460868536108,0.7219280948873623
