problem,access,navigate,page_close,video,discussion,wiki
0.7335379291086666,2.917328087056687,2.6416041678685933,2.466247897312731,1.9502120649147465,0,0
