problem,access,navigate,page_close,video,discussion,wiki
1.4926140680171258,3.3684140757161636,2.8073549220576046,3.2037016960573483,3.2448766046537822,1.9904351119265935,0.9402859586706311
