problem,access,navigate,page_close,video,discussion,wiki
1.3709505944546687,3.6278434666479638,4.497412908619328,4.1304602148743745,3.2409031734670055,4.758666789386725,0.0
