problem,access,navigate,page_close,video,discussion,wiki
1.9546859469463558,3.485388987541617,2.808746230592378,1.0,0.9182958340544896,2.724119611997144,1.0
