problem,access,navigate,page_close,video,discussion,wiki
0.9456603046006402,2.353984548143494,2.0,2.279664544124978,0.9182958340544896,0,0
