problem,access,navigate,page_close,video,discussion,wiki
0.996485989886783,3.1348634764746492,2.145136370153053,3.090864012919333,3.0355849958129597,0.0,1.0
