problem,access,navigate,page_close,video,discussion,wiki
2.00866329959714,4.031328939421055,3.1414460711655217,3.802780752600401,3.3316133224899724,0.7219280948873623,0
