problem,access,navigate,page_close,video,discussion,wiki
1.4604846813131116,2.0294732983598407,1.6854752972273346,2.0,2.197159723424149,0.0,0
