problem,access,navigate,page_close,video,discussion,wiki
2.500414709449511,3.879518889883169,3.910369360282379,3.077819531114783,2.721928094887362,3.6324602421612044,2.7852095158447554
