problem,access,navigate,page_close,video,discussion,wiki
1.5663672668986361,3.179872439198976,2.7154535460473688,2.5216406363433186,0.0,1.0,0
