problem,access,navigate,page_close,video,discussion,wiki
0,2.35836844931105,2.2359263506290326,2.48345859334435,1.9219280948873623,0.0,0
