problem,access,navigate,page_close,video,discussion,wiki
0,2.5696035788393345,1.224394445405986,1.584962500721156,1.0,0.0,0
