problem,access,navigate,page_close,video,discussion,wiki
1.8869067632147074,3.507589286765296,2.7898980954642867,3.14163540772496,2.78845045730829,0.0,0
