problem,access,navigate,page_close,video,discussion,wiki
2.1831289501731783,4.183936340872135,4.031623032511562,3.407620875400323,2.9137995646056796,3.672894969411799,1.0
