problem,access,navigate,page_close,video,discussion,wiki
1.1589385323502772,3.6032439201153954,2.2359263506290326,3.2195282822995477,3.243735757336199,0,0
