problem,access,navigate,page_close,video,discussion,wiki
2.6009093770885316,4.034047911977429,3.4057645846554525,3.98629687372249,3.672553582385557,1.5828765043125572,0.9709505944546686
