problem,access,navigate,page_close,video,discussion,wiki
1.0,2.7551230440172545,2.2577560641285177,2.8140154482997177,2.463458298648303,0,0
