problem,access,navigate,page_close,video,discussion,wiki
1.198183947911799,3.037718864201132,2.889549430862088,3.2820487828605116,3.0306390622295662,0,0.0
