problem,access,navigate,page_close,video,discussion,wiki
3.238765285208685,3.672209089127052,3.6699079553751774,3.7792612600534747,3.170134892428193,3.069719866699604,2.1556390622295662
