problem,access,navigate,page_close,video,discussion,wiki
1.3921550301189325,2.278562284745671,3.097794003257852,2.7461034137898084,0.0,2.0816108584915987,1.0
