problem,access,navigate,page_close,video,discussion,wiki
1.676737030052133,3.064498451560163,2.5,1.9591479170272446,1.4591479170272448,1.419556298571613,0
