problem,access,navigate,page_close,video,discussion,wiki
0,2.6093407582869146,2.3594777826895115,2.8453509366224368,1.9182958340544893,0.9864267287308424,1.0
