problem,access,navigate,page_close,video,discussion,wiki
2.5243974703476995,3.795033137211802,3.0837651410695512,3.72590407352506,3.50496192135467,1.2575318729867573,0
