problem,access,navigate,page_close,video,discussion,wiki
1.924174352300441,3.442178016829944,3.2359263506290326,3.3705587705665785,3.0545851693377997,0.9182958340544896,0
