problem,access,navigate,page_close,video,discussion,wiki
0.9910760598382222,2.6361750035058655,2.4282129458410013,0.0,0,1.384431504340598,0.8112781244591328
