problem,access,navigate,page_close,video,discussion,wiki
0,1.889246428509158,2.3016094970590273,2.3709505944546687,2.321928094887362,1.0,0.0
