problem,access,navigate,page_close,video,discussion,wiki
1.8678235089557935,2.3219370141574527,2.5216406363433186,2.541069517706805,1.584962500721156,0.0,0
