problem,access,navigate,page_close,video,discussion,wiki
3.860804385858249,4.001160730450468,3.803224131655496,3.922257505037989,3.9152632844170414,1.8077635764171944,1.0
