problem,access,navigate,page_close,video,discussion,wiki
0.0,1.7149431431718385,2.2609640474436814,1.6854752972273344,1.5,0,0.0
