problem,access,navigate,page_close,video,discussion,wiki
0.0,3.316689006421526,3.327819531114783,2.584962500721156,0,0.0,0
