problem,access,navigate,page_close,video,discussion,wiki
0,2.0434041403096392,2.123219672335508,2.2359263506290326,1.7762976257251992,0.0,0.0
