problem,access,navigate,page_close,video,discussion,wiki
3.2088740297325904,3.4366002890708893,3.3095393976837455,3.5386108015659676,2.8460390338959276,2.9375306024374903,1.5
