problem,access,navigate,page_close,video,discussion,wiki
2.4357424011360216,2.9610783570875507,2.3003980873087992,1.584962500721156,0.0,0.5916727785823275,0.0
