problem,access,navigate,page_close,video,discussion,wiki
0.9881108365218301,1.7825075577358014,2.251629167387823,1.9491378652735851,1.0,0,0
