problem,access,navigate,page_close,video,discussion,wiki
2.8630945514207635,3.8981117243516046,3.7821222241453056,3.9175988477759867,2.7378723922315147,1.3709505944546687,0
