problem,access,navigate,page_close,video,discussion,wiki
3.366202132382834,3.709580049136468,3.3227958189604716,3.6762822832143613,3.4033892551633533,2.2825887305018333,0.7228578977329687
