problem,access,navigate,page_close,video,discussion,wiki
3.1542181331428307,3.4927476718237593,2.6659573209491745,1.9219280948873623,2.4056390622295662,0,0
