problem,access,navigate,page_close,video,discussion,wiki
0.0,1.6894822670191822,1.2987949406953985,1.9362600275315274,1.9182958340544893,1.3709505944546687,0.0
