problem,access,navigate,page_close,video,discussion,wiki
1.8353980286458853,3.7879573294453532,3.7647351787255054,3.83225973592896,3.106844058649297,1.5,0
