problem,access,navigate,page_close,video,discussion,wiki
1.6815419333359276,2.3957989931196266,0.0,2.584962500721156,2.3970232854724576,0,0
