problem,access,navigate,page_close,video,discussion,wiki
1.5794340029249652,2.8341479170272446,2.113283334294875,3.203052980301124,2.74894004700543,0,0.0
