problem,access,navigate,page_close,video,discussion,wiki
0,2.181937063546704,1.584962500721156,2.197159723424149,1.9502120649147465,0,0
