problem,access,navigate,page_close,video,discussion,wiki
2.370260699054051,4.164623834795691,3.6914280318460246,4.080921648599263,3.7433377079715626,1.9285396498847973,0.0
