problem,access,navigate,page_close,video,discussion,wiki
0.0,2.488785591776994,1.9182958340544893,2.4464393446710155,0,0,0
