problem,access,navigate,page_close,video,discussion,wiki
0,1.8050856529149222,1.7924812503605778,2.0403733936884962,1.8512268158971916,0.0,0
