problem,access,navigate,page_close,video,discussion,wiki
3.6106886264269935,3.6093290955622206,3.0785286493739235,3.443792032192808,3.357420592347913,3.070358643054135,1.584962500721156
