problem,access,navigate,page_close,video,discussion,wiki
1.2516291673878228,2.7178819302357202,2.0729055953200564,2.113283334294875,0.9182958340544896,0.0,0.0
