problem,access,navigate,page_close,video,discussion,wiki
2.944009749716357,3.9870201914845422,3.8628673398876563,3.9989347156279185,3.7690819412787677,2.921282153492945,1.5219280948873621
