problem,access,navigate,page_close,video,discussion,wiki
1.9440097497163569,3.6150015856575215,3.4005788397313506,3.5429622417419164,3.1932696895151085,0.0,0.0
