problem,access,navigate,page_close,video,discussion,wiki
2.4906524949723314,3.237029181180549,2.4662478973127313,1.584962500721156,2.610577243331642,0.0,0.0
