problem,access,navigate,page_close,video,discussion,wiki
1.48697669983321,3.1113669144457314,2.565957320949175,3.0837477514033886,3.107260307776987,2.229830809198832,0.0
