problem,access,navigate,page_close,video,discussion,wiki
0.0,2.571962152380454,2.6662613811057323,2.1971597234241496,0.0,1.7278082974885984,0.5916727785823275
