problem,access,navigate,page_close,video,discussion,wiki
0,2.4677201004744993,2.721928094887362,2.251629167387823,1.0,0,0
