problem,access,navigate,page_close,video,discussion,wiki
3.789292352681482,4.264919795513265,3.2405808553835387,4.407384793838773,3.1323279940954816,3.137080150767389,0.0
