problem,access,navigate,page_close,video,discussion,wiki
1.2170163386123156,3.2214197986853934,2.950212064914747,3.2190573284465027,2.3745560483818835,0.5916727785823275,0.0
