problem,access,navigate,page_close,video,discussion,wiki
0.0,2.4995853603642235,1.584962500721156,2.5100564603565387,2.235336282879157,0,0
