problem,access,navigate,page_close,video,discussion,wiki
0.6962122601251458,1.808427078019954,2.133937566094917,0,0.0,0,0
