problem,access,navigate,page_close,video,discussion,wiki
3.2002886706435762,3.67914632163642,2.353533948577482,3.650825961676492,3.5525842461721626,0,0
