problem,access,navigate,page_close,video,discussion,wiki
3.4758707733127223,3.898236815982414,2.805435357592952,2.521640636343318,3.3747532017180215,0,0.0
