problem,access,navigate,page_close,video,discussion,wiki
0.0,2.475299538399221,1.2516291673878228,2.498077546623641,2.3709505944546687,0,0.0
