problem,access,navigate,page_close,video,discussion,wiki
2.2909381904845603,2.93243442804481,3.19944885487996,2.9579249677678945,2.4670818850135006,2.6603392261576526,1.7574839898128802
