problem,access,navigate,page_close,video,discussion,wiki
0,2.1168565149190144,1.584962500721156,0.7219280948873623,0.8112781244591328,1.0,0
