problem,access,navigate,page_close,video,discussion,wiki
0,1.568316493272887,2.6556390622295662,0.6500224216483541,0.863120568566631,0,0
