problem,access,navigate,page_close,video,discussion,wiki
0,3.0800365641905882,1.4056390622295665,2.9607551327601973,2.9219280948873623,0,0
