problem,access,navigate,page_close,video,discussion,wiki
2.8905391813741477,3.342191898781709,3.2406015629507223,2.5312171311520704,3.1377440154403264,0.0,0
