problem,access,navigate,page_close,video,discussion,wiki
2.4917022721606505,3.6000167310367233,3.1363793303507554,3.948364243453711,3.604023645937704,0,0
