problem,access,navigate,page_close,video,discussion,wiki
0.0,3.17263844272928,2.492203107205413,2.9870900416203345,3.1842705440477217,1.022420703848328,0.0
