problem,access,navigate,page_close,video,discussion,wiki
0.0,2.4659573209491747,1.280672129520887,2.4464393446710155,2.7219280948873625,0.0,0.0
