problem,access,navigate,page_close,video,discussion,wiki
1.584962500721156,1.9986186025552088,2.1556390622295662,1.9609640474436814,0,2.0028121216451433,0.0
