problem,access,navigate,page_close,video,discussion,wiki
2.6947814605842733,3.814121176419306,3.1328786893420304,3.596683891757928,3.5906314390239964,1.2516291673878228,0.0
