problem,access,navigate,page_close,video,discussion,wiki
0,2.3764281306111803,2.1180782093497093,2.256564762130954,2.270942421748537,0.0,0.0
