problem,access,navigate,page_close,video,discussion,wiki
0.0,2.083371824807781,2.725480556997868,2.114713031115756,0.8366407419411673,1.8464393446710154,0.0
