problem,access,navigate,page_close,video,discussion,wiki
3.5899592499459425,3.6252687792102476,3.005678590456677,3.5010114641412065,3.727593166974927,3.553299603303981,0
