problem,access,navigate,page_close,video,discussion,wiki
0,3.046234446242254,2.9219280948873623,2.8491568534184415,2.75,0,0
