problem,access,navigate,page_close,video,discussion,wiki
0,0.32984607020714635,1.2516291673878228,0.5916727785823275,0.0,1.1595547523787308,0.0
