problem,access,navigate,page_close,video,discussion,wiki
1.5465935642949382,2.856448226462046,2.0294069451656007,2.979752143128124,2.87088951562963,0.0,0
