problem,access,navigate,page_close,video,discussion,wiki
1.4488156357251847,3.5632640308206613,2.6022170014624826,3.6420289492961326,3.4728782040581914,1.9186591095900236,0
