problem,access,navigate,page_close,video,discussion,wiki
0,2.170220321646893,1.5,1.9854752972273344,1.280672129520887,0.7219280948873623,0
