problem,access,navigate,page_close,video,discussion,wiki
2.324200467547998,3.5203290794503075,2.5306390622295662,3.586569246460625,3.312234741821176,1.0,0
