problem,access,navigate,page_close,video,discussion,wiki
0.863120568566631,3.071888901918099,2.8553885422075336,3.0269868333592873,2.6100635408770723,0.9709505944546686,0
