problem,access,navigate,page_close,video,discussion,wiki
0.5435644431995964,2.3942660039459835,2.6565647621309543,2.5048003829823355,1.0529407605626346,0,0
