problem,access,navigate,page_close,video,discussion,wiki
0,1.784159127851422,1.2987949406953985,2.2516291673878226,1.0,0,0
