problem,access,navigate,page_close,video,discussion,wiki
0,2.2750023359954694,1.0,1.3250112108241772,1.2958363892911637,0,0
