problem,access,navigate,page_close,video,discussion,wiki
1.0,2.5386318596503292,1.9182958340544893,2.3003980873087997,1.9591479170272446,0,0
