problem,access,navigate,page_close,video,discussion,wiki
0.0,0.9426831892554922,0.0,1.2987949406953985,1.1401156785146092,0,0
