problem,access,navigate,page_close,video,discussion,wiki
1.1567796494470395,2.5058074174374747,2.5812361643540815,2.6091053927948087,2.4746702095890942,1.840077983479932,0.9182958340544896
