problem,access,navigate,page_close,video,discussion,wiki
0.8112781244591328,1.8085947862963576,1.2516291673878228,1.6854752972273344,1.8585552118703144,0.0,0.0
