problem,access,navigate,page_close,video,discussion,wiki
3.253620573016097,3.54577362161118,3.044889451733241,3.764735178725505,3.2875897006621457,3.0430190302453974,0
