problem,access,navigate,page_close,video,discussion,wiki
3.836749906070843,4.159415073430191,3.3903360647604437,3.977577711728805,4.005963859674303,2.9591479170272446,0.0
