problem,access,navigate,page_close,video,discussion,wiki
0.5435644431995964,1.7597578423012168,1.9182958340544893,1.584962500721156,1.2987949406953985,0,0
