problem,access,navigate,page_close,video,discussion,wiki
0.0,3.0487666271546776,2.666753776794591,3.153909785944862,2.9213234150225578,0,0.0
