problem,access,navigate,page_close,video,discussion,wiki
0.9709505944546686,3.6225686838782862,2.798277896735806,2.9852281360342516,2.8553885422075336,2.942849034548998,0.0
