problem,access,navigate,page_close,video,discussion,wiki
2.835658612556754,3.4893776890668398,2.955659607339099,3.726413965636962,3.3508938886403823,1.63861996359321,1.2516291673878228
