problem,access,navigate,page_close,video,discussion,wiki
3.11240128638572,3.2130477726473776,3.8313182461522968,3.2112770820194285,3.1928775871501527,1.5,0.0
