problem,access,navigate,page_close,video,discussion,wiki
0.7642045065086203,1.3821022532543101,1.5,1.0,0.9852281360342516,0.0,0
