problem,access,navigate,page_close,video,discussion,wiki
1.4591479170272448,2.6066213917685417,2.5,2.5649297696118945,2.389925827319211,0,0
