problem,access,navigate,page_close,video,discussion,wiki
0,1.9078306174262059,2.2516291673878226,1.9219280948873623,0,0.8366407419411673,0
