problem,access,navigate,page_close,video,discussion,wiki
0.9910760598382222,1.6501221591353519,1.5919171866886992,1.6234936758692482,0.0,0.7219280948873623,0.0
