problem,access,navigate,page_close,video,discussion,wiki
0.7345299214394703,2.8692750707107133,1.2516291673878228,2.688721875540867,2.6556390622295662,0.4394969869215134,0.0
