problem,access,navigate,page_close,video,discussion,wiki
1.714598591753718,2.1619414559657,0.0,1.6225562489182659,1.7490003851131257,0.0,0
