problem,access,navigate,page_close,video,discussion,wiki
3.4866903328777905,3.9772896980978967,3.63463680014259,4.07596968667172,3.55978166534284,3.084442453053101,1.0
