problem,access,navigate,page_close,video,discussion,wiki
0.9182958340544896,1.5715416718219246,1.657742726504889,1.771782221599798,1.4572659136233872,0.0,0.0
