problem,access,navigate,page_close,video,discussion,wiki
4.120948182074768,4.547728232467767,3.7914365135676227,4.4748703649766375,4.240552435990413,3.807171287840927,0.0
