problem,access,navigate,page_close,video,discussion,wiki
0.998689844084022,1.9913475494061863,1.419035274338866,1.3787834934861753,0.9182958340544896,1.3921472236645345,0
