problem,access,navigate,page_close,video,discussion,wiki
0.0,2.3414983774802884,2.7740007075203565,1.867764029404598,1.684185736908434,2.67532237057891,1.0
