problem,access,navigate,page_close,video,discussion,wiki
0.0,1.900022421648354,2.058813890331201,1.75,1.4466166676282082,0.74959525725948,0
