problem,access,navigate,page_close,video,discussion,wiki
3.2947312242289843,3.5868494537003293,3.039148671903071,2.992494893834185,0,2.6728234962772683,0
