problem,access,navigate,page_close,video,discussion,wiki
1.2085382325345575,2.097845437933421,2.199687794731328,2.1908887189090467,1.5566567074628228,0.0,0
