problem,access,navigate,page_close,video,discussion,wiki
1.8207881683421492,2.1175098337841884,1.5219280948873621,2.1556390622295662,1.8339272176418302,1.2516291673878228,0
