problem,access,navigate,page_close,video,discussion,wiki
2.4435206093024218,3.0081127378321884,1.584962500721156,0.0,2.5550365325772657,2.5046934208291405,0.0
