problem,access,navigate,page_close,video,discussion,wiki
0.9852281360342516,4.09066441451,3.5225631916634224,3.502835364771826,2.353533948577482,2.53672303699412,0.0
