problem,access,navigate,page_close,video,discussion,wiki
0.7230020642792742,2.638223574088513,2.5996659733039564,2.0,1.3709505944546687,0.0,0.0
