problem,access,navigate,page_close,video,discussion,wiki
1.4784345996621122,3.215056350250803,1.879964948727111,2.8480747815944314,2.498929563690935,1.1674367232867007,0.0
