problem,access,navigate,page_close,video,discussion,wiki
3.422217877931614,4.17118390364647,3.0373035612628625,4.096587544906964,4.221386460459727,2.5590311953515013,0.0
