problem,access,navigate,page_close,video,discussion,wiki
0,3.373311707473045,3.999282554453904,3.365846494780153,3.2521439326814416,2.918155369907027,2.321928094887362
