problem,access,navigate,page_close,video,discussion,wiki
1.3787834934861756,1.4277655050602363,1.561278124459133,1.856564762130954,1.4056390622295665,0.9182958340544896,0
