problem,access,navigate,page_close,video,discussion,wiki
3.5472917286353085,3.9709452890541455,3.521732698884723,3.8223449372159317,3.490074193813153,3.100909377088532,0
