problem,access,navigate,page_close,video,discussion,wiki
1.0,2.0509256611773563,0.954434002924965,1.5,1.4572659136233872,0,0
