problem,access,navigate,page_close,video,discussion,wiki
0.0,2.05141644810084,1.974937501201927,1.9669171866886992,1.9609640474436814,0,0
