problem,access,navigate,page_close,video,discussion,wiki
1.0,2.8929136632815986,2.583465189601647,2.256866543182522,2.5232196723355074,1.9056390622295665,0
