problem,access,navigate,page_close,video,discussion,wiki
0.6840384356390417,0.6609623351442084,0.0,0.7642045065086203,0.74959525725948,0.0,0
