problem,access,navigate,page_close,video,discussion,wiki
0,1.4619011889093372,1.6854752972273344,1.7295739585136223,1.5,0.0,0
