problem,access,navigate,page_close,video,discussion,wiki
2.5866005439448063,3.7801906168318906,3.8758439124530586,2.4896556703586477,1.2516291673878228,2.4157556834734817,0.0
