problem,access,navigate,page_close,video,discussion,wiki
0.8904916402194913,3.893236733093834,4.0049317618871125,3.864520727270749,0.0,3.3289195549702693,0
