problem,access,navigate,page_close,video,discussion,wiki
0.0,2.918359149835843,2.663532754804255,1.8464393446710154,0.9182958340544896,0.0,0
