problem,access,navigate,page_close,video,discussion,wiki
0.0,2.548524728600305,3.0604539363003513,2.406477239243214,1.061278124459133,2.8822096427292228,0.0
