problem,access,navigate,page_close,video,discussion,wiki
0.0,3.147027660991759,2.610577243331642,2.5849625007211565,2.2359263506290326,0.0,0
