problem,access,navigate,page_close,video,discussion,wiki
2.6061376606679536,3.586746292412684,3.4357554339416274,2.40400975732486,0.0,0.0,0
