problem,access,navigate,page_close,video,discussion,wiki
2.3413310493867563,2.840262541881395,2.121928094887362,3.001356314964406,2.757259368987966,0.0,0
