problem,access,navigate,page_close,video,discussion,wiki
1.3571967823587612,3.317740181885225,2.858278308418045,3.5670248034191845,3.45852501923415,0.9182958340544896,1.0
