problem,access,navigate,page_close,video,discussion,wiki
0.9182958340544896,3.675319217561665,2.25,3.6466183754484,3.328724445269141,1.3403393548752598,0
