problem,access,navigate,page_close,video,discussion,wiki
0.8112781244591328,2.8899499276472085,2.41379956460568,2.9945653266600014,2.9096743265455456,1.0,0.0
