problem,access,navigate,page_close,video,discussion,wiki
0,2.239938856411412,2.2272170014624826,2.5,2.5216406363433186,0,0
