problem,access,navigate,page_close,video,discussion,wiki
0.8366407419411673,2.1639652219074694,2.2098886380147267,2.16100727900131,0.0,0.0,0.0
