problem,access,navigate,page_close,video,discussion,wiki
1.5690255736436507,1.7593386893439016,1.4772170014624826,1.5,1.6183941088363931,1.0,0
