problem,access,navigate,page_close,video,discussion,wiki
0.0,2.9180861336525608,2.3993974703476995,3.0105709342684834,2.4591479170272446,1.584962500721156,1.0
