problem,access,navigate,page_close,video,discussion,wiki
0.5916727785823275,1.8294732983598405,1.3787834934861753,2.1339375660949167,2.1709505944546685,0,0
