problem,access,navigate,page_close,video,discussion,wiki
2.088886528059523,3.4670247350888044,3.5282400390422275,3.65890380583227,3.5386501673307964,0.0,0
