problem,access,navigate,page_close,video,discussion,wiki
1.9301249653149701,3.627676734357962,2.8300862380222203,3.829954414538644,3.8204985288346265,0.5916727785823275,1.0
