problem,access,navigate,page_close,video,discussion,wiki
3.2683768015240346,3.7991587122695836,2.2810361125534238,3.437132212342207,3.3630419106688403,3.6778408425752462,0.0
