problem,access,navigate,page_close,video,discussion,wiki
2.691115355796681,2.9222430993968795,2.0729055953200564,3.019728363451509,2.980091412248763,0.0,0.0
