problem,access,navigate,page_close,video,discussion,wiki
0,2.14057781226685,0.0,2.126614471810182,1.8879185026711327,0.9798687566511528,0
