problem,access,navigate,page_close,video,discussion,wiki
1.4591479170272448,3.955444557059475,2.9962229297425784,3.673476138131988,3.331519764647184,2.046439344671015,1.061278124459133
