problem,access,navigate,page_close,video,discussion,wiki
1.5726236638951638,1.9210556987026668,1.0,1.3709505944546687,1.4591479170272446,0,0
