problem,access,navigate,page_close,video,discussion,wiki
0,1.4029907718753578,1.2516291673878228,2.220429781138912,2.251614471810182,0,0
