problem,access,navigate,page_close,video,discussion,wiki
0.6840384356390417,1.2475562489182659,1.7609640474436812,1.0,0.863120568566631,0.0,0.0
