problem,access,navigate,page_close,video,discussion,wiki
0,1.47283015230032,1.717162719680837,1.4572659136233872,1.4591479170272448,0.0,0.0
