problem,access,navigate,page_close,video,discussion,wiki
2.4303547764025986,3.117296391313722,1.75,1.8919954870390203,3.17544306924567,2.60307418942857,0
