problem,access,navigate,page_close,video,discussion,wiki
0,2.234817677251424,0.7219280948873623,2.702940087321047,2.5560542104133326,0,0
