problem,access,navigate,page_close,video,discussion,wiki
2.7058945092674436,2.873588013031774,2.1709505944546685,0,2.7165119883984774,2.503258334775646,0
