problem,access,navigate,page_close,video,discussion,wiki
0.0,3.0801491409907023,2.2516291673878226,3.056020968057882,2.913977073182752,0.0,0
