problem,access,navigate,page_close,video,discussion,wiki
2.644414734637576,3.0093550835883263,3.282900290731556,3.067176363084137,3.1092378889244294,2.9216826375239706,0.8112781244591328
