problem,access,navigate,page_close,video,discussion,wiki
1.7711634943765215,2.3498455022916307,2.084962500721156,2.1538310493867563,2.065293688498338,0.5032583347756457,0.0
