problem,access,navigate,page_close,video,discussion,wiki
2.2607845582978525,3.724072894798618,3.3363198022925844,3.699581856337612,3.534548897774684,2.8498571049368775,2.978916239141193
