problem,access,navigate,page_close,video,discussion,wiki
0,1.9192112991783832,1.5219280948873621,1.7924812503605778,2.0524212838293647,0.0,0
