problem,access,navigate,page_close,video,discussion,wiki
0,1.7176856953872666,0.9182958340544896,2.0464393446710156,2.058813890331201,0,0
