problem,access,navigate,page_close,video,discussion,wiki
0.9182958340544896,2.5709505944546684,1.9877733714879842,2.513645929358371,1.4591479170272448,0.0,0.0
