problem,access,navigate,page_close,video,discussion,wiki
1.8726696380501495,3.387188793343744,1.9362600275315274,3.3678375788565544,3.406319846679062,0.35335933502142136,0
