problem,access,navigate,page_close,video,discussion,wiki
3.608378334496451,3.986463450043497,3.8959886057263615,3.8582822630323306,3.7537010078860944,3.583369917745302,2.2516291673878226
