problem,access,navigate,page_close,video,discussion,wiki
1.8365916681089791,2.9196068993294118,1.9219280948873623,2.521640636343318,0,0,0
