problem,access,navigate,page_close,video,discussion,wiki
0,3.0863248607754543,2.498077546623641,2.6293338963046047,2.5932383178449396,1.8322628970242687,0.0
