problem,access,navigate,page_close,video,discussion,wiki
2.4664035917838243,3.9679440282043927,3.246439344671015,2.251629167387823,1.584962500721156,0.0,0
