problem,access,navigate,page_close,video,discussion,wiki
0.5547781633412736,2.860345216841816,2.4996981431844145,2.819801905828917,2.505381570138745,1.561278124459133,0
