problem,access,navigate,page_close,video,discussion,wiki
4.097326998686,4.28660427940812,3.904929964164697,4.300016085061235,3.986166313685149,3.4755720234935494,1.0
