problem,access,navigate,page_close,video,discussion,wiki
2.6909530820241065,2.7823035040927646,2.80607195236725,1.0,1.5,0.0,0.5916727785823275
