problem,access,navigate,page_close,video,discussion,wiki
3.093479798867033,3.1840465043297352,2.1353503825268683,0.9182958340544896,2.5216406363433186,2.0703083326692298,0.9182958340544896
