problem,access,navigate,page_close,video,discussion,wiki
2.247094205764375,3.578232831681462,3.0069780187308544,3.691373370459319,3.02807299638851,2.609530077252357,1.0
