problem,access,navigate,page_close,video,discussion,wiki
4.313302918228059,4.381303595528109,2.57265911243628,4.17431959436626,4.313502150605953,4.1360562035274855,1.0
