problem,access,navigate,page_close,video,discussion,wiki
0.0,2.2355311149242882,1.9705730958116852,2.027697404132486,2.2565241503267504,1.8163401138534079,1.0
