problem,access,navigate,page_close,video,discussion,wiki
2.146543162839228,3.113513459133325,2.128085278891394,3.1526144394016713,2.8139107630313687,0.5665095065529053,0
