problem,access,navigate,page_close,video,discussion,wiki
2.6502708477303782,4.223929133542952,2.4772170014624826,4.000038705473761,4.109981220599054,2.5154922063267176,0.9182958340544896
