problem,access,navigate,page_close,video,discussion,wiki
0,0.27138958750811115,1.1567796494470395,0.2974722489192896,0,0,0
