problem,access,navigate,page_close,video,discussion,wiki
0.9182958340544896,1.7843371980653047,1.5219280948873621,1.5487949406953985,1.384431504340598,0.0,0
