problem,access,navigate,page_close,video,discussion,wiki
0.954434002924965,0.7136036068604936,2.2998963911678914,1.4185644431995963,1.0,0.0,0
