problem,access,navigate,page_close,video,discussion,wiki
1.5448491887169091,3.864634418627116,2.7004397181410926,3.7403908647647026,3.3618252213726327,2.217021885879718,0.9182958340544896
