problem,access,navigate,page_close,video,discussion,wiki
0,1.544024096481951,1.1488348542809166,1.5709505944546684,1.0,0,0
