problem,access,navigate,page_close,video,discussion,wiki
0,1.6810460777304699,1.6171895725927152,1.5197284615795614,1.2958363892911637,0.0,0
