problem,access,navigate,page_close,video,discussion,wiki
1.7295739585136223,3.341357088648731,3.7140402685290668,0,0,2.9100260366958315,1.584962500721156
