problem,access,navigate,page_close,video,discussion,wiki
3.1545804712402803,3.5731174882851535,3.8159962800076523,3.6680194076306387,3.4738384388448487,1.6702063650943781,0
