problem,access,navigate,page_close,video,discussion,wiki
1.811690155221117,2.141210714817123,2.311713443366531,2.221251836004466,1.739184498634728,0.7939924338116537,0.0
