problem,access,navigate,page_close,video,discussion,wiki
0,2.0998625053956435,2.503258334775646,1.9609640474436814,0.7219280948873623,0.0,0
