problem,access,navigate,page_close,video,discussion,wiki
0.7553754125614287,2.9250713058714357,3.134252431577193,3.165606240570575,1.7987949406953985,0.0,0.0
