problem,access,navigate,page_close,video,discussion,wiki
0.5435644431995964,2.206473424744732,1.75,2.5492553971685004,1.677984280637773,1.4591479170272448,0
