problem,access,navigate,page_close,video,discussion,wiki
3.028353967449944,3.1267226497235696,2.8150724101159437,3.130681257759802,2.619250912838829,2.858168427504674,0.0
