problem,access,navigate,page_close,video,discussion,wiki
0.0,2.330313338937712,1.9182958340544893,1.965596230357602,1.7527152789797047,0.0,0
