problem,access,navigate,page_close,video,discussion,wiki
2.6181391831789256,3.311890807045495,2.0588138903312014,1.9182958340544893,3.2269950753876326,0,0
