problem,access,navigate,page_close,video,discussion,wiki
1.0,3.0483518944509536,3.0532359131272915,2.646985457851354,2.5,2.611800487888431,0
