problem,access,navigate,page_close,video,discussion,wiki
0.6500224216483541,3.2009598627118856,2.5306390622295662,3.118275160770976,2.702819531114783,0,0
