problem,access,navigate,page_close,video,discussion,wiki
1.4788455359952017,3.20206089392681,2.952819531114783,1.5,1.0,0.0,0
