problem,access,navigate,page_close,video,discussion,wiki
0,3.0556537853124373,2.6384600665861555,3.0790795706241743,2.41379956460568,1.542075090855335,0.0
