problem,access,navigate,page_close,video,discussion,wiki
0,2.37419296271804,1.311278124459133,1.0892300788425848,1.6737949406953985,0,0
