problem,access,navigate,page_close,video,discussion,wiki
3.933097011333822,4.309578917300626,3.4676111165652967,4.098715252227392,4.163634624739923,3.865917056924802,2.001055538775982
