problem,access,navigate,page_close,video,discussion,wiki
2.0773238024297203,3.1388682649896715,2.0588138903312014,3.111306145999518,3.0441104177484006,0.0,0
