problem,access,navigate,page_close,video,discussion,wiki
0.0,3.109936203272405,2.8586885704510974,3.166764394328342,3.1776687208792764,1.9281001339364616,0
