problem,access,navigate,page_close,video,discussion,wiki
3.1532168888874788,3.480188616435752,3.0588773587041826,3.5177733742348436,3.2877510487874635,2.7534343861887853,0.7219280948873623
