problem,access,navigate,page_close,video,discussion,wiki
0.7642045065086203,2.6314993569215894,2.2892464285091583,2.9056390622295662,0.0,0.0,0
