problem,access,navigate,page_close,video,discussion,wiki
0.9182958340544896,3.2059803947503522,3.128085278891395,1.789929075309999,1.789929075309999,0.0,0
