problem,access,navigate,page_close,video,discussion,wiki
0,1.5726236638951638,1.8553885422075338,1.5726236638951638,1.5709505944546684,0.9366673818775625,0
