problem,access,navigate,page_close,video,discussion,wiki
3.361330651909929,4.285017359454068,3.392747410448785,2.725480556997868,3.2390979179887864,0.0,0
