problem,access,navigate,page_close,video,discussion,wiki
0.0,2.836097537580731,1.7758589482446405,0.9182958340544896,0.0,0.0,0
