problem,access,navigate,page_close,video,discussion,wiki
2.119125901968511,2.412985856706643,2.188721875540867,2.4395109239932817,2.147348781633051,0,0
