problem,access,navigate,page_close,video,discussion,wiki
0,1.5645247207974509,0.5916727785823275,1.8810947601100747,1.6577427265048887,0.0,0.0
