problem,access,navigate,page_close,video,discussion,wiki
3.790751719806428,3.9689527158580704,3.263933429485634,3.5450686910820597,3.9960852853520143,2.149026099395914,1.0
