problem,access,navigate,page_close,video,discussion,wiki
3.382018574231905,4.050728641006818,3.687033946296363,4.08640837135078,3.846440396888796,1.4466479595102752,0.0
