problem,access,navigate,page_close,video,discussion,wiki
0.9910760598382222,4.201845982187913,2.9180861336525608,4.179687225152197,4.03842488768397,2.9808346494434965,0.0
