problem,access,navigate,page_close,video,discussion,wiki
3.696104704210288,4.2954801829120335,3.47762426174278,4.042972719177521,3.2133688031720515,3.6260282782059114,2.0
