problem,access,navigate,page_close,video,discussion,wiki
2.8984142549064438,2.896859088479486,3.6280729963885094,3.0957952550009344,0.8438664896060322,3.7535885972653307,0.0
