problem,access,navigate,page_close,video,discussion,wiki
0,2.88815450741941,1.5219280948873621,1.0,1.9219280948873623,0,0
