problem,access,navigate,page_close,video,discussion,wiki
0,3.3279141091536038,2.9686657819177587,2.6416396727898706,2.725480556997868,0,0
