problem,access,navigate,page_close,video,discussion,wiki
2.5982993504711134,3.2869133382183433,3.0523076166241143,3.3209505944546684,2.6887218755408666,0.5032583347756457,1.0
