problem,access,navigate,page_close,video,discussion,wiki
1.5591202372030735,2.2249678734635587,2.065765216362195,2.1167134820520843,1.7219280948873623,1.7229712791784755,0.0
