problem,access,navigate,page_close,video,discussion,wiki
2.259799223400567,3.2077174691301478,3.433269689515108,3.2635385483162787,1.8464393446710154,2.277549446791086,1.0
