problem,access,navigate,page_close,video,discussion,wiki
0.0,2.2083942101587835,1.7609640474436812,2.268472751631122,1.9056390622295665,0.8112781244591328,0
