problem,access,navigate,page_close,video,discussion,wiki
0.9321115676166747,1.6787705856438881,1.8910611120726526,1.6500224216483543,1.811278124459133,0.9182958340544896,1.0
