problem,access,navigate,page_close,video,discussion,wiki
1.9531525874151106,3.453236748834306,3.6026555965581877,2.494632913181797,1.960592748294277,2.3329145639793976,0
