problem,access,navigate,page_close,video,discussion,wiki
1.0,3.1944054234357178,2.629219686524097,3.170653660032733,2.7898980954642876,2.676007305121772,1.2406705316766886
