problem,access,navigate,page_close,video,discussion,wiki
1.5466316153937778,2.8834970134640976,2.2389205950315936,2.9473175660077455,2.121928094887362,0,0
