problem,access,navigate,page_close,video,discussion,wiki
0.7219280948873623,2.989151874995693,2.521640636343318,2.8032483493301483,2.397742260857835,0,0
