problem,access,navigate,page_close,video,discussion,wiki
1.8423709931771084,2.8544418005001053,2.725480556997868,0,0,0,0
