problem,access,navigate,page_close,video,discussion,wiki
0,1.5090275125326515,1.6644977792004614,1.5304930567574826,1.0,1.2516291673878228,0
