problem,access,navigate,page_close,video,discussion,wiki
0.7219280948873623,1.6949249984065076,0.7219280948873623,1.5,1.3709505944546687,0,0
