problem,access,navigate,page_close,video,discussion,wiki
2.054693951646702,2.32617276336911,1.584962500721156,1.0408520829727552,2.2312702546075758,0,0
