problem,access,navigate,page_close,video,discussion,wiki
1.7381493331928664,3.3022150592211506,2.4907407603107754,0.0,0.9182958340544896,2.460944621243387,0.0
