problem,access,navigate,page_close,video,discussion,wiki
0.863120568566631,2.3795824400106715,2.6308269522460908,1.0,0,2.10297785841712,1.5
