problem,access,navigate,page_close,video,discussion,wiki
2.3659307076254263,2.9644078471852833,2.503258334775645,0.0,0.0,0,0
