problem,access,navigate,page_close,video,discussion,wiki
2.603413767713925,3.211577258895025,2.5220552088742005,3.038193896700688,2.9769941097328285,0,0
