problem,access,navigate,page_close,video,discussion,wiki
3.5959909573985542,3.7943178975995946,3.0163370829676763,3.741417168189192,3.6453471023144375,2.209265687778145,0.0
