problem,access,navigate,page_close,video,discussion,wiki
0,1.5663672668986361,2.1556390622295662,1.4591479170272448,1.584962500721156,0.0,0.0
