problem,access,navigate,page_close,video,discussion,wiki
2.751152569650263,3.2087703663566822,1.9226808326202782,2.9139770731827523,2.788785898587187,0.0,1.0
