problem,access,navigate,page_close,video,discussion,wiki
0.0,2.3745560483818835,1.3709505944546687,2.321928094887362,1.584962500721156,0,0
