problem,access,navigate,page_close,video,discussion,wiki
0,1.8183294320639858,1.6644977792004614,1.4891353321499974,0.946372935985442,0,0
