problem,access,navigate,page_close,video,discussion,wiki
2.2671041706528388,3.254679196490042,3.121928094887362,2.0,1.584962500721156,2.0202442071537563,1.9219280948873623
