problem,access,navigate,page_close,video,discussion,wiki
0,2.565758052839788,3.2184451519648016,2.0,1.584962500721156,0.8497511372532974,0.0
