problem,access,navigate,page_close,video,discussion,wiki
0.0,2.700302253527667,2.0545851693377997,2.6317630629159554,2.6612262562697895,0,0
