problem,access,navigate,page_close,video,discussion,wiki
3.1394224712336674,3.5866335454927074,2.968918563962097,3.6403557957675017,3.252820291762537,1.9219280948873623,0
