problem,access,navigate,page_close,video,discussion,wiki
3.3453082468322934,3.9857626661178926,3.428977049211352,3.327819531114783,3.7162700449751163,3.0878604603607775,1.789929075309999
