problem,access,navigate,page_close,video,discussion,wiki
0.0,1.8638263900908156,2.1180782093497093,0.0,1.584962500721156,0.0,0.0
