problem,access,navigate,page_close,video,discussion,wiki
0,2.4677648376739314,2.235926350629032,2.6078612261419973,2.013132465170739,0.9852281360342516,0
