problem,access,navigate,page_close,video,discussion,wiki
0,1.8339272176418302,2.6258145836939115,1.3709505944546687,0,0,0
