problem,access,navigate,page_close,video,discussion,wiki
0.9910760598382222,1.9479827112048864,1.8016094970590273,2.0095419864445954,1.214295263080721,0.7219280948873623,1.0
