problem,access,navigate,page_close,video,discussion,wiki
0,2.885197423695984,1.9182958340544896,2.789898095464287,1.3960624591521895,0,0
