problem,access,navigate,page_close,video,discussion,wiki
2.735065673070348,3.152384368838759,3.2570488277869583,2.9941084958730695,2.8690662422754656,2.7863645934783547,0.5032583347756457
