problem,access,navigate,page_close,video,discussion,wiki
0.0,1.5919171866886992,1.6500224216483543,1.3787834934861753,0.0,0.0,0.0
