problem,access,navigate,page_close,video,discussion,wiki
0.4537163391869448,2.1227298369794543,1.7924812503605778,2.1556390622295662,0.9182958340544896,0,0
