problem,access,navigate,page_close,video,discussion,wiki
0,1.657439042450237,0.4689955935892812,2.128085278891394,1.2516291673878228,0.9182958340544896,0.0
