problem,access,navigate,page_close,video,discussion,wiki
0.7732283485249176,1.8709187221758024,2.01809878625526,1.8949645376549997,0,0.0,1.0
