problem,access,navigate,page_close,video,discussion,wiki
1.5800601899042774,1.7567883396328843,1.8565647621309542,0.0,1.0,1.4885252948977485,1.0
