problem,access,navigate,page_close,video,discussion,wiki
0.8112781244591328,2.2183782817904953,1.8423709931771084,2.495602923729013,1.5219280948873621,0,0
