problem,access,navigate,page_close,video,discussion,wiki
2.5646711437966854,3.106790014874964,2.7272170014624826,2.1556390622295662,2.941920813367398,1.895461844238322,0.0
