problem,access,navigate,page_close,video,discussion,wiki
3.6906583262364414,3.6184999712728603,2.6622301466508205,3.4803193301479545,3.3015062168096403,2.59944283176766,0.9709505944546686
