problem,access,navigate,page_close,video,discussion,wiki
0.9182958340544896,2.734697002530877,2.1607047528877827,2.7052290027422967,1.3709505944546687,0,0
