problem,access,navigate,page_close,video,discussion,wiki
0,3.0627330495442635,3.0389205950315934,3.261507948828742,2.103909910282364,0.0,0.0
