problem,access,navigate,page_close,video,discussion,wiki
1.5810309627563695,2.6316364082939554,1.5566567074628228,2.116299605701696,2.084962500721156,0,0
