problem,access,navigate,page_close,video,discussion,wiki
1.5516537043039171,2.419779198747608,2.0588138903312014,0,0,0.0,0.0
