problem,access,navigate,page_close,video,discussion,wiki
0.0,2.1165343810211414,1.6068322783181097,2.2997368034637633,1.0,1.173482033390429,0
