problem,access,navigate,page_close,video,discussion,wiki
0,0.5435644431995964,0.8453509366224365,0.4689955935892812,0.0,0.0,0.0
