problem,access,navigate,page_close,video,discussion,wiki
0.0,1.6290996366618336,1.0389205950315936,1.9523612813926658,1.3516441151533922,0.3227569588973982,0.8112781244591328
