problem,access,navigate,page_close,video,discussion,wiki
1.7912612804207124,3.5420072140139522,3.0817680665470064,2.728596194529001,2.1556390622295662,2.13733689226689,0
