problem,access,navigate,page_close,video,discussion,wiki
0,3.3154443293119567,2.278351811711312,3.2441183844279755,3.0849625007211565,0.8112781244591328,0
