problem,access,navigate,page_close,video,discussion,wiki
3.0286058431677043,4.1006529606952045,3.5342190211803413,2.788594761554029,2.4772170014624826,0,0
