problem,access,navigate,page_close,video,discussion,wiki
1.942404583765795,3.7308975609341775,2.845350936622437,2.807354922057604,2.2516291673878226,0.0,0.0
