problem,access,navigate,page_close,video,discussion,wiki
0.0,3.1832625199834164,2.353533948577482,0.0,0.0,0.9182958340544896,0
