problem,access,navigate,page_close,video,discussion,wiki
2.1266307677092087,3.3275367633321586,3.135821824148036,3.5057895159084804,2.8584585933443494,0.961236604722876,0.9182958340544896
