problem,access,navigate,page_close,video,discussion,wiki
3.1097594263906476,3.2077042637799966,2.725480556997868,3.2076861128739376,3.0630230172210813,2.704609874927406,0.0
