problem,access,navigate,page_close,video,discussion,wiki
2.7549036497876673,2.956232262644056,0,2.5,0,2.5032583347756456,0
