problem,access,navigate,page_close,video,discussion,wiki
1.5714526392645083,2.202456269182639,2.161978179679554,2.2772018112022607,1.689391746743088,0.0,0.0
