problem,access,navigate,page_close,video,discussion,wiki
0,3.199283528391893,2.4056390622295662,3.1574058114255177,2.9016094970590274,0,0.0
