problem,access,navigate,page_close,video,discussion,wiki
0,2.523231428797621,1.9473387961875537,2.1556390622295662,0.0,0.0,0.0
