problem,access,navigate,page_close,video,discussion,wiki
2.231498633164035,3.531117975038386,3.733503661650824,3.064969661782226,2.5216406363433186,1.919973094021975,1.9219280948873623
