problem,access,navigate,page_close,video,discussion,wiki
3.890807690115282,4.1159582333720905,3.517894147619623,3.81023740955372,3.5577415450837306,3.678934703923797,0
