problem,access,navigate,page_close,video,discussion,wiki
0.6500224216483541,2.5027361715940035,1.0,2.446439344671016,1.5,0,0
