problem,access,navigate,page_close,video,discussion,wiki
1.173030669557363,2.5587081964793703,1.5304930567574824,2.5810134015775863,2.321928094887362,0,0
