problem,access,navigate,page_close,video,discussion,wiki
0.0,1.983049533286676,2.0588138903312014,1.4488156357251847,1.9219280948873623,0.6500224216483541,0.0
