problem,access,navigate,page_close,video,discussion,wiki
0,2.126614471810182,1.5216406363433186,2.1180782093497093,1.4591479170272448,1.0,0.0
