problem,access,navigate,page_close,video,discussion,wiki
0,3.33493516500025,3.0136030015700324,3.4024609914001664,3.0987289969583203,0,0
