problem,access,navigate,page_close,video,discussion,wiki
2.2530813191169616,3.6898168916524763,3.896858990739295,3.9494730535541165,2.3553885422075336,3.9705674993305484,2.5216406363433186
