problem,access,navigate,page_close,video,discussion,wiki
0,2.909444209981286,2.78845045730829,2.9397981900809884,2.2810361125534238,0,0
