problem,access,navigate,page_close,video,discussion,wiki
0,2.217090774749888,1.8879185026711327,2.0225797618424917,2.1493974703476995,0.0,0.0
