problem,access,navigate,page_close,video,discussion,wiki
0.0,1.4294732983598406,0.9709505944546686,1.823067982273661,1.9056390622295665,0,0
