problem,access,navigate,page_close,video,discussion,wiki
0.7553754125614287,1.970275800106835,1.9508257945180887,1.9219280948873623,2.0,1.5,0.0
