problem,access,navigate,page_close,video,discussion,wiki
0,1.456564762130954,0.9182958340544896,1.1567796494470395,1.4591479170272448,0,0
