problem,access,navigate,page_close,video,discussion,wiki
1.83748482971194,2.7396937421369008,2.35836844931105,2.8962915290459277,3.1952959344962166,1.871569948038403,0
