problem,access,navigate,page_close,video,discussion,wiki
1.0,2.628085278891395,2.481714572986073,2.75707541331394,2.6556390622295662,0.0,0
