problem,access,navigate,page_close,video,discussion,wiki
0.9182958340544896,2.811429255447777,2.9020580611386286,3.0297206500015768,2.663532754804255,1.224394445405986,2.0
