problem,access,navigate,page_close,video,discussion,wiki
1.5566567074628228,3.106672028001308,3.4034361422454817,3.0840618442243883,2.113283334294875,2.9971316054722035,2.0
