problem,access,navigate,page_close,video,discussion,wiki
2.8627131644446457,3.4915990434925033,2.4056390622295662,3.565213001936781,3.2808180775673814,0,0
