problem,access,navigate,page_close,video,discussion,wiki
0,1.456564762130954,1.4949188482339508,1.5304930567574826,1.3709505944546687,0.9182958340544896,0.0
