problem,access,navigate,page_close,video,discussion,wiki
2.2037201229354646,3.3837142915767675,3.2075672845120593,3.2508072359050906,3.026111893394155,1.7256531421256975,0.0
