problem,access,navigate,page_close,video,discussion,wiki
1.9155067838565927,2.4541757112282037,2.1405180562767114,0.0,0,1.5726236638951638,0.9182958340544896
