problem,access,navigate,page_close,video,discussion,wiki
0.0,2.0233599176669568,1.0529815751302696,2.1258145836939115,2.0524212838293643,0.0,0.0
