problem,access,navigate,page_close,video,discussion,wiki
0.0,2.4129376942827747,2.1162996057016965,2.512065111563951,2.41379956460568,0.0,0.0
