problem,access,navigate,page_close,video,discussion,wiki
0.9957274520849256,2.2878960851135552,2.125814583693911,2.196057352784924,1.968130013765764,2.0543427614369194,0.0
