problem,access,navigate,page_close,video,discussion,wiki
0.0,2.126428310992824,0.8112781244591328,2.199086165113526,1.2406705316766886,0.0,0
