problem,access,navigate,page_close,video,discussion,wiki
1.5566567074628228,1.6808927290103626,1.7924812503605778,1.7924812503605778,0.0,0,0
