problem,access,navigate,page_close,video,discussion,wiki
1.0389205950315936,2.898209243090441,2.946439344671015,2.7384087333954747,2.5008175059170723,1.9220231428515733,0.0
