problem,access,navigate,page_close,video,discussion,wiki
2.8251367791432664,3.5079978516556536,3.3142605187926675,2.75,0.0,2.1743046212470603,0.8112781244591328
