problem,access,navigate,page_close,video,discussion,wiki
0,1.9304066313306079,2.2516291673878226,1.9056390622295665,0.0,0,0
