problem,access,navigate,page_close,video,discussion,wiki
2.2146694764970984,3.468273809182987,3.4764695474602716,2.8518232255517657,2.584962500721156,2.0251143810298853,2.2516291673878226
