problem,access,navigate,page_close,video,discussion,wiki
1.3824373408045867,3.525707674083736,2.406666316740689,3.004475467761986,2.5243974703476995,0,0
