problem,access,navigate,page_close,video,discussion,wiki
0,1.8454629725233302,2.247966459203214,1.3567796494470397,1.0,0,0.0
