problem,access,navigate,page_close,video,discussion,wiki
2.25,2.572168629403525,2.321928094887362,2.730467373953645,1.280672129520887,0,0
