problem,access,navigate,page_close,video,discussion,wiki
0.0,3.0648032718333313,1.7709505944546688,3.2364405016961446,2.8163075192246447,0,0
