problem,access,navigate,page_close,video,discussion,wiki
0.9262122127346665,2.29845898808421,1.4926140680171258,2.2460158271447392,1.8585552118703144,1.0863128407412879,0.863120568566631
