problem,access,navigate,page_close,video,discussion,wiki
2.168283464623867,3.0959966614960353,2.5220552088742,3.041084980573949,2.9056390622295662,0.0,0
