problem,access,navigate,page_close,video,discussion,wiki
1.744775326093695,3.494539053553739,2.925853014561282,3.382809464033708,3.45852501923415,0,0
