problem,access,navigate,page_close,video,discussion,wiki
0.9182958340544896,2.611378002545072,0.9182958340544896,1.0,0,0,0
