problem,access,navigate,page_close,video,discussion,wiki
0,2.6222091538891963,2.4464393446710155,1.6644977792004614,2.038159681645953,0,0
