problem,access,navigate,page_close,video,discussion,wiki
0.934068055375491,1.4056390622295665,1.5,1.3709505944546687,1.0,0,0
