problem,access,navigate,page_close,video,discussion,wiki
2.203071306062708,2.9260475302814464,2.87449961153114,2.705054079678041,2.7806390622295662,2.30827083453526,0.0
