problem,access,navigate,page_close,video,discussion,wiki
0.7642045065086203,3.374054525656984,3.268048828757959,3.321550668190735,2.8359843543109835,0.0,1.0
