problem,access,navigate,page_close,video,discussion,wiki
1.725454141875091,3.2072849829361334,2.973557262275185,3.314972767530034,2.9255233690064277,2.7574058114255178,0
