problem,access,navigate,page_close,video,discussion,wiki
0.7553754125614287,2.174583503614888,2.503701696057348,1.7783283537314114,0.9182958340544896,0.0,0.0
