problem,access,navigate,page_close,video,discussion,wiki
1.820111964470926,2.6493260183494294,2.7329145639793975,2.665420334520565,2.103909910282364,2.047619011949859,1.8423709931771084
