problem,access,navigate,page_close,video,discussion,wiki
0.0,3.248209765429182,2.3622059146637695,2.658993415253806,2.0403733936884962,0.9957274520849256,0.0
