problem,access,navigate,page_close,video,discussion,wiki
0.8997437586982626,2.4962058480965483,2.5016094970590275,2.581013401577586,1.811278124459133,0.0,0.0
