problem,access,navigate,page_close,video,discussion,wiki
3.0558666211014742,3.4954787226810975,2.7148376833164645,3.0927633708827784,3.1870125826319273,1.0957952550009336,1.584962500721156
