problem,access,navigate,page_close,video,discussion,wiki
1.295461844238322,3.3890371550101723,2.610577243331642,3.328112044174718,3.0449127332389447,0.9709505944546686,0
