problem,access,navigate,page_close,video,discussion,wiki
1.5575365373175543,3.6706399352685426,3.3815804883091634,3.451536158157257,3.18923525190316,1.9037956681979178,1.0
