problem,access,navigate,page_close,video,discussion,wiki
0.6500224216483541,2.5925800157043746,2.199687794731328,2.5946694353352617,2.5503407095463886,0.0,0.0
