problem,access,navigate,page_close,video,discussion,wiki
0.976020648236615,2.2371290015312515,1.7489992230622806,1.0,0,0,0.9182958340544896
