problem,access,navigate,page_close,video,discussion,wiki
2.046439344671015,3.498513359059958,3.538310595615006,3.7816331253562714,3.4399364703978077,2.6121904808991854,0
