problem,access,navigate,page_close,video,discussion,wiki
3.7793110967928385,3.9781191606213815,3.4920918598895945,3.7958114600475854,3.923129173688822,3.8934694197950646,1.8423709931771086
