problem,access,navigate,page_close,video,discussion,wiki
2.7199643047423914,3.7219410654904923,3.327819531114783,3.953262669088581,3.840455317249795,0,0
