problem,access,navigate,page_close,video,discussion,wiki
1.6619340173314405,2.1840023156913175,2.3553885422075336,0.7732283485249176,0.0,0.0,0.0
