problem,access,navigate,page_close,video,discussion,wiki
0.6962122601251458,3.0016466267935678,2.5386628536912843,1.4197367178034825,1.5,2.5370197501475733,0.9182958340544896
