problem,access,navigate,page_close,video,discussion,wiki
1.561278124459133,2.62504708530069,2.7777768114567865,2.972878689342031,2.6030741894285696,1.6692462556711996,0.0
