problem,access,navigate,page_close,video,discussion,wiki
0.0,1.3893557466791862,1.584962500721156,1.3747976286297399,0.9656361333706098,0.9629004147713269,0
