problem,access,navigate,page_close,video,discussion,wiki
3.281760186948011,3.630439425154435,3.005314856894279,3.661478807618893,1.3709505944546687,0.8414307588625516,0.0
