problem,access,navigate,page_close,video,discussion,wiki
0,2.6887223476350335,2.467720100474499,1.584962500721156,0.5435644431995964,0,0
