problem,access,navigate,page_close,video,discussion,wiki
1.3221793455166666,3.1839068355120395,3.240223928941852,3.031473078134012,2.1625056054120884,0,0
