problem,access,navigate,page_close,video,discussion,wiki
1.474041717473638,3.2675744155483812,2.501315277401236,2.5216406363433186,2.0,1.5726236638951638,0.8112781244591328
