problem,access,navigate,page_close,video,discussion,wiki
2.2516291673878226,2.698380347334528,0.6500224216483541,2.689637848608311,2.6820247103552544,0,0
