problem,access,navigate,page_close,video,discussion,wiki
0,2.2295739585136225,1.9219280948873623,2.25,1.9219280948873623,0,0
