problem,access,navigate,page_close,video,discussion,wiki
1.2010947341319425,1.6622301466508205,2.5810134015775863,1.9182958340544893,1.654648334118502,0.9864267287308424,0
