problem,access,navigate,page_close,video,discussion,wiki
3.332704951191175,3.5186073290420157,2.952819531114783,3.704052451580205,3.463843857499928,0.0,0.0
