problem,access,navigate,page_close,video,discussion,wiki
0,1.4591479170272448,0.5435644431995964,1.8423709931771088,1.584962500721156,0.0,0
