problem,access,navigate,page_close,video,discussion,wiki
2.3017079128700724,3.299174059603478,3.154173392945927,3.3570971055314467,2.6678560678638754,2.3468314219425377,1.4591479170272446
