problem,access,navigate,page_close,video,discussion,wiki
2.0416363798421666,2.6111083175982635,2.2529207135974683,2.4222935086830146,2.5492553971685,2.100070439795463,1.0
