problem,access,navigate,page_close,video,discussion,wiki
0,1.1400677626718572,1.4353713907745331,1.3363816313106465,1.0,0.9949848281859701,0
