problem,access,navigate,page_close,video,discussion,wiki
1.2516291673878228,2.6431018154953376,0.8112781244591328,1.0,0.0,0,0
