problem,access,navigate,page_close,video,discussion,wiki
1.8639561386551295,3.011584499301239,2.460377893119354,0.6685644431995964,0.4689955935892812,2.0768293261265005,0.9182958340544896
