problem,access,navigate,page_close,video,discussion,wiki
0,3.087976842333364,2.89637744872425,3.0202442071537554,2.503258334775646,1.5,1.5219280948873621
