problem,access,navigate,page_close,video,discussion,wiki
1.4591479170272448,2.272683463263707,2.120952031026403,2.206663425298111,2.0403733936884962,0.9182958340544896,0
