problem,access,navigate,page_close,video,discussion,wiki
0.0,1.4772170014624826,1.561278124459133,1.561278124459133,1.584962500721156,0.0,0
