problem,access,navigate,page_close,video,discussion,wiki
1.9258214117682846,2.9354752972273346,3.0269868333592873,2.7709505944546686,1.9219280948873623,0.5746356978376794,0.0
