problem,access,navigate,page_close,video,discussion,wiki
1.8423709931771088,3.295097059928852,3.258146153171648,3.234491920186113,3.106690173730252,1.9219280948873623,1.0
