problem,access,navigate,page_close,video,discussion,wiki
1.867633890971212,2.8738321419424024,2.321928094887362,2.822717804806415,2.3158243335257076,0,0
