problem,access,navigate,page_close,video,discussion,wiki
0.0,1.3779630390761746,1.2406705316766886,1.3516441151533924,1.0,0.0,0.0
