problem,access,navigate,page_close,video,discussion,wiki
2.5304930567574826,3.2522604980495395,2.651793902628769,2.629219686524097,1.9056390622295665,1.2189514568588302,0.0
