problem,access,navigate,page_close,video,discussion,wiki
1.954685946946356,3.753678636770361,3.753918758180346,3.712438364166963,3.3798490002539663,0.9182958340544896,0.0
