problem,access,navigate,page_close,video,discussion,wiki
0,2.3414957149129734,2.5216406363433186,2.51205489055743,2.5220552088742005,0,0
