problem,access,navigate,page_close,video,discussion,wiki
0.0,2.6234408134745886,2.75,2.4677201004744993,2.5032583347756456,0.954434002924965,0
