problem,access,navigate,page_close,video,discussion,wiki
1.2475562489182659,3.029361958858043,2.004886164091843,2.155968102145908,2.724254217567702,0,0
