problem,access,navigate,page_close,video,discussion,wiki
1.5709505944546684,3.0419025391746155,2.040223928941852,3.0967619566226077,3.097558387024489,0.0,0
