problem,access,navigate,page_close,video,discussion,wiki
1.5164336144561052,1.9101693928260683,2.0758692966977272,0.0,0,0,0.0
