problem,access,navigate,page_close,video,discussion,wiki
1.5566567074628228,2.1811509331628502,1.9219280948873623,1.0,0.0,0,0
