problem,access,navigate,page_close,video,discussion,wiki
0.0,3.2190997464259943,2.3227569588973984,2.822181958642873,2.5219280948873624,0,0
