problem,access,navigate,page_close,video,discussion,wiki
0,2.3974042838571776,2.0588138903312014,2.0,2.217021885879718,0,0
