problem,access,navigate,page_close,video,discussion,wiki
0.9952525494396791,2.0704706983129215,2.6887218755408666,2.504693420829141,2.054585169337799,0.9996551889197438,0
