problem,access,navigate,page_close,video,discussion,wiki
3.4730302793903056,4.643179573273279,4.873550916083615,4.7776596868979775,3.789741878791631,5.05778878216421,0
