problem,access,navigate,page_close,video,discussion,wiki
2.2873900616106564,3.0989058736071113,2.251629167387823,2.9805278436712612,2.8000446184790104,0,0
