problem,access,navigate,page_close,video,discussion,wiki
2.3961034175728564,3.5972647827493183,3.6288278440927835,2.875,3.1241646179726095,2.7258087146949643,0.0
