problem,access,navigate,page_close,video,discussion,wiki
1.5306189948485172,3.4934121490116703,3.4681390622295667,3.084962500721156,2.251629167387823,1.5394847569315018,0.0
