problem,access,navigate,page_close,video,discussion,wiki
0,2.2569089895583545,1.7709505944546688,1.584962500721156,0.0,0.0,0.0
