problem,access,navigate,page_close,video,discussion,wiki
1.5779772001172403,2.4612018894895775,2.0031088905778542,2.415604394323764,1.789929075309999,0.0,0.0
