problem,access,navigate,page_close,video,discussion,wiki
1.0,2.800273621368188,2.611394799166164,2.6798066535975917,1.9502120649147465,0.0,0
