problem,access,navigate,page_close,video,discussion,wiki
2.207233922200272,2.8209026267227686,2.8453509366224368,3.0030741894285695,2.8234408134745888,2.415128930605445,0
