problem,access,navigate,page_close,video,discussion,wiki
0.863120568566631,2.879783153545023,2.9376194085757086,2.9635281529492756,2.5073801024236357,1.8949645376549995,1.0957952550009338
