problem,access,navigate,page_close,video,discussion,wiki
0.0,2.9712280540877836,2.504693420829141,3.118410433870572,2.3522170014624826,0.9182958340544896,0.9852281360342516
