problem,access,navigate,page_close,video,discussion,wiki
1.0,2.1032360045175897,2.0545851693377997,0,0,0.5916727785823275,0
