problem,access,navigate,page_close,video,discussion,wiki
1.383099991189334,3.3338222713268015,2.125,3.863465189601646,3.8214419452073276,0.0,0.0
