problem,access,navigate,page_close,video,discussion,wiki
0.40790598013897633,2.374950223223513,2.2339466645252255,1.9056390622295665,0,1.6056218125155852,0.0
