problem,access,navigate,page_close,video,discussion,wiki
0,2.1044984515601635,2.0,2.2516291673878226,1.352030101757953,0,0
