problem,access,navigate,page_close,video,discussion,wiki
1.6500224216483543,2.4322574485535142,1.7004397181410922,2.3685225277282065,2.5032583347756456,0,0
