problem,access,navigate,page_close,video,discussion,wiki
0.0,2.638375344521686,2.209888638014727,2.698376856410489,2.3082708345352603,0.9182958340544896,1.0
