problem,access,navigate,page_close,video,discussion,wiki
1.0,3.0268219245206027,1.9182958340544896,2.984183719779189,2.2516291673878226,0.0,0
