problem,access,navigate,page_close,video,discussion,wiki
0.0,3.448894157338992,3.104365506301351,3.276108478543875,2.1258145836939115,2.265269964779884,2.251629167387823
