problem,access,navigate,page_close,video,discussion,wiki
0.9709505944546686,2.339726924564717,2.1700560228367705,2.3745560483818835,1.9502120649147465,0.0,0.0
