problem,access,navigate,page_close,video,discussion,wiki
1.3221793455166666,2.809047602370843,2.663532754804255,2.6184214784692084,2.9139770731827523,0.0,0
