problem,access,navigate,page_close,video,discussion,wiki
1.4005240012568496,2.825045500656958,2.5540665597407552,2.854693951646702,2.2464393446710154,1.4627728561519375,1.0
