problem,access,navigate,page_close,video,discussion,wiki
2.465847157632142,3.017518493468303,2.913977073182752,3.1596916749578945,3.175123135113461,0.9182958340544896,0.0
