problem,access,navigate,page_close,video,discussion,wiki
3.3344629035303055,3.74681923277372,3.202819531114783,3.78241320374572,3.611778453349058,0.0,0
