problem,access,navigate,page_close,video,discussion,wiki
3.481073895455066,4.010533542850811,3.6524341653312233,3.9196213445433137,3.9498293044211708,1.1363238110605183,1.584962500721156
