problem,access,navigate,page_close,video,discussion,wiki
0,1.7621101225576465,2.2221915755066783,2.0349409139562287,0.0,0,0
