problem,access,navigate,page_close,video,discussion,wiki
1.3995812306460644,2.271160508189932,2.8731406795131336,2.294274067192862,1.6854752972273344,0,0
