problem,access,navigate,page_close,video,discussion,wiki
0.9886994082884974,2.4627830488297584,2.192005835492107,2.588456377350588,2.4591479170272446,0.7219280948873623,0.8112781244591328
