problem,access,navigate,page_close,video,discussion,wiki
0.8314743880097293,2.2612675767277155,1.811278124459133,0.0,0,0,0
