problem,access,navigate,page_close,video,discussion,wiki
2.3647869792568113,3.5246620615149014,2.8423709931771093,3.606854182178068,3.584262225315332,0.0,0.0
