problem,access,navigate,page_close,video,discussion,wiki
1.4355205042826666,3.429741775363137,1.6577427265048887,3.4005788397313506,3.0363722498302237,0.7219280948873623,0.0
