problem,access,navigate,page_close,video,discussion,wiki
0.0,1.4833557549816876,1.7295739585136223,1.2958363892911637,1.295461844238322,0.0,0.0
