problem,access,navigate,page_close,video,discussion,wiki
0,0.6962122601251458,0.9798687566511528,0.7642045065086203,0.8112781244591328,0.0,1.0
