problem,access,navigate,page_close,video,discussion,wiki
0.9709505944546686,2.883471753910707,2.7192945256669794,2.6531467382894536,2.16264411804726,0,0
