problem,access,navigate,page_close,video,discussion,wiki
0.0,1.983217631760641,1.295461844238322,2.0914594433229956,2.206238928653389,0.0,0.0
