problem,access,navigate,page_close,video,discussion,wiki
0.0,1.5070226616067457,1.875,2.049452072789394,1.3709505944546687,0.0,0.0
