problem,access,navigate,page_close,video,discussion,wiki
1.8337480427828443,3.210025151071767,3.00623892865339,3.3735073774685036,3.0503018554349812,0,0
