problem,access,navigate,page_close,video,discussion,wiki
2.2202895764172954,2.505105807576163,2.562907291846956,2.5630230172210817,2.396832061963219,1.0529815751302694,1.5845570963826434
