problem,access,navigate,page_close,video,discussion,wiki
1.4460656059951589,3.42481357636883,3.423668560104998,2.321928094887362,1.584962500721156,1.9591479170272448,0.0
