problem,access,navigate,page_close,video,discussion,wiki
0.0,2.38131968806604,2.469240782172285,0.0,0.0,0.8812908992306927,1.0
