problem,access,navigate,page_close,video,discussion,wiki
3.046439344671015,3.252533302688961,3.189898095464287,3.4037998283255577,3.4490363950947,0.0,0
