problem,access,navigate,page_close,video,discussion,wiki
2.7418836897079597,3.812486173464811,2.9219280948873623,3.793672068200702,3.5184186434518896,0,0
