problem,access,navigate,page_close,video,discussion,wiki
0,2.1199025797939584,2.0418145155018155,2.214812224859865,2.292481250360578,0.7219280948873623,0.0
