problem,access,navigate,page_close,video,discussion,wiki
0.0,2.9915674845917346,2.2359263506290326,3.3660913291191923,2.0,0,0
