problem,access,navigate,page_close,video,discussion,wiki
1.9330228331781893,2.605218280943727,2.7460288229735976,2.4073758281471305,2.4824397138788448,1.9877282647785315,1.5
