problem,access,navigate,page_close,video,discussion,wiki
1.9873790309270212,3.524318172538901,3.038295381909521,3.5945666360568227,2.7471551561413734,2.3921472236645345,1.8423709931771088
