problem,access,navigate,page_close,video,discussion,wiki
0.9709505944546686,3.4535473444242317,3.447401504705914,3.209340758286915,2.1709505944546685,0,0
