problem,access,navigate,page_close,video,discussion,wiki
1.5723516633085877,2.6800011728862305,2.8491568534184415,1.584962500721156,0,0,0
