problem,access,navigate,page_close,video,discussion,wiki
0.9709505944546686,2.228245080049213,2.4066663167406888,2.4332074935076387,2.4772170014624826,0,0
