problem,access,navigate,page_close,video,discussion,wiki
0.0,2.169374392316797,2.2998963911678914,2.490468570732828,1.75,0.0,0.0
