problem,access,navigate,page_close,video,discussion,wiki
3.522449079175926,3.9518253247128046,3.6802203750892644,4.043630805835344,3.2924075981146514,3.031061999825564,0.9182958340544896
