problem,access,navigate,page_close,video,discussion,wiki
0,1.8316299222636485,2.197159723424149,1.789929075309999,1.2516291673878228,0,0
