problem,access,navigate,page_close,video,discussion,wiki
1.9022678760052352,3.2343707970221742,2.7317461816973863,2.0,0.0,1.0,0.0
