problem,access,navigate,page_close,video,discussion,wiki
0.0,2.5139143590402764,1.2516291673878228,2.2621039189772216,2.0374011976541118,0,0
