problem,access,navigate,page_close,video,discussion,wiki
0.9744894033980523,1.5364657037491254,0.9182958340544896,1.0,1.5,0,0.0
