problem,access,navigate,page_close,video,discussion,wiki
1.5758970726420136,2.612814895472355,2.4696704873718613,2.827819531114783,2.321928094887362,2.1179631753145163,0.0
