problem,access,navigate,page_close,video,discussion,wiki
2.8775026992116453,3.1279297962362613,3.085055102756477,3.0997254054270718,3.2476432124506127,0.0,0
