problem,access,navigate,page_close,video,discussion,wiki
1.5219280948873621,1.8294732983598405,1.7244078178625923,2.2295739585136225,2.1556390622295662,0.0,0
