problem,access,navigate,page_close,video,discussion,wiki
1.602131444182858,2.2905572627220545,2.263809173883546,1.0,0,1.669180336866731,0.0
