problem,access,navigate,page_close,video,discussion,wiki
2.8582783084180448,3.2202753363291805,2.75,3.3077841419653513,3.1898980954642875,0,0
