problem,access,navigate,page_close,video,discussion,wiki
0,2.1892382558030263,2.2810361125534233,2.4696704873718613,2.2221915755066783,0,0
