problem,access,navigate,page_close,video,discussion,wiki
2.847401353948175,3.4536584746441163,4.092131142178933,2.921928094887362,2.8822921890824142,3.340367860863336,0
