problem,access,navigate,page_close,video,discussion,wiki
2.1163929631300906,2.9028476204779357,1.5,0.0,2.321928094887362,0,0
