problem,access,navigate,page_close,video,discussion,wiki
1.6767370300521325,3.6371864916143455,3.195864431859775,2.9484722071867937,3.1557988523708986,2.297079327540665,1.2516291673878228
