problem,access,navigate,page_close,video,discussion,wiki
2.939348612954066,3.283413238230652,2.8073549220576037,3.3131898572738354,0.9709505944546686,1.7028195311147831,0
