problem,access,navigate,page_close,video,discussion,wiki
3.765785613034949,4.276666443564902,3.1070632481662286,2.113283334294875,4.182907326480826,0.8112781244591328,0.0
