problem,access,navigate,page_close,video,discussion,wiki
0.5617526078313282,0.9672947789468944,0.7793498372920852,0.8403586716091171,0.8112781244591328,0.0,0.0
