problem,access,navigate,page_close,video,discussion,wiki
0.0,2.7857860423245664,2.5701906367554073,2.964517877819773,0.9852281360342516,0.0,0
