problem,access,navigate,page_close,video,discussion,wiki
1.5,1.3712437847710617,1.0,1.0,1.2516291673878228,0.8112781244591328,0
