problem,access,navigate,page_close,video,discussion,wiki
2.432285699267546,2.501653427464057,3.2040236459377054,2.6202855282105157,1.4876273933098925,0.9182958340544896,0
