problem,access,navigate,page_close,video,discussion,wiki
0.8112781244591328,1.7783283537314114,1.584962500721156,0.9182958340544896,0.0,0,0
