problem,access,navigate,page_close,video,discussion,wiki
1.010119068061316,2.9261886346314663,2.3835932191494638,3.150212054041611,3.0836169753972325,0.0,0.0
