problem,access,navigate,page_close,video,discussion,wiki
0,1.3346791410515946,1.295461844238322,1.2516291673878228,0,0.0,0.0
