problem,access,navigate,page_close,video,discussion,wiki
0.0,1.6575415498471102,1.3787834934861753,1.5304930567574826,1.0,0,0
