problem,access,navigate,page_close,video,discussion,wiki
0.9682702474096179,1.7152706039936314,2.4972007752509278,1.7527152789797047,0.5934003486044382,1.7169171866886992,0.0
