problem,access,navigate,page_close,video,discussion,wiki
0.961236604722876,2.221558853147105,1.9219280948873623,1.5,0,0,0
