problem,access,navigate,page_close,video,discussion,wiki
2.6865891565462663,3.614852208795828,3.866354801003471,3.7990472107030864,3.17512313511346,2.093911951300547,0.0
