problem,access,navigate,page_close,video,discussion,wiki
2.3758145836939115,2.8829529540446677,2.0402239289418524,2.70779384781467,2.7052742188746604,0,0
