problem,access,navigate,page_close,video,discussion,wiki
2.0383998120277322,2.3901734327301565,1.3709505944546687,0.0,2.597707623408127,0.0,0
