problem,access,navigate,page_close,video,discussion,wiki
0.9410614813885558,3.0769174086724784,2.321928094887362,0.0,0.0,0,0
