problem,access,navigate,page_close,video,discussion,wiki
0.9182958340544896,0.19143325481419343,1.1567796494470395,0,0,0.0,0.0
