problem,access,navigate,page_close,video,discussion,wiki
0.0,1.6661352538295278,1.6893917467430877,0,0,0.9940302114769565,1.0
