problem,access,navigate,page_close,video,discussion,wiki
1.9241743523004413,3.184334029703586,2.79942888182467,3.216124793820245,2.725480556997868,0.9182958340544896,0.9182958340544896
