problem,access,navigate,page_close,video,discussion,wiki
1.9726474141849653,2.502301157741756,2.622900778487111,2.406483003436758,0.0,1.0434356963218767,1.0
