problem,access,navigate,page_close,video,discussion,wiki
1.5294283316328894,2.53181429960639,2.2359263506290326,1.584962500721156,0,0.0,0
