problem,access,navigate,page_close,video,discussion,wiki
2.099601752714581,3.042401605902676,2.7806390622295662,2.6472103113389793,1.7924812503605778,0.0,0
