problem,access,navigate,page_close,video,discussion,wiki
1.7118919321641763,2.2911693740742285,2.6011184861493843,2.378919726353611,2.0217044620636773,1.5304930567574826,0.0
