problem,access,navigate,page_close,video,discussion,wiki
3.4584625041746415,3.982011733258983,3.866587105828959,3.9884877973353006,3.7015837570835073,1.7450464172773457,0
