problem,access,navigate,page_close,video,discussion,wiki
0,1.4591479170272448,1.4591479170272448,1.8365916681089791,1.9182958340544893,0.0,0
