problem,access,navigate,page_close,video,discussion,wiki
1.0,2.6692385428635697,1.9609640474436814,2.7988599498251947,2.054585169337799,0.0,0
