problem,access,navigate,page_close,video,discussion,wiki
1.584962500721156,2.762314474836095,0.0,2.8848894517332404,3.0130709291038453,0,0
