problem,access,navigate,page_close,video,discussion,wiki
3.8191115557879707,4.326896136388655,3.4547012441673473,4.342449151201499,4.412142047769038,2.500922536374802,0.0
