problem,access,navigate,page_close,video,discussion,wiki
0,3.2956017398591517,2.2062389286533897,2.5216406363433186,3.016807506186579,0.0,0
