problem,access,navigate,page_close,video,discussion,wiki
3.5221523425854957,3.888674626613152,3.1232196723355075,3.98847158059008,3.740440333139125,2.2858063886958977,0.8112781244591328
