problem,access,navigate,page_close,video,discussion,wiki
2.91011108428234,4.090617152049781,4.043942707918268,0,0,0.9876925088958034,0
