problem,access,navigate,page_close,video,discussion,wiki
0.0,2.6688794966667433,1.9056390622295665,0.9182958340544896,1.0,0.0,0
