problem,access,navigate,page_close,video,discussion,wiki
0.8112781244591328,2.622312581370719,0.0,2.665864243129838,2.5868878409958143,0.0,0
