problem,access,navigate,page_close,video,discussion,wiki
3.9718574831415774,4.168394149202982,3.700717315562763,4.15434048745811,3.7994956214561664,0.9709505944546686,0
