problem,access,navigate,page_close,video,discussion,wiki
3.547602482765516,3.711086414343197,3.6194654325349402,3.398034728990293,2.4613201402110083,3.0421067803496324,1.0
