problem,access,navigate,page_close,video,discussion,wiki
0,1.9013963054620955,1.8423709931771084,2.35274578087187,2.446439344671015,0.0,0
