problem,access,navigate,page_close,video,discussion,wiki
0.0,1.8654371053199075,1.3787834934861756,1.4591479170272448,1.3516441151533922,0.0,0.0
