problem,access,navigate,page_close,video,discussion,wiki
1.999485964534827,2.6854946044862484,2.355388542207534,2.8919963545403986,2.910440495218581,0,0.0
