problem,access,navigate,page_close,video,discussion,wiki
0,1.5219280948873621,1.5566567074628228,1.9219280948873623,1.9219280948873623,0,0
