problem,access,navigate,page_close,video,discussion,wiki
0,0.8812908992306927,0.9182958340544896,1.7924812503605778,0.9182958340544896,0,0
