problem,access,navigate,page_close,video,discussion,wiki
1.3376096930071162,3.515787425146242,2.9412979287319203,3.0284313650999963,2.1464393446710157,0.4394969869215134,1.0
