problem,access,navigate,page_close,video,discussion,wiki
2.6556390622295662,3.7464620856291715,2.933954578048174,3.7683968079762153,3.630457190399743,1.3221793455166666,0.0
