problem,access,navigate,page_close,video,discussion,wiki
3.056603879465747,3.7970840176305485,3.753950395944141,3.697944138622438,3.283318029990694,2.628212945841002,2.807354922057604
