problem,access,navigate,page_close,video,discussion,wiki
0.5969995167604552,2.2110529496664584,2.1709505944546685,1.9910581843447497,1.6787636318138697,1.2799376545731964,0
