problem,access,navigate,page_close,video,discussion,wiki
0.8112781244591328,2.969576746316394,2.188721875540867,2.9941117190410815,2.8962915290459277,0.0,0
