problem,access,navigate,page_close,video,discussion,wiki
0.0,2.4681390622295662,0.5435644431995964,2.4885548621928453,1.561278124459133,0.0,0.0
