problem,access,navigate,page_close,video,discussion,wiki
0.6373874992221911,1.1869852938983245,1.3485692939088962,1.0910034050828825,1.2516291673878228,1.2987949406953985,0.8112781244591328
