problem,access,navigate,page_close,video,discussion,wiki
1.0,2.2833103284339504,2.6294817080809563,2.5492553971685,2.2359263506290326,0.8112781244591328,0.0
