problem,access,navigate,page_close,video,discussion,wiki
1.5,2.923138940738947,2.803701696057348,2.592023610241106,2.4677266293116094,0.9182958340544896,0.9182958340544896
