problem,access,navigate,page_close,video,discussion,wiki
1.4604846813131116,3.516058950763743,3.30246157888382,3.5145085090012373,0,1.690933805959686,1.9056390622295665
