problem,access,navigate,page_close,video,discussion,wiki
2.5897781818500896,3.7445665404774537,0.9182958340544896,3.3411606612054308,3.7897053813930235,0,0
