problem,access,navigate,page_close,video,discussion,wiki
1.9512907343569177,2.492450766375954,2.7808589355000475,2.4913878242697995,2.0632025132158516,0.9182958340544896,1.0
