problem,access,navigate,page_close,video,discussion,wiki
1.5542993132861809,2.5795313704241702,2.449311833026446,2.701963060384278,0.0,0.0,0
