problem,access,navigate,page_close,video,discussion,wiki
1.9386145252411109,3.074191641642728,2.95006375643621,2.848603730213371,2.472905595320056,1.6858157091530304,0
