problem,access,navigate,page_close,video,discussion,wiki
0,1.9182958340544893,4.100697681839614,1.7924812503605778,0.0,4.049914096000422,0
