problem,access,navigate,page_close,video,discussion,wiki
2.1379185026711327,3.508567123501036,3.48973793165199,3.3021676116780223,2.924754002771495,0,0
