problem,access,navigate,page_close,video,discussion,wiki
1.584962500721156,2.1337574414165545,0.0,2.167124282150162,2.183667077920911,0,0
