problem,access,navigate,page_close,video,discussion,wiki
0.8112781244591328,2.691385188272391,1.9182958340544893,2.585675594806832,1.809283079297365,0,0
