problem,access,navigate,page_close,video,discussion,wiki
1.5219280948873621,3.431684624768985,3.114589262293244,3.4268780587480783,3.3038331020407408,0.0,0
