problem,access,navigate,page_close,video,discussion,wiki
1.263049364398836,3.2861883883401024,0.9182958340544896,2.911051016248211,3.1986936523973317,0.9182958340544896,0.0
