problem,access,navigate,page_close,video,discussion,wiki
0.6500224216483541,1.0529407605626349,1.0,1.75,1.3709505944546687,0,0
