problem,access,navigate,page_close,video,discussion,wiki
1.1488348542809166,2.549408258317334,3.0619256164163335,2.244152085426572,1.5369923665426237,3.014327337393977,1.404678473063571
