problem,access,navigate,page_close,video,discussion,wiki
3.233240724541137,4.186026181611085,2.9818992035218237,3.687337227791133,3.8793316497985697,2.169925001442312,0.0
