problem,access,navigate,page_close,video,discussion,wiki
1.1897319168207328,3.15104631412836,3.16148715355903,2.5152998034933436,2.3016094970590273,1.811278124459133,0.0
