problem,access,navigate,page_close,video,discussion,wiki
2.041810218818498,2.4817641618372153,1.7924812503605778,2.045450160152842,1.5709505944546684,0.0,0.0
