problem,access,navigate,page_close,video,discussion,wiki
2.4142951199155993,3.1401919045699964,2.6062389286533896,3.2911409671347647,2.9459775288220738,0.0,0
