problem,access,navigate,page_close,video,discussion,wiki
1.7232314287976207,2.9929646307938143,1.9182958340544893,2.224601752714581,2.4696704873718613,2.0234576517244154,0
