problem,access,navigate,page_close,video,discussion,wiki
0,1.456564762130954,0.9182958340544896,2.1280852788913944,1.5,0,0
