problem,access,navigate,page_close,video,discussion,wiki
0.6098403047164004,2.0531354425627817,0.9864267287308425,2.1851068360429444,1.9502120649147465,1.2987949406953985,0
