problem,access,navigate,page_close,video,discussion,wiki
0.934068055375491,2.916568358080705,2.2743974703476995,1.0,2.321928094887362,0,0.0
