problem,access,navigate,page_close,video,discussion,wiki
0,2.1588718484453606,1.789929075309999,2.5220552088742005,1.9219280948873623,0,0
