problem,access,navigate,page_close,video,discussion,wiki
0.0,2.2892464285091583,2.2339979078388272,2.4193819456463714,2.0,0.0,1.0
