problem,access,navigate,page_close,video,discussion,wiki
3.9248028862810194,4.111792870527264,2.974937501201927,3.969964690100799,4.0773995628473685,2.9072682296173897,0
