problem,access,navigate,page_close,video,discussion,wiki
1.4488156357251847,1.6644977792004614,0.9182958340544896,1.0,0.0,0,0
