problem,access,navigate,page_close,video,discussion,wiki
0.0,2.647581245129995,2.75,2.849734775213361,2.707351274437585,0,0
