problem,access,navigate,page_close,video,discussion,wiki
0.9784493292686189,2.3235760197825304,1.792481250360578,2.3903360647604437,2.481714572986073,0,0
