problem,access,navigate,page_close,video,discussion,wiki
1.7103377769685428,2.798682661682409,3.0071964896856174,2.869331261111518,1.5262349099495225,0.8812908992306927,0
