problem,access,navigate,page_close,video,discussion,wiki
0.0,1.9053912203399577,1.5052408149441479,2.0462840750574696,2.1054105870684143,0.0,1.0
