problem,access,navigate,page_close,video,discussion,wiki
0.460127886147135,1.6801597132270811,1.9502120649147465,1.8751310486364097,1.6143308351592656,0,0
