problem,access,navigate,page_close,video,discussion,wiki
0.8812908992306927,1.8351114574513552,1.75,1.5487949406953985,1.573402452417767,0.954434002924965,0.0
