problem,access,navigate,page_close,video,discussion,wiki
0.5225593745369408,1.4699689400645872,1.9056390622295665,0.8112781244591328,1.4353713907745331,0.0,0.0
