problem,access,navigate,page_close,video,discussion,wiki
0.9709505944546686,3.0811939311696195,2.536608254391499,1.924174352300441,0.9709505944546686,0,0
