problem,access,navigate,page_close,video,discussion,wiki
2.2588718484453603,2.8967736200044603,2.335383620764544,2.81719890091159,2.4677648376739314,0.7642045065086203,0.0
