problem,access,navigate,page_close,video,discussion,wiki
0.9275265884316759,3.0907380337859163,2.390863696857044,3.409863956163416,3.260828171224455,0.0,0.0
