problem,access,navigate,page_close,video,discussion,wiki
0.0,1.1221136771091087,1.9056390622295665,0.7345299214394703,0.4689955935892812,0.0,0
