problem,access,navigate,page_close,video,discussion,wiki
2.2724876891689534,3.418893400911898,2.7321588913645702,3.153954689905792,2.867633890971212,0.0,0.7219280948873623
