problem,access,navigate,page_close,video,discussion,wiki
4.287713926604968,4.359078972111176,3.016875695766564,0,3.816428031846024,2.725480556997868,0
