problem,access,navigate,page_close,video,discussion,wiki
2.687057465544014,3.802433343101895,3.2935993325914485,2.845350936622437,2.8536606896881858,0.8296071030882032,0.9709505944546686
