problem,access,navigate,page_close,video,discussion,wiki
1.789929075309999,3.34665518119993,3.1594234487273445,3.1298314296226613,2.7744019192887706,0.0,1.4591479170272448
