problem,access,navigate,page_close,video,discussion,wiki
1.3787834934861753,3.134733807160776,2.5216406363433186,0,0,0,0
