problem,access,navigate,page_close,video,discussion,wiki
0.9587118829771317,2.3297735547502,2.3158243335257076,1.6780986942499816,1.1752835873133534,0,0.0
