problem,access,navigate,page_close,video,discussion,wiki
2.4410685859554375,2.704934535016888,2.2892464285091583,2.8024357375351854,2.5025980682472606,1.8840703872468776,0.0
