problem,access,navigate,page_close,video,discussion,wiki
0,1.9037016960573483,1.224394445405986,1.7273966735744792,1.9056390622295665,0,1.0
