problem,access,navigate,page_close,video,discussion,wiki
4.471027521802759,4.7858350531746625,3.5132696895151083,4.573064811660411,4.734521273909998,2.2620195281969275,0.5916727785823275
