problem,access,navigate,page_close,video,discussion,wiki
2.056286593774071,3.23085494662373,3.1619781796795543,2.94770277922009,2.0,0.0,0.0
