problem,access,navigate,page_close,video,discussion,wiki
3.3906693932290204,4.034298463488552,3.4613992418576203,2.972714956670082,3.334679141051595,2.3725719867019746,0.9182958340544896
