problem,access,navigate,page_close,video,discussion,wiki
0.9910760598382222,1.785227892260356,1.2516291673878228,1.8924071185928766,0.0,0,0
