problem,access,navigate,page_close,video,discussion,wiki
1.5334942775924008,2.823074159212488,2.1258145836939115,1.0,1.0,0,0
