problem,access,navigate,page_close,video,discussion,wiki
0,2.2485176690540882,1.7527152789797047,2.1251916859008166,1.3787834934861756,0.9871377743721863,0.26676498780302604
