problem,access,navigate,page_close,video,discussion,wiki
0.7691928290130138,2.433464896099253,2.5990795706241747,2.040223928941852,2.4464393446710155,0,0.0
