problem,access,navigate,page_close,video,discussion,wiki
1.76420450650862,2.7151800168531723,0.6998428398862386,2.199687794731328,2.6062389286533896,0.0,0.0
