problem,access,navigate,page_close,video,discussion,wiki
1.8799649487271108,2.9282129458410013,2.0,2.807354922057604,0.0,0,0
