problem,access,navigate,page_close,video,discussion,wiki
1.2799749139041574,2.0358694854854353,1.4488156357251847,1.0,0.0,0,0
