problem,access,navigate,page_close,video,discussion,wiki
0,1.2475562489182659,0.9182958340544896,1.7609640474436812,1.6577427265048887,0.0,0.0
