problem,access,navigate,page_close,video,discussion,wiki
1.9621441567855664,2.556054210413333,1.7924812503605778,2.556656707462823,2.1709505944546685,0,0
