problem,access,navigate,page_close,video,discussion,wiki
1.9362600275315274,3.2117034218389096,3.2264097655573916,3.137741130678505,2.1471241003065313,1.1488348542809166,0
