problem,access,navigate,page_close,video,discussion,wiki
0.29181825659888583,1.652611274383101,0.9182958340544896,1.584962500721156,1.0,0.0,0
