problem,access,navigate,page_close,video,discussion,wiki
0.0,1.3382689280764646,1.974937501201927,1.584962500721156,1.584962500721156,0,0
