problem,access,navigate,page_close,video,discussion,wiki
1.1220908699584855,1.7009550787843395,2.753918758180346,1.8423709931771086,0,0.6500224216483541,0.0
