problem,access,navigate,page_close,video,discussion,wiki
1.5219280948873621,2.9447772741789264,3.207707064470474,2.926915736636332,2.5528321616792033,1.158938532350277,0
