problem,access,navigate,page_close,video,discussion,wiki
0,1.9911197773146978,1.7295739585136223,2.016419661370137,1.9016094970590276,0.0,1.0
