problem,access,navigate,page_close,video,discussion,wiki
0.9709505944546686,2.628673873942144,2.1556390622295662,2.5944825065194204,2.2841591278514217,0.0,0
