problem,access,navigate,page_close,video,discussion,wiki
1.0,1.7804463148460088,1.9182958340544893,1.6266888497018317,1.0957952550009338,0,0.0
