problem,access,navigate,page_close,video,discussion,wiki
0.8739810481273578,1.4604846813131114,1.8339272176418302,0,0,0.0,0
