problem,access,navigate,page_close,video,discussion,wiki
2.785967619142722,3.402068280651189,3.2606210667879107,3.5164802130238395,2.930401393687912,1.9119188397173839,1.9056390622295665
