problem,access,navigate,page_close,video,discussion,wiki
2.545324105580759,3.467285633229657,3.7228385714096928,3.46379571668364,3.4684930703645582,3.3952611810822324,1.789929075309999
