problem,access,navigate,page_close,video,discussion,wiki
0.9182958340544896,2.6093469606816444,2.2577560641285177,1.9219280948873623,0.0,0,0
