problem,access,navigate,page_close,video,discussion,wiki
0.9986359641585718,1.712368790702845,1.7806390622295665,0,0,1.0,0.0
