problem,access,navigate,page_close,video,discussion,wiki
1.2419460322060458,1.512875780033049,2.2359263506290326,1.8743968275792584,1.936278124459133,0,0
