problem,access,navigate,page_close,video,discussion,wiki
0,1.7322216637616483,1.75,1.8322488896002305,1.6258145836939115,0,0.0
