problem,access,navigate,page_close,video,discussion,wiki
0,1.9039678130877662,1.5219280948873621,2.0588138903312014,1.9219280948873623,0,0
