problem,access,navigate,page_close,video,discussion,wiki
2.1042929895909244,2.73799906481854,2.5304930567574826,2.941682387860194,2.8295113004676007,1.771782221599798,0.7219280948873623
