problem,access,navigate,page_close,video,discussion,wiki
0,0.5225593745369408,0.9910760598382222,0.7793498372920852,0,0,0
