problem,access,navigate,page_close,video,discussion,wiki
1.3992277213955822,2.46374669442372,1.9591904234199458,2.3706196054098734,1.789929075309999,0,0
