problem,access,navigate,page_close,video,discussion,wiki
2.8319696870172377,3.5209524276125297,3.4435137534498517,3.556552073421935,3.281292386692234,0.9666186325481028,0
