problem,access,navigate,page_close,video,discussion,wiki
2.242516462990872,3.5383411146204984,2.845350936622437,3.337793750753006,2.915579258273142,0.0,0.0
