problem,access,navigate,page_close,video,discussion,wiki
0.39124356362925566,2.517560707517186,2.4137995646056805,2.3787834934861753,1.8464393446710154,0.0,0.0
