problem,access,navigate,page_close,video,discussion,wiki
1.9219280948873623,2.7690403463508937,3.028212945841001,2.923015352075578,2.5654483718208256,0.0,0
