problem,access,navigate,page_close,video,discussion,wiki
0.5435644431995964,1.1786137171821593,1.2486545206672304,0.0,0,0.8524051786494786,0.0
