problem,access,navigate,page_close,video,discussion,wiki
2.2609640474436814,3.143040618899049,2.9671409751604294,0.0,2.75,2.3766598803868404,1.2516291673878228
