problem,access,navigate,page_close,video,discussion,wiki
1.584962500721156,2.8879473392930177,2.1556390622295662,2.8376921126463626,2.4630630260450057,0.0,0
