problem,access,navigate,page_close,video,discussion,wiki
0,2.6022170014624826,2.1179631753145163,1.584962500721156,1.584962500721156,0.0,0.0
