problem,access,navigate,page_close,video,discussion,wiki
0.8112781244591328,2.677217638248158,2.3915549260643076,0,1.0,1.7846406994282937,0.6685644431995964
