problem,access,navigate,page_close,video,discussion,wiki
1.8778867313886054,3.1935237528785487,1.3787834934861756,3.294628884352514,3.3125250679176896,0,0
