problem,access,navigate,page_close,video,discussion,wiki
1.4854752972273344,2.9343446986832267,1.9182958340544893,2.8464393446710154,2.6031579868726,0.0,0
