problem,access,navigate,page_close,video,discussion,wiki
1.3705644329032338,3.003808013374447,3.375,2.8035653494995176,2.063374009091355,0.0,0
