problem,access,navigate,page_close,video,discussion,wiki
0,2.569258485661211,2.054585169337799,2.6612262562697895,2.721928094887362,0,0
