problem,access,navigate,page_close,video,discussion,wiki
2.018915069751683,3.246269922263613,2.5073801024236353,2.784010874644601,1.5566567074628228,1.2987949406953985,0
