problem,access,navigate,page_close,video,discussion,wiki
1.5448491887169091,2.5203503452978055,1.6577427265048887,2.7075696535050606,2.3071885761626687,0.0,0.0
