problem,access,navigate,page_close,video,discussion,wiki
0.7553754125614287,2.5550138817953316,2.7559113286549377,2.6937525127603847,2.648070256917299,0.9250828289866835,0
