problem,access,navigate,page_close,video,discussion,wiki
1.9072176361395061,2.9643091976538414,3.1434143538550634,3.0544000830267355,2.481714572986073,1.3663146570363986,0
