problem,access,navigate,page_close,video,discussion,wiki
0.0,1.5394847569315018,1.1567796494470395,1.584962500721156,0,0.9833761901392237,0.0
