problem,access,navigate,page_close,video,discussion,wiki
2.489631419339341,3.2849307615207195,3.6593078318056445,3.403104744938111,2.657458940144851,1.8609872256211086,0.9182958340544896
