problem,access,navigate,page_close,video,discussion,wiki
0,0.5916727785823275,1.5744174271404583,0,0,0.0,0.9182958340544896
