problem,access,navigate,page_close,video,discussion,wiki
0.0,1.2870540281187268,0.9709505944546686,1.780672129520887,1.8423709931771084,0,0
