problem,access,navigate,page_close,video,discussion,wiki
0,2.238337983898818,2.221928094887362,2.3444999140344356,0,0.954434002924965,1.584962500721156
