problem,access,navigate,page_close,video,discussion,wiki
1.0154312795575997,2.9036404561992177,2.4137995646056805,2.8030868132057774,2.947085133395088,0.9852281360342516,0
