problem,access,navigate,page_close,video,discussion,wiki
0,1.9808259362290785,2.3584585933443494,1.9182958340544893,1.0,0,0
