problem,access,navigate,page_close,video,discussion,wiki
1.570950594454669,2.7818802106497724,2.4193819456463714,2.7942361018558137,1.7527152789797045,0.0,0
