problem,access,navigate,page_close,video,discussion,wiki
0.0,3.289280973795575,3.0269868333592873,3.2433003685389576,2.321928094887362,0,0
