problem,access,navigate,page_close,video,discussion,wiki
0,2.458688570451097,1.9219280948873623,2.8559049224696933,2.8218881955261788,0.0,0
