problem,access,navigate,page_close,video,discussion,wiki
2.077819531114783,4.096178926087963,3.170950594454668,3.8107470686194382,3.720740446872562,2.103414639559314,0.4689955935892812
