problem,access,navigate,page_close,video,discussion,wiki
0.1292337748458849,1.159554752378731,0.7219280948873623,0.0,0,0,0.0
