problem,access,navigate,page_close,video,discussion,wiki
0.0,1.8339272176418302,2.197159723424149,1.8423709931771086,0,0,0
