problem,access,navigate,page_close,video,discussion,wiki
0,2.186278124459133,2.1280852788913944,2.0464393446710156,0,0.0,0
