problem,access,navigate,page_close,video,discussion,wiki
1.4591479170272446,2.47400569010888,1.8879185026711327,2.5726591124362805,2.066247897312731,0,0
