problem,access,navigate,page_close,video,discussion,wiki
0.8390040613676977,1.2532256180852692,1.5,0.6500224216483541,1.191603636543317,0.4394969869215134,0
