problem,access,navigate,page_close,video,discussion,wiki
0,1.4772170014624826,0.6500224216483541,1.5545851693377997,1.3709505944546687,0.0,0
