problem,access,navigate,page_close,video,discussion,wiki
0.0,2.0419043135105257,2.418295834054489,2.133387491316597,1.4591479170272448,0,0
