problem,access,navigate,page_close,video,discussion,wiki
1.9925718623777005,3.623866148981877,3.7811470208191236,3.5945884966423405,3.0790795706241743,3.6942292659425946,1.584962500721156
