problem,access,navigate,page_close,video,discussion,wiki
1.5485806065228545,3.640367897163254,3.9225738836114346,3.699683221632267,0.0,4.157062028499287,1.9219280948873623
