problem,access,navigate,page_close,video,discussion,wiki
0.0,2.2475486801331397,2.0,2.753434386188785,2.0192365361682794,0,0.0
