problem,access,navigate,page_close,video,discussion,wiki
0.8524051786494786,2.3851600415040224,3.0269868333592873,1.584962500721156,0.0,1.6416843578567315,0.0
