problem,access,navigate,page_close,video,discussion,wiki
2.8460970833097226,2.825567024483497,1.6500224216483543,3.0208264030967378,2.6465158697712505,0,0.0
