problem,access,navigate,page_close,video,discussion,wiki
1.761355977840379,2.812638458779177,2.725480556997868,2.7267374734123866,1.659948421586921,0,0
