problem,access,navigate,page_close,video,discussion,wiki
0.863120568566631,2.148780603589196,1.7924812503605778,2.126614471810182,1.8464393446710154,0.0,0.0
