problem,access,navigate,page_close,video,discussion,wiki
2.2173325435881894,3.3953813763363323,3.086048612313038,3.1630741894285697,2.905307776373746,0.8904916402194913,0.0
