problem,access,navigate,page_close,video,discussion,wiki
1.5920195268286255,3.0726555637200774,0.0,3.30827083453526,3.3927474104487847,0,0
