problem,access,navigate,page_close,video,discussion,wiki
0.0,1.360964047443681,1.561278124459133,0.9967916319816366,0.9182958340544896,0,0
