problem,access,navigate,page_close,video,discussion,wiki
0,2.25,1.8365916681089791,2.2516291673878226,1.584962500721156,0.0,0.0
