problem,access,navigate,page_close,video,discussion,wiki
0.8997437586982626,3.8303490517024117,3.244413829577611,4.103781878910146,3.43362643886986,2.833837725605897,0.0
