problem,access,navigate,page_close,video,discussion,wiki
2.9139770731827523,3.9582358705707605,3.5928705166359,3.2359263506290334,3.7004397181410926,1.9362600275315274,0.0
