problem,access,navigate,page_close,video,discussion,wiki
0,0.6252624052234231,0.8112781244591328,1.1401156785146092,1.0957952550009336,0,0
