problem,access,navigate,page_close,video,discussion,wiki
1.9631613165317774,3.5594348430774305,2.3685225277282065,3.6630594220684567,3.2867901988271124,0,0
