problem,access,navigate,page_close,video,discussion,wiki
3.019609050222355,3.730192269082314,2.422579761842491,3.729398089838008,3.7006865876154023,0,0.0
