problem,access,navigate,page_close,video,discussion,wiki
1.9000295631980348,2.8632144109787734,2.9966308482846764,2.810070743028954,0.0,1.0,0
