problem,access,navigate,page_close,video,discussion,wiki
1.5473556897883656,4.131366139295005,3.458267868099842,3.263942982929258,3.2947396630551764,1.1488348542809166,1.0
