problem,access,navigate,page_close,video,discussion,wiki
1.804895651144804,3.1604428331516057,2.8763666091993487,3.130268175565713,2.454040796734681,0.8975846798245738,0.9182958340544896
