problem,access,navigate,page_close,video,discussion,wiki
0.9182958340544896,2.0383240541510754,1.9182958340544893,1.0,1.0,0,0
