problem,access,navigate,page_close,video,discussion,wiki
1.9298511491662569,2.756822075396,2.441068585955437,2.366771857014519,1.7489992230622806,0.0,0.0
