problem,access,navigate,page_close,video,discussion,wiki
1.4466166676282082,3.740943339956721,3.208694969562842,3.806521638164979,3.6093315248313966,1.5577277787393191,0.9182958340544896
