problem,access,navigate,page_close,video,discussion,wiki
2.089830735817574,3.1031102935099524,3.1464393446710157,0.0,2.3709505944546687,0.0,0
