problem,access,navigate,page_close,video,discussion,wiki
2.4789474973738406,2.4503300650425657,2.584962500721156,2.542328989413759,2.160965280729682,2.1516634398569803,0
