problem,access,navigate,page_close,video,discussion,wiki
2.4040310499705697,3.225652817944619,2.8409777618601995,2.3553885422075336,1.836591668108979,0,0.0
