problem,access,navigate,page_close,video,discussion,wiki
3.1236456962277064,3.631945133243214,3.107010619399147,3.5442937269029615,2.875878688475293,2.2726998811814374,0.9864267287308424
