problem,access,navigate,page_close,video,discussion,wiki
0,4.038047911117757,5.127219229493229,4.312910316709436,3.542481250360578,5.058390312899536,0
