problem,access,navigate,page_close,video,discussion,wiki
0.0,2.268472751631122,2.0349409139562287,2.41379956460568,1.584962500721156,0.994538681650011,0.0
