problem,access,navigate,page_close,video,discussion,wiki
2.913145525431902,3.433329155115087,3.625997895845133,1.4886022351695134,2.7865766899407323,0.6193821946787638,0.0
