problem,access,navigate,page_close,video,discussion,wiki
1.0,3.151237678182248,3.4677201004744993,3.2944112210920444,0.6143694458867568,2.9339309979883876,0.7219280948873623
