problem,access,navigate,page_close,video,discussion,wiki
2.058813890331201,3.9881447716419984,1.9609640474436814,2.584962500721156,3.5535088547976788,1.5219280948873621,0
