problem,access,navigate,page_close,video,discussion,wiki
0,2.67078218822296,2.1556390622295662,2.856029864049318,2.9019469592513696,0,0
