problem,access,navigate,page_close,video,discussion,wiki
1.856061570942921,2.903016784684016,2.8150724101159437,2.961247171612504,2.9287289082033148,1.7921951936824643,0.0
