problem,access,navigate,page_close,video,discussion,wiki
1.5294283316328894,3.1377785457145273,1.0,3.334679141051595,2.5216406363433186,0,0
