problem,access,navigate,page_close,video,discussion,wiki
1.5748860809654999,3.3988199311280582,3.852168723603281,1.534420037390336,2.60591342226,0,0
