problem,access,navigate,page_close,video,discussion,wiki
0.0,3.0150290184045545,3.412287435666137,2.58429531609601,1.0,0.29643163178752324,0.9182958340544896
