problem,access,navigate,page_close,video,discussion,wiki
1.37928048729106,2.56486177474179,2.8464393446710154,2.6213526136130225,2.080500530640267,0.0,0.0
