problem,access,navigate,page_close,video,discussion,wiki
1.8339272176418302,3.5501509272179774,2.994680368408909,3.635735118012688,3.5861010882010915,2.0762893592941096,0
