problem,access,navigate,page_close,video,discussion,wiki
0.0,2.514062423691472,2.708694969562842,1.2516291673878228,0.0,0.0,0.0
