problem,access,navigate,page_close,video,discussion,wiki
2.256564762130954,2.6338221490058875,2.927451224964519,1.9609640474436814,1.584962500721156,0,0
