problem,access,navigate,page_close,video,discussion,wiki
0,1.4488156357251847,0.0,1.561278124459133,1.5,0.6500224216483541,0
