problem,access,navigate,page_close,video,discussion,wiki
1.5391173550544797,1.598025247719605,1.0,1.5394847569315018,1.2419460322060458,0,0
