problem,access,navigate,page_close,video,discussion,wiki
0,2.6635327548042547,0.0,2.5216406363433186,2.584962500721156,0,0
