problem,access,navigate,page_close,video,discussion,wiki
0.0,2.4416298737872246,1.9056390622295665,2.4200824632751345,1.971747257128181,0,0
