problem,access,navigate,page_close,video,discussion,wiki
0.3372900666170139,1.8401568604088592,1.9219280948873623,0.9182958340544896,1.0,0.74959525725948,0
