problem,access,navigate,page_close,video,discussion,wiki
2.1135388697992603,3.0698563690317764,2.905764584655453,1.5,0.0,1.7723388509380997,1.2516291673878228
