problem,access,navigate,page_close,video,discussion,wiki
2.5390879325432887,3.1077335038355804,2.6995138503199656,1.224394445405986,0.0,1.3411548353945062,1.5
