problem,access,navigate,page_close,video,discussion,wiki
0,1.4197367178034825,1.4355205042826666,1.2516291673878228,0.0,0,0.0
