problem,access,navigate,page_close,video,discussion,wiki
2.2780892882156465,2.9570056718890205,1.811278124459133,2.2665166769910363,2.5219280948873624,0.9910760598382222,0.0
