problem,access,navigate,page_close,video,discussion,wiki
1.0,1.9603299319132708,1.3221793455166666,0.0,0,0.5435644431995964,0.0
