problem,access,navigate,page_close,video,discussion,wiki
0,1.765246528378741,1.950212064914747,0.8112781244591328,0.0,0,0
