problem,access,navigate,page_close,video,discussion,wiki
0.8997437586982626,2.14528132270004,2.1556390622295662,0,1.6854752972273346,0,0
