problem,access,navigate,page_close,video,discussion,wiki
0.7219280948873623,0.8812908992306927,1.8676338909712125,0.0,0,0.2761954276479391,0.9182958340544896
