problem,access,navigate,page_close,video,discussion,wiki
0.0,1.8776402831734211,1.9591479170272446,2.1219280948873624,1.7924812503605778,0.0,0
