problem,access,navigate,page_close,video,discussion,wiki
0.863120568566631,3.343159151749493,2.882444351932222,3.2477426785812735,1.811278124459133,1.5352903384475727,0.9182958340544896
