problem,access,navigate,page_close,video,discussion,wiki
1.5219280948873621,2.6759039732647274,3.2516291673878226,2.5,2.251629167387823,2.1960382078083907,0
