problem,access,navigate,page_close,video,discussion,wiki
1.2987949406953985,2.7821972957977374,2.218846363733215,2.490468570732828,1.4355205042826666,0,0
