problem,access,navigate,page_close,video,discussion,wiki
0.0,2.738919068654272,1.4591479170272448,2.7106842129147886,2.840223928941852,0.0,0
