problem,access,navigate,page_close,video,discussion,wiki
0.0,1.913166303130589,1.0,1.5919171866886992,1.9182958340544893,0,0
