problem,access,navigate,page_close,video,discussion,wiki
0.954434002924965,1.4572659136233872,1.5,1.7527152789797047,0,0,0
