problem,access,navigate,page_close,video,discussion,wiki
2.9712387800867464,3.634071361126434,2.121928094887362,3.620300781475361,3.077819531114783,0.9798687566511528,0
