problem,access,navigate,page_close,video,discussion,wiki
0.9182958340544896,3.0418864381649287,1.7332062193464952,3.1991394612415434,1.5219280948873621,2.3211578271151057,0.0
