problem,access,navigate,page_close,video,discussion,wiki
0.0,1.4366264796491712,0.934068055375491,1.7273966735744795,1.9219280948873623,0.0,0.0
