problem,access,navigate,page_close,video,discussion,wiki
1.9182958340544893,3.029275070710713,1.8799649487271108,3.0841837197791886,2.481714572986073,0.0,0.0
