problem,access,navigate,page_close,video,discussion,wiki
1.75,3.150242531196499,2.5282129458410014,3.031741115928053,2.2332696895151085,0,0
