problem,access,navigate,page_close,video,discussion,wiki
1.8737657445549285,2.6474105456635324,2.192005835492107,2.321928094887362,0.9456603046006402,2.4304570255005586,0.0
