problem,access,navigate,page_close,video,discussion,wiki
0.8112781244591328,3.086042281861418,2.4508257945180882,3.070953071431914,2.7219280948873625,0.0,0.0
