problem,access,navigate,page_close,video,discussion,wiki
0,1.7783283537314114,1.8585552118703146,1.7527152789797047,1.5,0,0
