problem,access,navigate,page_close,video,discussion,wiki
1.0,2.2202466731104322,2.548372965601715,0.0,0.0,0.9709505944546686,1.0
