problem,access,navigate,page_close,video,discussion,wiki
0.0,2.146936854691517,1.4591479170272448,2.246147155726413,1.5566567074628228,0.9402859586706311,0
