problem,access,navigate,page_close,video,discussion,wiki
2.4749525415173124,2.639521481066532,2.475443618237888,1.9219280948873623,1.9219280948873623,1.0,0
