problem,access,navigate,page_close,video,discussion,wiki
0.9910760598382222,3.357228383438941,2.8218881955261788,3.264083511770376,2.495602923729013,1.2638091738835462,0.0
