problem,access,navigate,page_close,video,discussion,wiki
3.5586880403559418,3.7264966225057776,1.7956828983511026,1.6644977792004614,3.0151390045092366,2.6612262562697895,1.0
