problem,access,navigate,page_close,video,discussion,wiki
0,1.8053232276070965,1.8423709931771084,1.8322488896002305,1.3787834934861753,0,0
