problem,access,navigate,page_close,video,discussion,wiki
1.2677702161044204,3.285560351110596,2.775431601001136,3.0464241973162705,1.9182958340544893,0.0,0.0
