problem,access,navigate,page_close,video,discussion,wiki
0.0,3.295470603545296,3.2618423904633667,3.051601636871704,2.2516291673878226,0.9852281360342516,0.0
