problem,access,navigate,page_close,video,discussion,wiki
0,0.8030717273241024,0.5916727785823275,0.7219280948873623,0.0,0.0,0
