problem,access,navigate,page_close,video,discussion,wiki
2.3983029951155594,3.401467788827346,2.4193819456463714,3.430457025500559,2.7773627950641693,1.0,0
