problem,access,navigate,page_close,video,discussion,wiki
2.2359263506290326,3.390447292262704,2.5654483718208256,3.440351042928689,3.3263604079526936,0,0
