problem,access,navigate,page_close,video,discussion,wiki
0,0.7219280948873623,2.074164743022575,0.6500224216483541,0.0,0.0,0
