problem,access,navigate,page_close,video,discussion,wiki
0.0,3.5452970144249942,3.5108046727208304,3.5878587982995085,0.0,0.4394969869215134,0.0
