problem,access,navigate,page_close,video,discussion,wiki
0.0,1.0676111603502403,1.4854752972273344,0.9912642605354289,0,0.8812908992306927,0
