problem,access,navigate,page_close,video,discussion,wiki
1.6577427265048887,2.433926237607852,2.3158243335257076,2.679374370513199,2.058813890331201,0.8112781244591328,0.9709505944546686
