problem,access,navigate,page_close,video,discussion,wiki
1.6727520190306349,3.8945364252027033,4.059037471782193,3.4585250192341497,3.1068905956085184,3.074296397397804,0.0
