problem,access,navigate,page_close,video,discussion,wiki
3.853914558179185,3.9696365556083038,2.1078332108246127,3.9892253442836867,3.907294586578624,3.3887342131939455,1.0
