problem,access,navigate,page_close,video,discussion,wiki
0,1.5774062828523454,1.9219280948873623,0.7219280948873623,1.0,0,0
