problem,access,navigate,page_close,video,discussion,wiki
0.9957274520849256,2.806810531149502,2.3935474965388983,1.7924812503605778,1.584962500721156,0.0,0.0
