problem,access,navigate,page_close,video,discussion,wiki
0.9967916319816366,3.4076727756837397,2.6235166412180155,0.0,1.584962500721156,0.6500224216483541,0.0
