problem,access,navigate,page_close,video,discussion,wiki
0,1.188721875540867,1.3787834934861756,1.4355205042826666,1.584962500721156,0,0
