problem,access,navigate,page_close,video,discussion,wiki
1.0,2.3898980954642877,1.9182958340544896,2.9219280948873623,1.0,0.9182958340544896,0
