problem,access,navigate,page_close,video,discussion,wiki
0,1.8221189251103271,1.9219280948873623,1.224394445405986,1.3787834934861753,0,0
