problem,access,navigate,page_close,video,discussion,wiki
1.0,1.8163401138534077,1.0,1.851226815897192,1.6140054628542202,0,0
