problem,access,navigate,page_close,video,discussion,wiki
0.0,0.8812908992306927,1.3567796494470397,0.9910760598382222,1.0,0.0,0.0
