problem,access,navigate,page_close,video,discussion,wiki
1.0,2.8291063302308683,2.9398290174664017,1.8423709931771088,1.584962500721156,2.4386423642604935,1.584962500721156
