problem,access,navigate,page_close,video,discussion,wiki
0.0,2.517405811425518,1.5,2.689525383210069,2.3458519893382603,0,0
