problem,access,navigate,page_close,video,discussion,wiki
1.5304930567574824,2.170481684613114,2.4193819456463714,2.062656348037272,0.0,0.0,0
