problem,access,navigate,page_close,video,discussion,wiki
0.0,1.8908053406487797,1.950212064914747,1.9877733714879842,1.584962500721156,0,0
