problem,access,navigate,page_close,video,discussion,wiki
0.0,3.2330475281215647,2.725480556997868,3.4936606896881854,3.202819531114783,0.0,0
