problem,access,navigate,page_close,video,discussion,wiki
0.9182958340544896,3.112297908388318,3.0841837197791886,1.584962500721156,1.584962500721156,0,0
