problem,access,navigate,page_close,video,discussion,wiki
2.253746904185471,2.43476439535705,2.5219280948873624,2.76243272157009,1.7960885595978366,0.0,0
