problem,access,navigate,page_close,video,discussion,wiki
0.9709505944546686,2.444988234883632,2.792481250360578,3.3404066555619103,3.4980685120588384,1.346942290390182,0
