problem,access,navigate,page_close,video,discussion,wiki
0,3.4774814757203574,2.866247897312731,2.663532754804255,2.8553885422075336,0.0,0.0
