problem,access,navigate,page_close,video,discussion,wiki
3.0530354743089148,3.248849442398497,2.896291529045928,3.3435472835027977,3.211127933808759,0,0
