problem,access,navigate,page_close,video,discussion,wiki
0.954434002924965,2.7827315205218937,0.7219280948873623,2.321928094887362,2.1280852788913944,0.0,0.0
