problem,access,navigate,page_close,video,discussion,wiki
0.0,2.548243323453318,2.2064688230730516,2.703664835029799,2.4116022179746714,0,0.0
