problem,access,navigate,page_close,video,discussion,wiki
0.0,2.994299475957303,2.4900445676584484,2.824498451560163,1.7219280948873623,0.9182958340544896,1.0
