problem,access,navigate,page_close,video,discussion,wiki
0.0,2.6258145836939115,2.617492461184755,2.4591479170272446,1.584962500721156,0.8904916402194913,0.0
