problem,access,navigate,page_close,video,discussion,wiki
0,1.901506402501506,2.2516291673878226,2.3458519893382603,1.4591479170272448,0,0
