problem,access,navigate,page_close,video,discussion,wiki
0,1.8869602933016414,1.3787834934861756,1.8231845140190253,1.5546097612655667,0.0,0
