problem,access,navigate,page_close,video,discussion,wiki
1.7492095455817913,3.252632730202699,2.9477027792200903,1.0,0,0,0
