problem,access,navigate,page_close,video,discussion,wiki
1.3499971889648752,3.0645963694333522,2.7321588913645702,3.323934896284056,1.7609640474436812,0.9182958340544896,0
