problem,access,navigate,page_close,video,discussion,wiki
1.7961796919474975,2.7710509927870324,1.4591479170272448,0,0,0,0
