problem,access,navigate,page_close,video,discussion,wiki
2.2364405016961446,3.176200751816002,2.2062389286533897,3.120635070586275,3.0259886487476058,0.0,0.9910760598382222
