problem,access,navigate,page_close,video,discussion,wiki
0,2.2229611329546675,1.8423709931771084,2.4392681462540966,2.1180782093497093,0,0
