problem,access,navigate,page_close,video,discussion,wiki
1.0,2.4066663167406888,0.9940302114769565,2.117492461184755,2.25,0.37123232664087563,0.0
