problem,access,navigate,page_close,video,discussion,wiki
1.5566567074628228,2.3841209940178687,1.584962500721156,0.0,1.8423709931771084,1.4591479170272448,0
