problem,access,navigate,page_close,video,discussion,wiki
1.761192371087775,3.58766335839606,3.877871085594327,3.625181968175035,2.879408880983627,1.5566567074628228,0.0
