problem,access,navigate,page_close,video,discussion,wiki
0.954434002924965,2.346378543486349,0.9182958340544896,2.307601311512057,1.760495029766198,0.0,0
