problem,access,navigate,page_close,video,discussion,wiki
0.7424875695421236,1.9371271878079552,2.503258334775646,0,0,0,0
