problem,access,navigate,page_close,video,discussion,wiki
0.6098403047164004,1.9468544076364367,2.5654483718208256,0,0,0,0
