problem,access,navigate,page_close,video,discussion,wiki
2.706890595608519,3.317108955816949,2.8638263900908156,3.385475300569676,2.939829017466402,0.0,0.0
