problem,access,navigate,page_close,video,discussion,wiki
0.0,2.63624868320612,2.5,2.8017857769706844,2.7086949695628424,0,0
