problem,access,navigate,page_close,video,discussion,wiki
0.0,1.5646753190311202,1.4466166676282084,1.6225562489182659,1.2987949406953985,0,0
