problem,access,navigate,page_close,video,discussion,wiki
0.0,3.0981050490733755,2.063558608511122,2.961149457900138,1.0,0,0.0
