problem,access,navigate,page_close,video,discussion,wiki
2.808746230592378,3.140048334072912,2.8453509366224368,2.321928094887362,0.0,0,0
