problem,access,navigate,page_close,video,discussion,wiki
3.95163807824595,3.9857638640391517,3.265957320949175,4.1598475819522145,3.1170802776547735,2.8940411388445906,0.0
