problem,access,navigate,page_close,video,discussion,wiki
0.0,1.640167058163492,1.1488348542809166,1.4958242288403438,1.4591479170272446,0,0
