problem,access,navigate,page_close,video,discussion,wiki
1.0,3.1650843719996535,3.277613436819116,2.8282129458410012,2.0,0,0
