problem,access,navigate,page_close,video,discussion,wiki
0.0,3.2087850397900914,2.609850166028943,3.1045149547825894,2.9031071683628116,2.243773828551915,0.0
