problem,access,navigate,page_close,video,discussion,wiki
0.954434002924965,1.8726696380501497,1.5,1.295461844238322,0.863120568566631,0,0
