problem,access,navigate,page_close,video,discussion,wiki
3.5264683213357735,3.384947996729328,2.6130201924480456,3.5084528468535217,3.3630624994989375,0.6500224216483541,0.0
