problem,access,navigate,page_close,video,discussion,wiki
0,1.5574319619297041,0.0,1.5510981710072647,1.6973397355012438,0,0
