problem,access,navigate,page_close,video,discussion,wiki
3.3493717319643204,3.7151111131108436,1.5219280948873621,2.75,2.235926350629032,2.197159723424149,0.0
