problem,access,navigate,page_close,video,discussion,wiki
2.9510520757772483,3.965876199783925,3.657608796929837,4.064583080193919,2.725480556997868,1.3221793455166666,1.061278124459133
