problem,access,navigate,page_close,video,discussion,wiki
0.8112781244591328,3.405064609884119,3.2848894517332408,1.5,2.7516291673878226,2.358815668709151,0.0
