problem,access,navigate,page_close,video,discussion,wiki
2.587397787111764,2.967102712663827,2.702819531114783,3.09003277660148,2.8795064608120065,1.4833557549816876,1.0
