problem,access,navigate,page_close,video,discussion,wiki
0.0,2.404678473063571,1.5,2.0403733936884962,1.5487949406953985,0,0
