problem,access,navigate,page_close,video,discussion,wiki
0.9709505944546686,2.0951268529736504,2.25,1.9579393553211153,1.4355205042826666,0.0,0
