problem,access,navigate,page_close,video,discussion,wiki
2.1973387961875535,4.546388317016759,4.020855120471209,4.504088846469963,4.259717021423535,2.4116022179746714,0.0
