problem,access,navigate,page_close,video,discussion,wiki
3.4618212083670015,3.9800090450133014,3.175123135113461,3.7371336649296327,4.03214071577244,3.1819974648412166,0.0
