problem,access,navigate,page_close,video,discussion,wiki
1.327218536756493,2.153270240556675,2.163209593736385,1.3787834934861753,0,0.0,0
