problem,access,navigate,page_close,video,discussion,wiki
2.358708576142457,4.311840369760003,4.306256857196538,4.06146274601319,3.753007392717952,2.4881744853534378,0.0
