problem,access,navigate,page_close,video,discussion,wiki
0.0,2.96042745471703,2.321928094887362,2.9037016960573485,2.873140679513133,0.0,0
