problem,access,navigate,page_close,video,discussion,wiki
3.583653332148839,4.1043869947517,3.53720709527986,3.577819531114783,3.913621662742782,3.7102719768542864,0.0
