problem,access,navigate,page_close,video,discussion,wiki
0.0,3.2309772051511647,2.4193819456463714,3.1899723606357218,1.3787834934861756,1.584962500721156,0
