problem,access,navigate,page_close,video,discussion,wiki
3.491587213050239,3.8526052528185484,2.6812763696025814,3.6062389286533896,3.5561196860193927,3.1867832858263827,1.584962500721156
