problem,access,navigate,page_close,video,discussion,wiki
0.0,1.878967703590072,1.9657386865287083,1.0,0.9182958340544896,1.0,0.0
