problem,access,navigate,page_close,video,discussion,wiki
2.9149643046779605,3.2000514698823963,3.118275160770976,2.3593071562010213,1.570950594454669,0.4537163391869448,0.0
