problem,access,navigate,page_close,video,discussion,wiki
1.3123790309270211,2.3027273383950875,2.6098501660289424,1.528801814525318,0,1.5,0.0
