problem,access,navigate,page_close,video,discussion,wiki
0.8112781244591328,1.8370206542387149,0.863120568566631,1.5485652260309177,0.9957274520849256,0.0,0
