problem,access,navigate,page_close,video,discussion,wiki
1.584962500721156,2.1258145836939115,1.5,2.321928094887362,0,0,0
