problem,access,navigate,page_close,video,discussion,wiki
2.7996766103355992,3.664509773764891,3.2550586412012965,3.2002886706435767,1.584962500721156,2.365649672960621,0.0
