problem,access,navigate,page_close,video,discussion,wiki
0.9910760598382222,3.8332590671081213,2.038159681645953,3.3825680832760767,2.9056390622295662,1.5,1.0
