problem,access,navigate,page_close,video,discussion,wiki
0,1.9334975949679492,2.5,1.950212064914747,0.7642045065086203,0,0
