problem,access,navigate,page_close,video,discussion,wiki
1.6560121098769691,2.807404183370086,2.332551816930742,2.955029586159872,1.8250112108241772,1.896817274266156,1.5
