problem,access,navigate,page_close,video,discussion,wiki
0.0,2.86306119879903,2.7272170014624826,2.521640636343318,2.197159723424149,0.9123163027543337,0
