problem,access,navigate,page_close,video,discussion,wiki
2.4459852324322875,2.5689618981303237,2.1556390622295662,2.3598063039211006,2.0957334401141083,1.5,0
