problem,access,navigate,page_close,video,discussion,wiki
1.280672129520887,1.4604846813131114,1.188721875540867,1.0,0.0,0,0
