problem,access,navigate,page_close,video,discussion,wiki
2.48345859334435,3.2605933583154925,2.8581184630979695,3.1261599533708644,2.6037016960573482,0.0,0
