problem,access,navigate,page_close,video,discussion,wiki
0.4394969869215134,3.310631364809205,2.808694969562842,2.116299605701696,1.1567796494470395,1.8101950144995478,0.6840384356390417
