problem,access,navigate,page_close,video,discussion,wiki
2.5884220083605687,3.0113200151922954,1.889246428509158,2.7808589355000475,2.704632699914791,0.0,0.0
