problem,access,navigate,page_close,video,discussion,wiki
1.867633890971212,3.621844300759477,3.4072682296173893,2.584962500721156,2.321928094887362,1.9772354454083079,1.0
