problem,access,navigate,page_close,video,discussion,wiki
0.9182958340544896,2.38551087803048,1.3520301017579528,1.7381493331928664,1.8423709931771084,0.9182958340544896,0.0
