problem,access,navigate,page_close,video,discussion,wiki
0,1.8828560636920488,1.384431504340598,1.3709505944546687,1.0,0.0,0.0
