problem,access,navigate,page_close,video,discussion,wiki
2.64280963814915,2.8600898746583834,1.1567796494470395,0.0,2.3553885422075336,0.0,0.0
