problem,access,navigate,page_close,video,discussion,wiki
1.6602515070232187,2.007534953853906,1.5219280948873621,1.4056390622295665,1.5485652260309177,1.5492111247114508,0.0
