problem,access,navigate,page_close,video,discussion,wiki
2.1709505944546685,2.5447980503472305,2.077819531114783,2.6820028017661333,2.0588138903312014,0,0.0
