problem,access,navigate,page_close,video,discussion,wiki
0,3.08901918524111,2.481714572986073,2.556656707462823,0.0,0.0,0
