problem,access,navigate,page_close,video,discussion,wiki
2.622683189255492,3.2507082173645467,3.0998755537622285,3.379402663445551,2.5,0.7219280948873623,0.0
