problem,access,navigate,page_close,video,discussion,wiki
0,2.4092333107229686,2.892487794660647,2.460904932167797,2.25,0.9910760598382222,0
