problem,access,navigate,page_close,video,discussion,wiki
2.675876013002286,2.9819400432459453,2.8402239289418523,0.0,0,0,0
