problem,access,navigate,page_close,video,discussion,wiki
1.4365455520910289,1.855388542207534,1.823067982273661,0,0,0,0.7219280948873623
