problem,access,navigate,page_close,video,discussion,wiki
2.322335197099548,2.5270119904917006,2.383593219149464,1.3709505944546687,1.919372148594611,2.548491847722314,0
