problem,access,navigate,page_close,video,discussion,wiki
1.972300004119988,2.707841378809172,2.5220552088742005,1.5,1.4591479170272448,1.5082901367069277,0.0
