problem,access,navigate,page_close,video,discussion,wiki
0,1.156869339920509,0.0,1.2389012566026307,0.8112781244591328,0,0
