problem,access,navigate,page_close,video,discussion,wiki
0.0,1.103307408607834,1.4591479170272448,0.9864267287308424,0.0,0.0,0
