problem,access,navigate,page_close,video,discussion,wiki
0.0,2.8382784806503403,2.4056390622295662,2.826245258402609,2.6841837197791887,0,0
