problem,access,navigate,page_close,video,discussion,wiki
0.0,2.8856944883331512,1.9762865966786298,2.7539187581803457,2.4193819456463714,0.0,0.0
