problem,access,navigate,page_close,video,discussion,wiki
0,1.8250112108241772,0.9456603046006402,1.584962500721156,0.9182958340544896,0.0,0.0
