problem,access,navigate,page_close,video,discussion,wiki
0.0,3.5573543141850514,2.75,3.5677560601705576,3.0219280948873624,1.224394445405986,0
