problem,access,navigate,page_close,video,discussion,wiki
2.109409764260018,3.987555015355303,2.1556390622295662,2.2516291673878226,1.9219280948873623,0.22432696034508792,0.0
