problem,access,navigate,page_close,video,discussion,wiki
0.0,2.004889451733241,2.197159723424149,2.205109900073869,1.1488348542809166,0,0.0
