problem,access,navigate,page_close,video,discussion,wiki
0.9957274520849256,2.28329257002673,1.9219280948873623,2.33012496531497,2.2359263506290326,0.7219280948873623,0
