problem,access,navigate,page_close,video,discussion,wiki
1.4056390622295665,2.5839004122974276,1.3221793455166666,2.6405219626825924,2.221251836004466,0.0,0.0
