problem,access,navigate,page_close,video,discussion,wiki
0,3.2806204799861347,2.9182958340544896,3.22467921775583,3.127986806877675,0,0
