problem,access,navigate,page_close,video,discussion,wiki
2.152907907771342,2.705583758549632,2.271782221599798,2.866247897312731,2.6709505944546685,2.336715958119785,1.0
