problem,access,navigate,page_close,video,discussion,wiki
1.7946937953613056,2.9537600624797795,2.4464393446710155,1.5,2.8221819586428727,0,0
