problem,access,navigate,page_close,video,discussion,wiki
0.0,2.9796586949993205,1.932156076138423,2.827819531114783,2.25,0.0,1.0
