problem,access,navigate,page_close,video,discussion,wiki
0,0.9864267287308424,0.0,1.2516291673878228,1.584962500721156,0,0
