problem,access,navigate,page_close,video,discussion,wiki
0.0,1.1687997226410385,0.0,1.2957378005380122,1.4056390622295665,0,0
