problem,access,navigate,page_close,video,discussion,wiki
0,1.9852281360342514,2.2516291673878226,2.121928094887362,1.6644977792004614,0,0
