problem,access,navigate,page_close,video,discussion,wiki
3.427618639274515,3.6706455018056303,2.393547496538899,2.594117891631186,3.747167197306933,2.610577243331642,1.0
