problem,access,navigate,page_close,video,discussion,wiki
0.0,2.034709089239382,1.2987949406953985,1.0,0.0,0.9940302114769565,1.0
