problem,access,navigate,page_close,video,discussion,wiki
1.446554269396512,3.2915051173781715,3.1208442279984463,3.1598295897976927,3.1797974551030554,1.3405071628991212,0.0
