problem,access,navigate,page_close,video,discussion,wiki
0,1.6697367178034823,3.669275070710713,0.0,0.0,3.5825710655227994,0
