problem,access,navigate,page_close,video,discussion,wiki
0,2.3471334164496245,2.0588138903312014,1.9877733714879842,0.8112781244591328,1.4488156357251847,0.0
