problem,access,navigate,page_close,video,discussion,wiki
1.5566567074628228,1.6431060651096356,1.5304930567574824,1.5694452621548822,1.5709505944546687,0.8453509366224365,0
