problem,access,navigate,page_close,video,discussion,wiki
0.8112781244591328,2.571648392415801,2.5294881142662007,0.0,0.0,1.061278124459133,1.584962500721156
