problem,access,navigate,page_close,video,discussion,wiki
1.6542932424151748,1.5683164932728872,1.4182958340544896,1.8910611120726526,1.8423709931771084,0.0,0.0
