problem,access,navigate,page_close,video,discussion,wiki
3.5626534399260428,3.9436494370267163,3.0860486238704348,3.8646292123437904,3.7115270755059226,3.4070367131017067,0.0
