problem,access,navigate,page_close,video,discussion,wiki
2.283124050936067,2.4461345727978214,2.34439985755581,0,0.0,0.9097361225311661,0.0
