problem,access,navigate,page_close,video,discussion,wiki
1.8323056420714272,3.45289257153129,3.039148671903071,1.5219280948873621,2.987719129774125,1.505876255604107,0
