problem,access,navigate,page_close,video,discussion,wiki
3.779023159898122,4.208283245992444,3.7974165797919075,4.081434851220541,3.5568307870002194,2.8287814831406055,0.8112781244591328
