problem,access,navigate,page_close,video,discussion,wiki
0.5225593745369408,2.146830344844093,1.9927781074599387,2.292071752457787,1.9182958340544896,0.0,0.0
