problem,access,navigate,page_close,video,discussion,wiki
1.5777595020247506,3.2035543088278677,2.2359263506290326,3.140532262662708,2.8225797618424915,1.0,0
