problem,access,navigate,page_close,video,discussion,wiki
2.2369837554745207,3.379107346498326,1.8073549220576042,2.9870900416203345,3.3886403253473754,2.2584598927441624,0.0
