problem,access,navigate,page_close,video,discussion,wiki
0.0,1.862154964738045,2.0,1.6266888497018317,1.4182958340544896,0,0
