problem,access,navigate,page_close,video,discussion,wiki
0.0,1.903967813087766,1.3516441151533924,1.784159127851422,1.3921472236645345,0.0,0.0
