problem,access,navigate,page_close,video,discussion,wiki
1.279798638034158,3.030268535506689,2.660129752633257,3.409256168518586,3.0994364124846885,0.8112781244591328,0
