problem,access,navigate,page_close,video,discussion,wiki
0.0,2.6848627960165783,2.77449987749128,2.756271242704087,2.0031088905778542,2.039705124716714,0
