problem,access,navigate,page_close,video,discussion,wiki
1.893662160351903,2.5960551453820617,2.41896119556797,2.3695710038552735,2.596811849905384,1.5304930567574826,0.0
