problem,access,navigate,page_close,video,discussion,wiki
0.6193821946787638,0.9480782435939055,1.0,0.8865408928220899,0.8112781244591328,0.0,1.0
