problem,access,navigate,page_close,video,discussion,wiki
0,2.2229074943218796,1.584962500721156,2.6062389286533896,2.556656707462823,0,0
