problem,access,navigate,page_close,video,discussion,wiki
1.923794940695399,3.584256630545049,3.3913864699857186,3.4997688486862346,3.170237437497,1.9597327579033474,0
