problem,access,navigate,page_close,video,discussion,wiki
0.8112781244591328,0.8030717273241024,0.5032583347756457,0.6500224216483541,0.0,0.0,0.0
