problem,access,navigate,page_close,video,discussion,wiki
1.888432230092157,2.8482539711886723,2.2516291673878226,2.90194695925137,1.224394445405986,0.6500224216483541,0
