problem,access,navigate,page_close,video,discussion,wiki
0,2.728212945841001,2.5,2.324862957617356,1.584962500721156,0,0
