problem,access,navigate,page_close,video,discussion,wiki
1.8250112108241772,3.7170503556333703,3.4264957609623607,3.6187012422294105,2.4193819456463714,2.755625772801417,2.5
