problem,access,navigate,page_close,video,discussion,wiki
0,1.280672129520887,0.5032583347756457,2.058813890331201,1.9219280948873623,0,0
