problem,access,navigate,page_close,video,discussion,wiki
0.0,2.569360154775012,1.6225562489182659,2.0403733936884962,0.0,0.9182958340544896,0
