problem,access,navigate,page_close,video,discussion,wiki
0,1.7967719927529544,2.0881403321777947,1.4911148500551858,1.584962500721156,0.0,1.0
