problem,access,navigate,page_close,video,discussion,wiki
0,1.9329145639793979,2.197159723424149,1.836591668108979,0.0,0,0
