problem,access,navigate,page_close,video,discussion,wiki
1.4315602842833157,2.095257923843793,1.9182958340544896,2.0566416671474372,1.5304930567574826,0.9182958340544896,0
