problem,access,navigate,page_close,video,discussion,wiki
1.5726236638951638,2.5815570287442124,2.3942811477133947,2.061423239400896,2.1405180562767114,0.0,0
