problem,access,navigate,page_close,video,discussion,wiki
1.584962500721156,2.2062389286533897,1.9219280948873623,2.155968102145908,1.9182958340544896,0,0
