problem,access,navigate,page_close,video,discussion,wiki
0.345117314944953,1.4137995646056802,1.9219280948873623,1.2987949406953985,0.0,0,0
