problem,access,navigate,page_close,video,discussion,wiki
2.5794412571559224,2.7517357386210257,2.503258334775646,2.891967150356627,2.7579976618327113,0.0,0
