problem,access,navigate,page_close,video,discussion,wiki
0,2.3490224311637484,2.277845240648177,2.1299284061518704,2.1709505944546685,1.0,0.0
