problem,access,navigate,page_close,video,discussion,wiki
0,2.1769081691685783,2.2312702546075758,1.4591479170272448,1.0,0,0
