problem,access,navigate,page_close,video,discussion,wiki
1.5810309627563695,2.6704066641247075,0.5916727785823275,2.7334585933443494,2.2439777096116282,0,0
