problem,access,navigate,page_close,video,discussion,wiki
0.9910760598382222,1.0534081504863568,1.2406705316766886,0.4394969869215134,1.2987949406953985,0.0,0.0
