problem,access,navigate,page_close,video,discussion,wiki
1.3085024445205309,2.124859109587415,2.133387491316597,1.9219280948873623,1.0,0.6500224216483541,1.0
