problem,access,navigate,page_close,video,discussion,wiki
0.0,2.243735757336199,1.9211796919474975,2.321928094887362,2.251629167387823,0.9182958340544896,1.0
