problem,access,navigate,page_close,video,discussion,wiki
2.626476218719296,3.2658384664131517,2.4834585933443494,0.9182958340544896,2.615319618251277,0,0
