problem,access,navigate,page_close,video,discussion,wiki
0.0,2.475443618237888,1.5,2.1713600874958074,1.823067982273661,0,0
