problem,access,navigate,page_close,video,discussion,wiki
1.584962500721156,3.434612232519068,2.368522527728207,3.208694969562842,2.9312089489103235,0.6500224216483541,0
