problem,access,navigate,page_close,video,discussion,wiki
0.9990102708804813,2.3097954586487797,1.188721875540867,2.6737855952216485,1.9502120649147465,1.4029342381953893,0.9182958340544896
