problem,access,navigate,page_close,video,discussion,wiki
1.2597218324096136,1.9656116540106532,1.9219280948873623,1.9035239700887407,1.4833557549816876,0,0
