problem,access,navigate,page_close,video,discussion,wiki
1.4355205042826666,1.8073759536999705,1.75,1.80027870546653,1.4353713907745331,0.7219280948873623,0
