problem,access,navigate,page_close,video,discussion,wiki
0.0,2.260992390087111,1.5,1.746465798504072,1.9056390622295665,0,0
