problem,access,navigate,page_close,video,discussion,wiki
0.0,2.521986495240686,2.411602217974672,2.5591759275284955,2.1769081691685783,0,0
