problem,access,navigate,page_close,video,discussion,wiki
0,1.5,2.750000892459754,1.4355205042826666,0.0,0.7219280948873623,0.9182958340544896
