problem,access,navigate,page_close,video,discussion,wiki
2.4028852972335804,3.5739081285551118,3.4196769360836003,3.47189776326862,3.196199998970891,1.998179625443633,2.7321588913645702
