problem,access,navigate,page_close,video,discussion,wiki
0,0.5225593745369408,0.863120568566631,0.5435644431995964,0.8112781244591328,0.0,0.0
