problem,access,navigate,page_close,video,discussion,wiki
1.9875168162362657,3.5136152719012452,4.337220666705061,2.4193819456463714,2.2516291673878226,1.764889425697476,2.2516291673878226
