problem,access,navigate,page_close,video,discussion,wiki
0.0,2.1068995170566325,1.4355205042826666,2.359879028736861,1.0,0.0,0
