problem,access,navigate,page_close,video,discussion,wiki
0.6500224216483541,0.863120568566631,0.5916727785823275,1.5219280948873621,1.0,0.0,0
