problem,access,navigate,page_close,video,discussion,wiki
3.1368282595411947,3.629310676022247,2.888884070537636,3.414453747237722,3.2798226068723952,3.22728146354381,1.584962500721156
