problem,access,navigate,page_close,video,discussion,wiki
1.7263533711396386,2.197601577428156,1.7924812503605778,2.294127106260297,2.6464393446710157,0,0
