problem,access,navigate,page_close,video,discussion,wiki
0.9709505944546686,2.1620828729886465,2.246439344671016,0.0,0.0,0.5435644431995964,0.0
