problem,access,navigate,page_close,video,discussion,wiki
0,1.7609640474436812,0.0,1.9056390622295665,1.5219280948873621,0,0
