problem,access,navigate,page_close,video,discussion,wiki
0,2.134969974603941,1.4591479170272448,1.792481250360578,0.9182958340544896,0.0,0
