problem,access,navigate,page_close,video,discussion,wiki
4.003515566503111,4.196681798761305,4.4138918869150645,4.086917167839831,3.785541056042658,3.176545838023439,0.9182958340544896
