problem,access,navigate,page_close,video,discussion,wiki
1.1488348542809166,2.22355621267503,1.7381493331928664,2.129137170132955,1.7381493331928664,1.7892320827244355,0
