problem,access,navigate,page_close,video,discussion,wiki
0,1.4197367178034825,1.3709505944546687,1.5487949406953985,0.8112781244591328,0.0,0
