problem,access,navigate,page_close,video,discussion,wiki
1.4854752972273344,1.962228928845698,2.0,2.056564762130954,1.9321560761384229,0.0,0
