problem,access,navigate,page_close,video,discussion,wiki
0.0,1.5128876215181606,2.0,1.3921472236645345,0.9709505944546686,0,0
