problem,access,navigate,page_close,video,discussion,wiki
2.7448425317532443,3.327867486076118,2.9521016432404714,2.9710642841329036,2.7685835680552473,1.6457113704075785,0.0
