problem,access,navigate,page_close,video,discussion,wiki
2.5216406363433186,3.06701927638395,2.7068905956085185,2.906526355411851,2.5061440668531976,0.9182958340544896,1.0
