problem,access,navigate,page_close,video,discussion,wiki
1.3995812306460644,2.7021184296998473,2.903701696057348,1.7467659855385196,1.9182958340544893,1.820809349471713,0.0
