problem,access,navigate,page_close,video,discussion,wiki
0.0,1.7783283537314114,0.5032583347756457,1.8464393446710154,0.9182958340544896,0.4689955935892812,0.0
