problem,access,navigate,page_close,video,discussion,wiki
0,2.0713949792683515,1.7381493331928664,2.2417812580773235,1.4488156357251847,0,0
