problem,access,navigate,page_close,video,discussion,wiki
2.405711665953314,3.735294702437409,2.6235166412180155,3.448302165932481,3.526805804447159,2.6585976615628164,0.0
