problem,access,navigate,page_close,video,discussion,wiki
2.3235594903644277,3.1037303285477296,1.9182958340544893,3.280202546853402,3.264693180925719,0.0,0
