problem,access,navigate,page_close,video,discussion,wiki
2.71159750271717,3.85661288387754,2.569548995934459,3.694780893169269,3.8826184967027144,0.4394969869215134,1.5219280948873621
