problem,access,navigate,page_close,video,discussion,wiki
2.4375092122248447,3.378095443509666,3.56498299496845,3.152411344462674,3.5753725361407476,2.038159681645953,2.199687794731328
