problem,access,navigate,page_close,video,discussion,wiki
1.1595547523787308,1.6294717059221915,1.8464393446710154,0.5032583347756457,0,0.0,0.0
