problem,access,navigate,page_close,video,discussion,wiki
0.9957274520849256,2.5130244768076824,2.9489459187144957,2.6710057894620776,2.273763104663984,0.0,1.0
