problem,access,navigate,page_close,video,discussion,wiki
2.209147917027245,2.3496663330948637,2.113283334294875,2.559540168931589,2.197159723424149,0,0
