problem,access,navigate,page_close,video,discussion,wiki
0,0.39124356362925566,0.7219280948873623,1.061278124459133,1.584962500721156,0,0.0
