problem,access,navigate,page_close,video,discussion,wiki
0.0,2.7204148160003845,2.816307519224645,2.4464393446710155,1.5,0.0,0.0
