problem,access,navigate,page_close,video,discussion,wiki
0,2.1125853906355427,2.197159723424149,1.8702538164316223,0.0,0,0
