problem,access,navigate,page_close,video,discussion,wiki
0,2.7696816466892913,2.4834585933443494,2.604922489586613,2.5648325090899213,1.3221793455166666,1.0
