problem,access,navigate,page_close,video,discussion,wiki
1.776233967978774,2.5820207368792083,2.6812763696025814,2.3454372523105547,2.0781758650865774,1.4488156357251847,0.0
