problem,access,navigate,page_close,video,discussion,wiki
1.792481250360578,3.1546027900811238,3.400578839731351,0,0,0,0
