problem,access,navigate,page_close,video,discussion,wiki
1.548565226030918,2.47310997930929,1.7527152789797047,2.5102415025019114,2.446439344671015,0,0
