problem,access,navigate,page_close,video,discussion,wiki
2.4193819456463714,3.9561924496078302,3.7191154214862707,3.8738672826566343,3.465127043507775,1.5509367889994214,0.9182958340544896
