problem,access,navigate,page_close,video,discussion,wiki
1.4355205042826666,2.519936250376207,2.8246358745577473,2.3929452967733353,0.0,1.6621693693096566,0.0
