problem,access,navigate,page_close,video,discussion,wiki
1.6511972890007982,2.376120746842681,2.1084585933443494,0.8112781244591328,1.1488348542809166,1.1488348542809166,0
