problem,access,navigate,page_close,video,discussion,wiki
2.503258334775646,3.5209453801070287,3.2244273239741537,3.5717898701449067,3.440070116549512,0.9123163027543336,0.7219280948873623
