problem,access,navigate,page_close,video,discussion,wiki
1.9591904234199458,2.9209878109775147,2.3526429155709625,2.4193819456463714,2.2516291673878226,1.4591479170272448,0.0
