problem,access,navigate,page_close,video,discussion,wiki
1.3516441151533924,3.0774558227799367,2.8339272176418304,2.2359263506290326,2.321928094887362,1.222802647432087,0.9182958340544896
