problem,access,navigate,page_close,video,discussion,wiki
2.072905595320056,2.5260962706250503,2.6946276868547967,2.2967658292494404,2.3242764617775693,2.399473254442332,0.0
