problem,access,navigate,page_close,video,discussion,wiki
0,0.9405662399881731,1.5,0.7732283485249176,0.6500224216483541,0,0
