problem,access,navigate,page_close,video,discussion,wiki
0,2.1029334343823503,2.2516291673878226,2.2359263506290326,2.0,0.0,0
