problem,access,navigate,page_close,video,discussion,wiki
0,2.6868104262915247,2.7534343861887844,2.4707602850524553,1.5219280948873621,0.0,0
