problem,access,navigate,page_close,video,discussion,wiki
0,2.439268146254097,1.8423709931771088,2.498929563690935,1.792481250360578,0,0
