problem,access,navigate,page_close,video,discussion,wiki
2.556054210413333,3.8957791461153897,3.4846184885796143,3.707302023005591,3.3233641945259924,1.0,0.0
