problem,access,navigate,page_close,video,discussion,wiki
0,0.8865408928220899,1.0,1.2987949406953985,0.7219280948873623,0,0
