problem,access,navigate,page_close,video,discussion,wiki
1.4034099330298797,3.41174369198074,3.086048612313038,3.3787307907388815,2.9577345229052385,0,0
