problem,access,navigate,page_close,video,discussion,wiki
0.0,1.37928048729106,1.4591479170272446,1.4572659136233872,1.4488156357251847,0,0
