problem,access,navigate,page_close,video,discussion,wiki
1.2987949406953985,3.460370287267379,2.6227783478842657,3.7603826520482295,0,2.140364672225487,0.0
