problem,access,navigate,page_close,video,discussion,wiki
0.39124356362925566,2.187022228249519,2.3531906713383224,2.7993678714728953,2.6854752972273346,0.0,0
