problem,access,navigate,page_close,video,discussion,wiki
1.5219280948873621,3.2405823788938948,2.263809173883546,2.552832161679204,2.155968102145908,2.788050893973827,0.0
