problem,access,navigate,page_close,video,discussion,wiki
1.9908781429925866,2.844413829577611,2.2516291673878226,0.0,0,0.0,0
