problem,access,navigate,page_close,video,discussion,wiki
0.0,1.956908425151817,1.9219280948873623,2.355388542207534,1.9056390622295665,0,0
