problem,access,navigate,page_close,video,discussion,wiki
2.2551230440172545,3.676271048043588,3.8275750301497773,2.5216406363433186,1.0,0.9910760598382222,1.5
