problem,access,navigate,page_close,video,discussion,wiki
0,2.7091266550235207,0.0,1.5304930567574824,1.4591479170272448,0,0
