problem,access,navigate,page_close,video,discussion,wiki
0.32984607020714635,2.297292802149811,2.6349331873910415,2.430343387901185,2.1575499655522066,1.543751954420502,0.0
