problem,access,navigate,page_close,video,discussion,wiki
2.044560406475774,2.2298473320209378,1.5,1.8814099964358766,2.2464393446710154,0,0
