problem,access,navigate,page_close,video,discussion,wiki
0.7642045065086203,2.5355156096952336,2.125814583693911,2.688721875540867,2.5216406363433186,0.0,0.0
