problem,access,navigate,page_close,video,discussion,wiki
3.060143124577301,3.467960229756189,3.3038331020407403,3.2924048225923013,2.4225797618424916,0.954434002924965,0.0
