problem,access,navigate,page_close,video,discussion,wiki
0,1.3092966682370037,1.0,0.6500224216483541,0.9182958340544896,0,0.0
