problem,access,navigate,page_close,video,discussion,wiki
1.2958363892911637,2.9906847354219375,2.5492553971685,2.727759213333524,1.8423709931771084,1.295461844238322,0.0
