problem,access,navigate,page_close,video,discussion,wiki
0.0,1.7345587976584802,2.07838982472352,1.6644977792004612,0.5032583347756457,0.28639695711595625,0.0
