problem,access,navigate,page_close,video,discussion,wiki
0,2.4749525415173124,1.8676338909712125,2.321928094887362,1.584962500721156,0,0
