problem,access,navigate,page_close,video,discussion,wiki
0.0,2.6216535224393334,1.9749375012019272,2.6084585933443494,2.725480556997868,0.863120568566631,0.0
