problem,access,navigate,page_close,video,discussion,wiki
0.6789538995185759,1.7229712791784753,1.5,2.0403733936884962,0.7219280948873623,0,0
