problem,access,navigate,page_close,video,discussion,wiki
1.4604846813131116,3.080274013734043,2.0403733936884962,3.021640636343318,2.2584598927441624,0.6500224216483541,0.0
