problem,access,navigate,page_close,video,discussion,wiki
0,1.9277409762329367,1.8423709931771084,2.3516441151533924,2.449311833026446,0.0,0
