problem,access,navigate,page_close,video,discussion,wiki
2.1684656711105887,2.152439983737665,1.950212064914747,2.1084585933443494,2.121928094887362,0,0
