problem,access,navigate,page_close,video,discussion,wiki
3.2979084765542406,3.6353594649729044,3.0410849805739493,1.5,2.4193819456463714,1.2529815751302695,0.0
