problem,access,navigate,page_close,video,discussion,wiki
1.750760325151911,2.5609640474436812,2.5709505944546684,2.299896391167891,1.5,0,0.0
