problem,access,navigate,page_close,video,discussion,wiki
1.5798634010685342,1.9328045775391223,1.9591904234199458,1.9182958340544896,1.0,1.5709505944546684,1.0
