problem,access,navigate,page_close,video,discussion,wiki
2.1219280948873624,2.6091053927948082,1.5219280948873621,2.6084585933443494,2.5650765423363695,0.863120568566631,0
