problem,access,navigate,page_close,video,discussion,wiki
0.863120568566631,2.4605038327557684,1.5304930567574824,2.5931172974865295,2.739572261986723,0.8112781244591328,0
