problem,access,navigate,page_close,video,discussion,wiki
1.584962500721156,1.8394910703001344,0.9182958340544896,1.9591479170272446,1.584962500721156,0.0,0
