problem,access,navigate,page_close,video,discussion,wiki
1.5915627283680553,2.7283409849514646,2.725480556997868,2.611346433249389,2.413088436425758,0,0
