problem,access,navigate,page_close,video,discussion,wiki
0.0,2.6830741894285697,1.9182958340544896,2.8729055953200557,2.7321588913645702,0,0
