problem,access,navigate,page_close,video,discussion,wiki
2.4131705215669697,3.1935328444150337,2.9182958340544896,2.9809915292959497,2.8440319350530703,0,0
