problem,access,navigate,page_close,video,discussion,wiki
0.9910760598382222,1.3031698778856051,1.5545851693377997,1.295461844238322,0,0.0,0.0
