problem,access,navigate,page_close,video,discussion,wiki
3.8204227992211828,4.2081287264785425,3.467761398524483,4.063226222985825,4.09718195448184,3.422456198923519,1.584962500721156
