problem,access,navigate,page_close,video,discussion,wiki
0.782444129406689,2.144163515827353,2.1291371701329544,2.3479489118262413,0,0.4689955935892812,0.9709505944546686
