problem,access,navigate,page_close,video,discussion,wiki
0.9182958340544896,2.945426587124314,2.702819531114783,2.2999837424770635,2.2942740671928616,1.2364405016961446,0.0
