problem,access,navigate,page_close,video,discussion,wiki
1.295461844238322,3.156274858125304,1.5,3.0909232885816857,3.124518654958899,0.0,0
