problem,access,navigate,page_close,video,discussion,wiki
0,1.5774062828523454,0.4689955935892812,1.5566567074628228,0.9182958340544896,0,0
