problem,access,navigate,page_close,video,discussion,wiki
1.0,2.6347312293710803,2.321928094887362,2.5600289361122233,1.5766212201074912,0,0
