problem,access,navigate,page_close,video,discussion,wiki
2.570895871643939,3.400279005762133,3.299896391167891,3.383256936883432,2.875,0.0,0.0
