problem,access,navigate,page_close,video,discussion,wiki
1.1046494076016127,2.080660247250167,1.823026490712885,2.0883763717345074,1.9550849518197797,0.0,0
