problem,access,navigate,page_close,video,discussion,wiki
1.3709505944546687,1.9003804877933772,2.4996981431844145,2.369432036254818,2.355388542207534,0.0,0.0
