problem,access,navigate,page_close,video,discussion,wiki
2.1283310497671026,2.8865978920872135,2.5216406363433186,2.804889451733241,2.6312929881819005,0,0
