problem,access,navigate,page_close,video,discussion,wiki
1.8496017527145812,1.8464393446710154,1.8423709931771088,1.965596230357602,1.8910611120726528,1.0,0
