problem,access,navigate,page_close,video,discussion,wiki
2.993289836642112,3.611813349778439,3.8746092289265825,3.557769545548505,2.186017680447356,2.4853185049728417,1.3787834934861756
