problem,access,navigate,page_close,video,discussion,wiki
1.5,2.6366574359016335,2.1180782093497093,2.5701898620328607,2.3993974703476995,0,0
