problem,access,navigate,page_close,video,discussion,wiki
0,2.771726359072403,2.0349409139562287,2.708535299413935,2.663532754804255,0,0.0
