problem,access,navigate,page_close,video,discussion,wiki
0,1.5306189948485174,1.584962500721156,0.9182958340544896,1.0,0,0
