problem,access,navigate,page_close,video,discussion,wiki
0,2.2364405016961446,2.3522170014624826,2.23345859334435,1.0,0.9182958340544896,0
