problem,access,navigate,page_close,video,discussion,wiki
1.5262349099495225,3.173949864480184,1.9219280948873623,1.5,1.0,0,0
