problem,access,navigate,page_close,video,discussion,wiki
1.889246428509158,2.205025927212141,2.2359263506290326,0.0,0,0.0,0.0
