problem,access,navigate,page_close,video,discussion,wiki
2.0,3.135534132829501,1.5,3.0843301774749228,3.093660689688186,0,0
