problem,access,navigate,page_close,video,discussion,wiki
0.0,1.8293521368699557,2.2810361125534233,2.4729055953200563,2.199687794731328,0.0,0.0
