problem,access,navigate,page_close,video,discussion,wiki
1.4387586809150084,2.333679635478738,1.75,2.253894992149031,1.2957378005380122,0.6193821946787638,0
