problem,access,navigate,page_close,video,discussion,wiki
0.9293636260137187,3.251952030013997,2.4591479170272446,3.118275160770976,2.5,1.7947367178034825,0
