problem,access,navigate,page_close,video,discussion,wiki
1.8248169862168617,2.4976664500320322,2.8221819586428727,1.0,0,1.3262405367429286,0
