problem,access,navigate,page_close,video,discussion,wiki
2.8603479467368844,3.395736893632825,3.337175341123077,2.584962500721156,2.4193819456463714,0.5916727785823275,0
