problem,access,navigate,page_close,video,discussion,wiki
1.5410078709714836,1.7784845432202459,1.7381493331928661,1.936278124459133,1.4885252948977485,0.5916727785823275,1.0
