problem,access,navigate,page_close,video,discussion,wiki
1.5333078911739015,2.784455365143643,1.6577427265048887,2.6856681405912943,2.79613847971372,0.0,0.0
