problem,access,navigate,page_close,video,discussion,wiki
0.0,2.065293688498338,0.0,2.1492553971685,2.054585169337799,0.0,0.0
