problem,access,navigate,page_close,video,discussion,wiki
0,2.9673074093304903,2.3219280948873626,2.9139770731827523,2.321928094887362,0,0.0
