problem,access,navigate,page_close,video,discussion,wiki
0.0,1.8833830982290138,2.044912733238945,1.825605199016944,1.561278124459133,0.28639695711595625,1.0
