problem,access,navigate,page_close,video,discussion,wiki
1.5,2.6825064914329975,1.9211796919474975,2.8282129458410012,1.9362600275315274,0.9182958340544896,0.0
