problem,access,navigate,page_close,video,discussion,wiki
0.0,3.449287834922291,2.94770277922009,3.503539122804025,0.0,0,0
