problem,access,navigate,page_close,video,discussion,wiki
0,1.7416838940090769,1.1567796494470395,2.25,1.4591479170272448,0.0,0.0
