problem,access,navigate,page_close,video,discussion,wiki
0.863120568566631,1.5794692661751384,1.3516441151533924,1.5306189948485174,1.584962500721156,0.0,0
