problem,access,navigate,page_close,video,discussion,wiki
1.0,2.4264799538714685,1.5487949406953985,2.5230741894285695,2.581013401577586,0,0.0
