problem,access,navigate,page_close,video,discussion,wiki
0,1.6387586809150085,1.4911148500551858,1.2516291673878228,0.0,0,0
