problem,access,navigate,page_close,video,discussion,wiki
2.917820219041696,3.5089910779795503,3.4585663756578335,3.2931741056282826,2.689227443762707,0.6193821946787638,0
