problem,access,navigate,page_close,video,discussion,wiki
1.3575440702571377,1.8948950998563654,0.863120568566631,0.0,0,0.9182958340544896,0.0
