problem,access,navigate,page_close,video,discussion,wiki
0,1.8741838269462516,2.0,1.8423709931771086,1.5219280948873621,0,0
