problem,access,navigate,page_close,video,discussion,wiki
0.863120568566631,2.2094805977839846,1.5510981710072647,1.5,1.9219280948873623,0.0,0.0
