problem,access,navigate,page_close,video,discussion,wiki
3.0612248593388967,3.154988653019504,2.413591303318717,1.8423709931771084,2.01506101220307,1.3485878960124222,0.9182958340544896
