problem,access,navigate,page_close,video,discussion,wiki
1.9182958340544896,2.5917972414933774,1.1488348542809166,2.789865782092892,2.5216406363433186,0,0.0
