problem,access,navigate,page_close,video,discussion,wiki
1.1488348542809166,2.407430022880617,2.3685225277282065,2.411509198419911,1.3516441151533924,0.8112781244591328,1.0
