problem,access,navigate,page_close,video,discussion,wiki
1.529915964732215,1.6774563145427899,1.4604846813131114,1.6925241194390108,1.4056390622295665,0.0,0
