problem,access,navigate,page_close,video,discussion,wiki
0.9366673818775625,2.008540789524374,2.2295739585136225,1.584962500721156,1.9693894195291561,0,0.0
