problem,access,navigate,page_close,video,discussion,wiki
0,2.7742433029172693,1.0,2.6612262562697895,2.521928094887362,0,0
