problem,access,navigate,page_close,video,discussion,wiki
0.8112781244591328,3.079951466990017,2.2516291673878226,1.584962500721156,1.9056390622295665,0,0
