problem,access,navigate,page_close,video,discussion,wiki
1.8431742879741395,2.5343090999106193,2.760666827231598,1.9591479170272448,2.4047933024618025,0,0
