problem,access,navigate,page_close,video,discussion,wiki
2.8139107630313687,3.5184912448292684,3.076103170996722,0,0,1.7676503615477757,0
