problem,access,navigate,page_close,video,discussion,wiki
1.474041717473638,3.1736573646833666,2.2322628970242686,3.3553885422075336,2.988316710610012,1.0,0
