problem,access,navigate,page_close,video,discussion,wiki
1.8766571799921992,2.4837534529017318,2.5562625657620757,2.518920252753371,2.965596230357602,0.7219280948873623,0
