problem,access,navigate,page_close,video,discussion,wiki
2.7321588913645702,3.278085677327665,2.378783493486176,3.3194489608125117,3.1132696895151084,0.0,0
