problem,access,navigate,page_close,video,discussion,wiki
0.9774178175281716,2.3699565984122564,1.9219280948873623,2.177709342380469,2.107833210824613,0,0
