problem,access,navigate,page_close,video,discussion,wiki
0.3227569588973982,3.0094910439826705,2.9816615121017556,2.9580959346519826,2.209888638014727,2.5002540903448662,0.9182958340544896
