problem,access,navigate,page_close,video,discussion,wiki
0.0,2.7078937872298483,2.140532262662708,2.4547142634396484,2.0524212838293647,2.4762202322546587,0.5916727785823275
