problem,access,navigate,page_close,video,discussion,wiki
0,1.0563280663676942,1.7399546474223633,1.224394445405986,1.419556298571613,0.0,0.0
