problem,access,navigate,page_close,video,discussion,wiki
0,1.6577427265048887,0.8112781244591328,1.4488156357251847,1.4488156357251847,0,0
