problem,access,navigate,page_close,video,discussion,wiki
0.0,3.0196003592733653,3.096648409184258,2.919372148594611,0.0,2.8259108280766005,1.3787834934861756
