problem,access,navigate,page_close,video,discussion,wiki
0.6500224216483541,1.7344267600244314,1.561278124459133,1.8464393446710154,1.8250112108241772,0.0,0
