problem,access,navigate,page_close,video,discussion,wiki
1.9591479170272446,2.9343534726294593,1.3787834934861756,2.9982734060065623,2.765957320949175,0.0,0
