problem,access,navigate,page_close,video,discussion,wiki
1.5009077517841907,3.1647008543713397,3.4086949695628417,2.9671102625766648,2.9071607439940292,1.188721875540867,0
