problem,access,navigate,page_close,video,discussion,wiki
0.0,1.2309595631140104,0.9852281360342516,1.3405071628991212,1.3346791410515946,0.0,0.0
