problem,access,navigate,page_close,video,discussion,wiki
2.190515847687587,2.8141497815556282,2.4193819456463714,1.0,2.5066987328929415,1.9182958340544896,0
