problem,access,navigate,page_close,video,discussion,wiki
2.503258334775646,2.8722257220899365,2.638598914789366,2.992640556327226,2.822717804806415,0.9709505944546686,0.9182958340544896
