problem,access,navigate,page_close,video,discussion,wiki
0,1.8910611120726526,1.360964047443681,1.5,0,0.8112781244591328,1.0
