problem,access,navigate,page_close,video,discussion,wiki
3.479069661236443,4.107761324373669,3.215509308023827,3.341630358884914,4.011159666062062,0.6500224216483541,0
