problem,access,navigate,page_close,video,discussion,wiki
3.686691668811048,3.9866624889961724,2.6321921215711943,3.6647170014624826,3.843010159554855,0,0
