problem,access,navigate,page_close,video,discussion,wiki
1.391022740039277,2.275179290177534,2.5450897174754097,1.5,0.0,1.0,1.0
