problem,access,navigate,page_close,video,discussion,wiki
0.0,2.40832366666976,2.5032583347756456,2.7544418457133455,2.038159681645953,1.2866926683547546,0.0
