problem,access,navigate,page_close,video,discussion,wiki
1.4197367178034825,2.6356709954586743,2.7100706213976054,1.0,0,0,0
