problem,access,navigate,page_close,video,discussion,wiki
0.0,2.583233277491444,1.971747257128181,2.528212945841002,2.3219280948873626,0,0
