problem,access,navigate,page_close,video,discussion,wiki
0.9940302114769565,0.954434002924965,0.7642045065086203,0.961236604722876,0,0,0
