problem,access,navigate,page_close,video,discussion,wiki
0,2.0317374334224665,1.5,2.188721875540867,1.9056390622295665,0.0,0
