problem,access,navigate,page_close,video,discussion,wiki
0.0,3.095660056228572,2.139261930734825,2.805065504387351,1.9219280948873623,0.0,0.0
