problem,access,navigate,page_close,video,discussion,wiki
0.0,2.7661506484543548,2.180036532577266,1.0,0.0,0.9709505944546686,1.0
