problem,access,navigate,page_close,video,discussion,wiki
2.610063540877072,3.602049227419633,2.6464393446710157,2.0,2.2516291673878226,0.0,0.0
