problem,access,navigate,page_close,video,discussion,wiki
0.0,1.1291705063258906,1.3709505944546687,1.4466166676282082,1.5,0,0
