problem,access,navigate,page_close,video,discussion,wiki
1.0783878114938323,3.4278413796524587,3.1474104580394817,3.31795718467368,3.2523057006640457,0.9927744539878084,0
