problem,access,navigate,page_close,video,discussion,wiki
0,0.863120568566631,1.3516441151533924,0,0,0.7219280948873623,0.0
