problem,access,navigate,page_close,video,discussion,wiki
0.4586858162005403,1.3787834934861753,1.3787834934861753,0.9182958340544896,0.0,0.0,0
