problem,access,navigate,page_close,video,discussion,wiki
0.3095434291503252,1.5844350719354883,1.75,0.9182958340544896,0,0,0
