problem,access,navigate,page_close,video,discussion,wiki
1.7527152789797045,2.459147917027245,2.660129752633257,1.3787834934861756,2.1556390622295662,0,0.0
