problem,access,navigate,page_close,video,discussion,wiki
0.9402859586706311,2.23517232979958,2.1234786725698864,0.0,0,0.0,0.0
