problem,access,navigate,page_close,video,discussion,wiki
0,2.2963489685485134,1.9219280948873623,2.417628649429343,2.408694969562842,0,0
