problem,access,navigate,page_close,video,discussion,wiki
0.6394571324851641,3.37038599792231,3.1664041320339815,2.725480556997868,1.584962500721156,2.670075485497444,1.0
