problem,access,navigate,page_close,video,discussion,wiki
1.014097655573916,1.8610488442813247,2.133937566094917,2.4225797618424916,1.9852281360342516,0,0
