problem,access,navigate,page_close,video,discussion,wiki
0.954434002924965,2.521364806663722,1.9182958340544896,2.4659573209491747,2.0588138903312014,1.8133178543807786,0
