problem,access,navigate,page_close,video,discussion,wiki
1.4054343399684737,2.594097798858455,1.8828560636920493,1.9502120649147465,0.9182958340544896,0,0
