problem,access,navigate,page_close,video,discussion,wiki
0,2.0191534613250353,0.8112781244591328,1.4056390622295665,1.3709505944546687,0,0
