problem,access,navigate,page_close,video,discussion,wiki
0.0,1.9399569278566666,3.0105709342684834,2.298688570451097,1.733298898120497,1.760495029766198,0
