problem,access,navigate,page_close,video,discussion,wiki
1.522189872165821,3.528808524216828,2.816307519224645,3.3923119449600736,2.917788574960313,0.0,0
