problem,access,navigate,page_close,video,discussion,wiki
0.6784070909375675,2.0259221251263138,2.1895415173391393,2.01153713434193,2.063558608511122,0,0
