problem,access,navigate,page_close,video,discussion,wiki
2.057924310831006,2.251185325340039,2.0,1.584962500721156,0.0,0,0
