problem,access,navigate,page_close,video,discussion,wiki
1.0,2.505447896110462,1.6729330318733675,1.3787834934861753,1.836591668108979,0.0,0
