problem,access,navigate,page_close,video,discussion,wiki
0.0,2.9147170014624826,3.066615216738451,2.4623495650177687,1.1567796494470395,0,0
