problem,access,navigate,page_close,video,discussion,wiki
0.9927744539878084,2.4119224789362788,1.8423709931771088,2.503701696057348,1.974937501201927,0.0,0
