problem,access,navigate,page_close,video,discussion,wiki
1.4406454496153462,3.292878689342031,1.584962500721156,3.0649696617822264,2.8423709931771093,0,0
