problem,access,navigate,page_close,video,discussion,wiki
2.016875695766564,2.1676012436053553,1.4911148500551858,2.3140423191464436,2.221076018836728,0.0,0
