problem,access,navigate,page_close,video,discussion,wiki
2.5041514963786065,3.752917104180472,2.6312929881819,3.529072619816999,3.6722581471976707,2.555694705356303,0
