problem,access,navigate,page_close,video,discussion,wiki
0,1.224394445405986,0.8904916402194913,1.4355205042826666,1.0,0.0,1.0
