problem,access,navigate,page_close,video,discussion,wiki
0.9182958340544896,2.964497856915515,2.35274578087187,2.610577243331642,2.521640636343318,0.0,0.0
