problem,access,navigate,page_close,video,discussion,wiki
0,2.3480476421291163,2.4135913033187166,2.279799131837405,2.5219280948873624,0,0.0
