problem,access,navigate,page_close,video,discussion,wiki
2.1516634398569803,2.4424515878790305,1.2776134368191154,2.377223256836938,2.206238928653389,0.5435644431995964,1.0
