problem,access,navigate,page_close,video,discussion,wiki
0,2.3523505541228946,1.584962500721156,2.2584598927441624,2.0762893592941096,0,0
