problem,access,navigate,page_close,video,discussion,wiki
1.9211854965885542,3.283471493731687,2.2998963911678914,1.584962500721156,2.491205447394441,0,0
