problem,access,navigate,page_close,video,discussion,wiki
0.0,2.032149669953179,2.3709505944546687,2.1535654389463628,1.9219280948873623,0.0,0.0
