problem,access,navigate,page_close,video,discussion,wiki
2.34415082775849,3.7646667274866745,3.4898425809826747,3.419381945646371,2.5216406363433186,0.9852281360342516,0.0
