problem,access,navigate,page_close,video,discussion,wiki
3.5176401271014734,3.772400463380988,3.8996588631797953,3.610389889552675,3.6995504509726387,3.12003430266502,0
