problem,access,navigate,page_close,video,discussion,wiki
1.8337480427828443,2.4607861784054164,2.5492553971685,2.5834360027897394,2.5545851693377997,1.768853837616,0.0
