problem,access,navigate,page_close,video,discussion,wiki
0,1.7305693057297304,2.2704260414863775,1.8910611120726528,1.8464393446710154,0,0
