problem,access,navigate,page_close,video,discussion,wiki
0,2.257404700452583,0.863120568566631,2.33022229870108,2.0,0,0
