problem,access,navigate,page_close,video,discussion,wiki
0.0,2.134431504340598,1.9182958340544896,2.1055872616982603,1.5219280948873621,0.0,0
