problem,access,navigate,page_close,video,discussion,wiki
0.9852281360342516,1.4219115073546411,1.7609640474436812,1.584962500721156,1.5,0,0
