problem,access,navigate,page_close,video,discussion,wiki
0,1.198183947911799,1.5219280948873621,1.1488348542809166,0,0,0
