problem,access,navigate,page_close,video,discussion,wiki
0,1.5461796919474975,1.5487949406953985,1.8250112108241772,1.5,0.0,0
