problem,access,navigate,page_close,video,discussion,wiki
0.0,1.657742726504889,1.272905595320056,1.4854752972273344,1.0,0.9910760598382222,1.0
