problem,access,navigate,page_close,video,discussion,wiki
0,1.6054050130530164,1.4353713907745331,1.6010143058068347,1.5546097612655667,0.0,0.0
