problem,access,navigate,page_close,video,discussion,wiki
0,1.4958242288403436,0.7219280948873623,1.2958363892911637,0.0,0,0
