problem,access,navigate,page_close,video,discussion,wiki
2.199082295352821,2.966757591406479,1.9362600275315274,0,2.5032583347756456,1.8423709931771086,0.0
