problem,access,navigate,page_close,video,discussion,wiki
0.0,2.2525340262660305,1.9219280948873623,1.8676338909712125,0.0,0,0
