problem,access,navigate,page_close,video,discussion,wiki
0.0,0.9798687566511528,0.0,1.3609640474436813,0.863120568566631,0,0
