problem,access,navigate,page_close,video,discussion,wiki
1.4591479170272448,3.477768957001298,2.882704143954937,3.324580902437952,3.0337940209922127,1.4056390622295665,0.0
