problem,access,navigate,page_close,video,discussion,wiki
0.8571484374283715,0.6500224216483541,0.9182958340544896,0.8366407419411673,0.5435644431995964,0,0
