problem,access,navigate,page_close,video,discussion,wiki
1.9039678130877657,3.810354171085962,4.054538856580817,3.8726125980142245,3.2780614658328315,3.941383121221952,0.9182958340544896
