problem,access,navigate,page_close,video,discussion,wiki
0.0,2.3938280220947856,1.5654483718208254,2.261043983337285,1.4854752972273344,0.0,0
