problem,access,navigate,page_close,video,discussion,wiki
0.0,1.7482277009976617,1.4466166676282082,1.9653472755846206,1.640223928941852,0.0,0
