problem,access,navigate,page_close,video,discussion,wiki
2.7377968115985953,3.5209983926991133,2.910992253015046,2.521640636343318,0.0,1.292727214755173,1.0
