problem,access,navigate,page_close,video,discussion,wiki
0.9182958340544896,3.1847070152819525,2.2312702546075758,2.930584349424689,2.7052290027422967,0.0,0
