problem,access,navigate,page_close,video,discussion,wiki
2.3685225277282065,3.0912189794487652,2.35274578087187,3.0792258015191027,2.9547012441673464,1.0,0
