problem,access,navigate,page_close,video,discussion,wiki
1.0,3.267160743994029,2.946837499253083,3.243126821638029,2.6209520310264036,1.131314688649721,0
