problem,access,navigate,page_close,video,discussion,wiki
1.5726236638951638,1.5046883751980775,1.1941737342569119,2.0,2.0202442071537563,0.0,0
