problem,access,navigate,page_close,video,discussion,wiki
1.5304930567574824,2.433206219346495,1.7924812503605778,1.0,1.0,0,0
