problem,access,navigate,page_close,video,discussion,wiki
0.0,1.326427315856485,0.8112781244591328,1.4256051990169438,1.9182958340544896,0.0,0.0
