problem,access,navigate,page_close,video,discussion,wiki
1.72215983192208,2.385329517567433,1.9182958340544893,2.2437158045835988,2.324889451733241,1.4591479170272446,0
