problem,access,navigate,page_close,video,discussion,wiki
1.8843135277997989,2.3753068474362315,2.0890038287775923,2.279720852464461,0.0,1.7107770844150676,1.6671089489448283
