problem,access,navigate,page_close,video,discussion,wiki
0.0,1.6691803368667308,0.4689955935892812,1.584962500721156,0.0,0.0,0.0
