problem,access,navigate,page_close,video,discussion,wiki
0.954434002924965,2.141469061740728,2.199687794731328,2.498100649502436,2.1492553971684996,0.863120568566631,0
