problem,access,navigate,page_close,video,discussion,wiki
0,2.7420834676078063,2.502599013401202,2.4056390622295662,0.9182958340544896,0.0,0.0
