problem,access,navigate,page_close,video,discussion,wiki
1.5166238110793633,3.11246061748525,2.4193819456463714,2.1556390622295662,2.8962915290459277,0.0,0
