problem,access,navigate,page_close,video,discussion,wiki
3.0406293291319275,3.4367670394000234,2.7719023720385585,1.0,2.321928094887362,2.4430741894285695,0
