problem,access,navigate,page_close,video,discussion,wiki
0.9182958340544896,1.3779630390761746,2.584962500721156,1.0,0.9182958340544896,0.9366673818775625,0.0
