problem,access,navigate,page_close,video,discussion,wiki
0,2.3507284798132777,2.6735332098491886,1.7709505944546688,1.7924812503605778,1.0,0.0
