problem,access,navigate,page_close,video,discussion,wiki
0,1.8474201200521745,1.771782221599798,1.4572659136233872,0.0,1.0,0
