problem,access,navigate,page_close,video,discussion,wiki
0,1.669180336866731,1.5,2.521640636343318,1.5487949406953985,0,0
