problem,access,navigate,page_close,video,discussion,wiki
1.2277341672796318,1.9772521280282191,2.7205827761460126,2.008496810685675,0.9709505944546686,0.0,0
