problem,access,navigate,page_close,video,discussion,wiki
1.2957378005380122,3.2808521105940516,2.8453509366224368,0,0.0,1.5219280948873621,0.0
