problem,access,navigate,page_close,video,discussion,wiki
1.4183533479345782,3.2048642459351018,2.5216406363433186,3.263176541776475,3.002269531977124,0.0,0
