problem,access,navigate,page_close,video,discussion,wiki
1.7193758224153697,1.5332062193464953,2.141821596022348,1.402993418443045,1.2516291673878228,0,0.0
