problem,access,navigate,page_close,video,discussion,wiki
2.1180782093497093,3.7157136816777254,3.627579716629469,3.1056721842714325,3.09306920777189,0.0,0.0
