problem,access,navigate,page_close,video,discussion,wiki
0.9798687566511528,2.9915210242765813,2.6612262562697895,1.9219280948873623,1.584962500721156,0,0
