problem,access,navigate,page_close,video,discussion,wiki
0.24988229283318544,2.043057694064253,1.4056390622295665,1.6349288300680023,1.158938532350277,1.836591668108979,0.0
