problem,access,navigate,page_close,video,discussion,wiki
0,0.7219280948873623,1.9362600275315274,0.4394969869215134,1.3609640474436813,1.0,1.0
