problem,access,navigate,page_close,video,discussion,wiki
0,2.6657626148832203,1.2516291673878228,2.742411731781963,2.5735572622751857,0.0,0.0
