problem,access,navigate,page_close,video,discussion,wiki
0,2.5277013039622633,2.2841591278514217,2.5255469101921086,2.0670314951575843,0,0
