problem,access,navigate,page_close,video,discussion,wiki
2.2016094970590276,2.949175516265019,2.568084324344715,2.8453509366224368,0,0.9182958340544896,0
