problem,access,navigate,page_close,video,discussion,wiki
3.5329578764605403,3.946400074308997,4.151950786193939,3.448456690564668,2.125814583693911,3.6283894084521013,0
