problem,access,navigate,page_close,video,discussion,wiki
1.823067982273661,3.062758746357673,2.776724800062121,3.1989389146669436,2.081351689690328,0.9709505944546686,0
