problem,access,navigate,page_close,video,discussion,wiki
0.8395692824348838,3.219457676190115,2.1280852788913944,2.2516291673878226,2.235926350629032,0.0,0
