problem,access,navigate,page_close,video,discussion,wiki
0,1.2433003685389579,1.4591479170272448,0.3731399901212818,0.19590927087360493,0,0
