problem,access,navigate,page_close,video,discussion,wiki
1.5219280948873621,2.2935902052527033,1.9182958340544893,1.0,0.0,0,0
