problem,access,navigate,page_close,video,discussion,wiki
1.0,2.160304250126051,1.9219280948873623,2.141821596022348,2.1180782093497093,0,0
