problem,access,navigate,page_close,video,discussion,wiki
3.397395207737178,3.7499431291597944,2.725480556997868,3.805575834789546,0,0,0
