problem,access,navigate,page_close,video,discussion,wiki
0,2.5659236460516475,3.0449127332389456,2.321928094887362,1.584962500721156,0,0
