problem,access,navigate,page_close,video,discussion,wiki
1.5013579287098409,3.3930804706933153,3.238901256602631,3.3023268599272235,0,0.0,0
