problem,access,navigate,page_close,video,discussion,wiki
2.4643159087412565,4.037585458679921,3.7095743809170485,3.5599000019230833,3.8905261118092316,3.1384600665861555,0
