problem,access,navigate,page_close,video,discussion,wiki
0.0,2.7249380463422193,2.3685225277282065,0,0,0.0,1.584962500721156
