problem,access,navigate,page_close,video,discussion,wiki
0.6840384356390417,2.9747794044988547,3.0220552088742,3.0197051199621585,2.0805005306402675,0,0
