problem,access,navigate,page_close,video,discussion,wiki
0,3.6533898635342443,2.321928094887362,3.8833374604210062,3.9051522333109343,0,0
