problem,access,navigate,page_close,video,discussion,wiki
2.5654483718208256,3.8089620787091447,3.086048612313038,3.8733856783573075,3.593269689515108,0,0
