problem,access,navigate,page_close,video,discussion,wiki
0.9366673818775625,2.0723044180296144,2.311278124459133,2.0774062828523454,1.4911148500551856,1.0,0.0
