problem,access,navigate,page_close,video,discussion,wiki
2.510134139090187,3.435108395785652,3.261507948828742,3.263131383095593,3.337346617553605,2.436512362897067,0
