problem,access,navigate,page_close,video,discussion,wiki
2.281193931169619,3.9772913015982816,2.748981817484077,4.219911391004378,4.22411871171893,2.3309391842605276,0.0
