problem,access,navigate,page_close,video,discussion,wiki
0,3.566286394666451,2.074087044559035,3.1180782093497093,3.1018812234760182,1.5510981710072647,1.0
