problem,access,navigate,page_close,video,discussion,wiki
2.9399958204875416,3.7049555865527437,3.2608281712244547,2.584962500721156,2.1280852788913944,0,0
