problem,access,navigate,page_close,video,discussion,wiki
0.7024665512903903,2.124654676815835,1.5,1.9869608142719168,1.7219280948873623,0,0
