problem,access,navigate,page_close,video,discussion,wiki
3.0916460506276104,3.745030481546729,3.564696448411061,3.2980970974582484,3.574151627087261,2.9700098641465686,0.8112781244591328
