problem,access,navigate,page_close,video,discussion,wiki
2.0,3.0102479000815663,2.5249449750847117,1.9182958340544893,1.5,1.5,0
