problem,access,navigate,page_close,video,discussion,wiki
0,1.9329145639793976,2.1711395066729176,0.0,0.0,0.9774178175281716,0.5916727785823275
