problem,access,navigate,page_close,video,discussion,wiki
1.4532773486069013,3.0192475629608078,2.4193819456463714,2.1556390622295662,0.0,0.0,0
