problem,access,navigate,page_close,video,discussion,wiki
1.4674579648482995,2.071111001423678,1.971747257128181,1.9709505944546688,0.9182958340544896,1.5,0.8112781244591328
