problem,access,navigate,page_close,video,discussion,wiki
0,0.9898130495535494,0.4394969869215134,1.3410971216314893,1.5546097612655665,0.0,0.0
