problem,access,navigate,page_close,video,discussion,wiki
0,1.6968428034773932,0.9709505944546686,1.739353872167201,0,0,0
