problem,access,navigate,page_close,video,discussion,wiki
0.0,3.2686638656380285,2.5497873815230374,3.3982508176045543,0.9182958340544896,0.41381685030363374,1.0
