problem,access,navigate,page_close,video,discussion,wiki
0.0,0.8812908992306927,0.8112781244591328,1.1488348542809166,0,0.863120568566631,0
