problem,access,navigate,page_close,video,discussion,wiki
1.8810947601100747,2.7651233873366436,2.449311833026446,2.751554236174763,2.7599502556689495,1.3787834934861753,0
