problem,access,navigate,page_close,video,discussion,wiki
0,0.9709505944546686,1.9526832779469112,0.961236604722876,1.0,0.8112781244591328,0
