problem,access,navigate,page_close,video,discussion,wiki
0.9182958340544896,2.401517704317161,2.147348781633051,2.266992565727394,1.5,0.0,0.0
