problem,access,navigate,page_close,video,discussion,wiki
0,1.9735883179382914,1.5304930567574826,1.8565647621309542,2.0883763717345074,0,0
