problem,access,navigate,page_close,video,discussion,wiki
1.9319131950454078,4.147001003146672,3.7439821538141276,2.5650765423363695,2.8731406795131336,3.070137840328079,0
