problem,access,navigate,page_close,video,discussion,wiki
0.9709505944546686,2.83008623802222,1.6577427265048887,3.155565013329719,2.7219280948873625,1.2177968115985958,0.0
