problem,access,navigate,page_close,video,discussion,wiki
1.5715416718219246,2.781753655580171,1.974937501201927,0.0,0.0,0,0
