problem,access,navigate,page_close,video,discussion,wiki
0,2.578336119270529,2.188721875540867,2.202819531114783,1.9056390622295665,0.0,0
