problem,access,navigate,page_close,video,discussion,wiki
2.429186303895997,2.3652996758359013,2.3457192839305274,1.945530556036326,2.1894547433413445,2.217021885879718,0.0
