problem,access,navigate,page_close,video,discussion,wiki
2.163560579567355,2.8842137797799303,2.923231428797621,1.584962500721156,1.0,2.3516441151533924,0.9182958340544896
