problem,access,navigate,page_close,video,discussion,wiki
2.5216406363433186,2.9088489987284585,1.6644977792004614,1.0,0,0,0
