problem,access,navigate,page_close,video,discussion,wiki
1.5219280948873621,2.5794538663288002,1.7381493331928661,2.251629167387823,1.584962500721156,0,0
