problem,access,navigate,page_close,video,discussion,wiki
1.8916655842168675,3.0978980496593334,3.048884070537636,3.302139082066753,2.9312089489103235,0,0
