problem,access,navigate,page_close,video,discussion,wiki
2.4820855444602126,3.387055387787909,3.280394654123195,3.4924410983799232,2.6444627843668553,0.8112781244591328,0
