problem,access,navigate,page_close,video,discussion,wiki
1.4591479170272448,2.2112731370791376,2.0216148719112956,2.0641893753728278,1.5510981710072647,0.699857857026928,1.5
