problem,access,navigate,page_close,video,discussion,wiki
2.6757667704674244,3.8973261272755133,3.4529677465719057,4.074639119770149,3.839328126933222,0,0
