problem,access,navigate,page_close,video,discussion,wiki
0,2.9084105784366887,3.08224826295124,2.684017280829845,1.6500224216483543,0.863120568566631,0.0
