problem,access,navigate,page_close,video,discussion,wiki
1.5610350134043296,1.4854752972273344,2.295465679180292,1.4591479170272448,0.0,0,0
