problem,access,navigate,page_close,video,discussion,wiki
1.8588657627029597,2.6883186926320386,3.070847093622518,2.60898080119425,2.008694969562842,0.0,0.0
