problem,access,navigate,page_close,video,discussion,wiki
2.665957320949175,3.563678467752549,3.2210972500579564,3.5867564104707723,3.4293299948293683,1.5,0
