problem,access,navigate,page_close,video,discussion,wiki
0.0,2.772593366144261,2.113283334294875,2.713838594066879,2.6612262562697895,0.8453509366224365,0
