problem,access,navigate,page_close,video,discussion,wiki
1.5,2.421442403757539,1.8676338909712122,2.3522170014624826,1.5219280948873621,0,0
