problem,access,navigate,page_close,video,discussion,wiki
0,1.3784188527203236,1.5,1.483831706844689,1.5709505944546687,0,0
