problem,access,navigate,page_close,video,discussion,wiki
0.9975025463691153,1.7429241195702505,2.2272170014624826,1.0,1.584962500721156,0.9709505944546686,0
