problem,access,navigate,page_close,video,discussion,wiki
1.8951110125806483,2.9504901401057415,3.3150849518197796,2.8436699902681237,1.7273966735744792,0,0
