problem,access,navigate,page_close,video,discussion,wiki
0.9798687566511528,3.495680482183932,3.0937305831096555,3.885615875496477,3.6163485660751635,1.549397853339606,0.0
