problem,access,navigate,page_close,video,discussion,wiki
0.9852281360342516,1.1994602933016414,0.6500224216483541,0.0,0,0,0.0
