problem,access,navigate,page_close,video,discussion,wiki
2.005175440450743,2.4489989791305744,1.689391746743088,1.0,1.9182958340544893,0,0.0
