problem,access,navigate,page_close,video,discussion,wiki
0.863120568566631,2.281164435542062,2.071111001423678,1.584962500721156,0,0.0,0.9182958340544896
