problem,access,navigate,page_close,video,discussion,wiki
2.1469326710455228,2.932550037385033,2.321928094887362,2.905764584655453,1.7527152789797047,0,0
