problem,access,navigate,page_close,video,discussion,wiki
2.3598063039211006,3.0721096467724873,1.7219280948873623,2.321928094887362,0.0,0,0
