problem,access,navigate,page_close,video,discussion,wiki
0.9852281360342516,2.8336687981387185,1.5,3.2216204045696006,3.1112577923933036,1.188721875540867,0
