problem,access,navigate,page_close,video,discussion,wiki
0,1.4591479170272448,1.4355205042826666,1.823026490712885,1.6644977792004614,0,0
