problem,access,navigate,page_close,video,discussion,wiki
0,1.7884504573082896,1.5,2.186704345910025,2.1219280948873624,0.0,0
