problem,access,navigate,page_close,video,discussion,wiki
0.0,2.217021885879718,1.9056390622295665,2.1626441180472606,1.9056390622295665,0,0
