problem,access,navigate,page_close,video,discussion,wiki
0.0,2.3915549260643076,2.3991303913908006,2.521928094887362,2.75,0.0,1.0
