problem,access,navigate,page_close,video,discussion,wiki
1.541982284286398,1.6993660159854245,1.5,1.7423773993623528,1.9182958340544893,0,0
