problem,access,navigate,page_close,video,discussion,wiki
0.8256265261578954,2.751845215237998,2.464083511770376,3.0304838352901164,2.9641534765420037,0.0,0.0
