problem,access,navigate,page_close,video,discussion,wiki
2.1180782093497093,3.2498496473836482,2.9756180821689107,1.679429366813955,1.8322488896002305,1.6945423239604995,1.6858157091530304
