problem,access,navigate,page_close,video,discussion,wiki
0,0.9852281360342516,0.8795064608120066,0.9852281360342516,0.0,0.0,0.0
