problem,access,navigate,page_close,video,discussion,wiki
0.9910760598382222,3.118275160770976,1.3709505944546687,0,1.0,0,0
