problem,access,navigate,page_close,video,discussion,wiki
0,0.5916727785823275,0.7219280948873623,1.1488348542809166,0,0,0.0
