problem,access,navigate,page_close,video,discussion,wiki
1.1049663816510649,3.305253042799875,2.7542944491633383,1.9219280948873623,1.5,0.4262286569981449,0.0
