problem,access,navigate,page_close,video,discussion,wiki
0.0,2.529696439528413,2.827819531114783,2.510056460356539,1.1488348542809166,0.0,0.0
