problem,access,navigate,page_close,video,discussion,wiki
1.634431504340598,2.1126483229255064,2.4591479170272446,1.9375,1.967207917577732,0.7553754125614287,0
