problem,access,navigate,page_close,video,discussion,wiki
1.4155657531188455,1.6751419825062464,1.4387586809150084,1.6206427761280366,1.543751954420502,1.086987702339905,1.0
