problem,access,navigate,page_close,video,discussion,wiki
1.4411665441579462,2.3355055565170972,1.9219280948873623,2.4056390622295662,2.197159723424149,0,0
