problem,access,navigate,page_close,video,discussion,wiki
3.0060641514985913,3.32204678526459,3.4137995646056805,3.278141883361602,2.709877296455211,2.489671935676607,0.0
