problem,access,navigate,page_close,video,discussion,wiki
3.235920912017609,3.4364176946261105,3.411344008712305,3.040130553396844,2.886377281863636,2.7835651892696593,2.289246428509158
