problem,access,navigate,page_close,video,discussion,wiki
0,1.7370148112524408,2.625814583693911,1.6105772433316423,0.0,0.0,0
