problem,access,navigate,page_close,video,discussion,wiki
2.1891257279624474,2.4531103198637725,2.222191575506678,2.559792748605048,2.164456674269749,0.1350362028021276,0.0
