problem,access,navigate,page_close,video,discussion,wiki
2.832638353223403,3.5384823263592278,2.460904932167797,2.481714572986073,2.7732395865119255,2.9756082142242546,0
