problem,access,navigate,page_close,video,discussion,wiki
0.0,2.359079570624175,2.4248356349861977,1.9609640474436814,1.5,1.384431504340598,0.0
