problem,access,navigate,page_close,video,discussion,wiki
2.872595205349618,3.2358117237543835,1.9746017527145814,3.4993981823473783,3.2426969701892676,3.022629778890169,0
