problem,access,navigate,page_close,video,discussion,wiki
2.734276591052281,3.4651237410756237,3.6277266867252465,3.6675537598171286,3.0182421448222363,3.4482684787558373,1.5
