problem,access,navigate,page_close,video,discussion,wiki
0.8112781244591328,1.402081402756032,0.863120568566631,0,0,0,0
