problem,access,navigate,page_close,video,discussion,wiki
1.565596230357602,3.0158765860540524,2.66329080817766,2.23345859334435,1.3609640474436813,2.1709505944546685,1.584962500721156
