problem,access,navigate,page_close,video,discussion,wiki
3.6193971790374753,4.09870931462558,3.3456846053435116,3.4297417753631367,4.008947073809811,3.586887840995814,0.0
