problem,access,navigate,page_close,video,discussion,wiki
0.0,1.9852305295771409,2.3068905956085186,2.355388542207534,1.6644977792004614,0,0
