problem,access,navigate,page_close,video,discussion,wiki
2.561848239589024,3.2593341259191755,3.2123234760935135,3.501721307691036,2.7464393446710154,2.656233237213087,1.4885252948977485
