problem,access,navigate,page_close,video,discussion,wiki
3.6944293975412026,3.911599684404602,2.8391650443268386,3.9195622403234673,3.7115287422055445,0.4220005168831531,0.39124356362925566
