problem,access,navigate,page_close,video,discussion,wiki
1.4926140680171258,2.7047559902957303,2.222191575506678,0.0,0,0.0,0
