problem,access,navigate,page_close,video,discussion,wiki
0.0,2.98052233650505,2.439005517604766,2.856327319613837,2.606238928653389,2.102579632633084,1.9219280948873623
