problem,access,navigate,page_close,video,discussion,wiki
0,2.1094829849330767,0.6500224216483541,2.5220552088742005,2.251629167387823,0.0,0
