problem,access,navigate,page_close,video,discussion,wiki
2.4183702285586235,2.7331196221180094,2.8486337428179533,2.7786194794914922,2.4349054335653717,1.7431107086192885,0.8112781244591328
