problem,access,navigate,page_close,video,discussion,wiki
0.0,2.423533209849189,1.224394445405986,2.625,2.459147917027245,0.0,0.0
