problem,access,navigate,page_close,video,discussion,wiki
0,1.3092966682370037,1.3250112108241772,0.7219280948873623,0.0,0.9182958340544896,0.0
