problem,access,navigate,page_close,video,discussion,wiki
1.7574839898128802,2.7789823570948933,2.9219280948873623,3.197159723424149,1.2516291673878228,0,0
