problem,access,navigate,page_close,video,discussion,wiki
0.9709505944546686,2.2724876891689534,0.9182958340544896,2.214812224859865,2.170950594454669,0.0,0
