problem,access,navigate,page_close,video,discussion,wiki
0.0,1.6909338059596861,0.8112781244591328,1.867633890971212,1.5219280948873621,0.0,0
