problem,access,navigate,page_close,video,discussion,wiki
0.9456603046006402,1.5715416718219246,0.8112781244591328,1.2389012566026307,0.0,0,0
