problem,access,navigate,page_close,video,discussion,wiki
0,2.835170353954239,2.1280852788913944,2.629219686524097,2.6556390622295662,0.0,0
