problem,access,navigate,page_close,video,discussion,wiki
2.3395722619867225,3.5418840749551315,3.1898980954642875,3.170950594454668,1.7924812503605778,0,0
