problem,access,navigate,page_close,video,discussion,wiki
0.3227569588973982,2.5587145950619976,2.685815709153031,2.5,1.0,0.8112781244591328,1.0
