problem,access,navigate,page_close,video,discussion,wiki
0.9268190639645772,2.206760775955707,0.5489544344250401,2.1173503715768223,1.884313527799799,0.0,0.0
