problem,access,navigate,page_close,video,discussion,wiki
0.9910760598382222,2.091416316690631,2.3390119237900104,0.9182958340544896,1.0,0.8112781244591328,1.0
