problem,access,navigate,page_close,video,discussion,wiki
2.427694271103767,3.2427839166549544,3.3144093452479404,2.004886164091843,1.9219280948873623,2.4632431204148593,0.0
