problem,access,navigate,page_close,video,discussion,wiki
0.0,3.3186505576670773,2.7321588913645702,2.4193819456463714,1.9219280948873623,0.9182958340544896,1.4185644431995963
