problem,access,navigate,page_close,video,discussion,wiki
0.7335379291086666,3.0502495090545407,3.733791415580222,3.0395861360393774,0,3.422182471314732,0.6685644431995964
