problem,access,navigate,page_close,video,discussion,wiki
1.3690769344234988,3.281146042466185,2.819773835029478,1.584962500721156,2.0,0.0,0
