problem,access,navigate,page_close,video,discussion,wiki
1.2631681409102118,2.355050386624207,2.4856936124307722,2.5261771390325656,0,0.7219280948873623,0
