problem,access,navigate,page_close,video,discussion,wiki
1.409975018822061,2.581219951683125,1.7924812503605778,2.6765466803457985,2.2016094970590276,0.0,0
