problem,access,navigate,page_close,video,discussion,wiki
0,2.015829809349289,1.3709505944546687,2.161978179679554,2.1180782093497093,0.0,0
