problem,access,navigate,page_close,video,discussion,wiki
2.0078560636920493,3.079458000080889,3.2575004135020675,0.0,2.0,4.065733017202743,1.0
