problem,access,navigate,page_close,video,discussion,wiki
2.5887791855917497,3.6882125046942735,3.5061983328100945,3.699859502420078,2.9829522735315503,1.8954630584441683,1.584962500721156
