problem,access,navigate,page_close,video,discussion,wiki
0,1.9386790169573507,2.227877967531032,1.061278124459133,0.0,0.8683927290103626,1.0
