problem,access,navigate,page_close,video,discussion,wiki
1.6925786457610767,2.37128437551674,1.9502120649147465,0.0,2.013132465170739,0.0,0
