problem,access,navigate,page_close,video,discussion,wiki
2.0244547792286607,2.882220486840741,2.6986604604011153,2.965429965577141,0,2.3474165866149783,0.0
