problem,access,navigate,page_close,video,discussion,wiki
1.5440240964819507,2.103414639559314,2.162292189082415,2.0403733936884962,1.8810947601100747,1.188721875540867,0.9182958340544896
