problem,access,navigate,page_close,video,discussion,wiki
2.072905595320056,3.4951008387676095,2.396782221599798,3.604644281080974,3.6178610297498888,0.0,0.0
