problem,access,navigate,page_close,video,discussion,wiki
0,3.7183434743114625,2.25,2.858278308418045,2.6464393446710157,0,0
