problem,access,navigate,page_close,video,discussion,wiki
2.9667355207550132,3.1286072973652193,1.3516441151533924,3.255130682546323,3.075860293219126,0.0,0
