problem,access,navigate,page_close,video,discussion,wiki
2.74612226369535,3.187721948505403,2.9182958340544896,3.2499023309288595,3.0552557931123943,0,0
