problem,access,navigate,page_close,video,discussion,wiki
1.4934692759958872,2.4505021015883584,2.751629167387823,0.9182958340544896,0,0.41381685030363374,0.9182958340544896
