problem,access,navigate,page_close,video,discussion,wiki
0,1.8679653582397107,0.9182958340544896,1.9591479170272448,1.867633890971212,0,0
