problem,access,navigate,page_close,video,discussion,wiki
0,2.813625053864167,1.6644977792004614,2.7893643477641703,1.9852281360342512,0.0,0.0
