problem,access,navigate,page_close,video,discussion,wiki
2.1767526697769197,3.0801063497772883,2.7807034685039698,2.9695081330050783,0.0,1.3709505944546687,1.0
