problem,access,navigate,page_close,video,discussion,wiki
1.481900724681564,2.2259794472344403,1.823067982273661,2.038159681645953,1.0,0.0,0
