problem,access,navigate,page_close,video,discussion,wiki
1.701574894831266,1.8684708973166215,2.351644115153392,1.79306922029709,1.5156546557441943,1.5776254908783667,1.9219280948873623
