problem,access,navigate,page_close,video,discussion,wiki
1.7838593436779766,2.4958853979143045,2.3709505944546687,2.6832403580119766,1.9056390622295665,0.0,0
