problem,access,navigate,page_close,video,discussion,wiki
1.5219280948873621,3.069545869854122,2.569258485661211,1.0,0,0.0,0.0
