problem,access,navigate,page_close,video,discussion,wiki
1.8062389286533895,3.04422165022783,2.2256051990169436,1.584962500721156,1.0,0.0,0.0
