problem,access,navigate,page_close,video,discussion,wiki
2.1709505944546685,3.344766835590863,2.5274955437916096,2.0,1.0,1.1042712693386636,0
