problem,access,navigate,page_close,video,discussion,wiki
0.5225593745369408,1.5794160077843604,1.384431504340598,1.0,0.0,0.0,0.0
