problem,access,navigate,page_close,video,discussion,wiki
1.3403852530565898,2.9586923843528075,1.780672129520887,3.007068262261793,3.5766176449086653,0.0,0
