problem,access,navigate,page_close,video,discussion,wiki
0.0,1.8585552118703144,1.9182958340544893,0.9182958340544896,1.0,0,0
