problem,access,navigate,page_close,video,discussion,wiki
0.0,3.160373272528725,2.725480556997868,0.0,1.0,0.9182958340544896,0
