problem,access,navigate,page_close,video,discussion,wiki
2.4671448725992127,3.5178327227657697,2.9219280948873627,2.984234164652489,2.67483503096275,0,0
