problem,access,navigate,page_close,video,discussion,wiki
2.103795668197918,2.5627156622255587,1.8423709931771086,2.577819531114783,2.4193819456463714,0.9967916319816366,0.0
