problem,access,navigate,page_close,video,discussion,wiki
1.5,3.419605892484789,2.422579761842491,3.103909910282364,2.7329145639793984,0,0.0
