problem,access,navigate,page_close,video,discussion,wiki
2.1172537159518945,2.3412803980219454,2.6062389286533896,2.350173425133035,2.4703255391900414,0.9709505944546686,0
