problem,access,navigate,page_close,video,discussion,wiki
0,2.9057645846554525,2.7192945256669794,2.94770277922009,2.0,0,0
