problem,access,navigate,page_close,video,discussion,wiki
1.2987949406953985,3.3129791132998405,2.4193819456463714,1.584962500721156,0,0.9182958340544896,0
