problem,access,navigate,page_close,video,discussion,wiki
0.0,2.0683739066012206,1.3709505944546687,2.2963168308262123,2.365596230357602,0,0
