problem,access,navigate,page_close,video,discussion,wiki
3.22142999683272,3.7967873944291775,2.712627849343829,0,2.321928094887362,0,0.0
