problem,access,navigate,page_close,video,discussion,wiki
0.7950402793845223,1.985520659974146,2.37642813061118,0,0,1.8464393446710154,1.792481250360578
