problem,access,navigate,page_close,video,discussion,wiki
0.6840384356390417,2.8765896566842346,1.7004397181410922,1.0,1.0,0.0,0.0
