problem,access,navigate,page_close,video,discussion,wiki
0.9709505944546686,1.9114133659676638,1.9182958340544893,1.8024212838293647,1.8556037770398301,0.0,0
