problem,access,navigate,page_close,video,discussion,wiki
1.7273966735744792,2.5234250315760764,1.573402452417767,2.5349317921517,2.3437621626224825,0.0,0.0
