problem,access,navigate,page_close,video,discussion,wiki
1.5566567074628228,2.832067244352593,1.584962500721156,2.9140163035068447,2.7471671973069336,0,0
