problem,access,navigate,page_close,video,discussion,wiki
3.0519115370250116,4.015522897334674,4.1291488832375896,4.017068674044443,3.7603831638653724,3.5533252902507697,0.0
