problem,access,navigate,page_close,video,discussion,wiki
0,1.7135971524443743,2.2920717524577867,0.0,0.0,1.7295739585136223,1.5
