problem,access,navigate,page_close,video,discussion,wiki
3.9651130675824175,4.67895459798277,4.510012584300538,3.2516291673878226,3.74894004700543,2.957440472019797,0.0
