problem,access,navigate,page_close,video,discussion,wiki
0,3.2149099901199847,2.1280852788913944,3.533623341452858,3.442862165155466,0,0
