problem,access,navigate,page_close,video,discussion,wiki
1.7749257502512932,2.473586940329253,2.4508257945180882,2.3353656661255395,2.197638749433338,0,0
