problem,access,navigate,page_close,video,discussion,wiki
1.3787834934861753,2.7114289737633124,1.9219280948873623,2.7378723922315147,2.222191575506678,0,0
