problem,access,navigate,page_close,video,discussion,wiki
0.0,2.0095419864445954,2.6022170014624826,1.5,0.9182958340544896,0.7706635459878961,0
