problem,access,navigate,page_close,video,discussion,wiki
0.9852281360342516,0.9744894033980523,0.0,0.0,0.9940302114769565,0,0
