problem,access,navigate,page_close,video,discussion,wiki
2.5304930567574826,3.2825187459968066,3.2601639826326836,3.247820848910037,3.222517782937844,1.948372960273852,1.5
