problem,access,navigate,page_close,video,discussion,wiki
3.157291981353717,4.121001653549288,3.3904685707328275,4.174440797022772,3.692965207485574,1.717205339770073,0.0
