problem,access,navigate,page_close,video,discussion,wiki
0.0,2.1656372845999217,0.9182958340544896,2.3329764497966083,2.146465798504072,0,0
