problem,access,navigate,page_close,video,discussion,wiki
1.5285040787412216,2.9378952369420395,2.441068585955437,0,0,1.5058231002082845,0.9182958340544896
