problem,access,navigate,page_close,video,discussion,wiki
1.4716774936810642,2.3703769443448754,2.0283878228982415,1.3709505944546687,1.9219280948873623,1.5,0.0
