problem,access,navigate,page_close,video,discussion,wiki
2.1270656308933718,2.8914378458438668,2.4464393446710155,2.8727216438447796,2.5304930567574826,0,0.8112781244591328
