problem,access,navigate,page_close,video,discussion,wiki
2.2789992922060898,2.9889617882787975,2.913977073182752,3.1775662320965252,2.7988599498251943,2.251629167387823,0
