problem,access,navigate,page_close,video,discussion,wiki
1.0087600267079522,2.6442475629608078,3.2516291673878226,2.601382162091293,2.004886164091843,1.3395989580328513,0
