problem,access,navigate,page_close,video,discussion,wiki
1.833272872090471,2.545737576522112,2.332914563979398,2.482636902081392,2.5073801024236357,0.0,0.0
