problem,access,navigate,page_close,video,discussion,wiki
2.3974168451037094,1.6013633961148737,1.3709505944546687,1.8702538164316223,0.0,0.6252624052234231,0.0
