problem,access,navigate,page_close,video,discussion,wiki
0.8960382325345575,2.534343760710432,2.1924876891689533,1.584962500721156,1.0,0.0,0.0
