problem,access,navigate,page_close,video,discussion,wiki
3.9944571837076848,4.105239355046523,2.6632908081776594,4.120088362222015,3.8006913036103436,2.7932624906594095,1.584962500721156
