problem,access,navigate,page_close,video,discussion,wiki
0,1.814849370119841,1.5306189948485174,1.9086126988727123,0,1.2987949406953985,1.0
