problem,access,navigate,page_close,video,discussion,wiki
1.37928048729106,3.2110344186119995,1.3221793455166666,2.0,1.0,1.0,0.9182958340544896
