problem,access,navigate,page_close,video,discussion,wiki
1.7609640474436812,2.929994891664245,2.418295834054489,3.1105780147890165,2.3685225277282065,0.0,0.0
