problem,access,navigate,page_close,video,discussion,wiki
0,0.6500224216483541,0.6500224216483541,1.4056390622295665,1.5,0.0,0.0
