problem,access,navigate,page_close,video,discussion,wiki
0.9182958340544896,2.324385045266586,2.1556390622295662,2.502598068247261,1.9591479170272446,0.0,0
