problem,access,navigate,page_close,video,discussion,wiki
0,2.624268548254621,1.4591479170272448,2.2810361125534233,2.0,0,0
