problem,access,navigate,page_close,video,discussion,wiki
0.7793498372920852,2.8771133145928127,2.6031579868725996,2.9585991813224446,3.202910079649727,1.6063789506562658,0.0
