problem,access,navigate,page_close,video,discussion,wiki
1.584962500721156,2.7101913153547437,1.8910611120726526,2.050919982001498,1.450467463408549,0,0
