problem,access,navigate,page_close,video,discussion,wiki
0,2.0762893592941096,1.7709505944546688,2.133937566094917,1.5219280948873621,0.0,0.0
