problem,access,navigate,page_close,video,discussion,wiki
0.0,2.6508733475959803,1.3709505944546687,1.584962500721156,0.0,0,0
