problem,access,navigate,page_close,video,discussion,wiki
0.0,2.1755483337822117,2.5216406363433186,2.355388542207534,2.2516291673878226,1.224394445405986,0
