problem,access,navigate,page_close,video,discussion,wiki
1.3926844736036157,3.1986989197560654,3.5564463532308377,2.5086949695628418,2.1556390622295662,1.7609640474436812,0.0
