problem,access,navigate,page_close,video,discussion,wiki
2.421898415277084,3.989303532771015,3.6731466620217685,3.9192774057516764,3.451897992618091,1.9328045775391225,1.3709505944546687
