problem,access,navigate,page_close,video,discussion,wiki
0.9709505944546686,2.4693908681237335,2.793345194191516,2.259141984247902,2.197159723424149,1.1194435251110189,0
