problem,access,navigate,page_close,video,discussion,wiki
1.2516291673878228,4.221690476430566,3.8758740122352973,4.221010936307083,3.78862702985374,3.208264853111851,1.5
