problem,access,navigate,page_close,video,discussion,wiki
1.970824505582651,2.501642051126089,3.3219280948873626,2.3082708345352603,1.9042788285498586,0.0,0.0
