problem,access,navigate,page_close,video,discussion,wiki
1.7488893587522552,2.8215854962542437,2.983342099382735,2.0168205030977906,2.798674850144931,0.9949848281859701,0
