problem,access,navigate,page_close,video,discussion,wiki
0.0,2.2153603572973033,1.753434386188785,2.4038561897747246,2.4159220638351666,0,0
