problem,access,navigate,page_close,video,discussion,wiki
1.359330832236536,3.3606801626525016,2.663465189601647,3.3104084330211014,3.202819531114783,0.5435644431995964,0.0
