problem,access,navigate,page_close,video,discussion,wiki
1.9211796919474975,3.391206569739885,3.4763980962897083,2.463366342754056,1.9219280948873623,2.4496208857526978,1.061278124459133
