problem,access,navigate,page_close,video,discussion,wiki
0,2.0524212838293643,1.3787834934861753,2.128085278891394,1.5,0.0,0.0
