problem,access,navigate,page_close,video,discussion,wiki
1.3987153592677852,3.559705345115074,3.231270254607576,3.580154509570623,3.179562733027629,0.9852281360342516,0.0
