problem,access,navigate,page_close,video,discussion,wiki
0.0,2.4973255229883256,1.899022751175655,1.584962500721156,2.0,0.0,0.0
