problem,access,navigate,page_close,video,discussion,wiki
0,1.8423709931771084,1.5566567074628228,1.9182958340544893,1.5,0,0
