problem,access,navigate,page_close,video,discussion,wiki
1.3328204045850196,3.4416991566100337,2.5306390622295662,3.1725535823855564,2.6062389286533896,1.7445842076889955,0
