problem,access,navigate,page_close,video,discussion,wiki
0.0,1.97908126926051,1.792481250360578,2.07462769858425,0.0,1.3709505944546687,1.0
