problem,access,navigate,page_close,video,discussion,wiki
0,3.1559645467304316,2.435371390774533,3.4066424893856784,3.239097917988786,0.9852281360342516,0.0
