problem,access,navigate,page_close,video,discussion,wiki
0.9957274520849256,2.96025024663372,1.4353713907745331,3.1180782093497093,2.753434386188785,0.0,0.0
