problem,access,navigate,page_close,video,discussion,wiki
1.8464393446710154,3.0268385296789324,2.8709505944546687,1.9219280948873623,0.0,1.0,0
