problem,access,navigate,page_close,video,discussion,wiki
1.5219280948873621,2.2349681157294476,1.941645521915528,2.193995102326643,1.5166238110793633,1.4355205042826666,0.0
