problem,access,navigate,page_close,video,discussion,wiki
1.5798634010685342,3.5308836517830953,2.792586226369731,3.3108836388074745,2.872905595320056,0,0
