problem,access,navigate,page_close,video,discussion,wiki
1.0,1.936278124459133,0.9182958340544896,1.9500637564362102,1.4591479170272446,0,0
