problem,access,navigate,page_close,video,discussion,wiki
1.0,2.6011676522470792,2.121928094887362,1.789929075309999,1.9182958340544893,0.0,0
