problem,access,navigate,page_close,video,discussion,wiki
1.561278124459133,3.106780326628485,2.5436450333085068,2.038159681645953,2.038159681645953,0,0
