problem,access,navigate,page_close,video,discussion,wiki
0.9182958340544896,2.8798102007708835,2.935698780751651,3.0391085587541227,3.056564762130954,0,0
