problem,access,navigate,page_close,video,discussion,wiki
0,1.6132609352585798,1.640223928941852,1.674398693025764,1.4005240012568496,0.0,0.0
