problem,access,navigate,page_close,video,discussion,wiki
0.9910760598382222,2.3120853603642235,2.1180782093497097,0.9182958340544896,0.0,0.0,0
