problem,access,navigate,page_close,video,discussion,wiki
1.584962500721156,2.94711687251308,2.2062389286533897,2.1556390622295662,1.5,0.0,0.0
