problem,access,navigate,page_close,video,discussion,wiki
1.9579292924803118,3.4878714558599726,3.2791439663352944,3.5957637637417035,2.3111986673263862,1.8919954870390203,1.9182958340544893
