problem,access,navigate,page_close,video,discussion,wiki
0,1.6854752972273344,1.3787834934861753,1.3516441151533922,0.8112781244591328,1.0,0
