problem,access,navigate,page_close,video,discussion,wiki
1.725760723938902,2.753878626920134,2.9693894195291564,1.0,1.784159127851422,1.0,0.0
