problem,access,navigate,page_close,video,discussion,wiki
0,0.7355085815538398,1.4056390622295665,0.9910760598382222,0.0,0.0,0.0
