problem,access,navigate,page_close,video,discussion,wiki
0.39662777277837885,1.4478111624447658,2.0729055953200564,1.3699740752745007,0.0,0.7871265862012691,0.0
