problem,access,navigate,page_close,video,discussion,wiki
0,1.9795739585136223,2.1180782093497093,1.9362600275315274,1.561278124459133,0,0.0
