problem,access,navigate,page_close,video,discussion,wiki
1.8097238785956844,2.5843524819847326,2.481714572986073,2.4464393446710155,2.503258334775646,0,0
