problem,access,navigate,page_close,video,discussion,wiki
0.0,2.1719505165357162,1.6105772433316423,2.408549096875309,0.8112781244591328,0.8366407419411673,1.584962500721156
