problem,access,navigate,page_close,video,discussion,wiki
1.6879762646471417,3.043756179129802,2.1900616179453083,1.5465935642949384,2.054585169337799,0.0,0.7219280948873623
