problem,access,navigate,page_close,video,discussion,wiki
2.2123446580008834,2.8175298231438592,2.3332062193464953,2.7373227798185953,2.004886164091843,0.0,0.0
