problem,access,navigate,page_close,video,discussion,wiki
0.9709505944546686,3.161403207155088,3.371860873964197,3.169925001442312,1.9219280948873623,0.0,0.0
