problem,access,navigate,page_close,video,discussion,wiki
0.9910760598382222,1.9874687506009634,2.4508257945180887,2.40400975732486,0.0,0.3372900666170139,0.9219280948873623
