problem,access,navigate,page_close,video,discussion,wiki
0.9456603046006402,2.5606660420543723,1.1660870601063933,0,0,0.0,0.0
