problem,access,navigate,page_close,video,discussion,wiki
3.1776470639604826,3.3513907191158574,2.9627913424995307,3.313713879633033,3.1922572082384173,0.0,1.0
