problem,access,navigate,page_close,video,discussion,wiki
0.4305518670104394,1.717090774749888,0.5435644431995964,1.9713352853069812,1.8676338909712122,0,0.0
