problem,access,navigate,page_close,video,discussion,wiki
1.9237949406953987,3.2679133912820433,2.4056390622295662,2.91153794085909,2.3685225277282065,0,0
