problem,access,navigate,page_close,video,discussion,wiki
0.0,1.9665904158185337,1.789929075309999,2.0972133988213417,1.428794734004785,0,0.0
