problem,access,navigate,page_close,video,discussion,wiki
0.0,1.8411454850132054,1.9312952802328742,1.8423709931771086,1.0,0.0,0.0
