problem,access,navigate,page_close,video,discussion,wiki
0.7099878269424554,1.9762223927694582,1.9182958340544896,0.7732283485249176,1.2516291673878228,0,0
