problem,access,navigate,page_close,video,discussion,wiki
0,1.7783283537314114,2.033947828716142,1.3516441151533924,0.9709505944546686,1.9076118583851263,1.0
