problem,access,navigate,page_close,video,discussion,wiki
0.0,2.132574458143994,1.6577427265048887,1.6767370300521325,1.4488156357251847,0,0
