problem,access,navigate,page_close,video,discussion,wiki
2.0874859413346756,2.7582532126434938,2.7185867711478693,2.760563849970114,2.377443751081734,2.4713230753183515,1.584962500721156
