problem,access,navigate,page_close,video,discussion,wiki
0.4689955935892812,2.8430729331797253,2.710070621397605,2.7195083368391986,1.2516291673878228,2.8850560328193087,0.9182958340544896
