problem,access,navigate,page_close,video,discussion,wiki
1.4591479170272448,1.181899057917561,0.0,1.6143308351592656,1.7527152789797047,0.0,0.0
