problem,access,navigate,page_close,video,discussion,wiki
2.4056390622295662,4.633033211553615,4.026754427398839,4.695492967907938,4.663546187309981,0.0,0.0
