problem,access,navigate,page_close,video,discussion,wiki
2.4300365325772657,3.260504857447883,2.8423709931771084,3.0819047761192837,1.5304930567574824,2.319899876363046,0
