problem,access,navigate,page_close,video,discussion,wiki
2.594281783294212,3.239727837182174,3.051601636871704,3.1032133706809892,2.9214009879297733,0,0
