problem,access,navigate,page_close,video,discussion,wiki
1.0,2.7977588015579196,2.4193819456463714,3.197159723424149,2.725480556997868,0.863120568566631,0
