problem,access,navigate,page_close,video,discussion,wiki
0.0,2.1642288036009085,0.9709505944546686,2.063865121950854,1.8879185026711327,0,0
