problem,access,navigate,page_close,video,discussion,wiki
2.513645929358371,2.81517378830797,2.183754831923921,1.5,0.0,0,0.0
