problem,access,navigate,page_close,video,discussion,wiki
1.5729658442483654,3.259435676090301,3.2033650875091753,3.568127529055962,2.0464393446710156,0.9582100776143365,1.0
