problem,access,navigate,page_close,video,discussion,wiki
2.72768831779511,3.398679412650988,3.3599782219146834,3.1897173995111703,2.851858837288565,2.462935033712286,0.8112781244591328
