problem,access,navigate,page_close,video,discussion,wiki
0,2.452819531114783,2.2516291673878226,2.2464393446710154,0.0,0,0
