problem,access,navigate,page_close,video,discussion,wiki
0,1.5451531398349103,1.2406705316766886,0.0,1.2516291673878228,0,0
