problem,access,navigate,page_close,video,discussion,wiki
0.4537163391869448,2.8424125030583998,1.8423709931771088,2.8464393446710154,2.5027361715940035,0.0,0
