problem,access,navigate,page_close,video,discussion,wiki
0,0.9938972639364229,0.9219280948873623,1.3567796494470394,1.2516291673878228,0.0,0
