problem,access,navigate,page_close,video,discussion,wiki
1.981679995173753,3.8649493225092795,3.447262499441211,3.8179954344028952,3.246439344671015,0.0,0.0
