problem,access,navigate,page_close,video,discussion,wiki
0.5225593745369408,2.391554926064307,2.6635327548042547,2.1609640474436813,1.7924812503605778,1.278897902987479,0.0
