problem,access,navigate,page_close,video,discussion,wiki
1.549397853339606,2.088364472128718,2.4591479170272446,1.8380267541624737,0.0,1.8423709931771086,0
