problem,access,navigate,page_close,video,discussion,wiki
0,2.247874741811389,1.8423709931771084,1.7080986635018058,1.2957378005380122,0,0
