problem,access,navigate,page_close,video,discussion,wiki
1.5774287729134877,3.339099939645231,3.454168410357404,1.9182958340544893,1.9219280948873623,2.1019011889093373,0.0
