problem,access,navigate,page_close,video,discussion,wiki
0.0,2.0400712272231747,0.0,2.103909910282364,2.1971597234241496,0,0
