problem,access,navigate,page_close,video,discussion,wiki
3.5001157781366006,3.8617218672102602,3.399079570624174,3.6103640150798553,3.4988630913565295,3.0501421649985554,0.0
