problem,access,navigate,page_close,video,discussion,wiki
0.3227569588973982,2.442070522103656,1.5,1.9877733714879842,1.75,0,0
