problem,access,navigate,page_close,video,discussion,wiki
2.199079570624175,3.5844346259871083,2.7462614370959484,3.4092561685185854,2.865576855207248,1.236160254373812,1.0
