problem,access,navigate,page_close,video,discussion,wiki
0,2.082987879486851,2.2359263506290326,2.262783428976582,1.2516291673878228,0,0
