problem,access,navigate,page_close,video,discussion,wiki
0.9182958340544896,2.897273979816901,2.649794462043571,0.9182958340544896,1.0,1.7884504573082896,0.0
