problem,access,navigate,page_close,video,discussion,wiki
1.7609640474436812,1.7394541964918904,0.9709505944546686,1.7381493331928664,1.6854752972273344,1.0,0.0
