problem,access,navigate,page_close,video,discussion,wiki
0,1.9362600275315274,2.1440239107574226,2.584962500721156,1.0,0,0.5435644431995964
