problem,access,navigate,page_close,video,discussion,wiki
0.863120568566631,2.643215692534584,1.8423709931771088,1.0,0.0,0.0,0
