problem,access,navigate,page_close,video,discussion,wiki
0,1.6652812525192822,1.7527152789797045,1.7376553422485006,1.3377780971924957,0,0
