problem,access,navigate,page_close,video,discussion,wiki
0.0,2.577001089397579,1.6140054628542202,2.5995812306460646,2.5,0.0,0
