problem,access,navigate,page_close,video,discussion,wiki
1.7767488490012635,2.330945143628308,1.903701696057348,2.1280852788913944,1.584962500721156,0.0,0.0
