problem,access,navigate,page_close,video,discussion,wiki
0,1.4029342381953893,1.271782221599798,1.823026490712885,1.6644977792004614,0.0,0.0
