problem,access,navigate,page_close,video,discussion,wiki
0.0,2.396364559626848,1.3921472236645345,2.4748917178498933,2.1735572622751853,0,0
