problem,access,navigate,page_close,video,discussion,wiki
0.0,1.6159889779043453,1.3143204867061788,1.4674579648482995,1.360964047443681,0.0,0.0
