problem,access,navigate,page_close,video,discussion,wiki
1.1981174211304033,1.9076604601183145,1.1488348542809166,2.117492461184755,1.3709505944546687,0,0
