problem,access,navigate,page_close,video,discussion,wiki
0,2.495334868667593,1.3485878960124222,1.584962500721156,1.584962500721156,0,0
