problem,access,navigate,page_close,video,discussion,wiki
1.696212545976026,3.3194865634279886,1.6171895725927152,2.827819531114783,3.1775662320965252,1.7822287189138015,0.0
