problem,access,navigate,page_close,video,discussion,wiki
2.41153713434193,2.803595651414951,1.7609640474436812,1.584962500721156,2.0,0,0
