problem,access,navigate,page_close,video,discussion,wiki
0.0,2.2322628970242686,1.4591479170272448,1.6577427265048887,1.5219280948873621,0,0
