problem,access,navigate,page_close,video,discussion,wiki
1.3787834934861753,2.243773828551915,1.5487949406953985,2.2892464285091583,0.0,0,0
