problem,access,navigate,page_close,video,discussion,wiki
0.0,0.9402859586706311,1.528801814525318,1.3516441151533924,0.0,0.8112781244591328,1.0
