problem,access,navigate,page_close,video,discussion,wiki
1.9187462262095787,3.1655047649356467,3.3044463639284993,3.16005819156755,2.629275070710713,1.4364908905004228,1.584962500721156
