problem,access,navigate,page_close,video,discussion,wiki
1.9329145639793979,3.9057796063227057,3.792803569643319,3.938369171517053,3.2359263506290326,2.1635493247736886,1.584962500721156
