problem,access,navigate,page_close,video,discussion,wiki
0.9876925088958034,1.746465798504072,1.9219280948873623,0.0,0,0,0
