problem,access,navigate,page_close,video,discussion,wiki
2.4117572322382594,4.0822686749400825,4.11898571646648,3.6370992737182886,3.453434362371129,0,0
