problem,access,navigate,page_close,video,discussion,wiki
0.0,1.5551655736563386,1.8423709931771088,1.3092966682370037,1.360964047443681,0.5916727785823275,0.0
