problem,access,navigate,page_close,video,discussion,wiki
0.0,3.4891313272423634,3.0286393118385755,3.4983471493992453,2.7773627950641697,0.0,0.0
