problem,access,navigate,page_close,video,discussion,wiki
1.471602261409798,3.5985832103119435,2.591793226077496,3.662167008871081,3.2267309150571273,0.0,0.0
