problem,access,navigate,page_close,video,discussion,wiki
1.974937501201927,3.6896046405457144,2.808694969562842,0.9182958340544896,1.0,0.574828144380386,0.8112781244591328
