problem,access,navigate,page_close,video,discussion,wiki
0.0,3.2685583340877287,2.371533594790784,2.2359263506290326,1.5,0,0
