problem,access,navigate,page_close,video,discussion,wiki
0.954434002924965,3.125061145756361,2.939829017466402,2.9440990868513115,2.671730220243274,0.0,0
