problem,access,navigate,page_close,video,discussion,wiki
2.584962500721156,3.7225751369707414,3.8282129458410012,3.2560094150757113,2.8282129458410017,0,0
