problem,access,navigate,page_close,video,discussion,wiki
0.0,2.3524560330212863,1.2916919971380596,1.5,0.9182958340544896,0.0,0.0
