problem,access,navigate,page_close,video,discussion,wiki
2.7219280948873625,3.910520722015271,3.4290831465924025,3.9066152669997614,3.669393094488753,2.5376403637319345,1.8365916681089791
