problem,access,navigate,page_close,video,discussion,wiki
1.8842535461978724,2.6870033622697083,2.6235166412180155,2.161706277574314,1.9877733714879842,0.9530138853315971,0
