problem,access,navigate,page_close,video,discussion,wiki
0.0,2.1157489620194876,1.5,1.9328045775391227,1.6171895725927152,0,0
