problem,access,navigate,page_close,video,discussion,wiki
2.834996860021598,3.6809666322794197,3.3841837197791884,3.741123360641667,3.709887326294788,1.9745858820114819,0.0
