problem,access,navigate,page_close,video,discussion,wiki
1.5394847569315018,1.988577335078829,2.197159723424149,1.8892464285091581,1.9708245055826512,0.0,0
