problem,access,navigate,page_close,video,discussion,wiki
2.4041517582934606,3.1505091622872503,3.058813890331201,2.9600674968944105,2.219317112958274,0.0,0
