problem,access,navigate,page_close,video,discussion,wiki
1.800143956996759,3.619271413125329,3.1262145965695023,2.584962500721156,0.0,1.061278124459133,0.0
