problem,access,navigate,page_close,video,discussion,wiki
0.0,2.083910227067178,1.3516441151533924,2.165957320949175,2.2359263506290326,0.0,0.0
