problem,access,navigate,page_close,video,discussion,wiki
0.961236604722876,3.680171188268105,3.2464393446710154,3.5586026207834864,3.575434630606842,1.717936029588917,0
