problem,access,navigate,page_close,video,discussion,wiki
2.207351814444994,2.1525842461721623,1.4591479170272446,0,1.0,0.0,0
