problem,access,navigate,page_close,video,discussion,wiki
0.0,1.5219280948873621,1.4294732983598406,1.4806821149663845,1.4056390622295665,0,0
