problem,access,navigate,page_close,video,discussion,wiki
0,0.6722948170756379,0.0,0.954434002924965,0.8904916402194913,0,0
