problem,access,navigate,page_close,video,discussion,wiki
0.0,2.0336624835059225,2.2464393446710154,1.752715278979705,0.7219280948873623,0,0.0
