problem,access,navigate,page_close,video,discussion,wiki
0.0,1.5699687980109562,1.4488156357251847,1.5588718484453605,1.5394847569315018,0,0
