problem,access,navigate,page_close,video,discussion,wiki
1.5566567074628228,3.6923527218824863,4.024444412982237,3.428118063070363,3.3703252223924745,3.770832118009614,1.584962500721156
