problem,access,navigate,page_close,video,discussion,wiki
0,1.5306189948485172,1.2516291673878228,1.9502120649147465,1.9219280948873623,0.0,0
