problem,access,navigate,page_close,video,discussion,wiki
2.1653519144253823,3.383353978762283,3.2806390622295662,3.3540301730294653,2.4834585933443494,0.9182958340544896,0
