problem,access,navigate,page_close,video,discussion,wiki
0.0,1.9108598946069681,1.9328045775391225,1.9814035902506322,1.6858157091530304,0.9852281360342516,0.9910760598382222
