problem,access,navigate,page_close,video,discussion,wiki
0.0,1.9124031354161175,1.3709505944546687,1.7273966735744792,1.6644977792004614,0,0
