problem,access,navigate,page_close,video,discussion,wiki
3.903309998965244,4.0032845902995255,3.6727393216935025,3.4430214696502213,2.7987949406953985,3.4093599819419915,1.9219280948873623
