problem,access,navigate,page_close,video,discussion,wiki
1.8313983919358536,2.1653531933993913,1.1567796494470395,2.201782431295789,2.2796645441249774,0.0,0.0
