problem,access,navigate,page_close,video,discussion,wiki
0.0,2.0998625053956435,2.2516291673878226,1.9182958340544896,0.0,0,0
