problem,access,navigate,page_close,video,discussion,wiki
0,1.5809743038999018,1.7055872616982604,1.7427376486136672,0.0,0.0,0.0
