problem,access,navigate,page_close,video,discussion,wiki
0.0,2.0461679499498664,1.2987949406953985,2.1556390622295662,1.5,0.8112781244591328,0.0
