problem,access,navigate,page_close,video,discussion,wiki
2.4722280802952374,2.709405378630578,1.2406705316766886,2.50558726169826,2.4182958340544896,0.0,0
