problem,access,navigate,page_close,video,discussion,wiki
1.221694907636328,2.4128950993183507,2.497556188695017,2.2810095163085844,0.6840384356390417,1.0,0.9182958340544896
