problem,access,navigate,page_close,video,discussion,wiki
0.8112781244591328,1.1401156785146092,1.5219280948873621,0.9182958340544896,0,0,0
