problem,access,navigate,page_close,video,discussion,wiki
1.8892464285091581,2.1959507142414907,2.210699332842307,2.0190798408229766,2.1626441180472606,0.9182958340544896,1.0
