problem,access,navigate,page_close,video,discussion,wiki
0,1.8094279496165362,1.3516871258043608,1.9219280948873623,2.1556390622295662,0.0,0.0
