problem,access,navigate,page_close,video,discussion,wiki
1.4639304447386035,2.4336100986228772,2.0605596339092362,2.514867235180645,2.481714572986073,2.2065442182128785,1.9182958340544896
