problem,access,navigate,page_close,video,discussion,wiki
0.0,1.8986520038351902,1.224394445405986,2.030312036691982,2.2125038423722674,0.0,0
