problem,access,navigate,page_close,video,discussion,wiki
2.6861326013959825,3.0164394348754264,3.1158894872188894,2.787124471922824,2.580265553575494,1.0,1.584962500721156
