problem,access,navigate,page_close,video,discussion,wiki
0.0,0.8812908992306927,0.9709505944546686,1.2516291673878228,0.8112781244591328,1.0,0
