problem,access,navigate,page_close,video,discussion,wiki
0.9182958340544896,1.8322628970242685,1.584962500721156,1.3221793455166666,0.954434002924965,0,0
