problem,access,navigate,page_close,video,discussion,wiki
1.4607210985246075,2.4419190017942705,2.1180782093497093,2.228072225106998,2.5220552088742,0.9709505944546686,0
