problem,access,navigate,page_close,video,discussion,wiki
0,1.4949188482339508,0.9182958340544896,1.811278124459133,1.4591479170272446,0,0
