problem,access,navigate,page_close,video,discussion,wiki
1.3049201523582004,2.643280780364508,2.720582776146013,2.6138191696074315,1.899022751175655,1.0226297788901695,0
