problem,access,navigate,page_close,video,discussion,wiki
1.1588268758767124,3.6817595088137622,2.6062389286533896,2.0,3.0210687638074787,0.7219280948873623,0
