problem,access,navigate,page_close,video,discussion,wiki
1.360964047443681,1.867633890971212,1.7609640474436812,1.8799649487271108,1.7924812503605778,0,0
