problem,access,navigate,page_close,video,discussion,wiki
0,1.7381493331928664,1.788215812371376,0.9182958340544896,1.0,0.0,0
