problem,access,navigate,page_close,video,discussion,wiki
0,1.5715416718219246,1.3709505944546687,2.221251836004466,2.4193819456463714,0,0
