problem,access,navigate,page_close,video,discussion,wiki
2.8709505944546687,2.96785870918688,1.9301249653149701,3.0618373950396616,3.0444138295776115,0.7219280948873623,1.0
