problem,access,navigate,page_close,video,discussion,wiki
0,1.402081402756032,0.5032583347756457,1.5709505944546684,0.8112781244591328,0,0
