problem,access,navigate,page_close,video,discussion,wiki
0,1.2197484934607565,1.867633890971212,1.4604846813131116,1.5219280948873621,0,0.0
