problem,access,navigate,page_close,video,discussion,wiki
2.4603541769806596,3.7761503959425733,2.615873905631987,3.524095340310708,3.0220552088742005,1.4056390622295665,0.6500224216483541
