problem,access,navigate,page_close,video,discussion,wiki
0.0,1.9698452580387982,1.5304930567574826,1.9542473996920802,1.3921472236645345,0,0
