problem,access,navigate,page_close,video,discussion,wiki
0.0,2.6947814605842733,2.321928094887362,2.873140679513133,1.5,0,0
