problem,access,navigate,page_close,video,discussion,wiki
0.0,1.278897902987479,0.7219280948873623,1.9182958340544893,0.9219280948873623,0,0.0
