problem,access,navigate,page_close,video,discussion,wiki
2.9666889113626516,2.734927009732552,2.4073334541634837,2.879248969882696,1.2516291673878228,0.9886994082884974,1.0
