problem,access,navigate,page_close,video,discussion,wiki
2.0609116034302457,3.4231893443688453,3.0269868333592878,3.308988377562008,3.217856113506615,0,0.0
