problem,access,navigate,page_close,video,discussion,wiki
2.1527217381013255,3.799397201542314,2.8638263900908156,3.842183639398142,3.673170499017917,1.4607210985246075,0
