problem,access,navigate,page_close,video,discussion,wiki
0,1.3092966682370037,2.170950594454669,1.2516291673878228,0.0,1.0,0
