problem,access,navigate,page_close,video,discussion,wiki
0,1.9854752972273344,2.4591479170272446,1.9852281360342514,1.9182958340544893,0,0
