problem,access,navigate,page_close,video,discussion,wiki
3.2452304568537103,3.851164965992808,2.617492461184755,3.7740210227263318,3.1760107890421008,1.584962500721156,0.0
