problem,access,navigate,page_close,video,discussion,wiki
0.7424875695421236,1.7627022003449737,1.8464393446710154,1.7069084251518167,1.53012496531497,1.468770427413196,1.0
