problem,access,navigate,page_close,video,discussion,wiki
1.4955380299191112,2.1622103053560906,1.9182958340544893,2.038760752862686,2.005977711423774,0,0
