problem,access,navigate,page_close,video,discussion,wiki
1.875210094570845,2.2379228515601364,2.3028416701725316,2.3434651896016474,2.218378281790496,1.9709505944546686,0.8743095546405661
