problem,access,navigate,page_close,video,discussion,wiki
1.0,1.561278124459133,1.3709505944546687,1.4591479170272446,0,1.1411535278793057,0.8112781244591328
