problem,access,navigate,page_close,video,discussion,wiki
1.5219280948873621,1.9810410951419468,0.9182958340544896,2.2405330040422813,2.1339375660949167,0,0
