problem,access,navigate,page_close,video,discussion,wiki
0,0.9990102708804813,1.360964047443681,0.9182958340544896,0.8112781244591328,0.0,0.0
