problem,access,navigate,page_close,video,discussion,wiki
2.9180861336525608,3.012535114901551,2.7534343861887853,0.9182958340544896,1.0,0.8315435491770659,0
