problem,access,navigate,page_close,video,discussion,wiki
1.8059698579313774,3.481394743785011,2.226120746842681,1.5709505944546687,1.1488348542809166,0.0,0.9182958340544896
