problem,access,navigate,page_close,video,discussion,wiki
1.4315602842833155,3.370440938962746,3.214701622637605,3.3721632733698153,3.377135028187124,0.0,0
