problem,access,navigate,page_close,video,discussion,wiki
0.0,3.2370761159407584,2.5521796970665487,3.305182907846109,0.9182958340544896,0.8112781244591328,0
