problem,access,navigate,page_close,video,discussion,wiki
1.3992075416402177,2.132684566025882,2.2024700962726964,1.4949188482339508,0.6500224216483541,0.8112781244591328,1.7219280948873623
