problem,access,navigate,page_close,video,discussion,wiki
0.0,2.078506150239447,1.1401156785146092,1.584962500721156,1.584962500721156,0.0,0
