problem,access,navigate,page_close,video,discussion,wiki
1.7784172331404582,3.027546392945521,3.2706794105549726,1.0,2.673411192621123,2.598656478854562,0.0
