problem,access,navigate,page_close,video,discussion,wiki
1.0,2.1110434095413595,2.0458416408851736,1.9015064025015058,0.9182958340544896,1.6409661658589767,0
