problem,access,navigate,page_close,video,discussion,wiki
0.5032583347756457,0.5787946246321198,0.9182958340544896,0.4689955935892812,0.7219280948873623,0,0
