problem,access,navigate,page_close,video,discussion,wiki
0.0,1.8937666738014507,1.9219280948873623,2.2810361125534233,1.9219280948873623,0.0,0.0
