problem,access,navigate,page_close,video,discussion,wiki
0,1.8802408149441479,1.836591668108979,1.8949645376549995,1.8322488896002307,0,0
