problem,access,navigate,page_close,video,discussion,wiki
0,3.581479550140118,2.2516291673878226,3.5727358722091402,3.4339865565619223,0,0
