problem,access,navigate,page_close,video,discussion,wiki
1.3516441151533924,2.37642813061118,1.3709505944546687,2.4591479170272446,1.9182958340544896,0,0
