problem,access,navigate,page_close,video,discussion,wiki
2.742589501851919,3.7169167007563217,2.8731406795131336,3.7017462633866507,3.5144093452479406,0,0
