problem,access,navigate,page_close,video,discussion,wiki
0.6500224216483541,2.52495193145099,2.3685225277282065,1.584962500721156,0,0,0
