problem,access,navigate,page_close,video,discussion,wiki
1.882856063692049,2.7126417936566765,2.4116022179746714,2.668554217835846,1.914265041002201,1.0493985254159108,0
