problem,access,navigate,page_close,video,discussion,wiki
0.6343095546405662,2.24255997160033,2.2658029508595026,2.1054105870684143,2.0403733936884962,0.8112781244591328,0
