problem,access,navigate,page_close,video,discussion,wiki
1.7609640474436812,2.0975347643587217,1.4591479170272448,2.292998090456732,1.7967916319816364,0.0,0
