problem,access,navigate,page_close,video,discussion,wiki
3.0658953030164695,3.5306593701109006,3.106076104511198,3.5149193425798053,3.315779839176339,2.2437580162201676,1.8423709931771084
