problem,access,navigate,page_close,video,discussion,wiki
2.691385188272391,3.819173511427754,2.6825887305018337,1.0,1.0,0.0,0.0
