problem,access,navigate,page_close,video,discussion,wiki
1.6814963295286753,2.9472312988608196,2.038159681645953,2.9913852512895214,2.7685824788135225,0.0,0
