problem,access,navigate,page_close,video,discussion,wiki
2.822032220432415,3.766764102343214,3.279278348156415,3.587821542019972,3.602418960470406,2.951093874476925,0.8112781244591328
