problem,access,navigate,page_close,video,discussion,wiki
0.863120568566631,2.9876764793507613,2.075869296697727,3.24307418942857,2.4591479170272446,0.0,0
