problem,access,navigate,page_close,video,discussion,wiki
2.9113040796177234,3.684029049541172,2.2096909728231857,3.6891009610430596,3.2903216092483056,1.9590658586293794,0
