problem,access,navigate,page_close,video,discussion,wiki
3.9154638549929808,3.934186304869046,3.4137995646056796,1.584962500721156,3.938142842313228,3.0691036912341367,0.0
