problem,access,navigate,page_close,video,discussion,wiki
0.0,2.5075805060524794,2.55887184844536,2.700863613362384,1.6767370300521327,1.6714452017874213,0.0
