problem,access,navigate,page_close,video,discussion,wiki
0.9912642605354289,2.941176052518874,0.0,2.980167084245813,0,0,0
