problem,access,navigate,page_close,video,discussion,wiki
1.6774212838293645,2.7832658097346124,1.9502120649147465,2.9693894195291564,2.5032583347756456,0.0,0
