problem,access,navigate,page_close,video,discussion,wiki
0.0,1.9197163664272483,2.0,1.2577148214953864,1.879964948727111,0.0,0
