problem,access,navigate,page_close,video,discussion,wiki
2.045841640885174,3.417837797403416,2.2516291673878226,3.5364142371222305,3.0957952550009344,0.9444885341662053,0
