problem,access,navigate,page_close,video,discussion,wiki
0.28639695711595625,3.149644206126868,2.779822781587355,3.309707015281953,2.7806390622295662,1.2406705316766886,0.9182958340544896
