problem,access,navigate,page_close,video,discussion,wiki
1.5109278423831778,2.0605123630987374,2.2261207468426805,2.3733690018513562,1.8715699480384027,0,0.0
