problem,access,navigate,page_close,video,discussion,wiki
3.952216429463629,4.14344192620559,3.359664126612353,2.4056390622295662,2.0,0.9182958340544896,1.0
