problem,access,navigate,page_close,video,discussion,wiki
0,2.5822527180972785,2.8464393446710154,2.6141642621051155,1.792481250360578,0,0
