problem,access,navigate,page_close,video,discussion,wiki
1.40407541345106,2.254773168630612,2.651363669197544,2.077819531114783,1.584962500721156,0.8812908992306927,1.0
