problem,access,navigate,page_close,video,discussion,wiki
0.863120568566631,3.4585663756578335,0.0,3.333979058585681,3.349692968957871,0.0,0
