problem,access,navigate,page_close,video,discussion,wiki
0.0,2.0359391629995205,1.0,2.103909910282364,1.8910611120726526,0,0
