problem,access,navigate,page_close,video,discussion,wiki
0,1.8424470082082745,1.6854752972273344,1.8512268158971916,1.6258145836939115,0.0,0.9182958340544896
