problem,access,navigate,page_close,video,discussion,wiki
0,1.384431504340598,1.9709505944546686,1.061278124459133,0.8112781244591328,0,0
