problem,access,navigate,page_close,video,discussion,wiki
1.0,3.0793768548687424,2.7219280948873625,3.1063568479084016,2.7192945256669794,0.0,0
