problem,access,navigate,page_close,video,discussion,wiki
2.17770658809354,2.9133709183317618,2.699513850319966,2.9864267614359363,2.618481620924779,0.9182958340544896,0
