problem,access,navigate,page_close,video,discussion,wiki
3.456322241886735,3.781333335382651,2.9197091800566324,3.806776550575752,3.5860486123130375,1.6258145836939115,0
