problem,access,navigate,page_close,video,discussion,wiki
0,1.5566567074628228,1.584962500721156,1.584962500721156,1.0,0,0
