problem,access,navigate,page_close,video,discussion,wiki
2.3618541417861665,2.576384126439168,2.504693420829141,2.3526555965581877,2.302611466305703,0.9182958340544896,0.0
