problem,access,navigate,page_close,video,discussion,wiki
0.0,3.1464393446710153,2.0524212838293647,3.1898980954642875,2.75,0.0,0
