problem,access,navigate,page_close,video,discussion,wiki
1.2344977967946407,3.192984555552023,2.8655768552072485,2.8986778979289465,2.886525341248567,0.39124356362925566,0.0
