problem,access,navigate,page_close,video,discussion,wiki
2.3516848688131633,2.3505168332756106,2.1709505944546685,2.054585169337799,1.5,0,0
