problem,access,navigate,page_close,video,discussion,wiki
0.0,1.9677648376739312,2.0662478973127314,1.9329145639793979,0.0,0.0,0
