problem,access,navigate,page_close,video,discussion,wiki
2.3100390843713403,3.066974175019708,1.9609640474436814,3.0589840894454268,2.7898980954642876,0.0,0.0
