problem,access,navigate,page_close,video,discussion,wiki
0.6193821946787638,0.9976267918964659,1.3567796494470397,1.224394445405986,0.5435644431995964,0,0.0
