problem,access,navigate,page_close,video,discussion,wiki
0,2.33901192379001,2.2516291673878226,2.3242764617775693,2.446439344671015,0.8112781244591328,0
