problem,access,navigate,page_close,video,discussion,wiki
0,0.7793498372920852,0.6500224216483541,0.41381685030363374,0.4394969869215134,0.0,0.0
