problem,access,navigate,page_close,video,discussion,wiki
1.6105772433316423,2.1566466355538694,1.9182958340544893,0.0,0,0.0,0
