problem,access,navigate,page_close,video,discussion,wiki
0.0,0.8212809417449863,1.5058231002082845,0.8524051786494786,0.5435644431995964,1.224394445405986,0.5916727785823275
