problem,access,navigate,page_close,video,discussion,wiki
0.863120568566631,3.3179518219129482,3.208694969562842,3.221928094887362,2.5,0.0,0.0
