problem,access,navigate,page_close,video,discussion,wiki
1.8585552118703144,3.1884815659181807,2.963468200497625,3.2517394318463166,3.1762258250183657,0.0,0
