problem,access,navigate,page_close,video,discussion,wiki
2.0018228256222304,2.8898390052991436,2.845350936622437,2.199687794731328,2.186704345910025,0.0,0
