problem,access,navigate,page_close,video,discussion,wiki
1.867633890971212,3.46263330613008,2.9139770731827523,3.3744183139072823,3.5661089398374815,0,0
