problem,access,navigate,page_close,video,discussion,wiki
0,2.903107168362811,2.845350936622437,2.5654483718208256,1.584962500721156,0,0
