problem,access,navigate,page_close,video,discussion,wiki
0.9709505944546686,2.659447925290646,1.8288713632524445,1.584962500721156,0.0,0.0,0.0
