problem,access,navigate,page_close,video,discussion,wiki
1.7921951936824645,2.6605038327557686,2.4366213360717546,1.924174352300441,2.2954656791802917,0.0,1.0
