problem,access,navigate,page_close,video,discussion,wiki
0.0,1.7419335064893349,2.33379987011787,1.5408563901247756,1.6577427265048887,0,0
