problem,access,navigate,page_close,video,discussion,wiki
2.9049520472606254,3.3745170789749865,2.5949066182439395,3.2785409038347963,3.2472967663326204,0.0,0
