problem,access,navigate,page_close,video,discussion,wiki
1.0570609005840692,1.4325440493088506,1.885377505769539,0,0,1.5852967004606706,0.9852281360342516
