problem,access,navigate,page_close,video,discussion,wiki
2.1829852699175265,3.2683148167070284,2.6475921473084965,1.0,0,0,0.0
