problem,access,navigate,page_close,video,discussion,wiki
0,2.256908989558354,1.0,2.270942421748537,2.1709505944546685,0,0
