problem,access,navigate,page_close,video,discussion,wiki
0.5916727785823275,2.9624145846972674,2.893825284084664,2.9511894468399484,2.5995812306460646,1.811278124459133,1.584962500721156
