problem,access,navigate,page_close,video,discussion,wiki
0,1.8727298369794545,0.6840384356390417,1.9591479170272446,1.5,0.9182958340544896,0.0
