problem,access,navigate,page_close,video,discussion,wiki
2.492626956414268,3.0177558085729372,2.5341468438052397,3.1262145965695027,2.819159261182342,0.0,0
