problem,access,navigate,page_close,video,discussion,wiki
1.0,1.9093718938927116,1.780672129520887,1.8654371053199075,0.5916727785823275,0,0
