problem,access,navigate,page_close,video,discussion,wiki
0,1.565596230357602,1.584962500721156,1.8250112108241772,1.8910611120726526,0,0
