problem,access,navigate,page_close,video,discussion,wiki
1.8423709931771084,2.373643401719936,2.413591303318717,2.4322574485535142,2.721928094887362,0.0,1.0
