problem,access,navigate,page_close,video,discussion,wiki
0,1.8843135277997989,0.0,1.9362600275315274,1.8464393446710154,0,0
