problem,access,navigate,page_close,video,discussion,wiki
2.584262225315332,3.0231326535836627,3.0581573285181993,1.0,0,1.5794692661751384,1.0
