problem,access,navigate,page_close,video,discussion,wiki
1.5190461643198379,1.3124308023479359,1.5,1.669180336866731,0,0,0
