problem,access,navigate,page_close,video,discussion,wiki
1.8494548021029313,2.9898042972441647,2.1709505944546685,0,1.811278124459133,0.9182958340544896,0.0
