problem,access,navigate,page_close,video,discussion,wiki
1.3787834934861756,3.115422975706077,1.584962500721156,3.1279868068776753,2.1180782093497093,0,0
