problem,access,navigate,page_close,video,discussion,wiki
1.565596230357602,3.0742028316218404,2.557924310831006,3.0939462981346573,1.896240625180289,2.2891694507066727,0.8274087988556427
