problem,access,navigate,page_close,video,discussion,wiki
0.0,1.9362600275315274,1.295461844238322,1.9015064025015063,1.8464393446710154,1.0,0.0
