problem,access,navigate,page_close,video,discussion,wiki
0.9852281360342516,3.419467790901246,2.10845859334435,3.322577500787979,3.252649945348591,0.9182958340544896,1.0
