problem,access,navigate,page_close,video,discussion,wiki
1.201146430569501,3.344255087143594,2.197159723424149,2.321928094887362,1.584962500721156,0,0
