problem,access,navigate,page_close,video,discussion,wiki
3.02243331191146,3.781085940948263,3.7803075405818114,3.691371851483915,2.765957320949175,2.2659793686264793,1.8423709931771084
