problem,access,navigate,page_close,video,discussion,wiki
0.0,2.6397816466636908,2.5282129458410014,1.584962500721156,1.584962500721156,1.5,0.9182958340544896
