problem,access,navigate,page_close,video,discussion,wiki
1.4854752972273344,2.340857679794591,2.2359263506290326,2.2986907960689984,1.4488156357251847,0.9182958340544896,0
