problem,access,navigate,page_close,video,discussion,wiki
0.0,1.5709505944546687,0.0,1.8423709931771088,1.3709505944546687,0,0
