problem,access,navigate,page_close,video,discussion,wiki
0,2.3547213575823878,1.584962500721156,2.556656707462823,2.663532754804255,0,0
