problem,access,navigate,page_close,video,discussion,wiki
2.207351814444994,3.26415327493697,1.939353872167201,3.0210848226564444,2.8045851693377997,1.5394847569315018,0.9182958340544896
