problem,access,navigate,page_close,video,discussion,wiki
1.5,3.4184702556861812,2.9219280948873623,2.689525383210069,2.452819531114783,0.0,0
