problem,access,navigate,page_close,video,discussion,wiki
0.8112781244591328,0.9957274520849256,0.863120568566631,1.5219280948873621,0,0,0.0
