problem,access,navigate,page_close,video,discussion,wiki
0,2.2354379673685973,2.1079637556972086,2.573557262275185,2.5,0,0
