problem,access,navigate,page_close,video,discussion,wiki
1.126185779415047,2.2495681806584615,1.3709505944546687,2.5243974703476995,1.7464657985040721,0,0
