problem,access,navigate,page_close,video,discussion,wiki
0.0,2.1038454337469457,1.8676338909712122,2.243773828551915,1.811278124459133,0,0
