problem,access,navigate,page_close,video,discussion,wiki
3.0120365987762003,3.0032308090263014,1.5,2.569745989678239,3.125204279610547,0,0
