problem,access,navigate,page_close,video,discussion,wiki
0,0.9182958340544896,1.9194762135576873,1.0,1.0,1.75,1.584962500721156
