problem,access,navigate,page_close,video,discussion,wiki
0,1.383099991189334,1.5709505944546687,1.8464393446710154,1.5,0.0,0
