problem,access,navigate,page_close,video,discussion,wiki
0.0,2.4507351797284405,2.406666316740689,1.9056390622295665,1.5,0.0,0
