problem,access,navigate,page_close,video,discussion,wiki
0.8112781244591328,2.4286417500459225,1.2516291673878228,2.5996659733039564,2.128085278891394,0,0
