problem,access,navigate,page_close,video,discussion,wiki
3.139628486889423,3.297686347355798,2.9219280948873623,1.061278124459133,2.2841591278514217,2.10845859334435,0
