problem,access,navigate,page_close,video,discussion,wiki
0.0,2.9923791426480784,2.5216406363433186,3.1182751607709758,3.111080496244278,0,0
