problem,access,navigate,page_close,video,discussion,wiki
1.5193308322365362,3.287128423002094,2.0545851693377997,3.2692750707107123,3.210403251200939,1.9182958340544896,0
