problem,access,navigate,page_close,video,discussion,wiki
2.2438806248885177,2.6227188658102674,2.4116022179746714,1.4466166676282082,2.3553885422075336,2.2089873002588,0
