problem,access,navigate,page_close,video,discussion,wiki
2.4130884364257574,4.213802366852648,3.8696966890447024,3.7262054116631527,3.3423709931771084,1.2388954222347044,1.0
