problem,access,navigate,page_close,video,discussion,wiki
0.0,2.3789919869000618,2.0,0.9182958340544896,0.9182958340544896,0,0
