problem,access,navigate,page_close,video,discussion,wiki
1.061278124459133,4.086414777228908,2.9432986697713495,4.186404211707513,4.13015675980244,1.4197367178034825,2.2516291673878226
