problem,access,navigate,page_close,video,discussion,wiki
2.45391491747639,3.7636097458625604,4.177929901869318,1.570950594454669,0.0,4.433255556463103,2.0
