problem,access,navigate,page_close,video,discussion,wiki
0.9182958340544896,1.7655809687626614,2.0690410360817406,1.4591479170272448,0,1.811278124459133,1.0
