problem,access,navigate,page_close,video,discussion,wiki
3.2784798624946534,3.8970164002192367,2.5503407095463886,2.321928094887362,3.3248629576173574,3.7637200304473253,0.0
