problem,access,navigate,page_close,video,discussion,wiki
0,2.3113997817546874,1.9502120649147465,2.5849625007211565,2.5,0,0
