problem,access,navigate,page_close,video,discussion,wiki
0,2.6280015034515953,0.0,2.251629167387823,2.2359263506290326,0,0
