problem,access,navigate,page_close,video,discussion,wiki
0.7219280948873623,2.9479340276127566,2.256908989558354,2.954701244167346,0,1.561278124459133,0
