problem,access,navigate,page_close,video,discussion,wiki
0.9182958340544896,3.340762325751906,2.8150724101159437,3.4396154066737124,3.1907591470963843,1.3787834934861753,0.0
