problem,access,navigate,page_close,video,discussion,wiki
0.9774178175281716,2.442680294014978,1.7924812503605778,2.609888167005806,2.8205898566665457,0,0
