problem,access,navigate,page_close,video,discussion,wiki
0.44506485705083865,1.4970151057384782,1.5343371980653047,1.3141506221482602,0.7345299214394703,0.8683927290103626,0.8112781244591328
