problem,access,navigate,page_close,video,discussion,wiki
0,1.8149798205164813,1.584962500721156,1.8879185026711327,1.75,0,0
