problem,access,navigate,page_close,video,discussion,wiki
0.0,3.126098424481807,2.2359263506290326,2.9906015629507223,2.6986604604011157,2.5550365325772657,0
