problem,access,navigate,page_close,video,discussion,wiki
0,3.0570144891718396,2.2810361125534233,3.106890595608518,2.873140679513133,1.3995812306460644,0.0
