problem,access,navigate,page_close,video,discussion,wiki
0,2.3248894517332412,1.5,1.561278124459133,0.0,1.4315602842833155,0
