problem,access,navigate,page_close,video,discussion,wiki
0,2.279770552196431,3.026277013101236,2.260903271773774,1.6691803368667308,2.3936426212215904,0
