problem,access,navigate,page_close,video,discussion,wiki
0.0,2.9673074093304908,0.0,3.265583322887733,3.337175341123077,0,0.0
