problem,access,navigate,page_close,video,discussion,wiki
0,1.9196905740496968,1.224394445405986,1.9746017527145812,0.9182958340544896,1.2072100267448116,0.0
