problem,access,navigate,page_close,video,discussion,wiki
0,2.6276013115120564,2.2841591278514217,2.440960166066084,2.3843641434371508,2.4219280948873623,0.0
