problem,access,navigate,page_close,video,discussion,wiki
0.8112781244591328,3.0990775840867926,2.7806390622295662,3.2469742072484777,3.201515280317513,1.3485878960124222,0
