problem,access,navigate,page_close,video,discussion,wiki
0.9366673818775625,2.0773579212387476,1.8464393446710154,2.070850149569599,1.8250112108241772,1.0,0.0
