problem,access,navigate,page_close,video,discussion,wiki
0,2.2840065210862766,1.9219280948873623,1.7381493331928664,1.5304930567574824,0,0
