problem,access,navigate,page_close,video,discussion,wiki
0,2.750807235905091,2.472905595320056,2.8699100232740657,1.8919954870390203,0.5435644431995964,0.0
