problem,access,navigate,page_close,video,discussion,wiki
0.9666186325481028,2.154722253803218,1.3516441151533924,2.0,2.2806390622295662,1.584962500721156,0
