problem,access,navigate,page_close,video,discussion,wiki
1.8919340029249652,4.035226480047051,3.527293882252686,3.4046784730635706,3.0634651896016463,2.4130884364257574,1.4591479170272448
