problem,access,navigate,page_close,video,discussion,wiki
0,1.5694320362548182,0.7219280948873623,1.8919954870390203,1.6767370300521325,0.0,0.0
