problem,access,navigate,page_close,video,discussion,wiki
2.0189289753202635,2.9457045291179913,3.269275070710713,2.6771651755182226,2.061145886715422,0,0
