problem,access,navigate,page_close,video,discussion,wiki
0.0,2.4449972514490854,2.584962500721156,1.0,0,2.4533644576342803,0
