problem,access,navigate,page_close,video,discussion,wiki
0.9910760598382222,2.1678243671234294,1.8423709931771088,2.357527766764792,2.1733898234484044,1.3180945160030577,0
