problem,access,navigate,page_close,video,discussion,wiki
0,1.4836591643979626,1.0,1.5545851693377997,1.3516441151533924,0,0
