problem,access,navigate,page_close,video,discussion,wiki
1.9219280948873623,3.359289731163105,3.08232813685843,2.9049773608600864,2.3071885761626683,2.2605038327557683,0.0
