problem,access,navigate,page_close,video,discussion,wiki
2.0742886536177285,3.6759632521370937,3.063054690915721,3.591452106118873,3.397245219934322,2.8469761390029062,0.0
