problem,access,navigate,page_close,video,discussion,wiki
1.3127839669372185,2.9101596131431813,3.476672840022255,2.418722908066561,1.5219280948873621,3.1728041291250393,1.9182958340544896
