problem,access,navigate,page_close,video,discussion,wiki
0,3.0673204551139848,2.7272170014624826,2.827959609013889,2.7296414612834194,1.0,0.0
