problem,access,navigate,page_close,video,discussion,wiki
0,2.2092512591731315,2.581013401577586,1.971335285306981,1.7841591278514217,1.9626233730369962,0.0
