problem,access,navigate,page_close,video,discussion,wiki
1.0957952550009338,1.3838077354640828,1.789929075309999,1.0,0,0,0.0
