problem,access,navigate,page_close,video,discussion,wiki
0.9709505944546686,2.3007578581831787,2.4591479170272446,2.637456225187169,1.5,0,0
