problem,access,navigate,page_close,video,discussion,wiki
0.0,2.408313376208532,1.7244078178625923,2.405028737741962,2.71929452566698,0.0,0.0
