problem,access,navigate,page_close,video,discussion,wiki
1.8892464285091581,2.9882449731503473,3.422456198923519,3.0679937266483934,2.599581230646065,3.0111840237261838,0.0
