problem,access,navigate,page_close,video,discussion,wiki
0.74959525725948,1.83748482971194,1.9182958340544896,1.8423709931771088,1.3709505944546687,0,0
