problem,access,navigate,page_close,video,discussion,wiki
0,2.6041201628470283,2.25,2.6147869792568113,2.270942421748537,0,0
