problem,access,navigate,page_close,video,discussion,wiki
0,1.3787834934861753,0.6500224216483541,1.2987949406953985,1.3709505944546687,1.0,0.0
