problem,access,navigate,page_close,video,discussion,wiki
0,2.141402545213598,0.8904916402194913,2.1392619307348246,1.836591668108979,1.4056390622295665,0.0
