problem,access,navigate,page_close,video,discussion,wiki
1.3092966682370037,2.4586603330839307,1.4466166676282082,0,0,0.7131467486384921,0.0
