problem,access,navigate,page_close,video,discussion,wiki
0.9182958340544896,4.174707053260805,2.9139770731827523,4.12891829580373,4.025248567854962,0.8112781244591328,0
