problem,access,navigate,page_close,video,discussion,wiki
0,2.675653056286434,2.5424826938097276,2.953679780354504,2.8659573209491747,1.32151018873626,0
