problem,access,navigate,page_close,video,discussion,wiki
0,1.571346433249389,0.9709505944546686,1.6192407046368489,1.6140054628542202,0.9182958340544896,0
