problem,access,navigate,page_close,video,discussion,wiki
0,2.1709505944546685,1.3609640474436813,1.811278124459133,1.811278124459133,0,0
