problem,access,navigate,page_close,video,discussion,wiki
0,1.4955380299191112,1.3709505944546687,0.0,0.0,0.954434002924965,0
