problem,access,navigate,page_close,video,discussion,wiki
0,1.8490746981575263,2.2743974703476995,2.0660528684552535,1.945530556036326,1.014097655573916,0.0
