problem,access,navigate,page_close,video,discussion,wiki
0.0,3.9745049881054295,3.754441845713344,4.0050635535766075,3.7534343861887853,3.0822617762247075,0
