problem,access,navigate,page_close,video,discussion,wiki
0.9655272622660831,3.748368494201267,3.106890595608519,3.0981729787203376,2.777017877819773,1.6049355947431314,0
