problem,access,navigate,page_close,video,discussion,wiki
0,1.9108533015158673,1.4911148500551858,1.643252475785101,1.058277043226334,1.1401156785146092,0.0
