problem,access,navigate,page_close,video,discussion,wiki
0,0.6962122601251458,0.7642045065086203,0.7642045065086203,0,0.5665095065529053,0.0
