problem,access,navigate,page_close,video,discussion,wiki
0,1.5938548967005404,1.5,1.4885252948977485,1.1567796494470395,0,0
