problem,access,navigate,page_close,video,discussion,wiki
0,1.781937063546704,1.6644977792004614,1.7295739585136223,1.867633890971212,1.8183294320639856,0
