problem,access,navigate,page_close,video,discussion,wiki
0.954434002924965,3.5266543221113826,3.110578014789016,3.453177432241016,3.3222860050443543,2.100983694881109,0
