problem,access,navigate,page_close,video,discussion,wiki
2.977604190660023,2.994080924725717,3.077819531114783,3.136554265472997,2.856382671302663,2.1280852788913944,0
