problem,access,navigate,page_close,video,discussion,wiki
0,0.4689955935892812,1.836591668108979,0.6500224216483541,0.0,0,0
