problem,access,navigate,page_close,video,discussion,wiki
1.2674438038072335,3.0943587544744076,2.761417390275239,1.8716022614097982,2.0,2.2770134360772585,0.0
