problem,access,navigate,page_close,video,discussion,wiki
0,1.1254908068679137,1.3787834934861756,0.7219280948873623,0.0,0,0
