problem,access,navigate,page_close,video,discussion,wiki
0.9910760598382222,2.957570670389348,2.365957320949175,3.026130315888397,2.641755586012998,1.224394445405986,0
