problem,access,navigate,page_close,video,discussion,wiki
1.4854752972273344,3.6649637161642636,3.5137847242254336,3.6511107795407147,0,2.5677194261520184,0
