problem,access,navigate,page_close,video,discussion,wiki
0,2.523231428797621,0.9709505944546686,2.4182958340544896,2.3685225277282065,0,0
