problem,access,navigate,page_close,video,discussion,wiki
0.8366407419411673,3.0441497070471115,2.128085278891394,2.973116461133298,2.632135660384173,2.4482345133704104,0
