problem,access,navigate,page_close,video,discussion,wiki
0.9910760598382222,2.8182580989056616,2.527495543791609,3.1308597266733496,1.0,1.7314778183645019,1.584962500721156
