problem,access,navigate,page_close,video,discussion,wiki
4.152636330979862,4.605000442620209,4.390414684233921,3.995683986396881,4.128110645342657,4.543228542331637,2.3498736058309997
