problem,access,navigate,page_close,video,discussion,wiki
0.0,3.0828357910752424,2.084962500721156,3.047204475088166,1.8910611120726526,0.41381685030363374,0.0
