problem,access,navigate,page_close,video,discussion,wiki
0,1.8322628970242685,1.360964047443681,1.3709505944546687,1.584962500721156,0.0,0.0
