problem,access,navigate,page_close,video,discussion,wiki
0.8812908992306927,2.9492553971685003,2.503258334775646,2.735761283067285,0.954434002924965,2.1280852788913944,0
