problem,access,navigate,page_close,video,discussion,wiki
0,2.626741758106722,1.9591479170272446,2.746439344671015,2.299896391167891,1.5058231002082845,0.0
