problem,access,navigate,page_close,video,discussion,wiki
0,1.811040639733184,1.584962500721156,1.8643767621991798,1.8016366412706075,0,0.0
