problem,access,navigate,page_close,video,discussion,wiki
0.975119064940866,2.09821391274528,1.8228156003525158,2.1485771746699647,1.5487949406953985,1.768730050503787,1.0
