problem,access,navigate,page_close,video,discussion,wiki
0.9182958340544896,3.179199981982703,3.224880949810312,2.6825887305018337,1.0,1.8636816320790113,0.0
