problem,access,navigate,page_close,video,discussion,wiki
0.9967916319816366,2.5899891148804626,2.1974058114255177,2.572647712834306,2.1047412314783913,0.8112781244591328,0.7219280948873623
