problem,access,navigate,page_close,video,discussion,wiki
0,2.912966785404111,2.2516291673878226,2.909986547010987,2.95794437084128,0.0,0
