problem,access,navigate,page_close,video,discussion,wiki
0.0,2.791986949940384,1.7169171866886992,2.345719283930527,1.836591668108979,0.8400296601310542,0.0
