problem,access,navigate,page_close,video,discussion,wiki
0,1.9123260455314461,1.75,2.165957320949175,2.1800365325772657,0,0
