problem,access,navigate,page_close,video,discussion,wiki
0,1.9254106352407239,1.061278124459133,2.0353433020063356,2.0822287189138016,0.0,0
