problem,access,navigate,page_close,video,discussion,wiki
0.0,2.2206512148101605,1.9182958340544896,2.2008257945180887,1.974937501201927,1.6321057184910173,0.0
