problem,access,navigate,page_close,video,discussion,wiki
2.6182121965003295,3.3849324060186943,3.0,3.357676889605055,3.4016070031443357,3.1582231864385992,0
