problem,access,navigate,page_close,video,discussion,wiki
0.0,2.4546939516467026,1.5219280948873621,2.642423961771975,2.3545502265468965,1.5656531116458186,0.0
