problem,access,navigate,page_close,video,discussion,wiki
2.200211946407255,3.25135241070899,2.777336290726283,2.521640636343318,1.584962500721156,1.424183270002458,0.0
