problem,access,navigate,page_close,video,discussion,wiki
0.0,2.013245141902473,1.2516291673878228,2.044560406475774,2.0774287729134877,0,0
