problem,access,navigate,page_close,video,discussion,wiki
0.9910760598382222,3.2850911250530883,2.514711971090691,1.9182958340544896,1.584962500721156,1.6398067609061768,0.0
