problem,access,navigate,page_close,video,discussion,wiki
1.669180336866731,3.5181259595863987,2.692380602454975,3.633083116709848,3.3342094594480494,0.0,0.0
