problem,access,navigate,page_close,video,discussion,wiki
0.6500224216483541,3.693004422166389,1.5916727785823275,2.1219280948873624,1.5219280948873621,1.0,0
