problem,access,navigate,page_close,video,discussion,wiki
0.863120568566631,3.37948303615016,3.3263604079526936,3.2550445300659927,2.35274578087187,0,0.9182958340544896
