problem,access,navigate,page_close,video,discussion,wiki
1.6808831316442523,2.592343802031129,2.160964047443681,2.5906755559296917,1.0,0.0,0.0
