problem,access,navigate,page_close,video,discussion,wiki
0.0,2.3155496726453078,2.084962500721156,1.5304930567574824,1.5219280948873621,0,0
