problem,access,navigate,page_close,video,discussion,wiki
1.9591479170272448,3.5388627356351505,1.584962500721156,3.6357836298965642,3.3154107252426988,0,0
