problem,access,navigate,page_close,video,discussion,wiki
2.208196592277087,2.849312899085108,1.8464393446710154,2.7479662240401197,2.4774443592773174,0,0
