problem,access,navigate,page_close,video,discussion,wiki
1.891908517479453,3.3838438246729594,2.7973108742556487,2.3553885422075336,1.8423709931771084,0.0,1.4056390622295665
