problem,access,navigate,page_close,video,discussion,wiki
1.0676111603502403,3.4989426799218872,1.7758589482446405,3.121928094887362,1.0,0.26676498780302604,0.0
