problem,access,navigate,page_close,video,discussion,wiki
0.5934003486044384,2.0123850228256805,1.8024212838293647,1.5760875253642985,1.0,0,0
