problem,access,navigate,page_close,video,discussion,wiki
0.0,2.7440718556370554,2.556656707462823,2.918450134553324,2.78845045730829,0.0,0.0
