problem,access,navigate,page_close,video,discussion,wiki
0.0,2.0374011976541118,1.7924812503605778,1.8810947601100747,0.8112781244591328,0,0
