problem,access,navigate,page_close,video,discussion,wiki
0,1.086312840741288,0.9182958340544896,1.6140054628542202,1.8423709931771084,0,0
