problem,access,navigate,page_close,video,discussion,wiki
0.8112781244591328,2.1966920450846024,1.3787834934861753,2.2607845582978525,2.25,0,0.0
