problem,access,navigate,page_close,video,discussion,wiki
4.329055518889089,4.415623366085081,3.51734290050757,3.3439980213257896,4.067157940733343,3.118019765472605,0.0
