problem,access,navigate,page_close,video,discussion,wiki
1.9699449317964053,3.559212885683323,2.866247897312731,0.9182958340544896,2.5341468438052397,1.7132282994716024,0.0
