problem,access,navigate,page_close,video,discussion,wiki
0,1.9362600275315274,1.6767370300521325,1.9182958340544896,1.584962500721156,1.648238712995888,0.8112781244591328
