problem,access,navigate,page_close,video,discussion,wiki
2.854693951646702,3.311332036929089,3.1820058147602133,3.269819913024201,2.9370449469139777,2.0078380703783725,0.9182958340544896
