problem,access,navigate,page_close,video,discussion,wiki
0.7219280948873623,0.6722948170756379,0.9182958340544896,0.7424875695421236,0.954434002924965,0,0
