problem,access,navigate,page_close,video,discussion,wiki
0,2.3532946968877244,2.359879028736861,2.155913095175825,1.75,1.127903500854906,0.8112781244591328
