problem,access,navigate,page_close,video,discussion,wiki
1.8481805635708728,3.741511227346503,2.75,3.7791617278623626,3.6199839602384905,0.0,0
