problem,access,navigate,page_close,video,discussion,wiki
0,0.5916727785823275,1.3221793455166666,0.5032583347756457,0.5916727785823275,1.4572659136233872,1.0
