problem,access,navigate,page_close,video,discussion,wiki
3.4699356146939864,3.841664273579433,2.2810361125534233,1.584962500721156,3.457147485639628,3.077819531114783,0.0
