problem,access,navigate,page_close,video,discussion,wiki
0.5586293734521992,2.1330853245645285,1.468090781663233,1.81294527625988,1.934480433377244,0.0,0
