problem,access,navigate,page_close,video,discussion,wiki
0,1.9037016960573483,0.7219280948873623,1.5726236638951638,1.855388542207534,0.0,0
