problem,access,navigate,page_close,video,discussion,wiki
0,1.5715416718219246,0.0,1.7394541964918901,1.781937063546704,0.0,0
