problem,access,navigate,page_close,video,discussion,wiki
0.5435644431995964,1.6849878259392483,1.721928094887362,1.657742726504889,0.946372935985442,1.9801307171591935,0.9182958340544896
