problem,access,navigate,page_close,video,discussion,wiki
0,0.8960382325345575,1.5219280948873621,0.9182958340544896,0.9852281360342516,0,0
