problem,access,navigate,page_close,video,discussion,wiki
0,2.4573214408573425,1.789929075309999,2.403592309274687,1.9328045775391223,0.0,0.0
