problem,access,navigate,page_close,video,discussion,wiki
0.0,1.271782221599798,0.0,1.3709505944546687,1.4353713907745331,0,0
