problem,access,navigate,page_close,video,discussion,wiki
1.0869877023399053,1.6814963295286756,1.5219280948873621,1.0,0.8112781244591328,0.0,0
