problem,access,navigate,page_close,video,discussion,wiki
2.4734859638444986,3.3989968756603743,3.531385059672761,3.4047650330031196,3.062629774262617,2.6370398946448237,0.0
