problem,access,navigate,page_close,video,discussion,wiki
0.0,1.0480494355289416,1.8031333505578773,0.988180837004676,0.8112781244591328,0.9912642605354289,1.2516291673878228
