problem,access,navigate,page_close,video,discussion,wiki
1.7496134418025457,2.564519093106273,1.6854752972273344,2.2877837199410704,2.4225797618424916,1.3787834934861753,1.0
