problem,access,navigate,page_close,video,discussion,wiki
0.869137580612638,3.443573693944502,3.1068905956085184,3.4246128246206324,2.5424826938097276,0.0,0.0
