problem,access,navigate,page_close,video,discussion,wiki
0.8112781244591328,2.4920889070962393,1.7272922147926313,2.0,2.1219280948873624,0.0,1.0
