problem,access,navigate,page_close,video,discussion,wiki
0.0,1.5058231002082845,1.3516441151533924,0.7642045065086203,1.0,0.5435644431995964,0.0
