problem,access,navigate,page_close,video,discussion,wiki
0,2.7352701614643706,2.572623663895164,2.5249449750847117,2.054585169337799,1.8955056206115384,0.0
