problem,access,navigate,page_close,video,discussion,wiki
0,1.5822404927432898,2.738953561392113,2.0,1.5645041853857053,0.0,0.0
