problem,access,navigate,page_close,video,discussion,wiki
0,1.562806631693174,1.9219280948873623,1.5510981710072647,0.0,0,0
