problem,access,navigate,page_close,video,discussion,wiki
0.9709505944546686,2.5169755734108152,2.8064985287918303,1.9219280948873623,1.5219280948873621,2.4116022179746714,1.584962500721156
