problem,access,navigate,page_close,video,discussion,wiki
2.668002743029903,2.849287715602332,3.281166758289172,2.7373000164039,1.7173146624577225,2.9308345820082,1.0
