problem,access,navigate,page_close,video,discussion,wiki
3.0459865177082825,3.6077234088212826,3.4329993066372895,3.223465189601647,3.07419834670499,2.2810361125534233,0.9182958340544896
