problem,access,navigate,page_close,video,discussion,wiki
0,3.374368193561004,3.188721875540867,2.2810361125534233,1.5,0.0,0
