problem,access,navigate,page_close,video,discussion,wiki
0.9709505944546686,2.9968087227895923,2.8584585933443494,2.2359263506290326,2.2359263506290326,0,0
