problem,access,navigate,page_close,video,discussion,wiki
0,3.87921295305713,3.471411748519156,2.952819531114783,2.6635327548042547,3.2720965674256473,1.9182958340544896
