problem,access,navigate,page_close,video,discussion,wiki
0,1.1567796494470395,1.352030101757953,0.9182958340544896,0.9709505944546686,0.0,0.0
