problem,access,navigate,page_close,video,discussion,wiki
0,0.8366407419411673,0.9182958340544896,0.9182958340544896,0.9456603046006402,0,0
