problem,access,navigate,page_close,video,discussion,wiki
0.8314743880097293,1.9149798205164812,1.9877733714879842,0.0,0.0,0.8960382325345575,0
