problem,access,navigate,page_close,video,discussion,wiki
0,3.317258146469216,1.5,3.361406329721843,3.2618423904633667,0,0
