problem,access,navigate,page_close,video,discussion,wiki
2.875096159690326,3.000340973907313,3.0269868333592873,2.8931141656208785,2.8046850785235735,1.0,0.9182958340544896
