problem,access,navigate,page_close,video,discussion,wiki
3.1044123285535528,3.5541061852352684,1.9609640474436814,1.0,3.170950594454668,3.2616440288877024,0
