problem,access,navigate,page_close,video,discussion,wiki
3.140058703959942,3.9768047494532386,3.1659573209491745,3.985734011102325,3.4745359609194333,1.9211854965885542,0.0
