problem,access,navigate,page_close,video,discussion,wiki
0,2.551915736636332,1.5566567074628228,2.6130201924480456,2.365957320949175,1.8518177841906396,0
