problem,access,navigate,page_close,video,discussion,wiki
0,2.141821596022348,1.2516291673878228,1.965596230357602,1.4591479170272448,0,0
