problem,access,navigate,page_close,video,discussion,wiki
0,1.889246428509158,1.224394445405986,1.5304930567574826,0.954434002924965,0,0.0
