problem,access,navigate,page_close,video,discussion,wiki
0.0,2.354496727923253,2.1556390622295662,1.9219280948873623,0.0,0.8112781244591328,0
