problem,access,navigate,page_close,video,discussion,wiki
0.7219280948873623,3.408179257509354,3.02322500208334,1.3787834934861756,2.727497224852472,0.0,0
