problem,access,navigate,page_close,video,discussion,wiki
0.9886994082884974,0.97663491144401,0.0,1.0,0.9967916319816366,0,0
