problem,access,navigate,page_close,video,discussion,wiki
1.2210477851797181,1.5610200529422016,1.8163401138534079,1.8282344370732122,1.5566567074628228,1.3709505944546687,0.0
