problem,access,navigate,page_close,video,discussion,wiki
2.9311553763683866,4.014666195224434,3.3174058114255187,3.643111233202008,4.024112826985802,1.5304930567574824,0.9182958340544896
