problem,access,navigate,page_close,video,discussion,wiki
1.3920804032919047,1.928273136503273,1.867633890971212,1.7924812503605778,1.8256051990169437,0.8166890883150209,0.0
