problem,access,navigate,page_close,video,discussion,wiki
0,2.7732190663638114,2.439353872167201,2.6795729067127643,2.5424826938097276,1.4609640474436811,0.8112781244591328
