problem,access,navigate,page_close,video,discussion,wiki
0,1.7108562983864117,1.1567796494470395,1.192250860234642,0.9055872616982603,0,0
