problem,access,navigate,page_close,video,discussion,wiki
0.9910760598382222,3.178406590159426,2.2516291673878226,2.0,1.0,0,0
