problem,access,navigate,page_close,video,discussion,wiki
0,2.462901036762231,1.7924812503605778,2.471251836004466,2.2942740671928616,0.0,0
