problem,access,navigate,page_close,video,discussion,wiki
0.8112781244591328,3.259204168348252,2.8453509366224368,3.239097917988786,0.9182958340544896,0.0,0.0
