problem,access,navigate,page_close,video,discussion,wiki
0.0,2.2919307466539722,1.9579393553211153,2.3457192839305274,2.4056390622295662,0.0,0.0
