problem,access,navigate,page_close,video,discussion,wiki
1.4591479170272448,1.618240870065851,1.3709505944546687,2.0497120352661518,2.0632025132158516,0,0
