problem,access,navigate,page_close,video,discussion,wiki
1.8908016029832941,2.32742132943338,2.3993974703476995,0,0,0.4689955935892812,0.0
