problem,access,navigate,page_close,video,discussion,wiki
0,1.8589919652619542,1.5219280948873621,1.0483288961581654,0.8501514254479945,0.0,0.0
