problem,access,navigate,page_close,video,discussion,wiki
0.4586858162005403,0.48217919020227284,0.8112781244591328,1.188721875540867,0.8112781244591328,0,0
