problem,access,navigate,page_close,video,discussion,wiki
1.455447010442442,3.4869183227518623,2.81034967345426,2.842370993177109,3.410791295540501,2.2339466645252255,0
