problem,access,navigate,page_close,video,discussion,wiki
0,1.6854752972273346,0.9798687566511528,2.2516291673878226,1.584962500721156,0.5435644431995964,1.0
