problem,access,navigate,page_close,video,discussion,wiki
3.172034365265104,3.9056762739173476,4.0069131274435374,3.398169641921054,2.4975561886950173,3.7228360209688,0.8112781244591328
