problem,access,navigate,page_close,video,discussion,wiki
3.1741755728232497,4.023294904141548,3.789609949563123,4.035335545322477,3.8014208414962822,3.4341837197791887,0
