problem,access,navigate,page_close,video,discussion,wiki
0.0,2.0857257346142966,1.8448894517332408,2.2948878620724478,2.0670314951575843,1.7434504425609507,1.0
