problem,access,navigate,page_close,video,discussion,wiki
1.5394847569315018,2.0533774312842175,1.5485806065228545,1.4572659136233872,1.5,0,0.0
