problem,access,navigate,page_close,video,discussion,wiki
0,2.8324453685267623,2.606238928653389,3.0130709291038453,2.4591479170272446,0.0,0.0
