problem,access,navigate,page_close,video,discussion,wiki
3.5069160031833984,4.268623921228233,3.839531737361316,4.179976318287834,3.995237891380887,2.4301332015883146,0.0
