problem,access,navigate,page_close,video,discussion,wiki
2.6758107561469515,3.6338599906314255,3.577107161885249,3.695489286413554,3.424533718286362,2.306994455674739,2.0182155146751497
