problem,access,navigate,page_close,video,discussion,wiki
0.0,1.8049451311431488,2.1820058147602133,1.6577427265048887,1.5,0.0,0.0
