problem,access,navigate,page_close,video,discussion,wiki
0.6500224216483541,3.08847695714798,2.084962500721156,3.0171507197739804,2.964201431025388,0.5032583347756457,0.0
