problem,access,navigate,page_close,video,discussion,wiki
2.3804304878001115,3.2906857984782323,3.2912716516261407,2.1383183109266795,2.4193819456463714,1.9823141996615647,0.0
