problem,access,navigate,page_close,video,discussion,wiki
0.6500224216483541,3.5427166149964466,3.2221438730799816,3.3963280164169922,3.3766536620183087,2.0151390045092366,0.0
