problem,access,navigate,page_close,video,discussion,wiki
0.0,1.2419460322060458,1.2987949406953985,0.0,0.0,0.9910760598382222,0
