problem,access,navigate,page_close,video,discussion,wiki
0.9182958340544896,2.186278124459133,1.584962500721156,1.6644977792004612,1.584962500721156,0,0
