problem,access,navigate,page_close,video,discussion,wiki
0.0,2.493359795631317,1.8676338909712125,2.365596230357602,1.9219280948873623,1.5715416718219246,0.0
