problem,access,navigate,page_close,video,discussion,wiki
2.500769582523554,2.4154035807979146,2.3828560636920493,0.0,1.8419171866886992,0.9852281360342516,0.0
