problem,access,navigate,page_close,video,discussion,wiki
1.8489480567738856,2.7069552624920186,1.9508257945180887,2.6649025162371998,2.573557262275185,0,0
