problem,access,navigate,page_close,video,discussion,wiki
1.5566567074628228,1.955807433618105,1.0,1.7429661954675217,1.4355205042826666,0,0
