problem,access,navigate,page_close,video,discussion,wiki
0.9892452969285003,1.7273344666381945,1.6691803368667308,1.9056390622295665,1.0,0.9182958340544896,0.0
