problem,access,navigate,page_close,video,discussion,wiki
0.0,2.6488047613281545,2.599581230646065,2.6258145836939115,1.5,2.177140237381886,1.0
