problem,access,navigate,page_close,video,discussion,wiki
2.068634573470573,2.2078953719345416,2.702904337188607,2.056816232041228,1.7858063886958977,0,0.0
