problem,access,navigate,page_close,video,discussion,wiki
1.5566567074628228,3.2424147372666074,2.4677822970022136,3.0152558434919987,2.9962229297425784,1.5304930567574826,0
