problem,access,navigate,page_close,video,discussion,wiki
0,1.9262197608196492,1.4591479170272446,1.8913736972060495,1.930019153691655,0.0,1.0
