problem,access,navigate,page_close,video,discussion,wiki
1.8281262532594593,3.619237684489581,2.4772170014624826,3.421928094887362,2.9182958340544896,0,0
