problem,access,navigate,page_close,video,discussion,wiki
2.4367116631685035,2.992386924301021,2.876853130799308,3.134635924691175,2.794653473544342,0.9182958340544896,1.0
