problem,access,navigate,page_close,video,discussion,wiki
0,1.920104074205717,0.0,2.0948567835487384,2.1492553971685,0,0
