problem,access,navigate,page_close,video,discussion,wiki
2.7625679675071892,3.0317216554800845,2.838909597982605,2.6700467843490125,2.9107912955405006,1.612197222702993,0
