problem,access,navigate,page_close,video,discussion,wiki
0,2.190515847687587,2.2841591278514217,2.1180782093497093,0.0,0.8112781244591328,0.0
