problem,access,navigate,page_close,video,discussion,wiki
0,0.9638809715451944,1.1567796494470395,1.0957952550009338,0.7642045065086203,0,0.0
