problem,access,navigate,page_close,video,discussion,wiki
2.1609640209210306,2.7207293829637527,2.4746002999576886,2.7388276443161277,2.5275853770444257,2.012878689342031,0.0
