problem,access,navigate,page_close,video,discussion,wiki
0.0,2.7609934749167984,2.952424963098605,2.0,1.0,1.4466166676282082,1.3709505944546687
