problem,access,navigate,page_close,video,discussion,wiki
2.0343209409545646,2.729266932939071,2.9052502888141003,2.2349208348557745,2.5461189541607494,2.9523194659189413,0.0
