problem,access,navigate,page_close,video,discussion,wiki
1.224394445405986,2.856661955423027,2.402439983737665,2.89664040024267,2.9351690878172176,1.8471282101364253,1.584962500721156
