problem,access,navigate,page_close,video,discussion,wiki
0.6722948170756379,2.2160780277326397,2.5073801024236357,2.210161461575296,2.2841591278514217,0,0
