problem,access,navigate,page_close,video,discussion,wiki
0,1.7295739585136223,1.0,1.5487949406953985,1.3709505944546687,0,0
