problem,access,navigate,page_close,video,discussion,wiki
1.0408520829727552,2.9550918454742465,3.6979296311788263,2.7225196493796866,1.8073549220576042,3.7256171356436916,1.5
