problem,access,navigate,page_close,video,discussion,wiki
1.4836591643979626,2.8520901025870047,2.5243974703476995,2.5272077403659856,1.5487949406953985,2.1938973841826663,0.0
