problem,access,navigate,page_close,video,discussion,wiki
0.7924724975678816,1.2601109425506647,1.5546097612655665,1.3516441151533924,0.7642045065086203,1.5,0
