problem,access,navigate,page_close,video,discussion,wiki
0.5388168503036337,2.3034139850604163,1.0389205950315936,1.9219280948873623,1.9219280948873623,0.0,0.0
