problem,access,navigate,page_close,video,discussion,wiki
0.9895875212220557,2.4861506913543554,2.467720100474499,0.0,0,0.0,0
