problem,access,navigate,page_close,video,discussion,wiki
1.5,1.7322216637616483,0.9709505944546686,1.8496017527145812,0,0,0
