problem,access,navigate,page_close,video,discussion,wiki
0,3.7168685856424037,1.7527152789797045,3.1462863706621045,2.845350936622437,0,0
