problem,access,navigate,page_close,video,discussion,wiki
1.561278124459133,3.1159246811381935,3.423668560104998,3.0052864955728347,2.761733104426989,2.7652790712702324,1.3709505944546687
