problem,access,navigate,page_close,video,discussion,wiki
0,2.005599487755284,0.8112781244591328,1.9219280948873623,1.4355205042826666,0,0
