problem,access,navigate,page_close,video,discussion,wiki
0,1.7699926200894212,1.8024212838293645,1.9143718822451232,1.9259785981781432,0,0
