problem,access,navigate,page_close,video,discussion,wiki
1.8154100547001821,2.9057985897006713,2.502736171594004,2.8507279363435636,2.8205898566665457,0.7219280948873623,0.0
