problem,access,navigate,page_close,video,discussion,wiki
2.8071285735701847,2.925626266970391,3.2684264377738192,2.956803458746515,2.419529342424409,2.051361789187549,0.9182958340544896
