problem,access,navigate,page_close,video,discussion,wiki
0,1.9591479170272446,1.3709505944546687,1.3516441151533922,0.0,0,0
