problem,access,navigate,page_close,video,discussion,wiki
0,3.152219857893365,2.41896119556797,2.815922063835166,2.9689185639620974,0.9182958340544896,1.0
