problem,access,navigate,page_close,video,discussion,wiki
0.0,2.749845171805309,2.7730201924480458,2.84585714749265,2.217021885879718,1.584682205899628,0.0
