problem,access,navigate,page_close,video,discussion,wiki
0.0,1.6038561897747248,1.9609640474436814,2.197159723424149,1.9219280948873623,0.9182958340544896,0.0
