problem,access,navigate,page_close,video,discussion,wiki
0.5547781633412736,2.3060305166752313,2.1078107081522184,1.9219280948873623,1.584962500721156,1.5441391115080683,0.8112781244591328
