problem,access,navigate,page_close,video,discussion,wiki
0.0,4.104140382667862,4.210453089761059,4.020171467696524,2.813865121950854,4.375571972441355,2.321928094887362
