problem,access,navigate,page_close,video,discussion,wiki
1.9542473996920802,2.978311150431872,2.94770277922009,1.0,0.0,0,0
