problem,access,navigate,page_close,video,discussion,wiki
2.7802783889939695,3.2061201605346676,3.039148671903071,1.0,1.584962500721156,1.3250112108241772,0.0
