problem,access,navigate,page_close,video,discussion,wiki
0.9864267287308424,2.9322391804652934,2.7773627950641693,2.867633890971212,1.8423709931771086,1.7002237262558646,0.0
