problem,access,navigate,page_close,video,discussion,wiki
1.4056390622295665,1.4411665441579462,1.6767370300521325,0.5435644431995964,0.0,0.8112781244591328,1.0
