problem,access,navigate,page_close,video,discussion,wiki
1.8423709931771086,2.245474488964314,2.6519325792170334,1.948426853614678,0.0,1.0529815751302694,0.0
