problem,access,navigate,page_close,video,discussion,wiki
1.1401156785146092,2.6034650742618797,2.3685225277282065,2.668273412406135,2.263809173883546,1.0,0
