problem,access,navigate,page_close,video,discussion,wiki
1.9182958340544896,1.7496079961389532,1.8423709931771084,1.8567796494470397,1.889246428509158,0,0
