problem,access,navigate,page_close,video,discussion,wiki
2.2036246366959475,2.8508176987905274,2.064042639445697,2.794088706087201,2.2846706850307865,1.4488156357251847,0
