problem,access,navigate,page_close,video,discussion,wiki
0,1.5394847569315018,1.5,1.5219280948873621,1.584962500721156,0,0.0
