problem,access,navigate,page_close,video,discussion,wiki
0,1.9440097497163569,1.4195562985716133,1.584962500721156,1.584962500721156,0,0.0
