problem,access,navigate,page_close,video,discussion,wiki
2.1852659125503666,3.5445050928969786,3.494048882815449,3.552166022458035,3.192417846776969,0.0,0.863120568566631
