problem,access,navigate,page_close,video,discussion,wiki
1.5090275125326515,1.453764362385295,1.3382689280764646,1.436545552091029,1.4591479170272448,0,0
