problem,access,navigate,page_close,video,discussion,wiki
2.760608751823395,3.3767646525514494,2.8150724101159437,2.223762903926821,2.058813890331201,1.9182958340544893,1.0
