problem,access,navigate,page_close,video,discussion,wiki
0.0,2.6531541002778396,1.4591479170272448,2.2840065210862766,2.0890038287775923,0,0
