problem,access,navigate,page_close,video,discussion,wiki
0.0,2.3056098920348354,2.2516291673878226,2.481714572986073,2.113283334294875,0,0
