problem,access,navigate,page_close,video,discussion,wiki
1.5726236638951638,2.302382265168488,2.321928094887362,1.3709505944546687,1.584962500721156,1.4854752972273344,0.0
