problem,access,navigate,page_close,video,discussion,wiki
2.725480556997868,3.7740252257557296,2.83429531609601,3.8118412295458604,3.738218635928951,0.0,0
