problem,access,navigate,page_close,video,discussion,wiki
1.3297455265134746,2.0179179007620958,1.9705730958116852,0.9182958340544896,0.0,1.0,0
