problem,access,navigate,page_close,video,discussion,wiki
2.452819531114783,3.8366658329458367,2.9917476237827,1.0,0.0,3.477368442094157,1.7695459925589747
