problem,access,navigate,page_close,video,discussion,wiki
1.9793743593188131,2.99107755388912,2.536608254391499,1.5,1.0,1.3072967992419922,1.0
