problem,access,navigate,page_close,video,discussion,wiki
0,2.457557378227985,1.7272922147926313,2.4338936296611426,2.1492553971685,0,0
