problem,access,navigate,page_close,video,discussion,wiki
0,2.2681252656443873,0.0,2.2551230440172545,2.2551230440172545,0,0
