problem,access,navigate,page_close,video,discussion,wiki
1.9504513975751365,3.1749462471803014,2.71929452566698,3.151531323815468,2.9276942711037672,0.0,0.0
