problem,access,navigate,page_close,video,discussion,wiki
0,0.8904916402194913,1.3787834934861753,0.6500224216483541,1.0,0,0
