problem,access,navigate,page_close,video,discussion,wiki
2.8349845455820364,4.051373724736463,3.9789184179031825,4.021488947823954,3.514044469850428,1.6258145836939115,0.0
