problem,access,navigate,page_close,video,discussion,wiki
0.0,0.7062740891876007,1.3250112108241772,0.7793498372920852,1.0,0.0,0
