problem,access,navigate,page_close,video,discussion,wiki
2.6862501438711512,3.305607339632965,0.9182958340544896,3.2564580163268326,3.256031014430837,2.2535532089563515,0.0
