problem,access,navigate,page_close,video,discussion,wiki
0,2.6638187367232935,2.807354922057604,2.5785519909913264,2.4508257945180882,0,0
