problem,access,navigate,page_close,video,discussion,wiki
0.0,2.136872695640444,2.1054105870684143,1.5465935642949382,0.5916727785823275,0.0,0
