problem,access,navigate,page_close,video,discussion,wiki
0.0,1.9199730940219752,1.4591479170272446,1.9143411836123523,1.811278124459133,0.5435644431995964,0.0
