problem,access,navigate,page_close,video,discussion,wiki
1.6519906666760094,2.4587122270740953,1.7609640474436812,2.0,0.0,0.0,0.0
