problem,access,navigate,page_close,video,discussion,wiki
1.5306189948485172,3.3910638535344186,2.7937228880594227,3.401238012246291,2.5219280948873624,1.3851859733533447,0.9182958340544896
