problem,access,navigate,page_close,video,discussion,wiki
0.6500224216483541,1.45279363084913,0.0,1.2419460322060458,1.0,0.0,0.0
