problem,access,navigate,page_close,video,discussion,wiki
2.0,2.8701115545149194,2.767691504839155,2.807958209959058,2.8225797618424915,0,0
