problem,access,navigate,page_close,video,discussion,wiki
2.5453386327429626,3.6799073341261397,3.5774533321916024,3.599540338071492,3.2101721492681263,1.5689762662122329,0.0
