problem,access,navigate,page_close,video,discussion,wiki
1.491013870758994,1.6228727678205241,1.81294527625988,1.7474130395316414,0.9456603046006402,0.0,2.0
