problem,access,navigate,page_close,video,discussion,wiki
3.0668948512204866,3.6576312019487673,3.0659573209491744,1.792481250360578,3.2378444082413123,2.6199100232740657,0
