problem,access,navigate,page_close,video,discussion,wiki
3.7302629675818624,3.8295730111892925,3.672770299042011,3.7943475842054823,3.397844179285495,3.120280914872166,1.9219280948873623
