problem,access,navigate,page_close,video,discussion,wiki
2.1258145836939115,2.9876989648038577,2.927798970294785,2.4863286677871854,3.0513865701704552,0.8453509366224365,0.0
