problem,access,navigate,page_close,video,discussion,wiki
0.0,2.8807844716873,1.8250112108241772,1.9220231428515733,1.789929075309999,0.0,1.0
