problem,access,navigate,page_close,video,discussion,wiki
1.2475562489182659,3.0363799243535117,2.743397359333707,3.3684950079710916,3.2414460711655217,2.0081162969850457,1.4911148500551858
