problem,access,navigate,page_close,video,discussion,wiki
2.1492553971685,3.5156957939017293,3.523141320466082,3.6188521092521313,3.051595655674384,2.054313010308058,0.7219280948873623
