problem,access,navigate,page_close,video,discussion,wiki
1.4488156357251847,1.5126240459869134,1.3346791410515946,1.7489992230622806,0.8112781244591328,1.584962500721156,1.0
