problem,access,navigate,page_close,video,discussion,wiki
0.0,1.3516441151533924,1.584962500721156,1.5744174271404585,1.75,0.5916727785823275,0.9182958340544896
