problem,access,navigate,page_close,video,discussion,wiki
0.0,2.815254002261526,2.385336887176044,2.9827899465895102,3.0306390622295662,1.1488348542809166,0.9182958340544896
