problem,access,navigate,page_close,video,discussion,wiki
1.566694360144882,2.8324397138788444,2.8282129458410017,2.0,2.0,2.1039321971699163,2.0
