problem,access,navigate,page_close,video,discussion,wiki
0.7219280948873623,1.5667436211682355,1.5,1.8423709931771088,1.7219280948873623,0.8112781244591328,0
