problem,access,navigate,page_close,video,discussion,wiki
1.228789740397119,2.722542640416415,2.607367734428092,1.528965968072094,0.863120568566631,1.0,0.0
