problem,access,navigate,page_close,video,discussion,wiki
1.3987153592677852,2.7601933744404126,2.5169435668654394,2.845440283065543,2.4772170014624826,2.214986211304948,0.7219280948873623
