problem,access,navigate,page_close,video,discussion,wiki
1.5136967790244693,3.132878689342031,1.8423709931771088,3.12742132943338,2.822181958642873,0,0
