problem,access,navigate,page_close,video,discussion,wiki
0,1.5766212201074912,1.9219280948873623,1.792481250360578,1.584962500721156,0,0
