problem,access,navigate,page_close,video,discussion,wiki
2.033530534951585,3.617353109574418,2.7314193061059857,3.8399659477084884,3.4713544870139286,1.0,1.584962500721156
