problem,access,navigate,page_close,video,discussion,wiki
1.7100285140347624,2.4490596210679514,2.5172617787637104,1.0,0,1.8322488896002305,1.0
