problem,access,navigate,page_close,video,discussion,wiki
1.3779630390761746,1.4973462700703384,0.0,1.8464393446710154,1.2997367636952524,0.0,0
