problem,access,navigate,page_close,video,discussion,wiki
2.861575817764811,3.091542628407005,1.4591479170272446,3.2196049641391067,3.0560209680578825,0,0
