problem,access,navigate,page_close,video,discussion,wiki
0.863120568566631,2.993099938791029,2.0922718656836103,2.887210311338979,2.873140679513133,0.0,0.0
