problem,access,navigate,page_close,video,discussion,wiki
0,2.611135633194072,2.5216406363433186,2.6086949695628423,2.481714572986073,2.432219219206431,0.0
