problem,access,navigate,page_close,video,discussion,wiki
0,0.8904916402194913,1.4854752972273344,1.4591479170272446,0.9182958340544896,0.0,0
