problem,access,navigate,page_close,video,discussion,wiki
0.0,1.76621067028335,2.2221915755066783,2.3219280948873626,1.9219280948873623,0.0,0.0
