problem,access,navigate,page_close,video,discussion,wiki
0.0,1.929937989247485,2.074164743022575,0.9182958340544896,1.5,0,0
