problem,access,navigate,page_close,video,discussion,wiki
0,2.084962500721156,1.7924812503605778,1.792481250360578,1.5,0.0,0
