problem,access,navigate,page_close,video,discussion,wiki
0,1.8048956511448038,1.6577427265048887,1.5709505944546684,1.3709505944546687,0.0,0.0
