problem,access,navigate,page_close,video,discussion,wiki
1.3221793455166666,3.4545237296348454,2.5207474747403573,3.0947366518542907,2.887918502671133,0.0,1.0
