problem,access,navigate,page_close,video,discussion,wiki
2.2312702546075758,3.108283506456681,2.4650694618158373,3.0261206330891177,2.8932333352564163,1.121177460903491,0.0
