problem,access,navigate,page_close,video,discussion,wiki
0,2.017226962994476,1.5,1.9248240667373948,1.9528195311147831,0.8112781244591328,0.0
