problem,access,navigate,page_close,video,discussion,wiki
0,2.7355791008575796,2.581013401577586,2.7499025061628966,2.35274578087187,1.8092000326978122,1.0
