problem,access,navigate,page_close,video,discussion,wiki
0.9596868937742169,2.5138755975478237,2.287783719941071,1.584962500721156,0,0.8112781244591328,0.0
