problem,access,navigate,page_close,video,discussion,wiki
1.9620310230081115,2.284185618781013,2.217021885879718,2.2301285010773366,1.8565647621309542,0,0
