problem,access,navigate,page_close,video,discussion,wiki
0.0,1.8248629576173565,2.221251836004466,2.0300872246321315,1.6854752972273346,0.9852281360342516,0.0
