problem,access,navigate,page_close,video,discussion,wiki
0.0,2.585475848081111,2.214700801125745,2.8150724101159437,2.6258145836939115,0,0.0
