problem,access,navigate,page_close,video,discussion,wiki
1.2866926683547546,3.4182501398445266,2.188721875540867,3.5735682264583137,2.9232314287976213,0,0
