problem,access,navigate,page_close,video,discussion,wiki
0.9709505944546686,2.5868698432714123,2.821928094887362,2.378442463879634,1.5,1.3125559878021227,1.584962500721156
