problem,access,navigate,page_close,video,discussion,wiki
0,2.3002439328774806,2.8096220466514703,1.584962500721156,1.9219280948873623,0.7219280948873623,1.0
