problem,access,navigate,page_close,video,discussion,wiki
2.2913560346171478,3.99727842092479,3.5410985642285517,4.001336846307736,3.2441829239800026,1.4185644431995963,1.6644977792004614
