problem,access,navigate,page_close,video,discussion,wiki
0,1.2465293104073303,2.676737030052133,1.5033074086078342,0.0,0.0,1.0
