problem,access,navigate,page_close,video,discussion,wiki
0,2.2037016960573483,2.1924876891689538,2.2516291673878226,0.0,0.0,0
