problem,access,navigate,page_close,video,discussion,wiki
2.789002346522207,3.530418476435006,3.2184451519648007,1.4911148500551858,3.17504285097684,3.0529180639091336,0.0
