problem,access,navigate,page_close,video,discussion,wiki
2.513645929358371,4.133120503788991,2.8611152595953,4.135031205328289,3.946387519131128,1.0,1.0
