problem,access,navigate,page_close,video,discussion,wiki
1.9518318647848059,3.5011248960262216,3.6044782849464054,3.5667045780187934,3.064451327341377,1.6428016746851992,1.0
