problem,access,navigate,page_close,video,discussion,wiki
0.0,0.74959525725948,1.5566567074628228,0.6500224216483541,0,0.5032583347756457,0
