problem,access,navigate,page_close,video,discussion,wiki
0.9798687566511528,2.9375722093990984,2.546803068996853,3.0460369285554085,2.0403733936884962,1.5,1.7924812503605778
