problem,access,navigate,page_close,video,discussion,wiki
0,2.362575237258259,1.1589385323502772,2.323934896284056,2.35441550538075,0,0.8112781244591328
