problem,access,navigate,page_close,video,discussion,wiki
0,1.717090774749888,1.4604846813131116,1.9039678130877662,1.809200032697812,1.3485878960124222,1.5
