problem,access,navigate,page_close,video,discussion,wiki
2.074126746326291,2.7244835109730943,1.9609640474436814,1.2406705316766886,1.2516291673878228,0.0,0.0
