problem,access,navigate,page_close,video,discussion,wiki
0,2.779918731852586,2.431589133526411,1.584962500721156,0.9182958340544896,1.9056390622295665,0.9182958340544896
