problem,access,navigate,page_close,video,discussion,wiki
0.7871265862012691,2.513645929358371,0.9219280948873623,2.251629167387823,2.0,1.2607717938967942,0.0
