problem,access,navigate,page_close,video,discussion,wiki
2.7409606612961372,3.0842659733735815,2.550340709546389,2.856327319613837,2.778609272898848,0,0
