problem,access,navigate,page_close,video,discussion,wiki
2.3876630205303533,2.9932202508480725,3.155221528859512,1.584962500721156,0.9709505944546686,2.7744720731027823,1.9709505944546686
