problem,access,navigate,page_close,video,discussion,wiki
2.781264013530221,3.1173098917391067,2.235926350629032,3.174652181260417,2.1381751295203735,0.24229218908241482,0.0
