problem,access,navigate,page_close,video,discussion,wiki
0.9182958340544896,2.452003967187706,2.321928094887362,2.345719283930527,0.9709505944546686,1.75,0
