problem,access,navigate,page_close,video,discussion,wiki
2.6469854578513536,3.1914005435473136,2.1626441180472606,3.277229696512258,2.988316710610012,1.3250112108241772,0
