problem,access,navigate,page_close,video,discussion,wiki
1.0,2.9142502743711196,2.584962500721156,0.0,2.656564762130954,0.0,0.0
