problem,access,navigate,page_close,video,discussion,wiki
0.9957274520849256,1.5832262740679837,1.9709505944546688,0.0,0.9852281360342516,0.0,0
