problem,access,navigate,page_close,video,discussion,wiki
1.775493781982767,2.2937115326542368,2.174583503614888,2.6271200190032142,2.270942421748537,0.0,0.0
