problem,access,navigate,page_close,video,discussion,wiki
1.5504949818133702,2.4816505692672712,1.8553885422075338,0.0,0.0,0.0,0.0
