problem,access,navigate,page_close,video,discussion,wiki
0,2.788481565918181,2.5219280948873624,2.6825887305018337,2.125814583693911,0.0,0
