problem,access,navigate,page_close,video,discussion,wiki
2.081195035457367,3.898379487149326,3.4189370883802,3.868575409905713,3.866990161046786,0.0,0
