problem,access,navigate,page_close,video,discussion,wiki
2.0255918602852327,2.638485052947395,2.693660689688186,0.0,0.0,1.820393189881004,0
