problem,access,navigate,page_close,video,discussion,wiki
0.8739810481273578,1.1221136771091087,1.5709505944546684,1.0408520829727552,0.7219280948873623,1.4591479170272448,0.0
