problem,access,navigate,page_close,video,discussion,wiki
0,1.3328204045850196,1.280672129520887,0.9864267287308424,0.9910760598382222,0.0,0.0
