problem,access,navigate,page_close,video,discussion,wiki
2.0755212320482928,3.6026072642621543,2.7516291673878226,2.4056390622295662,2.7773627950641697,0.5435644431995964,0.0
