problem,access,navigate,page_close,video,discussion,wiki
0,4.040710423594246,4.455837043698487,3.8253379143923967,2.8152023999804863,4.187097255699843,1.5
