problem,access,navigate,page_close,video,discussion,wiki
2.6391650443268384,2.675888792977727,1.6403360647604435,1.895461844238322,2.5891248756075713,1.3921472236645345,0
