problem,access,navigate,page_close,video,discussion,wiki
2.6900735042677733,3.8020308164066616,3.147860597836286,2.521640636343318,3.175429701352703,2.5900325912016395,0.9182958340544896
