problem,access,navigate,page_close,video,discussion,wiki
2.1709505944546685,2.870796780863387,1.5,2.954685508312003,2.1464657985040723,0,0
