problem,access,navigate,page_close,video,discussion,wiki
0,1.561278124459133,2.9708400131019848,1.5219280948873621,0.0,3.1307172498339915,0.9182958340544896
