problem,access,navigate,page_close,video,discussion,wiki
0,1.8843135277997989,1.8910611120726526,1.584962500721156,0.8112781244591328,0.7219280948873623,0.0
