problem,access,navigate,page_close,video,discussion,wiki
3.415055468451879,3.9980974547599604,3.2818589442727535,3.9158432991943375,3.8309218170701933,2.3322638547387586,0.8112781244591328
