problem,access,navigate,page_close,video,discussion,wiki
1.3284807255676316,2.8400729030116576,2.6100635408770723,1.9182958340544893,1.584962500721156,1.0881641534971291,0.8112781244591328
