problem,access,navigate,page_close,video,discussion,wiki
1.4816181303775513,2.3415690863601966,1.9362600275315274,2.10209067485585,1.9182958340544896,0,0
