problem,access,navigate,page_close,video,discussion,wiki
0.9575534837147482,2.231593650294246,2.113283334294875,2.2577560641285177,1.5566567074628228,0.0,0.0
