problem,access,navigate,page_close,video,discussion,wiki
2.436278124459133,3.175123218755787,2.251629167387823,3.0905836334785155,2.973497414561221,0.7219280948873623,0
