problem,access,navigate,page_close,video,discussion,wiki
0.0,2.599581230646065,0.0,2.345851989338261,2.2810361125534238,0,0
