problem,access,navigate,page_close,video,discussion,wiki
0,0.8904916402194913,1.4056390622295665,0.9852281360342516,0,0,0
