problem,access,navigate,page_close,video,discussion,wiki
2.338648190227613,2.8149987894168196,1.3787834934861753,2.983465189601647,3.1813663288914587,0,0
