problem,access,navigate,page_close,video,discussion,wiki
1.9947896962699567,2.2048546376848384,2.609850166028943,0.0,0,1.5394847569315018,0
