problem,access,navigate,page_close,video,discussion,wiki
1.4899343783255763,3.3941327865521305,3.254419773283017,0.0,0.0,2.690654650020694,1.8423709931771084
