problem,access,navigate,page_close,video,discussion,wiki
2.2339979078388272,4.1175765229826276,3.726737473412386,4.160773959202181,3.9541467815487756,2.4732696895151083,0.0
