problem,access,navigate,page_close,video,discussion,wiki
1.8879185026711327,2.7240727194943353,2.8014846517522867,0.0,0.0,1.964578561699593,0.0
