problem,access,navigate,page_close,video,discussion,wiki
1.8605057729660193,2.8260237746835486,2.439132505853738,3.049300487888431,2.523231428797621,1.0,0.5916727785823275
