problem,access,navigate,page_close,video,discussion,wiki
0,3.2209505944546684,3.2728043273346206,2.9393538721672003,2.5580510765444573,0,0
