problem,access,navigate,page_close,video,discussion,wiki
1.061278124459133,2.9094974467922112,1.9591479170272446,3.218192225222381,3.208732132691434,0.0,0.0
