problem,access,navigate,page_close,video,discussion,wiki
1.2516291673878228,2.3339119513005473,3.0128798759551314,2.0545851693377997,1.9219280948873623,0.985171746816915,0.9917601481809735
