problem,access,navigate,page_close,video,discussion,wiki
1.882737309504941,2.038172805099388,1.2516291673878228,1.824816986216862,1.669180336866731,0.9182958340544896,0
