problem,access,navigate,page_close,video,discussion,wiki
2.685815709153031,3.528344466163862,2.8073904508767225,3.2727725411699202,2.5996659733039564,0.0,0.0
