problem,access,navigate,page_close,video,discussion,wiki
0.9910760598382222,1.9852281360342512,1.6767370300521327,2.0,0.0,0.0,0.7219280948873623
