problem,access,navigate,page_close,video,discussion,wiki
0.0,1.9192789744377787,2.807354922057604,0.9709505944546686,1.5394847569315018,0,0
