problem,access,navigate,page_close,video,discussion,wiki
0.0,1.532054238495126,0.37123232664087563,1.5651407133456023,1.3663146570363986,0.0,0
