problem,access,navigate,page_close,video,discussion,wiki
0.9957274520849256,1.9431095461522085,1.7004397181410922,1.0,0.0,0.0,0.0
