problem,access,navigate,page_close,video,discussion,wiki
0,1.9056390622295665,1.584962500721156,1.584962500721156,1.5,0,0
