problem,access,navigate,page_close,video,discussion,wiki
0.0,1.4269608142719163,1.5,1.2916919971380596,0.4394969869215134,0,0
