problem,access,navigate,page_close,video,discussion,wiki
2.5498008763572906,3.599803690207915,3.5777471629109447,3.4791663761911478,3.0273644129016377,1.290564432903234,0
