problem,access,navigate,page_close,video,discussion,wiki
1.8668471775632733,2.8971641205488945,2.208196592277087,1.0,2.5755059710789405,0.0,0.0
