problem,access,navigate,page_close,video,discussion,wiki
1.8862031835792177,2.7736770589517494,2.7603136973125117,2.733763217378915,1.0,1.0,0.0
