problem,access,navigate,page_close,video,discussion,wiki
0.4021791902022728,3.207911277169672,3.246403948341226,3.058235827730017,2.199687794731328,0.5032583347756457,0.0
