problem,access,navigate,page_close,video,discussion,wiki
2.055036532577266,3.1560582691738075,3.106890595608519,1.584962500721156,2.7219280948873625,1.584962500721156,0
