problem,access,navigate,page_close,video,discussion,wiki
0,1.836591668108979,1.5566567074628228,1.5,1.584962500721156,0.0,0
