problem,access,navigate,page_close,video,discussion,wiki
1.987686541772928,3.7886223083936716,3.003792319763492,3.263603705626787,3.06199961153114,2.6403829545243824,0
