problem,access,navigate,page_close,video,discussion,wiki
0.785235442391543,2.142592911724283,0.6500224216483541,0.9182958340544896,1.789929075309999,0.9182958340544896,0.0
