problem,access,navigate,page_close,video,discussion,wiki
0,2.17425871346025,2.5220552088742005,1.8799649487271108,1.8423709931771084,0.0,0
