problem,access,navigate,page_close,video,discussion,wiki
0,2.8555390005526533,1.8423709931771084,2.2295739585136225,2.1556390622295662,0,0
