problem,access,navigate,page_close,video,discussion,wiki
1.5219280948873621,1.4618381992568743,0.9182958340544896,1.781937063546704,1.789929075309999,0,0
