problem,access,navigate,page_close,video,discussion,wiki
2.2569089895583545,3.216174630069641,3.2516291673878226,3.3087513512471665,1.7924812503605778,1.8083206868444264,0
