problem,access,navigate,page_close,video,discussion,wiki
1.5837262054069743,2.724700153352348,1.8640054628542204,1.0,0.0,0.0,0.0
