problem,access,navigate,page_close,video,discussion,wiki
0,2.615029018404554,1.7609640474436812,2.2390183299752544,2.7736088864545425,0,0
