problem,access,navigate,page_close,video,discussion,wiki
1.0,1.152021484634878,1.584962500721156,1.0957952550009338,1.1488348542809166,0.9182958340544896,0
