problem,access,navigate,page_close,video,discussion,wiki
0,1.6183941088363927,2.1709505944546685,1.352030101757953,1.2987949406953985,0,0
