problem,access,navigate,page_close,video,discussion,wiki
0.6193821946787638,2.0705750541263734,1.6577427265048887,1.0,0.9182958340544896,0.0,0.0
