problem,access,navigate,page_close,video,discussion,wiki
0,0.9986359641585718,0.37123232664087563,0.7219280948873623,0.9910760598382222,0,0
