problem,access,navigate,page_close,video,discussion,wiki
1.9093680639438844,3.513420577781234,3.630412660873998,3.5218300639379065,2.5358577759182794,0,0
