problem,access,navigate,page_close,video,discussion,wiki
0,1.1639904575514164,2.2978987455843067,1.3221793455166666,0.863120568566631,1.4911148500551858,0.0
