problem,access,navigate,page_close,video,discussion,wiki
0,1.5487949406953985,1.9219280948873623,1.3567796494470397,1.3709505944546687,0.0,0.0
