problem,access,navigate,page_close,video,discussion,wiki
0.9383153522334069,0.9321115676166747,0.9709505944546686,0.961236604722876,0.0,0,0
