problem,access,navigate,page_close,video,discussion,wiki
2.186704345910025,2.693067765995827,2.601382162091293,1.0,0,0.0,0
