problem,access,navigate,page_close,video,discussion,wiki
0.987004429810177,2.8102787527584128,2.4137995646056805,2.762280820581723,1.6457113704075783,0.0,0
