problem,access,navigate,page_close,video,discussion,wiki
0,1.2997367636952524,1.5219280948873621,1.4488156357251847,0.9852281360342516,0.9182958340544896,0
