problem,access,navigate,page_close,video,discussion,wiki
1.4355205042826666,2.3968256552519858,1.198192411043098,2.204494767422814,2.4066663167406888,0.0,0.0
