problem,access,navigate,page_close,video,discussion,wiki
0,2.0581573285181998,1.9219280948873623,1.8339272176418302,2.2359263506290326,0.0,0
