problem,access,navigate,page_close,video,discussion,wiki
0.0,0.8904916402194913,1.2389012566026305,0.0,0.9852281360342516,1.3516441151533922,0
