problem,access,navigate,page_close,video,discussion,wiki
1.145235779471061,2.498077546623641,0.0,2.235926350629032,2.6464393446710157,0,0
