problem,access,navigate,page_close,video,discussion,wiki
0,1.850347023215099,1.7527152789797045,1.8163401138534079,1.5709505944546687,0.0,0.0
