problem,access,navigate,page_close,video,discussion,wiki
0.0,1.8778867313886054,1.8423709931771084,2.2312702546075758,1.9182958340544893,1.2608885792578717,0
