problem,access,navigate,page_close,video,discussion,wiki
2.3846076707272665,3.9414437912157863,1.856564762130954,3.728502115742625,3.862006617782597,2.2652845040570377,0
