problem,access,navigate,page_close,video,discussion,wiki
0.7219280948873623,2.3410347588437923,1.6644977792004612,2.0,0,0,0
