problem,access,navigate,page_close,video,discussion,wiki
2.484001618946298,3.9317891780531204,3.481906587341934,2.6986604604011157,3.3563124048043655,2.3216534487138065,1.0
