problem,access,navigate,page_close,video,discussion,wiki
0,2.878211620950336,2.1709505944546685,2.321928094887362,2.321928094887362,0,0
