problem,access,navigate,page_close,video,discussion,wiki
2.6476017643818985,3.0346309653193737,1.9609640474436814,3.0739957249318337,2.8218881955261783,0.9967916319816366,0.0
