problem,access,navigate,page_close,video,discussion,wiki
0,1.7322216637616483,0.9709505944546686,1.9219280948873623,1.6729055953200562,0,0
