problem,access,navigate,page_close,video,discussion,wiki
0.0,1.959190423419946,1.584962500721156,1.7609640474436812,1.3709505944546687,0,0
