problem,access,navigate,page_close,video,discussion,wiki
2.440223928941852,2.3290496771569362,1.9877733714879842,0,1.584962500721156,0.0,0
