problem,access,navigate,page_close,video,discussion,wiki
0.0,2.1485357333138198,2.125814583693911,0.9182958340544896,0.0,1.971335285306981,0
