problem,access,navigate,page_close,video,discussion,wiki
0,1.7783283537314114,1.6729330318733675,1.4854752972273344,1.584962500721156,0,0
