problem,access,navigate,page_close,video,discussion,wiki
0,2.6303543743446895,2.7334585933443494,2.6416041678685933,2.452819531114783,0,0
