problem,access,navigate,page_close,video,discussion,wiki
0,2.3935823097180298,3.1279868068776753,2.4300365325772657,2.2841591278514217,1.821796783648257,1.584962500721156
