problem,access,navigate,page_close,video,discussion,wiki
1.7013104195031206,2.326050618703403,1.9772354454083079,2.349601752714581,1.224394445405986,1.9628473409474503,0.0
