problem,access,navigate,page_close,video,discussion,wiki
0.961236604722876,2.246960874224906,1.823067982273661,0.0,0.0,0.0,0.0
