problem,access,navigate,page_close,video,discussion,wiki
0,0.9677884628267679,0.5435644431995964,0.9629004147713269,0.904381457724494,0,0
