problem,access,navigate,page_close,video,discussion,wiki
1.7933285165326596,2.8407257165096738,3.065957320949175,2.77369462789799,1.8654705207065088,0.6500224216483541,1.0
