problem,access,navigate,page_close,video,discussion,wiki
0.0,1.691549995594667,1.7609640474436812,1.5485652260309177,1.3787834934861756,0.0,0.0
