problem,access,navigate,page_close,video,discussion,wiki
0.0,1.6697367178034825,0.7219280948873623,0.5916727785823275,1.8910611120726526,0.0,0
