problem,access,navigate,page_close,video,discussion,wiki
2.1793556244951593,2.229785513510171,0.5435644431995964,1.7527152789797047,2.2772925846688996,0.5916727785823275,0
