problem,access,navigate,page_close,video,discussion,wiki
1.3294340029249652,2.5118647176753433,2.5219280948873624,2.586887840995814,1.811278124459133,0.0,0
