problem,access,navigate,page_close,video,discussion,wiki
2.0588138903312014,2.5236409397278283,3.017944978531331,2.5556301492905122,2.3082708345352603,1.5002723456084084,0.0
