problem,access,navigate,page_close,video,discussion,wiki
3.7238540373088305,3.902413920446808,3.8734855047630075,3.7896686289872576,3.8182457430854106,2.789213500179364,1.3516441151533922
