problem,access,navigate,page_close,video,discussion,wiki
1.8679653582397107,3.616179858528018,3.4677201004744993,3.622518332466099,3.1679623518605426,0.0,0.0
