problem,access,navigate,page_close,video,discussion,wiki
1.2674438038072335,2.8605192485013107,2.413088436425758,3.0597106344771796,2.5821189261620545,1.121177460903491,0
