problem,access,navigate,page_close,video,discussion,wiki
0.9807983646944296,1.4836164704209902,0.0,1.5566567074628228,0.7219280948873623,0.0,0
