problem,access,navigate,page_close,video,discussion,wiki
2.137074342069242,2.4152640256956834,2.396240625180289,2.203025186172711,2.214022152632502,0.0,0.0
