problem,access,navigate,page_close,video,discussion,wiki
1.4355205042826666,2.685475297227334,2.584962500721156,2.1527217381013255,0.7219280948873623,2.065957320949175,0
