problem,access,navigate,page_close,video,discussion,wiki
0,2.4621211719723797,2.3553885422075336,2.2584598927441624,1.75,0,0.9182958340544896
