problem,access,navigate,page_close,video,discussion,wiki
0.5501234060351945,2.4472158659839383,1.5219280948873621,2.5955445205858885,2.6531650310498742,1.022420703848328,0
