problem,access,navigate,page_close,video,discussion,wiki
0.7732266742876346,3.010522361350982,1.5566567074628228,3.189898095464288,2.75,0.0,0
