problem,access,navigate,page_close,video,discussion,wiki
0,1.295461844238322,1.6774212838293645,1.3709505944546687,1.2870540281187268,0,0
