problem,access,navigate,page_close,video,discussion,wiki
2.137572781259294,3.4445768995795065,3.3694329367516214,3.264135987515845,2.569258485661211,3.013217736835508,2.5032583347756456
