problem,access,navigate,page_close,video,discussion,wiki
1.6814171895014218,2.8003306952191287,2.4047933024618025,2.93279694377884,2.8630945514207635,0.4689955935892812,1.0
