problem,access,navigate,page_close,video,discussion,wiki
1.5304930567574826,2.2945382229700044,1.9715107774877751,2.2569357523134967,1.965596230357602,0.7219280948873623,1.0
