problem,access,navigate,page_close,video,discussion,wiki
2.5010971580398342,2.660423378053693,2.8464393446710154,0,0,0,0
