problem,access,navigate,page_close,video,discussion,wiki
1.0,1.9560407515081226,1.924174352300441,0.9852281360342516,0.0,0.8112781244591328,1.584962500721156
