problem,access,navigate,page_close,video,discussion,wiki
0.0,3.0112552123947918,2.874637034566587,2.9549868557726664,2.946439344671015,0,0.0
