problem,access,navigate,page_close,video,discussion,wiki
1.5766105991479382,1.9839323918683736,0.9864267287308425,1.5566567074628228,0,0,0.0
