problem,access,navigate,page_close,video,discussion,wiki
0,2.135932756814277,2.3804304878001115,2.469670487371862,2.5949066182439395,0.0,0.0
