problem,access,navigate,page_close,video,discussion,wiki
2.8304876028025516,3.12640770843277,2.615804531940252,3.111306145999518,2.8164172641028253,1.5709505944546687,0.9182958340544896
