problem,access,navigate,page_close,video,discussion,wiki
0.714975716948989,2.9072780930757567,2.887096447805579,3.3112781244591325,2.584962500721156,2.483006780520075,0.0
