problem,access,navigate,page_close,video,discussion,wiki
0,2.288019280279689,2.075869296697727,1.584962500721156,1.584962500721156,0.9811522341999133,1.0
