problem,access,navigate,page_close,video,discussion,wiki
2.639265655239756,3.311363303169383,2.6098501660289424,3.2154564636617318,2.982866590262532,2.4416298737872246,1.561278124459133
