problem,access,navigate,page_close,video,discussion,wiki
1.8604745472527664,2.0984759972998313,0,2.413088436425758,2.270942421748537,0,0
