problem,access,navigate,page_close,video,discussion,wiki
1.8955734405551428,2.8040236459377046,2.2942740671928616,1.0,0,2.0948567835487384,0
