problem,access,navigate,page_close,video,discussion,wiki
2.2116295689874623,3.2265660704702386,2.4696844590546907,2.9887572126024193,2.5550365325772657,1.040852082972755,0.9182958340544896
