problem,access,navigate,page_close,video,discussion,wiki
0.0,1.8075105413586146,1.9609640474436814,2.1406064599010723,2.1609640474436813,0.0,0.0
