problem,access,navigate,page_close,video,discussion,wiki
0.0,1.9846036670236078,1.5304930567574826,2.1174924611847548,1.5,0.0,0
