problem,access,navigate,page_close,video,discussion,wiki
0.0,1.8968204364405798,2.2516291673878226,1.9182958340544893,1.5219280948873621,0,0
