problem,access,navigate,page_close,video,discussion,wiki
0.5916727785823275,3.6698575557826825,3.7794705707972516,3.6325629950410776,2.792280898607374,0,0
