problem,access,navigate,page_close,video,discussion,wiki
2.8601937346655646,3.157957220824226,1.4591479170272448,3.0105709342684834,2.7579235654413843,2.058813890331201,0
