problem,access,navigate,page_close,video,discussion,wiki
1.0,2.3276421812719748,2.377117719811604,2.4248356349861977,0.9182958340544896,1.0230370655328809,0.9709505944546686
