problem,access,navigate,page_close,video,discussion,wiki
0.7219280948873623,4.017919931093727,3.971256085419921,3.716628541692311,3.5742223392196792,2.856447652137218,0.0
