problem,access,navigate,page_close,video,discussion,wiki
0,1.5709505944546684,2.4193819456463714,2.2516291673878226,0.9182958340544896,1.4591479170272448,0
