problem,access,navigate,page_close,video,discussion,wiki
0.0,1.265935784674066,1.7272486062639207,1.3390774650522597,0,1.620538846438079,0.0
