problem,access,navigate,page_close,video,discussion,wiki
0.0,0.41381685030363374,0.8112781244591328,0.2580186686648155,0.3095434291503252,0,0
