problem,access,navigate,page_close,video,discussion,wiki
0.0,3.1616870566055972,1.8910611120726528,2.9523625117963976,3.0423999569212583,0,0
