problem,access,navigate,page_close,video,discussion,wiki
3.0642146552707112,3.687876324666484,3.775666294350826,3.708527968471342,3.4245110820748628,0.9182958340544896,0
