problem,access,navigate,page_close,video,discussion,wiki
0,3.0096584091773937,2.321928094887362,3.2364405016961446,2.8221819586428727,0,0
