problem,access,navigate,page_close,video,discussion,wiki
0.0,0.9451696091196164,1.0,1.4182958340544896,0.8112781244591328,0,0
