problem,access,navigate,page_close,video,discussion,wiki
1.3246095799115578,1.4229612453414173,1.0,1.2987949406953985,0.9219280948873623,0,0
