problem,access,navigate,page_close,video,discussion,wiki
0,1.0230370655328809,1.4353713907745331,0.41381685030363374,0.0,0.9910760598382222,0
