problem,access,navigate,page_close,video,discussion,wiki
1.617189572592715,2.9873289507181116,1.679343835846347,3.0913380535528607,1.3609640474436813,2.5574172374848954,1.6767370300521325
