problem,access,navigate,page_close,video,discussion,wiki
2.3706993328423067,3.140448108587278,2.4166666666666665,3.186183737705651,2.117492461184755,1.0,1.0
