problem,access,navigate,page_close,video,discussion,wiki
0.9709505944546686,2.6999266334462826,2.725480556997868,2.5216406363433186,2.321928094887362,2.71333629772987,0.7219280948873623
