problem,access,navigate,page_close,video,discussion,wiki
2.6084670894386432,3.507250014966024,3.102683189255493,3.5536083485414016,3.359280413036629,0,0
