problem,access,navigate,page_close,video,discussion,wiki
1.6893917467430877,3.0460848157167573,1.4594316186372973,3.244107451387085,3.133206219346495,0.0,0.0
