problem,access,navigate,page_close,video,discussion,wiki
0.7219280948873623,2.7466502400409936,2.5216406363433186,2.245838938745422,1.7028195311147831,0,0
