problem,access,navigate,page_close,video,discussion,wiki
1.1488348542809166,3.3452515694300344,3.13147773936746,2.998803513717447,2.8152023999804863,2.874806006470153,2.2516291673878226
