problem,access,navigate,page_close,video,discussion,wiki
0.0,2.1205094313982316,2.617492461184755,1.584962500721156,0,0.7441942138263227,0.0
