problem,access,navigate,page_close,video,discussion,wiki
0.9182958340544896,1.4182958340544896,1.6143308351592656,0,0,0.5665095065529053,0.0
