problem,access,navigate,page_close,video,discussion,wiki
0.8112781244591328,0.6593758812786992,0.9957274520849256,1.4591479170272448,0.0,0.0,0.0
