problem,access,navigate,page_close,video,discussion,wiki
0,3.439906253178592,2.5,3.1086949695628423,2.7806390622295662,0,0
