problem,access,navigate,page_close,video,discussion,wiki
3.4202671797332944,3.4415305110293897,3.029452044030914,3.672289880055459,3.574418313907282,0.0,0.0
