problem,access,navigate,page_close,video,discussion,wiki
0,2.1173442079779345,2.7219280948873625,2.0604521752276357,1.5016144718101816,0,0
