problem,access,navigate,page_close,video,discussion,wiki
2.136800520148565,2.7420048516270583,2.663532754804255,2.844585415914688,2.742929364750145,0,0
