problem,access,navigate,page_close,video,discussion,wiki
0.0,3.3042513564535545,2.5219280948873624,1.6644977792004614,1.0,0,0
