problem,access,navigate,page_close,video,discussion,wiki
0.8112781244591328,2.6948382706470606,2.0588138903312014,1.5766212201074912,1.3787834934861756,0.0,0
