problem,access,navigate,page_close,video,discussion,wiki
0.9819407868640977,2.9792883024387553,2.0,1.3787834934861753,0.9182958340544896,0,0
