problem,access,navigate,page_close,video,discussion,wiki
0.0,1.584962500721156,2.1280852788913944,1.8365916681089791,0.9182958340544896,0,0
