problem,access,navigate,page_close,video,discussion,wiki
1.5090275125326515,3.807990110629488,3.3815804883091634,3.7964526792218996,3.30827083453526,0,0
