problem,access,navigate,page_close,video,discussion,wiki
1.3984629382235518,2.6284915770037367,2.4662478973127313,2.6954820237095922,2.136085984478542,0.0,0.0
