problem,access,navigate,page_close,video,discussion,wiki
0,1.8723831301136684,2.205190499271973,1.778368899209021,1.483831706844689,0.0,0.0
