problem,access,navigate,page_close,video,discussion,wiki
2.8930718187492355,3.355079931871559,2.7979026896829464,2.0,2.8585552118703146,3.5917858689731963,0.9182958340544896
