problem,access,navigate,page_close,video,discussion,wiki
0,1.956066972363038,2.5654483718208256,0.9182958340544896,0.9182958340544896,0.0,0
