problem,access,navigate,page_close,video,discussion,wiki
0.0,0.863120568566631,0.0,1.2958363892911637,0.9940302114769565,0,0
