problem,access,navigate,page_close,video,discussion,wiki
2.084962500721156,3.2571036749182936,3.7979026896829473,3.2816072402400867,2.4092333107229686,0,0.0
