problem,access,navigate,page_close,video,discussion,wiki
0.0,1.5576182473344542,1.8423709931771088,1.9735561123277503,1.789929075309999,0.0,0.0
