problem,access,navigate,page_close,video,discussion,wiki
1.5653402161740673,1.6856862402512323,1.6691803368667308,0.35335933502142136,0.0,0,0
