problem,access,navigate,page_close,video,discussion,wiki
2.1416855430468837,3.213347357062163,2.895505620611538,3.2015620510526173,2.860142197837406,0.5032583347756457,0
