problem,access,navigate,page_close,video,discussion,wiki
0.0,2.0084128205460114,2.0,1.8402855730017518,1.1567796494470395,0,0
