problem,access,navigate,page_close,video,discussion,wiki
0,2.3801847632478426,2.73345859334435,2.699513850319966,2.481714572986073,0,0
