problem,access,navigate,page_close,video,discussion,wiki
1.9502120649147465,2.5612532680744313,2.336025340614025,2.3815484393180983,2.25,0,0
