problem,access,navigate,page_close,video,discussion,wiki
0.0,1.9808259362290785,1.5219280948873621,1.8542858719872461,0,0,0
