problem,access,navigate,page_close,video,discussion,wiki
2.2229746172794296,2.1832967907793197,2.2416778774908437,1.5461796919474975,1.3485878960124222,0.8812908992306927,0.9182958340544896
