problem,access,navigate,page_close,video,discussion,wiki
0.0,2.583233277491444,1.9182958340544893,2.7118778925808695,1.8294732983598405,0.8366407419411673,0
