problem,access,navigate,page_close,video,discussion,wiki
1.9219280948873623,3.3618810127470162,1.584962500721156,3.3656365760772857,3.1791988932299295,0,0
