problem,access,navigate,page_close,video,discussion,wiki
0.7219280948873623,1.9861449249377072,0.8112781244591328,2.243856189774725,1.8073549220576042,0,0
