problem,access,navigate,page_close,video,discussion,wiki
0.9709505944546686,2.7434468179071447,2.4464393446710155,2.4464393446710155,2.058813890331201,1.0,0
