problem,access,navigate,page_close,video,discussion,wiki
0.9640787648082291,2.67156173160792,2.2359263506290326,2.5085983256086464,2.5401945400335566,0,0
