problem,access,navigate,page_close,video,discussion,wiki
0.6631968402398287,3.1314095265980733,2.876853130799308,3.0086949695628418,2.7321588913645702,0.9910760598382222,0.0
