problem,access,navigate,page_close,video,discussion,wiki
0,1.360964047443681,0.4689955935892812,0.9182958340544896,1.0,0,0
