problem,access,navigate,page_close,video,discussion,wiki
1.0,2.680448783890839,2.7719023720385585,2.9178934226446174,0,1.0,0.0
