problem,access,navigate,page_close,video,discussion,wiki
0.0,2.5589588432492687,2.1601520795349525,2.7719023720385585,2.4193819456463714,0.9910760598382222,0.0
