problem,access,navigate,page_close,video,discussion,wiki
1.295461844238322,2.7601898603036226,2.7773627950641693,2.808811272188932,2.2892464285091583,0,0
