problem,access,navigate,page_close,video,discussion,wiki
1.9591904234199458,3.486638476098898,2.9756615755965155,3.8139992132374547,3.6211755429194716,0.0,0
