problem,access,navigate,page_close,video,discussion,wiki
1.4591479170272446,2.4811746123980565,2.1179631753145163,1.8062389286533893,2.2991593708948317,1.7822287189138015,0
