problem,access,navigate,page_close,video,discussion,wiki
1.5504949818133702,2.7917481845824637,2.9000516989995426,1.9211796919474975,1.75,0.6051865766334206,0
