problem,access,navigate,page_close,video,discussion,wiki
1.4663265101494058,2.0108016213311615,2.0202442071537563,1.4488156357251847,0,0.0,0
