problem,access,navigate,page_close,video,discussion,wiki
0.0,1.5632790363522515,0.9852281360342516,1.5219280948873621,1.5,0,0
