problem,access,navigate,page_close,video,discussion,wiki
2.424364681133153,3.442577823788061,3.368610231627288,3.1573897138861144,2.6433246229985405,1.0,0
