problem,access,navigate,page_close,video,discussion,wiki
0.0,0.9940302114769565,1.4591479170272448,1.811278124459133,1.9219280948873623,0,0.0
