problem,access,navigate,page_close,video,discussion,wiki
0,2.113283334294875,2.654255313215029,1.9182958340544896,1.5,0,0
