problem,access,navigate,page_close,video,discussion,wiki
0,0.9967916319816366,1.5566567074628228,1.4591479170272448,0.9182958340544896,0,0
