problem,access,navigate,page_close,video,discussion,wiki
1.8577174691301483,2.989432824530165,3.378783493486176,2.89722248183897,2.206238928653389,1.0889252905968954,0.0
