problem,access,navigate,page_close,video,discussion,wiki
0,1.8467341583372252,1.752715278979705,0.0,0.0,1.3143204867061788,0.0
