problem,access,navigate,page_close,video,discussion,wiki
0,2.1216043006949463,2.8218881955261788,1.584962500721156,1.0,0,0.24988229283318544
