problem,access,navigate,page_close,video,discussion,wiki
1.4355205042826666,2.502889766210511,2.3685225277282065,2.5126012561274513,2.4659573209491747,0.8112781244591328,0
