problem,access,navigate,page_close,video,discussion,wiki
2.3027599005015182,2.29597512699001,1.3787834934861756,2.1245337981392507,2.2015101887362594,0.0,0.0
