problem,access,navigate,page_close,video,discussion,wiki
2.508155886713478,3.115558565393789,2.5048003829823355,0.0,0.0,2.0060603254083387,1.0
