problem,access,navigate,page_close,video,discussion,wiki
0.9780155566622413,2.6312649141087485,1.8452178053170998,1.584962500721156,0.0,0.9182958340544896,0.0
