problem,access,navigate,page_close,video,discussion,wiki
0.0,2.5476141127961016,3.0365766899407327,2.5245314187963808,1.8186885704510973,1.6578764348499595,0.6500224216483541
