problem,access,navigate,page_close,video,discussion,wiki
1.3921472236645345,2.442947339660868,1.8464393446710154,2.0837651410695517,1.8262452584026092,0.0,0.0
