problem,access,navigate,page_close,video,discussion,wiki
2.081397184065388,3.0394503553541443,3.0466015029569355,3.1050031819479567,2.4416298737872246,1.7891113661938707,1.8464393446710154
