problem,access,navigate,page_close,video,discussion,wiki
2.1821501304958755,2.501247585807138,1.3787834934861753,1.7295739585136223,2.323019116267279,0.0,0
