problem,access,navigate,page_close,video,discussion,wiki
0.9709505944546686,2.909445720118698,2.704986855772667,2.832769305129819,2.465426581842946,1.061278124459133,1.0
