problem,access,navigate,page_close,video,discussion,wiki
1.2958363892911637,2.1701348924281936,1.7489992230622806,0.0,0.0,0.0,0.0
