problem,access,navigate,page_close,video,discussion,wiki
0.0,2.7645898903621555,2.3598063039211,0.0,0.0,1.739353872167201,0.9182958340544896
