problem,access,navigate,page_close,video,discussion,wiki
1.9404510839646687,1.9997043859150176,1.6477309221191607,1.572427628109938,0.7219280948873623,0.3372900666170139,1.4034099330298797
