problem,access,navigate,page_close,video,discussion,wiki
0,1.188721875540867,1.3709505944546687,1.7924812503605778,0.8112781244591328,0,0.0
