problem,access,navigate,page_close,video,discussion,wiki
0.0,2.6249562230621444,2.2109736165067546,1.9197367178034825,2.3729663772279648,1.0,0.0
