problem,access,navigate,page_close,video,discussion,wiki
0,1.6727388949130764,1.3485878960124222,1.822815600352516,1.1488348542809166,0,0.0
