problem,access,navigate,page_close,video,discussion,wiki
0.0,1.5219280948873621,1.207518749639422,1.4591479170272448,0.0,0,0.0
