problem,access,navigate,page_close,video,discussion,wiki
0,1.8770341680403249,1.95006375643621,1.7527152789797045,0.9182958340544896,0,0
