problem,access,navigate,page_close,video,discussion,wiki
2.556656707462823,3.293259500379784,2.5735572622751857,1.9219280948873623,1.0,1.8773870642966133,0.0
