problem,access,navigate,page_close,video,discussion,wiki
0.0,1.8998509058439987,0.0,1.2516291673878228,2.3458519893382603,0.0,0
