problem,access,navigate,page_close,video,discussion,wiki
2.2045348220775134,2.5886294811189634,2.41379956460568,1.584962500721156,1.5,1.4591479170272446,0
