problem,access,navigate,page_close,video,discussion,wiki
0,1.5461796919474975,0.9182958340544896,1.5709505944546684,1.5304930567574824,0,0
