problem,access,navigate,page_close,video,discussion,wiki
3.015876718287918,3.4239285889711564,2.7773627950641693,2.321928094887362,3.217059925004348,2.9277989702947855,0.0
