problem,access,navigate,page_close,video,discussion,wiki
1.456564762130954,2.1488004594942316,1.8423709931771084,0.0,0,0.0,0
