problem,access,navigate,page_close,video,discussion,wiki
1.5,2.8007850279248854,1.9502120649147465,3.2033650875091753,2.8464393446710154,0,0
