problem,access,navigate,page_close,video,discussion,wiki
0.0,2.0374011976541118,2.113283334294875,2.133937566094917,1.3787834934861756,0.0,0
