problem,access,navigate,page_close,video,discussion,wiki
1.5997301466508205,3.0806000495672916,2.5073801024236357,3.0505638713181926,3.246439344671016,0,0
