problem,access,navigate,page_close,video,discussion,wiki
0,0.8904916402194913,0.9182958340544896,0.8812908992306927,1.0,0.6840384356390417,0.0
