problem,access,navigate,page_close,video,discussion,wiki
0.0,2.5993902344597757,2.066247897312731,0.8112781244591328,1.9749375012019272,1.9709505944546686,1.584962500721156
