problem,access,navigate,page_close,video,discussion,wiki
0.0,1.924174352300441,0.9182958340544896,1.974937501201927,0.9709505944546686,0,0
