problem,access,navigate,page_close,video,discussion,wiki
2.7397371833637902,3.7015305030301504,3.181433942224374,2.75,1.8423709931771086,1.962031023008111,1.3709505944546687
