problem,access,navigate,page_close,video,discussion,wiki
0.9798687566511528,3.1982999295216525,3.1018812234760182,2.0,1.584962500721156,0,0
