problem,access,navigate,page_close,video,discussion,wiki
1.3787834934861753,3.5934483600158256,3.3680424225727155,2.688721875540867,2.25,2.1522408454247706,0
