problem,access,navigate,page_close,video,discussion,wiki
0.8403586716091171,2.6043502273138563,2.2544475789720946,2.3993974703476995,1.584962500721156,1.949082295352821,0.0
