problem,access,navigate,page_close,video,discussion,wiki
0,2.186278124459133,1.75,1.4355205042826666,1.3787834934861753,0.0,0.0
