problem,access,navigate,page_close,video,discussion,wiki
0,1.5766212201074912,1.061278124459133,1.8423709931771084,1.0,0.0,0.0
