problem,access,navigate,page_close,video,discussion,wiki
3.6462209685392466,4.058017358203341,3.890312559680865,4.029472114065501,3.061582295449549,3.2287533023616772,1.0
