problem,access,navigate,page_close,video,discussion,wiki
1.4854752972273344,2.6908994887473257,2.5550365325772657,1.0,2.199687794731328,0.0,0.0
