problem,access,navigate,page_close,video,discussion,wiki
0.8739810481273578,2.5706817355531792,2.2709505944546686,0,1.8726696380501497,1.4315602842833157,1.584962500721156
