problem,access,navigate,page_close,video,discussion,wiki
1.9219280948873623,2.8676501255833404,1.9387084972868343,2.744162333546776,2.560102995811584,0,0
