problem,access,navigate,page_close,video,discussion,wiki
3.6522168606251033,4.146300001716984,3.5974584231298516,3.970431494016001,3.835967546952622,3.2720683093978815,1.5219280948873621
