problem,access,navigate,page_close,video,discussion,wiki
2.3087378645780037,3.568411236897927,3.215354779870082,3.5161881233193495,3.2898077235846173,0.4394969869215134,0.0
