problem,access,navigate,page_close,video,discussion,wiki
0.9182958340544896,3.11440934524794,2.038159681645953,3.039148671903071,2.5219280948873624,0,0.0
