problem,access,navigate,page_close,video,discussion,wiki
1.5308447171325086,2.4055873579288223,2.5503407095463886,2.3553885422075336,0.0,0.0,0
