problem,access,navigate,page_close,video,discussion,wiki
0,1.6171895725927152,1.9219280948873623,2.2359263506290326,0,0,0
