problem,access,navigate,page_close,video,discussion,wiki
1.5656509297873118,2.1628281419331823,2.5342676851569945,1.8727298369794545,1.6849774484867255,0.9055872616982603,1.5
