problem,access,navigate,page_close,video,discussion,wiki
2.1556390622295662,3.8583677644183827,3.253441988658826,3.371653522439334,2.9139770731827523,2.6990199844009086,0.0
