problem,access,navigate,page_close,video,discussion,wiki
1.8663528652234462,1.9115339911368303,1.7758589482446405,1.8942738697712644,1.352030101757953,0,0.0
