problem,access,navigate,page_close,video,discussion,wiki
1.6858157091530304,1.975659629761272,2.0,1.8734936758692482,1.544381457724494,0,0
