problem,access,navigate,page_close,video,discussion,wiki
0.0,1.2072100267448116,0.9852281360342516,0.961236604722876,1.0,0.7219280948873623,0
