problem,access,navigate,page_close,video,discussion,wiki
2.0868810798482635,4.373793783762115,3.25,4.4333414689068125,4.180689288944333,0.0,0
