problem,access,navigate,page_close,video,discussion,wiki
0.0,2.121260870988722,1.8423709931771084,2.1180782093497097,1.9219280948873623,0.9798687566511528,0.0
