problem,access,navigate,page_close,video,discussion,wiki
1.4674579648482995,1.7311229704790554,1.4137995646056802,1.7305693057297304,1.532914563979398,0.9182958340544896,0.9182958340544896
