problem,access,navigate,page_close,video,discussion,wiki
0.0,3.29489869675455,2.6062389286533896,3.4030741894285694,3.1556390622295662,0.0,0.0
