problem,access,navigate,page_close,video,discussion,wiki
2.6292873428533357,2.8119272800861586,2.1556390622295662,1.0,2.48345859334435,0.6840384356390417,0
