problem,access,navigate,page_close,video,discussion,wiki
0.0,2.5112963768033323,2.655050539417775,2.872905595320056,2.6416041678685933,1.8910611120726526,0.0
