problem,access,navigate,page_close,video,discussion,wiki
1.584962500721156,2.9807178827004353,2.5503407095463886,2.9863290599374346,2.4696704873718613,0.0,0.0
