problem,access,navigate,page_close,video,discussion,wiki
1.786993063197861,2.3977722805643475,2.3158243335257076,2.403701696057348,2.4885548621928453,0.7219280948873623,0.7219280948873623
