problem,access,navigate,page_close,video,discussion,wiki
1.0,2.8207244611490214,2.2464393446710154,2.321928094887362,1.584962500721156,0.9182958340544896,0
