problem,access,navigate,page_close,video,discussion,wiki
2.520815687464144,3.01391637873349,2.3685225277282065,2.2359263506290326,3.125,2.113283334294875,0
