problem,access,navigate,page_close,video,discussion,wiki
1.8696030435691005,2.398233133526574,2.9312089489103235,2.2651253054903266,1.811278124459133,1.5709505944546687,0
