problem,access,navigate,page_close,video,discussion,wiki
1.350877474575319,2.3645755755983497,3.2636037056267875,2.4329316468984663,1.5137692877806377,1.2864589324086997,0.0
