problem,access,navigate,page_close,video,discussion,wiki
0,2.1368005201485647,1.7219280948873623,1.8262452584026092,1.3787834934861756,0.0,1.0
