problem,access,navigate,page_close,video,discussion,wiki
1.4355205042826666,3.0705672784373714,2.321928094887362,2.2516291673878226,0,0.0,0
