problem,access,navigate,page_close,video,discussion,wiki
2.163751810009204,2.8361598044830503,2.4225797618424916,2.158565494968703,1.8481814807328076,0.0,0.0
