problem,access,navigate,page_close,video,discussion,wiki
0.0,2.1755483337822117,2.1180782093497093,2.3282129458410012,1.4466166676282082,0.0,0.0
