problem,access,navigate,page_close,video,discussion,wiki
0,0.41381685030363374,0.9182958340544896,0.2761954276479391,0.0,0,0
