problem,access,navigate,page_close,video,discussion,wiki
0,2.7942385860214762,2.1556390622295662,2.7045348998193433,2.66122625626979,0.0,0.0
