problem,access,navigate,page_close,video,discussion,wiki
2.119702070642984,3.5682147891376177,3.712698660084706,2.2359263506290326,2.2030713060627085,2.8607900952807084,1.5
