problem,access,navigate,page_close,video,discussion,wiki
0,2.5073801024236357,1.0,2.4193819456463714,2.1556390622295662,0.0,0
