problem,access,navigate,page_close,video,discussion,wiki
0.0,1.278897902987479,2.311278124459133,1.6140054628542202,1.3709505944546687,0.0,0.0
