problem,access,navigate,page_close,video,discussion,wiki
0.0,2.529115073079103,1.9387084972868345,1.968873874720721,1.3221793455166666,1.2516291673878228,0
