problem,access,navigate,page_close,video,discussion,wiki
0.0,2.0242600666933597,1.5219280948873621,2.35274578087187,0,0.0,0
