problem,access,navigate,page_close,video,discussion,wiki
1.2448406699719212,1.929811925513064,1.8892464285091581,1.5485806065228545,0.9182958340544896,1.7135971524443743,0.7219280948873623
