problem,access,navigate,page_close,video,discussion,wiki
0,1.456564762130954,2.120952031026403,1.0957952550009336,0.5916727785823275,0.7303800063615657,0.0
