problem,access,navigate,page_close,video,discussion,wiki
0.954434002924965,2.4755651971622386,1.360964047443681,2.4802650829121933,2.188721875540867,2.094568392113171,0
