problem,access,navigate,page_close,video,discussion,wiki
0,1.925126559410829,1.7924812503605778,1.789929075309999,1.4591479170272448,0,0.0
