problem,access,navigate,page_close,video,discussion,wiki
1.0,1.8906993328423072,2.0588138903312014,1.5485652260309177,0.0,0,0
