problem,access,navigate,page_close,video,discussion,wiki
1.3085024445205309,1.8457183091315559,1.7474130395316414,1.5219280948873621,1.5,1.1160762796829877,0
