problem,access,navigate,page_close,video,discussion,wiki
0,2.209355086723698,2.126614471810182,0.0,1.1567796494470395,0,0.9182958340544896
