problem,access,navigate,page_close,video,discussion,wiki
1.5808786445478213,3.443179763558521,2.550340709546388,0.0,0.0,2.6883340939798646,0.954434002924965
