problem,access,navigate,page_close,video,discussion,wiki
0,0.863120568566631,0.9182958340544896,1.4591479170272448,1.5,0,0
