problem,access,navigate,page_close,video,discussion,wiki
0.9709505944546686,2.698353737089962,2.321928094887362,2.8000446184790095,2.1709505944546685,0,0
