problem,access,navigate,page_close,video,discussion,wiki
1.7118435602361175,1.4652942349967506,1.7676503615477757,1.1752835873133534,1.224394445405986,0.954434002924965,0
