problem,access,navigate,page_close,video,discussion,wiki
0,1.5099686126368168,1.5306189948485174,1.4833557549816876,0.8112781244591328,0,0
