problem,access,navigate,page_close,video,discussion,wiki
0.0,1.7509155979504167,1.360964047443681,1.6577427265048887,0.9864267287308424,0.6500224216483541,0
