problem,access,navigate,page_close,video,discussion,wiki
1.4604846813131116,3.329056796614791,2.873537028864307,2.584962500721156,2.321928094887362,0.0,0
