problem,access,navigate,page_close,video,discussion,wiki
0,1.1401156785146092,1.584962500721156,1.75,0.9182958340544896,0,0
