problem,access,navigate,page_close,video,discussion,wiki
2.68289155903988,3.443040858128703,3.4946119946765286,3.411377986659589,2.699513850319966,2.117492461184755,0
