problem,access,navigate,page_close,video,discussion,wiki
3.220987072409874,3.7533710691930615,2.8993974703476995,3.711042580256799,3.631434713412917,0,0
