problem,access,navigate,page_close,video,discussion,wiki
0,1.384431504340598,0.5435644431995964,1.5566567074628228,1.0,0.0,0
