problem,access,navigate,page_close,video,discussion,wiki
0.0,2.1464657985040723,0.863120568566631,2.3219280948873626,1.9219280948873623,0.0,0
