problem,access,navigate,page_close,video,discussion,wiki
0.0,2.259674124981459,2.2098886380147267,2.2988252450030506,0.9182958340544896,0,0
