problem,access,navigate,page_close,video,discussion,wiki
2.356311006749574,3.122595017771603,2.2359263506290326,3.002036284708304,2.611868158327021,1.0,0
