problem,access,navigate,page_close,video,discussion,wiki
0,1.9709505944546686,2.4116022179746714,1.5,0,1.4488156357251847,0.0
