problem,access,navigate,page_close,video,discussion,wiki
0.0,1.9709505944546686,1.0957952550009336,1.8464393446710154,1.5219280948873621,0,0
