problem,access,navigate,page_close,video,discussion,wiki
0.0,2.035627846235388,0.9219280948873623,2.1147869792568113,2.186704345910025,0,0
