problem,access,navigate,page_close,video,discussion,wiki
1.5566157528156552,1.9990453283286596,2.265220618893609,2.121276357834812,2.1709505944546685,1.2516291673878228,0.0
