problem,access,navigate,page_close,video,discussion,wiki
0.9871377743721863,2.14444963470945,1.7382689280764647,1.823067982273661,1.894273869771264,0.8112781244591328,0
