problem,access,navigate,page_close,video,discussion,wiki
2.251629167387823,3.3776001656788925,2.7722815120888558,1.9219280948873623,1.584962500721156,2.224394445405986,0.9864267287308425
