problem,access,navigate,page_close,video,discussion,wiki
2.855687070914046,3.626156634230666,3.3240638183533937,2.422579761842491,3.061566824831079,1.224394445405986,0
