problem,access,navigate,page_close,video,discussion,wiki
0,1.4180260055608094,1.3609640474436813,1.3092966682370037,0,0.0,0.0
