problem,access,navigate,page_close,video,discussion,wiki
2.838280736879557,3.270085017903841,2.2450240449019394,1.584962500721156,0.0,0.0,0.9182958340544896
