problem,access,navigate,page_close,video,discussion,wiki
3.0310160992947024,3.756086357777002,2.927694271103767,2.377443751081734,2.637914606393388,1.6154406097130694,1.0
