problem,access,navigate,page_close,video,discussion,wiki
0,1.4949188482339508,1.3485878960124222,1.5709505944546687,1.5487949406953985,0.8112781244591328,0.0
