problem,access,navigate,page_close,video,discussion,wiki
1.9261207468426806,3.4247444977823873,3.5,2.411509198419911,0.9182958340544896,0,0
