problem,access,navigate,page_close,video,discussion,wiki
2.038490312285085,2.855753486812617,2.5,2.7786438638554993,2.6533255021937237,1.2210477851797181,0
