problem,access,navigate,page_close,video,discussion,wiki
1.9767924912254806,3.109900487404989,3.101881223476018,0.0,0.0,1.0863128407412879,0.0
