problem,access,navigate,page_close,video,discussion,wiki
1.7872434195221039,2.3982766461519267,1.061278124459133,2.40859745244559,2.0311266711686224,2.199687794731328,0.0
