problem,access,navigate,page_close,video,discussion,wiki
0.8112781244591328,2.193710580322795,1.3709505944546687,1.924174352300441,1.9182958340544893,1.5,0.0
