problem,access,navigate,page_close,video,discussion,wiki
0.0,2.346346772702169,1.9219280948873623,2.0815454366683137,1.4854752972273344,0,0
