problem,access,navigate,page_close,video,discussion,wiki
0.0,2.1828747566050706,1.9874687506009632,2.720582776146013,1.5219280948873621,1.2484577639970085,0.0
