problem,access,navigate,page_close,video,discussion,wiki
0,1.868122245993301,1.7464353842388933,2.128085278891394,1.4591479170272448,0,0.0
