problem,access,navigate,page_close,video,discussion,wiki
0,2.401541933335928,1.9591479170272446,2.0890038287775923,1.9362600275315274,0.0,0.0
