problem,access,navigate,page_close,video,discussion,wiki
2.5003842833574352,2.3683275002400768,2.1180782093497093,2.650907050357469,2.373020192448046,1.4453901895299754,0.0
