problem,access,navigate,page_close,video,discussion,wiki
0,2.704003029572565,1.7609640474436812,2.1556390622295662,1.4591479170272446,0.9910760598382222,0
