problem,access,navigate,page_close,video,discussion,wiki
0.0,2.33379987011787,2.0403733936884962,1.5,0.9182958340544896,0.0,0.0
