problem,access,navigate,page_close,video,discussion,wiki
3.238675137949867,4.043553317364064,2.8581184630979695,3.8613190898112566,4.006091337479843,3.1285838521582012,0.0
