problem,access,navigate,page_close,video,discussion,wiki
0.9876925088958034,1.8706090642395177,0.9182958340544896,1.789929075309999,1.5219280948873621,0.0,0
