problem,access,navigate,page_close,video,discussion,wiki
0.0,2.3329187608024515,2.2516291673878226,2.378991986900062,2.25,0.0,0
