problem,access,navigate,page_close,video,discussion,wiki
0.0,2.714254423050769,2.188721875540867,2.6624314788086783,2.673418817567784,1.3250112108241772,1.0
