problem,access,navigate,page_close,video,discussion,wiki
1.9502120649147465,3.0337360431364733,2.446439344671016,0.0,0.0,0.0,0
