problem,access,navigate,page_close,video,discussion,wiki
0.0,1.4353713907745331,1.5566567074628228,0.863120568566631,0.0,1.0,0.0
