problem,access,navigate,page_close,video,discussion,wiki
0,1.8773870642966133,1.8910611120726526,1.4488156357251847,1.4591479170272448,0,0
