problem,access,navigate,page_close,video,discussion,wiki
0.0,2.9200019239261668,2.889549430862088,2.502705481927944,2.321928094887362,1.2309595631140104,0.0
