problem,access,navigate,page_close,video,discussion,wiki
2.715781925386813,3.0845726744062683,2.4387439204017474,1.0,2.199687794731328,2.1219280948873624,1.0
