problem,access,navigate,page_close,video,discussion,wiki
0,2.0491908007068997,2.040223928941852,2.5,2.584962500721156,0,0
