problem,access,navigate,page_close,video,discussion,wiki
1.7652465283787413,2.695615264225472,2.521640636343318,0.8112781244591328,0.0,1.5628066316931741,0
