problem,access,navigate,page_close,video,discussion,wiki
1.5262349099495227,1.1660870601063933,0.0,1.295461844238322,0.954434002924965,0.0,0
