problem,access,navigate,page_close,video,discussion,wiki
1.7967916319816364,2.926704372355936,2.7534343861887844,2.9650182662886326,2.8057456515210593,0.863120568566631,0.7219280948873623
