problem,access,navigate,page_close,video,discussion,wiki
0.0,4.045101497397612,3.4251185503571397,3.7870723248765272,3.1018812234760182,0,0
