problem,access,navigate,page_close,video,discussion,wiki
2.25856802179658,2.840774822603449,2.903701696057348,0.8112781244591328,1.7924812503605778,0.0,0
