problem,access,navigate,page_close,video,discussion,wiki
0.0,2.515388372406268,2.739572261986723,2.4147016867088684,2.4138338639736006,0.954434002924965,0.0
