problem,access,navigate,page_close,video,discussion,wiki
0.0,1.823067982273661,0.9182958340544896,1.974937501201927,1.8423709931771088,0,0
