problem,access,navigate,page_close,video,discussion,wiki
2.141613730365293,3.4628637149920425,3.2360069453309546,0.0,0.0,1.2638091738835464,0.0
