problem,access,navigate,page_close,video,discussion,wiki
2.826603529329819,4.202757811233762,3.41041725276052,3.891028772266001,3.9331695057515157,1.7567883396328843,0
