problem,access,navigate,page_close,video,discussion,wiki
0.0,2.0242600666933597,0.8112781244591328,2.4193819456463714,1.9182958340544896,0,0
