problem,access,navigate,page_close,video,discussion,wiki
1.823829807603063,2.4341107127013357,3.900710549624248,2.2125038423722674,2.1709505944546685,2.701740856864122,1.9219280948873623
