problem,access,navigate,page_close,video,discussion,wiki
2.565154932282192,2.7771398028202396,1.9502120649147465,0.0,2.0,0.0,0
