problem,access,navigate,page_close,video,discussion,wiki
0.9352691398683566,2.182606054363829,2.859879028736861,1.9182958340544896,0.0,0.0,0
