problem,access,navigate,page_close,video,discussion,wiki
2.120143306855007,2.3815530230157522,1.9877733714879842,1.0,2.2221915755066783,0,0
