problem,access,navigate,page_close,video,discussion,wiki
0,1.3124308023479359,1.9056390622295665,1.4182958340544896,1.9219280948873623,0.0,0
