problem,access,navigate,page_close,video,discussion,wiki
4.55500677513275,4.84575021469106,4.410103650577107,4.67297534728604,4.941398186225696,3.317907714186516,1.2516291673878228
