problem,access,navigate,page_close,video,discussion,wiki
0.9740248644357521,3.2226800608571393,3.207686112873937,3.3099756646156013,3.0614821867207764,0.5916727785823275,0.0
