problem,access,navigate,page_close,video,discussion,wiki
1.589335664315369,3.3805202056971604,0.0,3.2592041683482518,0,0.0,0
