problem,access,navigate,page_close,video,discussion,wiki
1.299185985885623,3.447083411851188,2.657742726504889,3.199513850319966,2.9037016960573485,1.8339272176418302,0.0
