problem,access,navigate,page_close,video,discussion,wiki
1.8262452584026092,3.415758702036546,3.175123135113461,3.257048827786958,1.8910611120726526,0.8166890883150209,0
