problem,access,navigate,page_close,video,discussion,wiki
2.1961182137782957,3.045836404759515,3.0130709291038453,3.0223169397204104,1.3221793455166666,1.6648530979805174,0
