problem,access,navigate,page_close,video,discussion,wiki
0,1.8879185026711327,1.75,2.1280852788913944,1.5219280948873621,0,0
