problem,access,navigate,page_close,video,discussion,wiki
0,2.3667830461766592,2.058813890331201,2.3758856838722395,1.9933845187943258,0,0
