problem,access,navigate,page_close,video,discussion,wiki
0,3.6080603416886765,3.689703732199547,2.8553885422075336,3.4681390622295662,0,0
