problem,access,navigate,page_close,video,discussion,wiki
2.7696370606354974,3.978273322569086,3.274264591493146,2.625814583693911,1.5487949406953985,0,1.0
