problem,access,navigate,page_close,video,discussion,wiki
0,2.904960802396024,3.2608281712244542,2.8453509366224368,1.0,0,0
