problem,access,navigate,page_close,video,discussion,wiki
1.393196522080232,2.740729142664987,1.9219280948873623,2.6292750707107135,2.6756981353679867,0.9182958340544896,0
