problem,access,navigate,page_close,video,discussion,wiki
0.0,1.4854752972273344,1.584962500721156,1.5566567074628228,1.5219280948873621,0,0
