problem,access,navigate,page_close,video,discussion,wiki
2.3929205882036775,3.6602705049308506,4.005341166946868,3.6265962832628125,3.3303254171832175,3.9437709110166486,2.6030741894285696
