problem,access,navigate,page_close,video,discussion,wiki
0.9852281360342516,1.5785559236087936,1.5715416718219246,1.6751432464099871,0.9864267287308424,1.0,1.0
