problem,access,navigate,page_close,video,discussion,wiki
0,1.5306189948485174,0.7219280948873623,2.1556390622295662,0.9182958340544896,0,0
