problem,access,navigate,page_close,video,discussion,wiki
1.750224877285235,2.0626831892554924,1.8910611120726526,1.7884504573082893,0,0,0
