problem,access,navigate,page_close,video,discussion,wiki
1.8262452584026092,2.3610937368680354,2.3553885422075336,2.401703263618631,1.2516291673878228,0.8403586716091171,0
