problem,access,navigate,page_close,video,discussion,wiki
1.7474594241169754,2.5011509331628505,1.6143308351592656,2.4464393446710155,2.2359263506290326,0.0,0.0
