problem,access,navigate,page_close,video,discussion,wiki
0,1.7450464172773454,2.113283334294875,1.5219280948873621,1.3709505944546687,0,0
