problem,access,navigate,page_close,video,discussion,wiki
2.2332890119711237,1.1771245697587873,0.9852281360342516,0.0,0.0,0,0
