problem,access,navigate,page_close,video,discussion,wiki
1.5545851693377997,2.8250036657290707,2.9037016960573485,2.7034266667326956,2.18652170530559,2.225835057293679,0.0
