problem,access,navigate,page_close,video,discussion,wiki
0,1.1559368506327254,1.2987949406953985,0.8112781244591328,0.7219280948873623,0,0
