problem,access,navigate,page_close,video,discussion,wiki
0,2.2383868473314763,2.2516291673878226,2.2988527261581813,2.2359263506290326,0.0,0
