problem,access,navigate,page_close,video,discussion,wiki
1.8828560636920488,2.2711936416297536,1.295461844238322,2.2806390622295662,2.084962500721156,0,0
