problem,access,navigate,page_close,video,discussion,wiki
0.9182958340544896,3.144794193445766,2.74771279763467,3.1622242291795315,3.2091479170272446,0.7475846798245739,1.1488348542809166
