problem,access,navigate,page_close,video,discussion,wiki
1.8637655293635214,3.8659039823642196,2.654255313215029,3.6540036651243937,3.4468074086707277,0.0,0
