problem,access,navigate,page_close,video,discussion,wiki
0.0,2.801130451566075,2.25,1.584962500721156,2.4591479170272446,1.4488156357251847,1.0
