problem,access,navigate,page_close,video,discussion,wiki
2.063458298648303,2.692369629009903,3.106890595608519,1.0,0.0,2.475987582773898,0.0
