problem,access,navigate,page_close,video,discussion,wiki
2.1950881199473744,3.7828233854665543,4.19963779196086,2.94770277922009,2.521640636343318,3.640395531643443,1.8259613019378902
