problem,access,navigate,page_close,video,discussion,wiki
1.4985601245978328,3.6917448960319907,3.556201280807903,3.4707148518711555,2.8586885704510974,0.0,0.0
