problem,access,navigate,page_close,video,discussion,wiki
1.1050139971135322,1.8497120352661514,1.7924812503605778,1.8918521728839341,1.7382689280764645,0,0
