problem,access,navigate,page_close,video,discussion,wiki
0.6292492238560345,1.3294340029249652,1.5,1.7527152789797045,0.9709505944546686,0.0,0
