problem,access,navigate,page_close,video,discussion,wiki
2.4228982211060663,3.0700724682054794,2.9086939257144406,3.0924977795228683,2.9851237827850934,1.8674924611847552,1.5
