problem,access,navigate,page_close,video,discussion,wiki
1.903967813087766,1.9056390622295665,1.9362600275315274,1.5,0,0,0
