problem,access,navigate,page_close,video,discussion,wiki
0.0,2.3608598946069677,2.5216406363433186,2.3898980954642877,0.9182958340544896,0,0
