problem,access,navigate,page_close,video,discussion,wiki
0,2.715511339222444,1.891346433249389,2.392724905113432,2.139795093787977,0.0,0.0
