problem,access,navigate,page_close,video,discussion,wiki
0,0.6962122601251458,0.8112781244591328,1.0408520829727552,0.9864267287308424,0,0
