problem,access,navigate,page_close,video,discussion,wiki
1.4488156357251847,2.2863488105260523,2.5220552088742,1.9219280948873623,0.0,0.9852281360342516,0
