problem,access,navigate,page_close,video,discussion,wiki
0.0,1.9591904234199458,1.1488348542809166,1.9808259362290785,0.9182958340544896,0.0,0.0
