problem,access,navigate,page_close,video,discussion,wiki
0,3.6150774789247655,2.6405219626825924,1.6644977792004614,2.0,0.0,0.0
