problem,access,navigate,page_close,video,discussion,wiki
1.0957952550009336,2.4983767108432335,1.9693894195291561,2.7629435852251634,0,0,0.0
