problem,access,navigate,page_close,video,discussion,wiki
2.9086791675802086,3.276559135727177,3.0387189708404696,3.309466388436305,2.980593107165021,2.197620571461702,1.584962500721156
