problem,access,navigate,page_close,video,discussion,wiki
1.334599425999111,2.7454744889643146,2.1219280948873624,2.658862460271801,1.3092966682370037,0.0,0
