problem,access,navigate,page_close,video,discussion,wiki
1.4836591643979626,2.165041848868369,1.5219280948873621,2.235926350629033,2.1398355237062026,0,0
