problem,access,navigate,page_close,video,discussion,wiki
0,2.1642288036009085,1.5,2.0031088905778542,1.4137995646056802,0,0
