problem,access,navigate,page_close,video,discussion,wiki
0.9709505944546686,3.8132765728714313,3.5032583347756456,0.9219280948873623,1.2516291673878228,0.8997437586982626,0
