problem,access,navigate,page_close,video,discussion,wiki
0,1.3779630390761746,0.863120568566631,1.8423709931771084,1.9219280948873623,0,0.0
