problem,access,navigate,page_close,video,discussion,wiki
0.4689955935892812,2.786144123671178,1.3516441151533924,2.0758692966977272,0.8112781244591328,0.0,0.0
