problem,access,navigate,page_close,video,discussion,wiki
0.954434002924965,1.4466479595102752,0.5916727785823275,1.4926140680171258,1.4854752972273344,0.0,0.0
