problem,access,navigate,page_close,video,discussion,wiki
0.6500224216483541,1.633551333777253,0.0,1.224394445405986,0.8112781244591328,1.0,0
