problem,access,navigate,page_close,video,discussion,wiki
0.0,2.4129146718637324,2.1709505944546685,2.4632431204148593,2.1556390622295662,0,0
