problem,access,navigate,page_close,video,discussion,wiki
0,1.8674116966468657,0.9182958340544896,1.7609640474436812,1.811278124459133,0,0
