problem,access,navigate,page_close,video,discussion,wiki
0.5225593745369408,1.733811593016277,0.9182958340544896,2.0447367178034828,2.3904555171926773,0.0,0
