problem,access,navigate,page_close,video,discussion,wiki
0.0,2.888182635833359,2.6464393446710153,3.0128163398059535,2.413088436425758,0,0
