problem,access,navigate,page_close,video,discussion,wiki
1.7305449258889736,2.0531857517482965,1.608700165519891,2.220559127530045,1.7967719927529544,0,0
