problem,access,navigate,page_close,video,discussion,wiki
2.482588730501833,2.8901930058590786,3.221097250057957,3.2775988922012345,3.0186885704510966,2.052290619291343,0.0
