problem,access,navigate,page_close,video,discussion,wiki
2.739572261986723,3.5044607711880653,3.6053885422075336,3.5837834090041008,3.269275070710713,1.3543370204656968,0
