problem,access,navigate,page_close,video,discussion,wiki
1.9840451350103798,3.599498632338772,3.584183719779189,2.94770277922009,2.321928094887362,0.0,0
