problem,access,navigate,page_close,video,discussion,wiki
2.2492870686521593,2.5450098624465176,2.6635327548042547,2.3835616043900347,2.5016094970590275,0.0,1.3709505944546687
