problem,access,navigate,page_close,video,discussion,wiki
0.6343095546405662,3.0123171826308144,3.7409532604048397,2.587504346796978,1.4885252948977485,0,0
