problem,access,navigate,page_close,video,discussion,wiki
2.5239860659612976,2.490743537257477,0.8112781244591328,2.585658881363033,2.6755957776053108,0.9182958340544896,0.0
