problem,access,navigate,page_close,video,discussion,wiki
1.8186885704510973,3.6940205212218142,3.0466249601971995,3.424670209589094,3.2883201891060003,1.4885252948977485,1.0
