problem,access,navigate,page_close,video,discussion,wiki
0.0,2.0713949792683515,2.1971597234241496,1.0,1.061278124459133,0,0
