problem,access,navigate,page_close,video,discussion,wiki
1.4591479170272448,2.3135096051215327,1.4591479170272448,1.811278124459133,2.019973094021975,0.9182958340544896,0
