problem,access,navigate,page_close,video,discussion,wiki
0,1.7314430883989096,2.7292333862542746,1.5073226064011382,1.0580072882929423,0,0
