problem,access,navigate,page_close,video,discussion,wiki
2.072905595320056,3.42856238144886,2.321928094887362,3.377747162910944,3.2437357573361996,0,0
