problem,access,navigate,page_close,video,discussion,wiki
0,2.107735252622104,0.9219280948873623,2.8731406795131336,2.503258334775646,0,0
