problem,access,navigate,page_close,video,discussion,wiki
2.7679582777191776,3.0119731370620855,3.61494987248966,2.9600760015718235,2.5122146031572044,2.3704304610786884,1.0
