problem,access,navigate,page_close,video,discussion,wiki
1.6049355947431312,2.7892675118867003,2.2810361125534233,0.9182958340544896,0,0,0.0
