problem,access,navigate,page_close,video,discussion,wiki
0.9182958340544896,2.0400712272231747,2.321928094887362,2.089902458185835,2.0588138903312014,1.359330832236536,0.0
