problem,access,navigate,page_close,video,discussion,wiki
0.3095434291503252,2.200000067365536,1.7382689280764647,2.109482984933077,1.7028195311147831,0.7871265862012691,0.0
