problem,access,navigate,page_close,video,discussion,wiki
0.6193821946787638,1.2866926683547546,0.9709505944546686,1.4353713907745331,1.2516291673878228,0.0,0.0
