problem,access,navigate,page_close,video,discussion,wiki
1.0,2.583887922207485,2.5220552088742,2.3646218953408926,2.2341150549849287,0.0,0
