problem,access,navigate,page_close,video,discussion,wiki
0.0,1.5812908992306927,1.5566567074628228,1.456564762130954,0.863120568566631,0,0
