problem,access,navigate,page_close,video,discussion,wiki
2.8817334482970867,2.978583925096759,2.2312702546075758,3.1247167707658337,3.049452072789394,1.061278124459133,0.0
