problem,access,navigate,page_close,video,discussion,wiki
0,0.5665095065529053,0.7642045065086203,0.39124356362925566,0,0.0,0.0
