problem,access,navigate,page_close,video,discussion,wiki
0,2.300665547227158,1.2776134368191154,2.2834409853782627,1.882856063692049,0.0,0.0
