problem,access,navigate,page_close,video,discussion,wiki
0.0,1.295461844238322,0.8904916402194913,1.2994705707972523,1.1589385323502772,0.0,0.0
