problem,access,navigate,page_close,video,discussion,wiki
0,1.5304930567574824,1.2516291673878228,1.75,0.8112781244591328,1.584962500721156,1.0
