problem,access,navigate,page_close,video,discussion,wiki
0,3.2998008763572906,2.2359263506290326,3.300559092390954,2.7773627950641697,0,0
