problem,access,navigate,page_close,video,discussion,wiki
2.975140214657806,3.7062378290417755,3.756795811071915,3.7543468757483467,2.6277696962719554,2.3704623348645844,1.0
