problem,access,navigate,page_close,video,discussion,wiki
1.0,3.1787766859167803,2.800409726860988,3.047602001611534,2.2841591278514217,0.5713549744279549,0
