problem,access,navigate,page_close,video,discussion,wiki
0.7424875695421236,1.4591479170272446,1.6644977792004614,0.0,0,0.0,0
