problem,access,navigate,page_close,video,discussion,wiki
0,2.4841736988295176,2.9219280948873623,2.459147917027245,1.7004397181410922,0.0,0
