problem,access,navigate,page_close,video,discussion,wiki
1.9438549227703188,3.105142250383774,2.2359263506290326,3.186392934223819,2.7192945256669794,0,0
