problem,access,navigate,page_close,video,discussion,wiki
0.9852281360342516,1.3221793455166666,1.4056390622295665,1.0,0.9182958340544896,0.7793498372920852,0.0
