problem,access,navigate,page_close,video,discussion,wiki
0.0,2.021782221599798,1.4949188482339508,2.0403733936884962,1.9182958340544896,0.6500224216483541,0.0
