problem,access,navigate,page_close,video,discussion,wiki
0.9927744539878084,2.306007579312329,2.584962500721156,2.4907407603107754,0,0.9709505944546686,0
