problem,access,navigate,page_close,video,discussion,wiki
0.0,2.0522926024357746,2.072905595320056,2.0900682599577403,2.0043103816210586,0.0,0.0
