problem,access,navigate,page_close,video,discussion,wiki
0.0,1.5343371980653047,1.5566567074628228,1.8676338909712122,1.3787834934861756,0,0
