problem,access,navigate,page_close,video,discussion,wiki
0.0,1.9195351767946094,0.8112781244591328,2.05752004204086,2.16100727900131,0,0
