problem,access,navigate,page_close,video,discussion,wiki
0,2.9624123852566315,2.5599980083563527,2.8553885422075336,3.0,1.0,0.8112781244591328
