problem,access,navigate,page_close,video,discussion,wiki
0.9709505944546686,2.707335703501872,2.063202513215852,3.113283334294875,2.4464393446710155,0.0,0.0
