problem,access,navigate,page_close,video,discussion,wiki
0.9988455359952018,3.000052398934949,2.584962500721156,2.3212963336848604,2.2062389286533897,0.0,0
