problem,access,navigate,page_close,video,discussion,wiki
0.0,2.381894674783565,0.9852281360342516,2.45218807899187,2.3578605308510925,0,0
