problem,access,navigate,page_close,video,discussion,wiki
0.0,1.6997906153230322,1.4488156357251847,0.9456603046006402,0.5916727785823275,0.0,0
