problem,access,navigate,page_close,video,discussion,wiki
2.1220780565121187,2.5288843090116675,1.601014305806835,2.3844486796767868,2.1419293942941557,1.9538824106870534,0
