problem,access,navigate,page_close,video,discussion,wiki
0.9709505944546686,2.6834738030933414,1.9219280948873623,2.6100635408770723,2.413088436425758,0,0
