problem,access,navigate,page_close,video,discussion,wiki
0.942789207444627,1.732273554749614,1.5,1.803564170352573,1.713116562028237,0,0
