problem,access,navigate,page_close,video,discussion,wiki
0,0.9283620723948676,0.7219280948873623,0.9774178175281716,0.9709505944546686,0,0.0
