problem,access,navigate,page_close,video,discussion,wiki
1.4353713907745331,1.8585552118703144,1.8423709931771086,2.321928094887362,0.0,0,0
