problem,access,navigate,page_close,video,discussion,wiki
0,2.696395832832271,1.950212064914747,2.8910611120726526,2.2464393446710154,0.0,1.0
