problem,access,navigate,page_close,video,discussion,wiki
2.4805859807280752,4.318307265495169,3.4871742696596293,4.115759707497196,4.168367439558377,0,0
