problem,access,navigate,page_close,video,discussion,wiki
2.0671246857679786,3.5355547771300544,2.845350936622437,1.584962500721156,3.11583409216322,0.9182958340544896,0
