problem,access,navigate,page_close,video,discussion,wiki
1.1037297257429597,3.0553549146080328,1.9143411836123523,3.172329874267151,2.721928094887362,0.9910760598382222,0
