problem,access,navigate,page_close,video,discussion,wiki
2.5359604045957536,3.8614038132967314,3.4585250192341497,3.8947044065044065,3.5275293307084343,0.9182958340544896,0.0
