problem,access,navigate,page_close,video,discussion,wiki
0,1.8464393446710154,1.5,2.5216406363433186,2.321928094887362,0,0
