problem,access,navigate,page_close,video,discussion,wiki
0,3.314226940628589,3.857706962616437,3.4411847063240377,3.382048827786958,2.5873178262394307,1.75
