problem,access,navigate,page_close,video,discussion,wiki
0.8112781244591328,1.9184773977934284,1.8910611120726526,1.8250112108241772,1.3787834934861753,0,0
