problem,access,navigate,page_close,video,discussion,wiki
1.4591479170272448,2.797214671667228,1.7295739585136223,1.0,0.0,0.0,0
