problem,access,navigate,page_close,video,discussion,wiki
3.1967806402690586,3.656087260649862,2.7132162356911396,0.0,2.8073904508767225,0.9640787648082291,0
