problem,access,navigate,page_close,video,discussion,wiki
1.7887031414261725,2.6041197623536405,2.921029621737615,2.5935346841684104,2.4464393446710155,0.9575534837147482,0
