problem,access,navigate,page_close,video,discussion,wiki
1.280672129520887,2.6326180149122105,1.9219280948873623,2.6897981900809884,2.701375755906049,0,0
