problem,access,navigate,page_close,video,discussion,wiki
1.9182958340544896,1.640223928941852,1.0,2.045841640885174,2.0588138903312014,0,0
