problem,access,navigate,page_close,video,discussion,wiki
1.9456848565351608,3.040171658913739,2.7393538721672006,2.807354922057604,0,1.5219280948873621,1.0
