problem,access,navigate,page_close,video,discussion,wiki
0,2.199687794731328,1.9219280948873623,2.2359263506290326,1.5,0,0
