problem,access,navigate,page_close,video,discussion,wiki
1.0,1.456801781775028,2.1556390622295662,1.6893917467430875,1.224394445405986,0.0,0.0
