problem,access,navigate,page_close,video,discussion,wiki
0.0,2.911650470643187,1.1451104143815827,2.9950849518197797,2.5503407095463886,0.0,0.0
