problem,access,navigate,page_close,video,discussion,wiki
2.5433420898415484,3.6459150954210933,3.2526529882466413,3.463678068366488,3.3226312118980545,1.4911148500551858,0
