problem,access,navigate,page_close,video,discussion,wiki
0.0,1.9713023022883718,1.6691803368667308,2.1492553971685,1.5566567074628228,0.0,1.0
