problem,access,navigate,page_close,video,discussion,wiki
0,1.8824373408045867,0.0,1.6577427265048887,1.8423709931771088,0,0
