problem,access,navigate,page_close,video,discussion,wiki
0,1.987234675471632,2.5220552088742005,2.3242764617775693,1.7273966735744792,0,0
