problem,access,navigate,page_close,video,discussion,wiki
0.9182958340544896,2.138343620521915,0.8112781244591328,2.4985884300389443,2.4591479170272446,0.0,0.0
