problem,access,navigate,page_close,video,discussion,wiki
1.9967303054066363,3.032949440895038,2.584962500721156,3.194405423435718,1.0,2.228658178496845,0
