problem,access,navigate,page_close,video,discussion,wiki
1.8910910066364837,2.307396668965631,1.8073549220576042,2.3382121050012223,1.573402452417767,1.224394445405986,0.0
