problem,access,navigate,page_close,video,discussion,wiki
0.9912642605354289,2.0541998808364053,1.3346791410515948,0.9709505944546686,1.3787834934861753,0,0
