problem,access,navigate,page_close,video,discussion,wiki
0.0,1.9126177517475982,0.7219280948873623,2.2464393446710154,1.9182958340544893,0.0,0.0
