problem,access,navigate,page_close,video,discussion,wiki
1.1533335249059034,0.8569957178540346,1.3709505944546687,0.9182958340544896,0.0,0,0
