problem,access,navigate,page_close,video,discussion,wiki
0,1.2597218324096136,0.6840384356390417,0.0,0,1.7285347840216199,0.0
