problem,access,navigate,page_close,video,discussion,wiki
2.327102525824531,3.5063433306212417,3.2841837197791888,3.58165690112658,3.2054399385868573,0,0
