problem,access,navigate,page_close,video,discussion,wiki
0,2.2618184325829325,1.6644977792004612,1.9215419333359278,1.7382689280764647,0,0.0
