problem,access,navigate,page_close,video,discussion,wiki
0.9321115676166747,3.9097517284213206,2.7840108746446006,3.800182197134702,3.7983512260625822,0.547553154980007,0
