problem,access,navigate,page_close,video,discussion,wiki
0,1.9196905740496968,1.8676338909712125,1.7527152789797047,1.360964047443681,0,0
