problem,access,navigate,page_close,video,discussion,wiki
1.6040246201759076,2.3559848437653432,2.4464393446710155,2.071695404408628,0,0.0,0
