problem,access,navigate,page_close,video,discussion,wiki
0,1.2433003685389576,0.0,0.9182958340544896,1.7924812503605778,0,0
