problem,access,navigate,page_close,video,discussion,wiki
0.9967916319816366,1.706908425151817,1.4911148500551858,1.9056390622295665,1.8910611120726526,0.0,0.0
