problem,access,navigate,page_close,video,discussion,wiki
1.5262349099495227,2.8057456515210597,1.1488348542809166,2.5306390622295662,1.9591479170272446,0.9967916319816366,0
