problem,access,navigate,page_close,video,discussion,wiki
1.9024864825284977,3.3885471204061277,2.7219280948873625,3.4144321306549195,3.300696186205842,0,0
