problem,access,navigate,page_close,video,discussion,wiki
0.0,2.3676465847754526,2.067031495157584,2.4686426557946035,2.4481020701914806,1.5485806065228545,0
