problem,access,navigate,page_close,video,discussion,wiki
2.6873259829112173,3.700500513041985,2.644462784366856,3.8233927572105317,3.8079807052521177,0.0,0.0
