problem,access,navigate,page_close,video,discussion,wiki
0,2.267462644266616,1.9219280948873623,1.54515219719895,1.0,0.0,0
