problem,access,navigate,page_close,video,discussion,wiki
2.653970479085852,3.3039894091578565,2.514711971090691,3.567210311338979,3.4232517969803373,2.368643399193546,0.0
