problem,access,navigate,page_close,video,discussion,wiki
0.9709505944546686,2.186704345910025,0.0,2.4056390622295662,2.321928094887362,0,0
