problem,access,navigate,page_close,video,discussion,wiki
0.0,2.610428829289149,2.197159723424149,2.6887218755408666,1.9219280948873623,0.0,0.0
