problem,access,navigate,page_close,video,discussion,wiki
0,1.4674579648482995,1.4591479170272446,1.4488156357251847,1.4591479170272448,0,0
