problem,access,navigate,page_close,video,discussion,wiki
1.808692707452603,2.983709730435173,2.4591479170272446,1.0,0.0,1.8674116966468657,0
