problem,access,navigate,page_close,video,discussion,wiki
0.41381685030363374,2.4300365325772657,0.9182958340544896,2.270942421748537,2.1180782093497097,0,0
