problem,access,navigate,page_close,video,discussion,wiki
0.0,1.3921472236645345,1.3752793655393794,1.3221793455166666,0,0.0,0.0
