problem,access,navigate,page_close,video,discussion,wiki
0,2.0556917283597596,2.776396535887964,2.0538676263110522,0.9182958340544896,2.22305033531002,2.1180782093497093
