problem,access,navigate,page_close,video,discussion,wiki
0.9910760598382222,2.2562522173089894,1.2987949406953985,2.5226203095310216,1.9609640474436814,0,0
