problem,access,navigate,page_close,video,discussion,wiki
0.5435644431995964,2.0216148719112956,1.7527152789797045,1.9852281360342514,2.0,0,0.0
