problem,access,navigate,page_close,video,discussion,wiki
0.0,1.5219280948873621,1.0,1.7381493331928664,1.7924812503605778,0,0
