problem,access,navigate,page_close,video,discussion,wiki
0.954434002924965,2.3987081937457444,1.9219280948873623,2.408694969562842,2.199687794731328,0,0
