problem,access,navigate,page_close,video,discussion,wiki
0,1.5664943546699681,1.4488156357251847,1.5277473653732443,0,0.0,0.0
