problem,access,navigate,page_close,video,discussion,wiki
1.4294732983598406,3.0067606050385765,3.21075041654076,3.022764872420346,3.034159127851422,0.28639695711595625,0.8112781244591328
