problem,access,navigate,page_close,video,discussion,wiki
0.0,3.0787044954011886,3.0930692077718893,3.247254684744733,2.699513850319966,2.2890912259281837,0
