problem,access,navigate,page_close,video,discussion,wiki
1.9180368238799383,3.335088184828569,2.4300365325772657,3.5073801024236357,3.1867043459100244,0,0.0
