problem,access,navigate,page_close,video,discussion,wiki
1.5655962303576019,2.419470570797252,3.1117568363634587,2.1824562508413488,1.0,0.5916727785823275,2.0
