problem,access,navigate,page_close,video,discussion,wiki
1.9898980954642873,3.3231560851127826,1.2957378005380122,2.75,2.94770277922009,0.5746356978376794,1.0
