problem,access,navigate,page_close,video,discussion,wiki
0.0,2.1775496777656036,0.9182958340544896,2.3655962303576024,2.197159723424149,0,0
