problem,access,navigate,page_close,video,discussion,wiki
0,1.561278124459133,1.9219280948873623,1.9219280948873623,0.0,0.6500224216483541,0
