problem,access,navigate,page_close,video,discussion,wiki
0.9709505944546686,0.863120568566631,1.5726236638951638,1.2987949406953985,0,1.4406454496153465,0.0
