problem,access,navigate,page_close,video,discussion,wiki
2.4516213718337445,3.354330376889827,2.680851854979515,3.5206040876935907,3.084962500721156,1.4716022614097979,0.0
