problem,access,navigate,page_close,video,discussion,wiki
1.946977496858345,2.8430190302453973,1.9219280948873623,2.428493070364558,2.288019280279689,0,0
