problem,access,navigate,page_close,video,discussion,wiki
2.869021937900005,3.003768377709883,1.7947367178034823,3.081367958821055,3.071348280860436,0.8112781244591328,0.0
