problem,access,navigate,page_close,video,discussion,wiki
0,2.273914836387386,3.8302178837950045,2.299338694188524,1.7709505944546688,2.502248412939453,0
