problem,access,navigate,page_close,video,discussion,wiki
1.4884488776592948,1.753320920080446,2.1556390622295662,0,0,0.0,0
