problem,access,navigate,page_close,video,discussion,wiki
1.7427376486136672,2.6312929881819005,1.1488348542809166,2.3685225277282065,1.9056390622295665,0,0.0
