problem,access,navigate,page_close,video,discussion,wiki
1.8457925700267301,3.7836915966129925,2.7516291673878226,3.7872949215057967,3.5841837197791886,0,0
