problem,access,navigate,page_close,video,discussion,wiki
0,2.1110038753088873,1.584962500721156,2.251629167387823,2.058813890331201,0.0,0.0
