problem,access,navigate,page_close,video,discussion,wiki
0.0,0.9456603046006402,0.863120568566631,0.9819407868640977,0,0,0
