problem,access,navigate,page_close,video,discussion,wiki
2.3487026106590467,3.5524485662035215,3.5849625007211565,3.039148671903071,2.584962500721156,0.0,0
