problem,access,navigate,page_close,video,discussion,wiki
0.6500224216483541,2.5697534037013545,1.7345216647797512,2.5541747328782405,2.438721875540867,0,0
