problem,access,navigate,page_close,video,discussion,wiki
1.789929075309999,4.256331844153658,4.026696148352608,4.297852055056358,4.072591611973338,2.7900593229739883,1.9056390622295665
