problem,access,navigate,page_close,video,discussion,wiki
1.062412253213859,2.053890629477818,3.052878689342031,2.332554798865899,1.8592417225986106,1.0,0
