problem,access,navigate,page_close,video,discussion,wiki
2.116118213778296,3.7456016412540767,3.1464393446710153,2.5216406363433186,2.0,0,0.0
