problem,access,navigate,page_close,video,discussion,wiki
2.410986355243767,3.127019683388676,2.702819531114783,2.2062389286533897,2.058813890331201,0.9910760598382222,0
