problem,access,navigate,page_close,video,discussion,wiki
2.3103196375627495,2.699236306344357,1.617189572592715,1.0,0.0,0.0,0.0
