problem,access,navigate,page_close,video,discussion,wiki
0.0,1.8294732983598407,2.058813890331201,1.4854752972273344,1.2516291673878228,0.0,0.0
