problem,access,navigate,page_close,video,discussion,wiki
1.9328045775391223,2.853660689688186,2.278351811711312,2.808694969562842,2.7773627950641697,1.014097655573916,0.9405662399881731
