problem,access,navigate,page_close,video,discussion,wiki
0.9709505944546686,1.8150724101159432,0.9182958340544896,1.9850464172773457,1.5589385323502771,0,0
