problem,access,navigate,page_close,video,discussion,wiki
0.0,2.8350354679702323,0.9852281360342516,3.0340096189246024,3.018688570451097,0,0
