problem,access,navigate,page_close,video,discussion,wiki
0.9182958340544896,2.5039280318460246,1.513397804403961,2.7052290027422967,2.688721875540867,0.0,0.0
