problem,access,navigate,page_close,video,discussion,wiki
0.9182958340544896,1.4899343783255763,1.5461796919474975,1.0,0.7219280948873623,0.74959525725948,0.0
