problem,access,navigate,page_close,video,discussion,wiki
0.9182958340544896,1.921541933335928,1.9056390622295665,1.760835283310187,1.5304930567574824,0.0,0
