problem,access,navigate,page_close,video,discussion,wiki
0.0,1.9546859469463558,1.5,2.075869296697727,1.8464393446710154,0,0
