problem,access,navigate,page_close,video,discussion,wiki
0.0,1.402993418443045,2.2359263506290326,1.584962500721156,0.0,0,0
