problem,access,navigate,page_close,video,discussion,wiki
1.6258145836939115,1.6925690236898254,1.5,0.0,0.9182958340544896,0.0,0.0
