problem,access,navigate,page_close,video,discussion,wiki
2.560377690746499,3.54243196868547,3.4783459677250406,3.5487756536737094,3.560413157163342,1.4387586809150084,0.0
