problem,access,navigate,page_close,video,discussion,wiki
0.0,1.7720083127528539,1.7884504573082893,1.3712481855145018,1.1608871285452633,0.9182958340544896,1.5219280948873621
