problem,access,navigate,page_close,video,discussion,wiki
0.0,2.0427714629655105,1.9182958340544893,2.194695016511119,2.2008257945180887,0.0,0
