problem,access,navigate,page_close,video,discussion,wiki
1.6367497061348533,3.0552464104322414,2.5495234595978316,1.584962500721156,1.584962500721156,1.5,1.584962500721156
