problem,access,navigate,page_close,video,discussion,wiki
3.8462003762159602,4.483969127274617,3.873140679513133,3.745406425938248,2.521640636343318,1.8423709931771086,1.0
