problem,access,navigate,page_close,video,discussion,wiki
0.4854607607459134,2.4753965473072395,1.9877733714879842,2.5698044729386935,2.389898095464287,0,0
