problem,access,navigate,page_close,video,discussion,wiki
0.0,2.4396508353937185,1.7219280948873623,2.3219280948873626,0.8112781244591328,0.0,0.0
