problem,access,navigate,page_close,video,discussion,wiki
0,2.7088052962769478,0.9182958340544896,2.2810361125534233,2.6416041678685933,0.0,0.0
