problem,access,navigate,page_close,video,discussion,wiki
2.2591653029045182,2.8030741894285693,2.822169235259032,1.5709505944546687,1.8679653582397104,1.8314018453921719,0.0
