problem,access,navigate,page_close,video,discussion,wiki
1.8843135277997989,3.0201056033838984,2.8731406795131336,2.8811192707117073,2.6266185696117015,0.0,0
