problem,access,navigate,page_close,video,discussion,wiki
2.0774324064116554,2.614642199163407,2.725480556997868,0.0,0,1.7758589482446405,0
