problem,access,navigate,page_close,video,discussion,wiki
3.286938093474026,3.6203782711150367,3.726026530101166,2.805051908238786,2.3818413741000573,2.946439344671015,0.9219280948873623
