problem,access,navigate,page_close,video,discussion,wiki
1.4466166676282084,2.6724862987590203,1.224394445405986,2.882016549996315,2.5521796970665487,0,0.0
