problem,access,navigate,page_close,video,discussion,wiki
0.0,3.027169118440619,0.0,2.321928094887362,1.584962500721156,0,0
