problem,access,navigate,page_close,video,discussion,wiki
0.5225593745369408,2.6769081691685783,2.311278124459133,2.6565647621309543,2.331164445867128,0.0,0.0
