problem,access,navigate,page_close,video,discussion,wiki
2.153093395397509,3.328307849788451,3.2145272645029523,3.3086211576476012,2.6755957776053108,2.2910664735442907,0.0
