problem,access,navigate,page_close,video,discussion,wiki
0,2.067282548956883,1.823026490712885,2.1892382558030263,1.9219280948873623,0.0,0.0
