problem,access,navigate,page_close,video,discussion,wiki
2.4590426753890116,3.2274117616487166,2.753434386188785,0.0,0,0,0.0
