problem,access,navigate,page_close,video,discussion,wiki
0.863120568566631,3.2290185141666155,2.289246428509158,2.7542944491633388,2.5073801024236357,0,0
