problem,access,navigate,page_close,video,discussion,wiki
1.584962500721156,3.972456837245341,3.7118435602361175,2.725480556997868,2.521640636343318,2.025081878028446,1.1488348542809166
