problem,access,navigate,page_close,video,discussion,wiki
0.9640787648082291,2.3380113318090703,1.5219280948873621,2.4332082257654797,1.9362600275315274,0,0
