problem,access,navigate,page_close,video,discussion,wiki
1.1357742370456674,1.366755503207626,1.7212802536205827,1.0,1.3709505944546687,1.0,0
