problem,access,navigate,page_close,video,discussion,wiki
0,1.5294283316328894,1.9502120649147465,1.2406705316766886,1.5,0,0
