problem,access,navigate,page_close,video,discussion,wiki
1.6034361679341145,2.6449212812658334,2.2464393446710154,1.0,0,0,0
