problem,access,navigate,page_close,video,discussion,wiki
1.0,3.0079307893140332,3.2312702546075753,3.0432156925345843,2.4464393446710155,0.0,0.0
