problem,access,navigate,page_close,video,discussion,wiki
0.5225593745369408,2.376550452819684,1.884313527799799,0,0,1.4772170014624826,1.0
