problem,access,navigate,page_close,video,discussion,wiki
0,1.7799778939363289,1.8024669627236165,1.9193860483133602,1.6487225970568016,1.3485878960124222,0.9182958340544896
