problem,access,navigate,page_close,video,discussion,wiki
3.2191848708436175,3.608184274387704,3.644160094553,3.422919807303508,3.0321850248231748,0.7219280948873623,0
