problem,access,navigate,page_close,video,discussion,wiki
0.0,2.3071885761626683,2.2516291673878226,2.3685225277282065,1.5,0,0
