problem,access,navigate,page_close,video,discussion,wiki
1.903967813087766,3.365778140207921,2.3158243335257076,2.197159723424149,2.25,0.0,0
