problem,access,navigate,page_close,video,discussion,wiki
0,2.4037016960573485,2.452819531114783,2.3151277160800037,2.046439344671015,0.0,0
