problem,access,navigate,page_close,video,discussion,wiki
1.4524737111892643,2.448221995890514,2.162927761581043,2.2237486553229933,2.208806871223068,0.7642045065086203,0.0
