problem,access,navigate,page_close,video,discussion,wiki
0.9918207974218424,2.6407226942191055,2.5577174691301483,1.9219280948873623,0.0,0,0.0
