problem,access,navigate,page_close,video,discussion,wiki
0,2.1322492257800816,2.4931325576478605,2.0,0.7219280948873623,2.6689869584530608,0.0
