problem,access,navigate,page_close,video,discussion,wiki
1.0,2.646912844731054,2.584962500721156,2.610577243331642,0.9709505944546686,0.0,0
