problem,access,navigate,page_close,video,discussion,wiki
0,2.1682328933388106,2.521640636343318,2.5996659733039564,2.4508257945180882,0,0
