problem,access,navigate,page_close,video,discussion,wiki
0,2.900432919106733,1.8799649487271108,1.640223928941852,1.224394445405986,0.7793498372920852,0
