problem,access,navigate,page_close,video,discussion,wiki
3.738065892569238,4.23477930942382,2.9139770731827523,4.040109109154241,3.7608479377984634,2.365596230357602,0
