problem,access,navigate,page_close,video,discussion,wiki
0.0,2.251642756318127,1.5487949406953985,2.2248330254797586,2.2492870686521593,1.490468570732828,0.0
