problem,access,navigate,page_close,video,discussion,wiki
3.7187891539333573,3.5668233355102696,3.189898095464288,3.7029063251453778,3.342011058358338,2.5310694106830915,0
