problem,access,navigate,page_close,video,discussion,wiki
1.0,2.061144617568076,2.125814583693911,1.9899917740667208,1.779907716207443,0.0,0.0
