problem,access,navigate,page_close,video,discussion,wiki
0,1.6666575239298962,1.5,1.5143029514736246,1.3108562983864118,0,0
