problem,access,navigate,page_close,video,discussion,wiki
2.4874687506009634,3.147226882662979,3.207143136834028,2.6047213575823878,2.561278124459133,2.502258412694598,1.5487949406953985
