problem,access,navigate,page_close,video,discussion,wiki
0.17556502585750278,2.293675030076411,2.679079570624175,2.5239860659612976,1.9143411836123523,0.0,1.0
