problem,access,navigate,page_close,video,discussion,wiki
1.610577243331642,3.1772048560031725,2.6417555860129984,3.0027361715940035,3.3296796665282598,1.75,0.0
