problem,access,navigate,page_close,video,discussion,wiki
0.8658566174572235,3.3148956354701657,2.2607845582978525,1.5,1.9219280948873623,0.9182958340544896,1.3787834934861753
