problem,access,navigate,page_close,video,discussion,wiki
0,1.9071996707089482,2.521640636343318,2.321928094887362,1.584962500721156,1.0,0
