problem,access,navigate,page_close,video,discussion,wiki
2.034940757489889,4.123700664733325,3.9488933939629973,4.254525464966176,3.3815804883091634,1.2301073887801204,0
