problem,access,navigate,page_close,video,discussion,wiki
3.5413572414454344,3.567964446260293,3.5192475629608078,3.661855394579219,3.53641423712223,0.0,0
