problem,access,navigate,page_close,video,discussion,wiki
0.9182958340544896,3.282048782860511,2.2516291673878226,3.3060202622092554,2.6098501660289424,1.974937501201927,0
