problem,access,navigate,page_close,video,discussion,wiki
0.961236604722876,2.566102449578339,1.8150724101159434,1.9248240667373948,1.9219280948873623,1.8910611120726528,0.0
