problem,access,navigate,page_close,video,discussion,wiki
0.0,3.207359597320155,2.752715278979705,3.4820921756039107,3.441068585955437,2.2148120128677142,0.0
