problem,access,navigate,page_close,video,discussion,wiki
0,1.8553885422075338,0.9182958340544896,1.6854752972273344,1.75,0,0
