problem,access,navigate,page_close,video,discussion,wiki
0,1.784159127851422,1.0,1.9056390622295665,1.9182958340544896,0,0
