problem,access,navigate,page_close,video,discussion,wiki
0.0,2.3502618950790675,2.3101492315852843,2.521640636343318,2.146465798504072,0.0,0
