problem,access,navigate,page_close,video,discussion,wiki
2.077427422400559,3.699125659727889,2.815811049306067,3.752282542163144,3.786069430970364,1.4652556501132248,1.2516291673878228
