problem,access,navigate,page_close,video,discussion,wiki
0,1.855388542207534,2.1682328933388106,0.9182958340544896,0.0,0,0.0
