problem,access,navigate,page_close,video,discussion,wiki
3.4757504864967643,3.8791022744797674,4.0839953359053425,3.862313244656953,3.703420950637168,2.8757301548831613,0.0
