problem,access,navigate,page_close,video,discussion,wiki
0.9910760598382222,1.9613348367849286,1.9220231428515733,2.0,2.1556390622295662,0,0.0
