problem,access,navigate,page_close,video,discussion,wiki
0,1.584962500721156,1.360964047443681,1.9219280948873623,1.584962500721156,0.9456603046006402,0.0
