problem,access,navigate,page_close,video,discussion,wiki
3.838926624564742,4.2294009476107,3.9599707203863073,3.5316306463679625,3.620635070586274,1.7627022003449737,0.0
