problem,access,navigate,page_close,video,discussion,wiki
0.9426831892554922,2.2946725025985018,2.636056086195823,2.5560542104133326,1.5451521971989497,0.0,0
