problem,access,navigate,page_close,video,discussion,wiki
1.0946322827465713,2.4209620600399973,1.561278124459133,2.6472103113389793,2.127432176537079,0.8112781244591328,0
