problem,access,navigate,page_close,video,discussion,wiki
1.2096228500969421,1.7474130395316414,2.2569089895583545,1.7884504573082893,1.0,0.8453509366224365,0.0
