problem,access,navigate,page_close,video,discussion,wiki
1.5655962303576019,1.9761768350415745,1.3709505944546687,1.9762822787735768,1.804746110195515,1.2674438038072335,0.0
