problem,access,navigate,page_close,video,discussion,wiki
0,0.8812908992306927,1.295461844238322,1.2987949406953985,0.7219280948873623,0.0,0.0
