problem,access,navigate,page_close,video,discussion,wiki
0.9852281360342516,2.050554667401969,1.4355205042826666,1.71577067413792,1.2419460322060458,0.5225593745369408,0
