problem,access,navigate,page_close,video,discussion,wiki
1.4197367178034825,1.901506402501506,1.6140054628542202,2.1820058147602133,2.113283334294875,0.5435644431995964,0.0
