problem,access,navigate,page_close,video,discussion,wiki
0.9456603046006402,1.5654483718208254,1.584962500721156,0.7219280948873623,0.9864267287308424,0.9182958340544896,0
