problem,access,navigate,page_close,video,discussion,wiki
0,2.0837788869232745,2.1339375660949167,2.089177559532465,1.4911148500551858,0,0
