problem,access,navigate,page_close,video,discussion,wiki
1.0331737299469321,3.37978236461223,3.189898095464288,2.5503407095463886,2.4056390622295662,0,0
