problem,access,navigate,page_close,video,discussion,wiki
0.8112781244591328,2.651806006876165,2.84307418942857,0.0,0,1.4949188482339508,0.9182958340544896
