problem,access,navigate,page_close,video,discussion,wiki
0,2.2384959654169796,1.8910611120726528,0.0,1.7609640474436812,0.0,0.0
