problem,access,navigate,page_close,video,discussion,wiki
0,1.3567796494470397,0.0,1.3709505944546687,1.3787834934861753,0,0
