problem,access,navigate,page_close,video,discussion,wiki
0.6292492238560345,1.8524731104858696,1.584962500721156,1.75,1.9182958340544896,0,0
