problem,access,navigate,page_close,video,discussion,wiki
1.751571317382344,2.210473235249271,3.259622225521007,1.0,2.013132465170739,1.0,0
