problem,access,navigate,page_close,video,discussion,wiki
1.2987949406953985,2.9826675731941403,2.064042639445697,3.3283365088565358,2.2615021013245995,0.0,0.0
