problem,access,navigate,page_close,video,discussion,wiki
0.0,1.632935039619369,1.584962500721156,2.004886164091843,2.113283334294875,0,0
