problem,access,navigate,page_close,video,discussion,wiki
0.9709505944546686,2.4430190302453973,2.481714572986073,1.0,0.0,1.018424695195087,0.0
