problem,access,navigate,page_close,video,discussion,wiki
1.3328204045850196,2.668774110702435,2.4071996707089474,2.8998087570669773,2.360865817244537,0.9182958340544896,1.5219280948873621
