problem,access,navigate,page_close,video,discussion,wiki
2.607370296206101,3.6097934826087936,3.9161269465882835,3.6234651896016463,1.5219280948873621,3.216838662086775,0
