problem,access,navigate,page_close,video,discussion,wiki
0.0,1.9440097497163569,1.5219280948873621,1.8339272176418302,1.5487949406953985,0,0
