problem,access,navigate,page_close,video,discussion,wiki
1.5343371980653047,1.4445169170274446,1.4591479170272446,1.5195563653739033,1.4832261969709113,0,0.0
