problem,access,navigate,page_close,video,discussion,wiki
0.0,1.562688039303908,0.8112781244591328,2.2359263506290326,2.2516291673878226,0,0
