problem,access,navigate,page_close,video,discussion,wiki
0,2.6753906818924826,3.124518654958899,2.2026706871943627,1.617189572592715,2.16920171228265,0.0
