problem,access,navigate,page_close,video,discussion,wiki
0.0,3.4613542186049258,2.6258145836939115,3.355388542207534,3.1117568363634582,0.9182958340544896,0.0
