problem,access,navigate,page_close,video,discussion,wiki
0.9892452969285003,2.9359707443803544,3.064498451560163,3.2607845582978525,2.75,2.0145891997896648,0.9182958340544896
