problem,access,navigate,page_close,video,discussion,wiki
0.0,1.454024912849659,2.2221915755066783,1.584962500721156,0,0.0,0.0
