problem,access,navigate,page_close,video,discussion,wiki
1.3516292011348525,2.6180741003109014,2.7773627950641697,2.8729055953200566,1.584962500721156,1.495538029919111,0.0
