problem,access,navigate,page_close,video,discussion,wiki
2.90022108851528,3.0539526573376934,2.6062389286533896,2.0654513993116463,2.3071885761626687,0.9910760598382222,0.9182958340544896
