problem,access,navigate,page_close,video,discussion,wiki
1.5014104754503443,2.002406310338984,1.0,1.811278124459133,1.4056390622295665,0.0,0
