problem,access,navigate,page_close,video,discussion,wiki
0.8112781244591328,2.2990232824026786,1.9182958340544896,2.4099223095796085,2.161978179679554,0.8112781244591328,0.0
