problem,access,navigate,page_close,video,discussion,wiki
1.3698266228122504,3.039231454297373,3.0604539363003513,3.3268801349232486,1.7360411676599221,0,0.0
