problem,access,navigate,page_close,video,discussion,wiki
0,1.3221793455166666,1.5,1.7527152789797045,1.3709505944546687,0.0,0
