problem,access,navigate,page_close,video,discussion,wiki
0.9480782435939055,2.8367493236578785,2.481714572986073,2.8920795639257113,2.4677201004744993,0,0
