problem,access,navigate,page_close,video,discussion,wiki
1.8841074513870861,3.569023298843824,3.2547218605324852,3.567696444002129,3.2368573034220742,1.7527152789797045,0
