problem,access,navigate,page_close,video,discussion,wiki
0.0,1.9464025969375962,2.4056390622295662,1.8415419333359277,2.2464393446710154,0,0
