problem,access,navigate,page_close,video,discussion,wiki
0,1.4618602772540856,2.1493974703476995,1.689391746743088,1.2516291673878228,1.584962500721156,1.0
