problem,access,navigate,page_close,video,discussion,wiki
2.4110297786625847,2.628072304262105,2.503258334775646,2.5120651115639507,2.3849831999296214,0,0
