problem,access,navigate,page_close,video,discussion,wiki
1.5545851693377997,2.8408115970719883,2.688721875540867,2.446439344671016,1.8423709931771086,1.974937501201927,0
