problem,access,navigate,page_close,video,discussion,wiki
0,2.4109863552437676,2.6644977792004614,1.0,0.0,2.1573171583550605,0
