problem,access,navigate,page_close,video,discussion,wiki
0.7219280948873623,2.85267312776443,1.9219280948873623,2.65732634763239,0.7219280948873623,0.0,0
