problem,access,navigate,page_close,video,discussion,wiki
1.9219280948873623,2.638530469124292,1.5,2.803701696057348,2.2221915755066783,0,0
