problem,access,navigate,page_close,video,discussion,wiki
0.0,0.6052912052261445,0.954434002924965,0.7642045065086203,0,0.0,0
