problem,access,navigate,page_close,video,discussion,wiki
2.5527241956246547,3.1807298582117975,3.7714370294611257,3.3515937233487554,3.2927701939369904,0,0
