problem,access,navigate,page_close,video,discussion,wiki
2.782114638414506,2.8950441618449245,2.5707677996239613,2.7534343861887844,1.061278124459133,1.528368899209021,1.0
