problem,access,navigate,page_close,video,discussion,wiki
0.7219280948873623,1.7852983213911253,1.584962500721156,1.6577427265048887,1.8016366412706075,0.9182958340544896,0
