problem,access,navigate,page_close,video,discussion,wiki
0,2.417628649429343,1.5709505944546687,1.7924812503605778,1.0,0,0
