problem,access,navigate,page_close,video,discussion,wiki
2.2312702546075758,3.9147184861449333,3.1009166856947723,1.584962500721156,0.0,2.0905688359314274,1.0
