problem,access,navigate,page_close,video,discussion,wiki
0,0.8812908992306927,0.0,1.4056390622295665,1.5219280948873621,0,0
