problem,access,navigate,page_close,video,discussion,wiki
0.0,3.041920038492252,2.8731406795131336,2.8676111456286373,2.7542944491633383,0.9182958340544896,0.0
