problem,access,navigate,page_close,video,discussion,wiki
3.1643669178691693,4.101390473045955,3.90019433828276,3.441590364655041,3.5004080188945847,3.32358230271139,2.0475175426932575
