problem,access,navigate,page_close,video,discussion,wiki
0,2.5338669926099797,1.2987949406953985,2.807390450876722,2.5895183026895356,1.5545851693377997,0.0
