problem,access,navigate,page_close,video,discussion,wiki
0,2.8687259535151886,1.7924812503605778,2.902737107794636,2.898929563690935,0,0
