problem,access,navigate,page_close,video,discussion,wiki
2.065957320949175,3.1620670345455184,1.061278124459133,1.0,3.036504603290679,0.24988229283318544,0
