problem,access,navigate,page_close,video,discussion,wiki
1.880686666432669,2.9600962864983194,3.0340550299696036,1.584962500721156,1.584962500721156,0.9182958340544896,0.9182958340544896
