problem,access,navigate,page_close,video,discussion,wiki
2.1584968958685673,2.448090122445906,2.0,2.822181958642873,2.9219280948873623,0,0
