problem,access,navigate,page_close,video,discussion,wiki
0,2.32742132943338,1.6858157091530304,2.5016094970590275,2.4591479170272446,0.0,0.0
