problem,access,navigate,page_close,video,discussion,wiki
3.1219280948873624,3.802253674936016,3.287601135993693,3.78903214304537,3.1556390622295662,2.015768020842187,1.0
