problem,access,navigate,page_close,video,discussion,wiki
0,1.481491062729183,2.0,1.4958242288403436,1.4488156357251847,0,0
