problem,access,navigate,page_close,video,discussion,wiki
1.903967813087766,2.9550296277763834,2.984769618706743,2.999286436911697,2.491677877490844,3.029275070710713,1.0
