problem,access,navigate,page_close,video,discussion,wiki
1.6367180253811975,2.3737690483929756,2.66122625626979,2.455560110207386,1.6286457465791397,0.0,0
