problem,access,navigate,page_close,video,discussion,wiki
2.290730714065208,2.6691431816194036,2.1180782093497093,2.6682995880980087,2.610577243331642,0.0,0.0
