problem,access,navigate,page_close,video,discussion,wiki
0.0,2.68344978213393,2.5,2.9424955222917837,2.355388542207534,0,0
