problem,access,navigate,page_close,video,discussion,wiki
1.4604846813131116,2.9725274555227275,3.2866622858982257,3.0699786308329196,3.007717469130148,0.774778963300121,0.0
