problem,access,navigate,page_close,video,discussion,wiki
2.1866114151397915,3.0206489725540004,2.530800621855002,3.072878204058192,2.790468570732828,1.4949188482339508,0.8112781244591328
