problem,access,navigate,page_close,video,discussion,wiki
0,3.6021036526688888,1.9182958340544896,3.529074869329399,3.6619328723735824,0.0,0
