problem,access,navigate,page_close,video,discussion,wiki
1.4591479170272448,3.10624125067374,2.692380602454975,3.157405811425518,2.75,0.0,0.0
