problem,access,navigate,page_close,video,discussion,wiki
0,1.5655962303576019,1.5566567074628228,1.561278124459133,0.0,0,0
