problem,access,navigate,page_close,video,discussion,wiki
1.4315602842833155,2.6914019832449823,2.2516291673878226,2.5560542104133326,2.224394445405986,0,0
