problem,access,navigate,page_close,video,discussion,wiki
1.5991985144500873,2.7325059626232244,1.1401156785146092,1.584962500721156,2.2359263506290326,1.0,0.0
