problem,access,navigate,page_close,video,discussion,wiki
1.5693078231812958,3.771505144051536,3.799133130467424,3.0269868333592873,2.197159723424149,3.4975773395265297,0.0
