problem,access,navigate,page_close,video,discussion,wiki
1.360964047443681,2.574872508138806,3.349275070710713,3.010570934268483,0,3.03621120916217,0.9182958340544896
