problem,access,navigate,page_close,video,discussion,wiki
0,1.9211796919474975,1.4591479170272448,1.561278124459133,1.5566567074628228,0.0,0
