problem,access,navigate,page_close,video,discussion,wiki
2.271341622916386,2.8567547041049033,2.567235267751115,2.837684365903899,2.573640436001963,1.3623611484873783,0
