problem,access,navigate,page_close,video,discussion,wiki
1.7272486062639207,2.9300220077121373,2.584962500721156,2.797806779881856,2.7462778596167317,0,0.0
