problem,access,navigate,page_close,video,discussion,wiki
0.0,1.5485806065228545,1.4056390622295665,1.3921472236645345,0.9852281360342516,0,0
