problem,access,navigate,page_close,video,discussion,wiki
1.9709505944546686,3.348580345669988,2.4508257945180882,3.3759425684497097,2.856464856747655,1.2319817814011405,0.0
