problem,access,navigate,page_close,video,discussion,wiki
0.0,1.322305788853309,0.863120568566631,1.3921472236645345,1.5566567074628228,0.0,0.0
