problem,access,navigate,page_close,video,discussion,wiki
0.9629004147713269,2.1653519144253823,1.5219280948873621,2.1837548319239213,1.9772170014624826,0,0
