problem,access,navigate,page_close,video,discussion,wiki
1.3346791410515946,3.5556070078797393,2.8150724101159437,3.5777471629109447,3.4613201402110083,0,0
