problem,access,navigate,page_close,video,discussion,wiki
1.657742726504889,2.6240845931684778,1.7527152789797045,2.532914563979398,2.3522170014624826,0.0,0.0
