problem,access,navigate,page_close,video,discussion,wiki
4.001552527559968,4.232699824088038,3.673269689515108,4.356370398866214,3.403989446485262,0.0,0.0
