problem,access,navigate,page_close,video,discussion,wiki
0.730926377590601,1.7742826130154588,0.41381685030363374,0,0,0.0,0.0
