problem,access,navigate,page_close,video,discussion,wiki
0,2.147348781633051,2.1609640474436813,2.054585169337799,1.561278124459133,0.8453509366224365,0.0
