problem,access,navigate,page_close,video,discussion,wiki
2.0336089622410274,2.5994690483277596,2.688721875540867,2.7671834678914613,2.5785519909913264,0.6500224216483541,0.0
