problem,access,navigate,page_close,video,discussion,wiki
1.0,2.1868085945630504,1.584962500721156,1.7961796919474975,1.3221793455166666,0,0
