problem,access,navigate,page_close,video,discussion,wiki
1.315700144231129,2.104174099132079,2.1280852788913944,2.052836995200342,1.47283015230032,0.0,0
