problem,access,navigate,page_close,video,discussion,wiki
2.655138673760707,3.117414112097015,2.4156614701917634,3.0058998651878035,2.716447067161327,1.4353713907745331,0.954434002924965
