problem,access,navigate,page_close,video,discussion,wiki
0,2.939798190080989,2.5219280948873624,3.146286370662105,0.0,2.6312929881819005,0
