problem,access,navigate,page_close,video,discussion,wiki
0.0,1.882012264559881,2.121928094887362,1.9219280948873623,0,0,0
