problem,access,navigate,page_close,video,discussion,wiki
0.0,2.6464393446710153,1.5,2.75,2.584962500721156,0.8112781244591328,0
