problem,access,navigate,page_close,video,discussion,wiki
0.0,1.4854752972273344,0.0,1.4315602842833157,1.4488156357251847,0,0
