problem,access,navigate,page_close,video,discussion,wiki
0.9480782435939055,1.4702831199940867,1.9877733714879842,1.3520301017579528,0.9182958340544896,0,0
