problem,access,navigate,page_close,video,discussion,wiki
0.3372900666170139,3.335391706763044,3.1139476925209384,3.54017404413517,2.944394948656537,0.0,0.0
