problem,access,navigate,page_close,video,discussion,wiki
0.0,3.0479516674900737,2.939829017466402,3.0306390622295662,1.584962500721156,2.0330188399354574,0.0
