problem,access,navigate,page_close,video,discussion,wiki
0,2.0593821456254484,2.125814583693911,2.1473169397204104,2.188721875540867,0.0,0.0
