problem,access,navigate,page_close,video,discussion,wiki
0.0,2.2203945077760188,2.056564762130954,2.1406064599010723,1.6049355947431312,0,0
