problem,access,navigate,page_close,video,discussion,wiki
1.1487361244596448,2.8504308323638248,1.6858157091530304,2.854693951646702,2.688721875540867,0.0,0
