problem,access,navigate,page_close,video,discussion,wiki
1.3516871258043608,2.5524109869666396,2.5219280948873624,2.39884745258101,2.287783719941071,0,0
