problem,access,navigate,page_close,video,discussion,wiki
0,2.8152023999804863,2.503258334775646,3.202819531114783,2.75,0.8112781244591328,0
