problem,access,navigate,page_close,video,discussion,wiki
0,2.2892464285091583,1.584962500721156,2.503258334775646,2.113283334294875,0,0
