problem,access,navigate,page_close,video,discussion,wiki
0.0,2.1506404772499783,1.8423709931771084,0.9182958340544896,0.0,0,0
