problem,access,navigate,page_close,video,discussion,wiki
0.9182958340544896,3.1047412314783913,2.128085278891394,3.3836745295357287,2.521782221599798,0.0,0
