problem,access,navigate,page_close,video,discussion,wiki
0.9798687566511528,2.3497301466508205,2.584962500721156,2.5867866151171586,2.287783719941071,0.0,0.0
