problem,access,navigate,page_close,video,discussion,wiki
0.0,1.4926140680171256,1.188721875540867,1.7527152789797045,1.5219280948873621,0.0,0.0
