problem,access,navigate,page_close,video,discussion,wiki
0,2.5048003829823355,2.2998963911678914,2.0,0.9182958340544896,0.0,0
