problem,access,navigate,page_close,video,discussion,wiki
0.9804679314541814,2.894800482413737,1.224394445405986,3.0704257138592674,3.2331735648253734,0.0,0.0
