problem,access,navigate,page_close,video,discussion,wiki
2.523260262614116,3.400916407517189,2.6873230684749942,3.1184104338705723,3.0153752340799644,2.402084237819134,0.0
