problem,access,navigate,page_close,video,discussion,wiki
0.0,2.7883334602240706,1.8799649487271108,2.8603207778330444,0,0,0
