problem,access,navigate,page_close,video,discussion,wiki
2.311278124459133,3.5946662269444984,3.2132760222353185,3.5260369531658444,2.856031014430837,2.7156845971183943,0.0
