problem,access,navigate,page_close,video,discussion,wiki
1.4488156357251847,2.5324770260751284,2.4885548621928453,2.531453645923478,1.856564762130954,1.5,0.222284830685688
