problem,access,navigate,page_close,video,discussion,wiki
0.7219280948873623,2.1032439166594514,1.971747257128181,2.262879631232199,1.792481250360578,0.5916727785823275,0
