problem,access,navigate,page_close,video,discussion,wiki
1.2830732441995814,2.617961443397209,2.584962500721156,2.5842747105747437,2.343481531197508,0,0
