problem,access,navigate,page_close,video,discussion,wiki
1.676488049398749,2.6064620523404547,2.1493974703476995,0.9182958340544896,1.5304930567574824,0.0,0
