problem,access,navigate,page_close,video,discussion,wiki
0,2.054585169337799,1.3092966682370037,2.5032583347756456,2.2359263506290326,0.0,0.0
