problem,access,navigate,page_close,video,discussion,wiki
0.5787946246321198,2.869413805441302,2.6332062193464956,3.239097917988786,0.9182958340544896,1.781937063546704,1.0
