problem,access,navigate,page_close,video,discussion,wiki
0,1.8256051990169437,0.9709505944546686,1.9219280948873623,1.7924812503605778,0,0
