problem,access,navigate,page_close,video,discussion,wiki
2.1960676466168434,3.065385914833256,2.7647351787255054,3.1210721702742483,3.0980332792010175,2.483834912994555,0.7219280948873623
