problem,access,navigate,page_close,video,discussion,wiki
2.037908876277387,3.8490161500495432,3.8510020747016847,3.476937209306713,2.6990199844009077,0,0
