problem,access,navigate,page_close,video,discussion,wiki
0.0,1.2639334294856335,1.3787834934861756,1.4488156357251847,1.5304930567574824,0,0
