problem,access,navigate,page_close,video,discussion,wiki
0.5225593745369408,0.8402626506038278,1.2406705316766886,1.2406705316766886,0.5435644431995964,0.0,0
