problem,access,navigate,page_close,video,discussion,wiki
0.0,2.4885548621928457,2.321928094887362,2.495602923729013,2.221251836004466,0.0,0
