problem,access,navigate,page_close,video,discussion,wiki
1.786908715103086,2.531373514280542,2.4056390622295662,2.6735790008164235,2.351593723348755,1.061278124459133,0.0
