problem,access,navigate,page_close,video,discussion,wiki
0.0,1.186278124459133,0,1.9056390622295665,1.4466166676282082,0.0,0
