problem,access,navigate,page_close,video,discussion,wiki
1.9345491399952026,3.141093230142982,2.732914563979398,1.0,1.0,1.414164756982828,0.5435644431995964
