problem,access,navigate,page_close,video,discussion,wiki
1.541982284286398,3.4449133528938556,3.204986855772667,2.692380602454975,2.5,1.4949188482339508,0.0
