problem,access,navigate,page_close,video,discussion,wiki
0.0,1.850290960530639,2.6290078342114986,1.5485601279628307,1.257162987432089,0.39124356362925566,0.9182958340544896
