problem,access,navigate,page_close,video,discussion,wiki
0.0,1.8812080882215172,2.197159723424149,1.904875005155258,1.5262349099495225,0,0.0
