problem,access,navigate,page_close,video,discussion,wiki
2.3970420981940883,3.2185442346893494,3.12452528989151,3.3880089095037556,2.727335080583839,2.0067903896388137,0.9912642605354289
