problem,access,navigate,page_close,video,discussion,wiki
0.6500224216483541,1.7130788426267936,1.1488348542809166,1.570950594454669,1.2987949406953985,0,0.0
