problem,access,navigate,page_close,video,discussion,wiki
1.9318384571684557,3.5340356851197994,3.239097917988786,2.584962500721156,2.584962500721156,0,0
