problem,access,navigate,page_close,video,discussion,wiki
2.9050659622916255,3.1758308059266294,2.7052290027422967,2.425681221698807,2.6632908081776594,1.868123857157483,0
