problem,access,navigate,page_close,video,discussion,wiki
0,1.8875386446885054,1.9937737543219836,0.8904916402194913,0.0,1.2776134368191154,1.0
