problem,access,navigate,page_close,video,discussion,wiki
2.0791117471694527,2.947552674383397,2.40400975732486,2.94400405810491,2.925853014561283,1.1608871285452633,0.0
