problem,access,navigate,page_close,video,discussion,wiki
0.0,2.646963301322424,2.315824333525708,0.0,0,0.5032583347756457,0.9182958340544896
