problem,access,navigate,page_close,video,discussion,wiki
1.2987949406953985,1.669180336866731,1.5219280948873621,1.0,0.0,0,0
