problem,access,navigate,page_close,video,discussion,wiki
0.0,1.1488348542809166,0.9182958340544896,1.6577427265048887,1.8423709931771084,0,0
