problem,access,navigate,page_close,video,discussion,wiki
0,1.2419460322060458,1.5219280948873621,1.2516291673878228,0.9182958340544896,0,0
