problem,access,navigate,page_close,video,discussion,wiki
0.0,1.8773870642966133,1.061278124459133,1.7381493331928664,1.6858157091530304,0.41381685030363374,0.9182958340544896
