problem,access,navigate,page_close,video,discussion,wiki
0.0,1.7884504573082893,1.3709505944546687,1.4911148500551858,1.061278124459133,0,0
