problem,access,navigate,page_close,video,discussion,wiki
2.2339979078388272,3.3334744482112058,2.6841837197791887,3.6955294885659935,3.5566567074628233,1.4674579648482995,1.584962500721156
