problem,access,navigate,page_close,video,discussion,wiki
0.0,1.9312952802328742,1.5435644431995963,1.584962500721156,1.0,0,0.9182958340544896
