problem,access,navigate,page_close,video,discussion,wiki
1.7120004164721756,2.9291883298729866,2.876294045591759,2.9353713907745336,1.8282344370732122,0.0,0.0
