problem,access,navigate,page_close,video,discussion,wiki
1.1796779956857992,1.3670346571953371,0.9055872616982603,1.2406705316766886,0.9400730383538229,0.0,0.0
