problem,access,navigate,page_close,video,discussion,wiki
0,1.9904129681145393,1.3221793455166666,1.6644977792004614,1.4182958340544896,0.6500224216483541,1.0
