problem,access,navigate,page_close,video,discussion,wiki
0.0,1.5868068964791813,1.0,1.7841591278514217,1.811278124459133,0,0
