problem,access,navigate,page_close,video,discussion,wiki
1.8227148380127582,3.518054378479657,1.9219280948873623,3.09003277660148,2.89269230444514,0,0
