problem,access,navigate,page_close,video,discussion,wiki
1.56966700982349,2.7965369780110376,1.9293092079167293,2.939058909205346,2.889549430862088,1.5137692877806377,0.0
