problem,access,navigate,page_close,video,discussion,wiki
0.0,2.3432578733442675,1.6577427265048887,2.4464393446710155,1.9502120649147465,0.0,0.0
