problem,access,navigate,page_close,video,discussion,wiki
1.5221898721658214,1.9328134766895961,1.5,2.1272263005759027,2.1506140041158783,0,0
