problem,access,navigate,page_close,video,discussion,wiki
0.954434002924965,2.1434689179730264,2.0,2.41896119556797,2.188721875540867,0,0
