problem,access,navigate,page_close,video,discussion,wiki
0.0,1.4009934786687808,1.2406705316766886,1.358584608060248,0.9983636725938131,0.0,0.0
