problem,access,navigate,page_close,video,discussion,wiki
0.0,3.1543177045896926,2.4056390622295662,3.229021194717129,3.076103170996722,0,0
