problem,access,navigate,page_close,video,discussion,wiki
1.984316977284161,2.887471213051128,1.573402452417767,2.7885947615540294,2.6566969395027247,1.7924812503605778,0.8112781244591328
