problem,access,navigate,page_close,video,discussion,wiki
0.9709505944546686,2.7963235947462817,2.197159723424149,1.9219280948873623,0.0,0,0
