problem,access,navigate,page_close,video,discussion,wiki
1.6605968812521592,3.1766543204859965,3.199687794731328,3.285588016574086,2.7489400470054295,1.738616399317436,0.0
