problem,access,navigate,page_close,video,discussion,wiki
0.0,2.772450930484563,1.9502120649147465,0.7219280948873623,0.0,0.0,0
