problem,access,navigate,page_close,video,discussion,wiki
1.9056390622295665,3.7132362249724684,2.956774146807922,3.8361755284078773,3.1496734471867414,1.8428755534789443,0
