problem,access,navigate,page_close,video,discussion,wiki
0,2.623024227102955,1.584962500721156,2.5216406363433186,1.9056390622295665,0,0
