problem,access,navigate,page_close,video,discussion,wiki
0.0,1.851226815897192,1.4591479170272448,1.8250112108241772,1.4355205042826666,0.0,0
