problem,access,navigate,page_close,video,discussion,wiki
1.938708497286834,2.626614471810182,1.5577277787393191,2.577001089397579,0,0.0,0.0
