problem,access,navigate,page_close,video,discussion,wiki
1.9527241956246546,3.0575482417583024,2.851064437489381,3.229484027390863,2.8729055953200566,0.7642045065086203,0
