problem,access,navigate,page_close,video,discussion,wiki
0.0,2.914906346516448,1.9746017527145812,3.0281708121441193,2.8728902566690597,1.236160254373812,0
