problem,access,navigate,page_close,video,discussion,wiki
0,2.1566466355538694,2.1556390622295662,2.0922718656836103,1.6258145836939115,0,0
