problem,access,navigate,page_close,video,discussion,wiki
0.9090221560878149,2.3043980482890984,2.2295739585136225,2.121276357834812,2.2464393446710154,0.0,1.3709505944546687
