problem,access,navigate,page_close,video,discussion,wiki
2.8099509214248104,2.3718956694089637,2.5,2.197159723424149,0,0.0,0
