problem,access,navigate,page_close,video,discussion,wiki
0.9932338197397066,3.610171455645457,3.3804304878001115,3.444413829577611,2.3787834934861753,1.7244078178625923,0.0
