problem,access,navigate,page_close,video,discussion,wiki
1.8163193129576318,3.168820351961998,2.9847696187067436,3.385512746416208,2.8218881955261788,0.0,1.360964047443681
