problem,access,navigate,page_close,video,discussion,wiki
0.5293608652873644,1.5077577608066894,2.355388542207534,0.0,0.9709505944546686,0,0
