problem,access,navigate,page_close,video,discussion,wiki
2.167458081516674,2.8251314729102512,2.3799546121958626,2.7736241100899335,2.4436300350170823,0.0,0
