problem,access,navigate,page_close,video,discussion,wiki
2.507342973707986,3.154716946638784,2.292481250360578,3.0449127332389456,2.958134991743806,1.4299111709758698,0.0
