problem,access,navigate,page_close,video,discussion,wiki
1.6411537317874583,2.6578480731871075,1.584962500721156,2.88083816621909,2.7659573209491746,2.0,0
