problem,access,navigate,page_close,video,discussion,wiki
1.409390755304349,3.2533380570130506,2.792481250360578,3.1880167383415157,2.828961576237543,1.4926140680171256,0.0
