problem,access,navigate,page_close,video,discussion,wiki
2.2747538953040176,3.420162744307702,2.3709505944546687,3.245420211511637,2.960588689579822,0.0,0
