problem,access,navigate,page_close,video,discussion,wiki
2.1018673738068747,3.2369084503778023,2.8993974703476995,3.3694136517890763,2.808694969562842,0.0,0
