problem,access,navigate,page_close,video,discussion,wiki
0.9182958340544896,2.3362434129830603,2.2399351903050047,2.5039975273348487,2.155968102145908,0.9182958340544896,0
