problem,access,navigate,page_close,video,discussion,wiki
0,1.3346791410515946,0.6500224216483541,1.7924812503605778,1.584962500721156,0,0
