problem,access,navigate,page_close,video,discussion,wiki
0,3.1132833342948745,2.5032583347756456,3.2884504573082896,2.9298186888916953,0.8112781244591328,0
