problem,access,navigate,page_close,video,discussion,wiki
3.9473837208507803,4.23715773516498,3.929455369782305,4.012392806450209,4.095377634392696,1.781937063546704,1.0
