problem,access,navigate,page_close,video,discussion,wiki
1.597992285006939,3.189162008800083,2.521640636343318,3.3499164892375295,2.997405811425518,1.1941737342569119,0
