problem,access,navigate,page_close,video,discussion,wiki
0,2.6841837197791887,2.807354922057604,2.8962915290459277,2.235926350629032,0,0
