problem,access,navigate,page_close,video,discussion,wiki
0.9917601481809735,3.047445533524764,2.317640005966218,3.121928094887362,2.0,0.6840384356390417,0.0
