problem,access,navigate,page_close,video,discussion,wiki
0.6840384356390417,2.4282129458410013,1.5487949406953985,2.287783719941071,1.8423709931771084,0.0,0
