problem,access,navigate,page_close,video,discussion,wiki
1.4488156357251847,2.1492553971685,2.0,2.71929452566698,2.4056390622295662,0,0
