problem,access,navigate,page_close,video,discussion,wiki
1.8623101351622202,3.7007308681433932,3.056564762130954,0.0,0.0,0.0,0
