problem,access,navigate,page_close,video,discussion,wiki
1.3931462133474315,2.8317250397507685,0.9940302114769565,2.737322779818595,2.4464393446710155,1.061278124459133,0
