problem,access,navigate,page_close,video,discussion,wiki
0.6500224216483541,1.288649764535596,2.161978179679554,1.1401156785146092,0.8112781244591328,0.8112781244591328,0.0
