problem,access,navigate,page_close,video,discussion,wiki
0.0,1.3859190818702862,2.41896119556797,2.0,2.1556390622295662,0.6500224216483541,0.0
