problem,access,navigate,page_close,video,discussion,wiki
1.5,1.9056390622295665,1.8423709931771084,2.1920058354921066,1.9502120649147465,1.287054028118727,0
