problem,access,navigate,page_close,video,discussion,wiki
1.3516441151533922,2.835710041065725,2.1820058147602133,2.9196905740496963,2.610577243331642,0.9182958340544896,0
