problem,access,navigate,page_close,video,discussion,wiki
0.8960382325345575,0.9774178175281716,0.0,1.1488348542809166,1.4488156357251847,0.0,0.0
