problem,access,navigate,page_close,video,discussion,wiki
0.0,2.2106993328423075,1.0,2.170950594454669,1.9086126988727123,0,0
