problem,access,navigate,page_close,video,discussion,wiki
2.1556390622295662,3.2183500947730757,3.169925001442312,2.219240704636849,2.617492461184755,1.7165843561682865,0
