problem,access,navigate,page_close,video,discussion,wiki
0,2.054585169337799,1.4591479170272448,2.2841591278514217,2.1556390622295662,0.0,0.0
