problem,access,navigate,page_close,video,discussion,wiki
0.0,2.017226962994476,2.2516291673878226,1.5,1.3709505944546687,0,0
