problem,access,navigate,page_close,video,discussion,wiki
2.2794816241019094,2.759542947314312,2.1180782093497093,1.0,2.199687794731328,0.0,0
