problem,access,navigate,page_close,video,discussion,wiki
0.9182958340544896,3.512934281314348,2.9182958340544896,3.230337797403416,2.851064437489381,0.9182958340544896,0
