problem,access,navigate,page_close,video,discussion,wiki
1.474041717473638,3.4494805057477014,2.65887184844536,3.354607686457953,2.847118057558767,0.4394969869215134,1.584962500721156
