problem,access,navigate,page_close,video,discussion,wiki
0.9466860869123461,2.86822097162946,2.584962500721156,0.9182958340544896,2.263809173883546,0,0
