problem,access,navigate,page_close,video,discussion,wiki
2.8976402122409666,3.9677395081557782,4.12681136325844,4.024263849272406,3.8448459800713737,2.5869679882819026,1.0
