problem,access,navigate,page_close,video,discussion,wiki
1.0,2.46209375927011,1.9542473996920802,1.9367197134712784,2.538688570451097,0,0
