problem,access,navigate,page_close,video,discussion,wiki
0,2.721179152208691,1.5709505944546687,2.685468873240238,1.3917601481809734,2.0403733936884962,0.0
