problem,access,navigate,page_close,video,discussion,wiki
1.9506829050697256,2.6825887305018328,2.045841640885174,2.6235166412180155,1.3787834934861756,0.0,0.0
