problem,access,navigate,page_close,video,discussion,wiki
1.571346433249389,2.275346462855035,1.4885252948977485,2.213857072047374,0,0.0,0.0
