problem,access,navigate,page_close,video,discussion,wiki
0.9709505944546686,1.884107451387086,1.9219280948873623,0.9967916319816366,1.0,0,0
