problem,access,navigate,page_close,video,discussion,wiki
0.0,1.8097238785956844,1.823067982273661,1.1488348542809166,0.0,0.0,0.0
