problem,access,navigate,page_close,video,discussion,wiki
0.0,0.9182958340544896,0.9910760598382222,1.9219280948873623,2.0,0,0
