problem,access,navigate,page_close,video,discussion,wiki
1.9256631122731076,3.1730102424050592,2.603975726610715,3.3923119449600745,1.731360029190912,0.0,0.0
