problem,access,navigate,page_close,video,discussion,wiki
2.6597367054183922,3.2695396036447777,2.355388542207534,3.3394966954794096,3.311220764209975,3.1465398622950995,0.0
