problem,access,navigate,page_close,video,discussion,wiki
0,1.4488156357251847,0.0,1.792481250360578,1.792481250360578,0.0,0.0
