problem,access,navigate,page_close,video,discussion,wiki
0.6840384356390417,2.287971933980081,1.8412501702815547,0.0,0,1.5726236638951638,0
