problem,access,navigate,page_close,video,discussion,wiki
0,1.086987702339905,0.8112781244591328,0.8166890883150209,0.0,0,0
