problem,access,navigate,page_close,video,discussion,wiki
0.0,1.3421389558735095,1.0,1.5052408149441479,1.4833557549816876,0,0
