problem,access,navigate,page_close,video,discussion,wiki
0,2.1829316468984663,1.4056390622295665,2.4387439204017474,2.5949066182439395,0,0.0
