problem,access,navigate,page_close,video,discussion,wiki
0,2.549787381523038,2.4193819456463714,2.4193819456463714,1.5,0.0,1.0
