problem,access,navigate,page_close,video,discussion,wiki
3.4669120835773963,3.4938560767425777,2.6800365325772657,3.358711325703054,3.3852392148038004,2.439268146254097,0.0
