problem,access,navigate,page_close,video,discussion,wiki
1.0,2.424834362574379,2.133937566094917,2.431737433422467,2.134969974603941,0.0,0
