problem,access,navigate,page_close,video,discussion,wiki
1.8770341680403249,1.9340125973441167,1.8464393446710154,0.0,0.954434002924965,1.4618278953766808,0
