problem,access,navigate,page_close,video,discussion,wiki
0.8112781244591328,2.477542340523467,2.8927021732601896,2.48372947949642,2.35845859334435,0.2580186686648155,0
