problem,access,navigate,page_close,video,discussion,wiki
2.3942475629608078,3.128093402318659,3.716473650590175,3.094730453119334,2.5448760863036677,3.2688644016901858,1.4591479170272448
