problem,access,navigate,page_close,video,discussion,wiki
0.0,1.192250860234642,0.9182958340544896,1.207518749639422,1.5,0,0
