problem,access,navigate,page_close,video,discussion,wiki
0,1.4320062125405801,0.9709505944546686,1.0892300788425848,0.0,0,0
