problem,access,navigate,page_close,video,discussion,wiki
0,1.295461844238322,2.1219280948873624,1.3709505944546687,0.5916727785823275,0.0,0.0
