problem,access,navigate,page_close,video,discussion,wiki
0,1.3921472236645345,1.584962500721156,1.584962500721156,1.584962500721156,0,0
