problem,access,navigate,page_close,video,discussion,wiki
0.0,1.1660870601063933,1.8423709931771084,1.669180336866731,1.3516441151533922,1.5,0.0
