problem,access,navigate,page_close,video,discussion,wiki
0,1.1567796494470395,0,1.4911148500551858,1.9609640474436814,0,0
