problem,access,navigate,page_close,video,discussion,wiki
0,2.326281845760588,1.8843135277997989,2.5216406363433186,1.5219280948873621,0,0
