problem,access,navigate,page_close,video,discussion,wiki
2.1625056054120884,3.649449990787906,1.9219280948873623,2.0,2.8731406795131336,0.0,0
