problem,access,navigate,page_close,video,discussion,wiki
1.9232196723355077,3.2670790197102852,3.127986806877675,3.461687950289699,2.8872103113389795,0.0,0
