problem,access,navigate,page_close,video,discussion,wiki
0.0,2.853383941855507,2.0119209285947934,2.2938135858333486,1.9502120649147465,1.0,0.0
