problem,access,navigate,page_close,video,discussion,wiki
1.2516291673878228,3.7947409411766215,2.7016094970590276,3.8858280691364313,3.1898980954642875,0.0,0.0
