problem,access,navigate,page_close,video,discussion,wiki
2.6962774272302372,3.0548569303279645,2.8962915290459286,3.1191664311481864,2.8536700092563416,0,0
