problem,access,navigate,page_close,video,discussion,wiki
0.0,0.9656361333706098,1.198192411043098,1.384431504340598,1.5566567074628228,0.8261255730407476,0.9709505944546686
