problem,access,navigate,page_close,video,discussion,wiki
1.4056390622295665,3.7267329811488676,3.4904782383124044,3.840526380882691,3.3233641945259924,2.380847322680352,0.9182958340544896
