problem,access,navigate,page_close,video,discussion,wiki
0,2.4795560041246136,1.8879185026711327,2.197159723424149,1.8464393446710154,0,0
