problem,access,navigate,page_close,video,discussion,wiki
0.0,2.3124893285489008,1.9219280948873623,1.9211796919474975,1.789929075309999,1.9877733714879842,0
