problem,access,navigate,page_close,video,discussion,wiki
0.0,2.7390016502882584,2.1556390622295662,3.118078209349709,2.625814583693911,0,0
