problem,access,navigate,page_close,video,discussion,wiki
0.0,2.786712499236699,2.0545851693377997,2.8232196723355076,2.1180782093497093,0,0
