problem,access,navigate,page_close,video,discussion,wiki
1.0,3.0498186811836443,2.9585429818803024,1.584962500721156,1.0,0.4394969869215134,0.0
