problem,access,navigate,page_close,video,discussion,wiki
0.0,2.467756051300737,1.0,2.7777768114567865,3.095795255000934,0,0
