problem,access,navigate,page_close,video,discussion,wiki
0.9990102708804813,2.475331273520747,0.9864267287308424,2.622733639029705,2.5219280948873624,0,0
