problem,access,navigate,page_close,video,discussion,wiki
2.1782689618381568,3.0329254509462897,3.2956007146872732,2.8954844829671154,2.570282872554394,0.0,0
