problem,access,navigate,page_close,video,discussion,wiki
0,2.2322628970242686,1.879964948727111,2.046439344671015,1.0,0,0.0
