problem,access,navigate,page_close,video,discussion,wiki
0.0,1.9057584610289318,1.9709505944546688,1.7527152789797047,1.5,0.9182958340544896,0.0
