problem,access,navigate,page_close,video,discussion,wiki
0,2.0033235492873147,1.6577427265048887,2.0078560636920493,0.5225593745369408,1.4560117972262603,0
