problem,access,navigate,page_close,video,discussion,wiki
1.5788720570183736,2.9716964588550674,2.703559323951357,2.832487689168954,2.9282129458410013,0.9899927915575186,0.7219280948873623
