problem,access,navigate,page_close,video,discussion,wiki
0.0,2.0391679118129553,0.5032583347756457,1.7219280948873623,1.75,0.0,0.0
