problem,access,navigate,page_close,video,discussion,wiki
0.0,2.113283334294875,1.9182958340544893,2.235926350629032,1.5,0,0
