problem,access,navigate,page_close,video,discussion,wiki
1.1779653169582596,2.0851132886953017,1.9182958340544896,1.9502120649147465,0.0,0.8112781244591328,0
