problem,access,navigate,page_close,video,discussion,wiki
0.6948053635662363,1.0961085701090179,1.5,1.2158749624422407,0.5435644431995964,0,0
