problem,access,navigate,page_close,video,discussion,wiki
3.7384668021210947,3.469520422837532,3.446305996247187,2.2359263506290326,2.349601752714581,1.5,1.0
