problem,access,navigate,page_close,video,discussion,wiki
0.0,3.4435888944378763,3.378783493486176,3.560593549963782,3.253801390571587,0.0,0
