problem,access,navigate,page_close,video,discussion,wiki
0.9709505944546686,2.24743183869286,1.9500637564362098,2.448723544648652,0,0,0
