problem,access,navigate,page_close,video,discussion,wiki
0.0,1.4534909080039502,1.0,1.584962500721156,1.5487949406953985,0,0
