problem,access,navigate,page_close,video,discussion,wiki
0,2.659113730125319,1.3787834934861756,0.8112781244591328,0,0,0
