problem,access,navigate,page_close,video,discussion,wiki
0,1.7924812503605778,1.9591479170272448,1.9219280948873623,1.0,0,0
