problem,access,navigate,page_close,video,discussion,wiki
1.8531972324455475,2.589483041355348,2.5868878409958134,1.2516291673878228,0,0.8112781244591328,0
