problem,access,navigate,page_close,video,discussion,wiki
1.5304930567574824,3.629247855285173,2.819957898557147,1.5,0,0.9182958340544896,0.0
