problem,access,navigate,page_close,video,discussion,wiki
2.36762863398896,3.480046500051937,2.164424652422237,3.066210932172949,3.149519687228308,0.0,0.0
