problem,access,navigate,page_close,video,discussion,wiki
0.904381457724494,0.14854949043034824,1.3787834934861753,0.6840384356390417,0.0,0.7219280948873623,0.0
