problem,access,navigate,page_close,video,discussion,wiki
0,1.7814164026211206,0.9709505944546686,2.2359263506290326,1.5,0,0
