problem,access,navigate,page_close,video,discussion,wiki
0,3.0326039507679545,0.0,1.2516291673878228,1.9219280948873623,0,0
