problem,access,navigate,page_close,video,discussion,wiki
2.033485360105106,3.179916443827077,3.8333993846224677,0.0,0,0.5916727785823275,1.0
