problem,access,navigate,page_close,video,discussion,wiki
0.0,1.6586313083256656,0.0,1.8828560636920488,1.8910611120726528,0,0
