problem,access,navigate,page_close,video,discussion,wiki
0.0,2.1996877947313282,2.113283334294875,0.9182958340544896,0,0.0,0.0
