problem,access,navigate,page_close,video,discussion,wiki
1.7892579739733505,3.1636558947907703,2.7334585933443494,3.054538856580817,2.733333052681066,0,0
