problem,access,navigate,page_close,video,discussion,wiki
1.9120559557667756,3.5086452567252686,3.6841837197791887,3.6097950253744515,3.065537067301641,2.1211274733371868,0
