problem,access,navigate,page_close,video,discussion,wiki
0.0,1.8031333505578768,2.0,1.9609640474436811,2.1556390622295662,0.0,0
