problem,access,navigate,page_close,video,discussion,wiki
2.2272170014624826,3.405960899920104,2.128085278891394,2.4806821149663847,3.0269868333592873,1.8464393446710154,0
