problem,access,navigate,page_close,video,discussion,wiki
0.0,2.2810361125534238,1.3516441151533924,2.4193819456463714,1.9219280948873623,0.0,0.0
