problem,access,navigate,page_close,video,discussion,wiki
0.8595316914502931,3.4697514567264505,0.9709505944546686,3.2532590215739536,3.209302554484606,0,0
