problem,access,navigate,page_close,video,discussion,wiki
0.4689955935892812,1.958816726264056,1.5,1.3709505944546687,1.0,0,0
