problem,access,navigate,page_close,video,discussion,wiki
1.8687593885756786,3.3495336848273323,3.277780939298761,2.2312702546075758,1.7924812503605778,1.2475562489182659,1.0
