problem,access,navigate,page_close,video,discussion,wiki
2.4118041978578932,2.5339797295469646,2.2841837197791888,1.584962500721156,2.5612669727293254,0.6500224216483541,0
