problem,access,navigate,page_close,video,discussion,wiki
1.5709505944546687,2.5083409204231017,2.179361746147822,2.0,1.3709505944546687,1.0414647631411194,0.9182958340544896
