problem,access,navigate,page_close,video,discussion,wiki
0.9798687566511528,2.41379956460568,2.1377785457145277,2.3458519893382603,2.481714572986073,0,0
