problem,access,navigate,page_close,video,discussion,wiki
0.0,0.9112392226370906,1.1488348542809166,1.1216407621868583,1.295461844238322,0.6193821946787638,0.0
