problem,access,navigate,page_close,video,discussion,wiki
2.3610809922003906,3.131950136236183,2.345851989338261,3.0082646762866663,2.9991695476615083,0,0.0
