problem,access,navigate,page_close,video,discussion,wiki
0.9798687566511528,3.577080682267166,3.6143694458867563,3.4031071683628116,2.3219280948873626,0,0
