problem,access,navigate,page_close,video,discussion,wiki
1.5285040787412214,2.1334021214440533,1.1488348542809166,1.875,1.8150724101159432,0.0,0.0
