problem,access,navigate,page_close,video,discussion,wiki
3.9833945031800044,4.155668384121659,3.0817823381176,4.0095204742355985,4.065805932184332,3.199300286827481,1.0
