problem,access,navigate,page_close,video,discussion,wiki
0.943601631299382,1.407618614381648,1.9784845935086515,0.0,1.5,0,0.0
