problem,access,navigate,page_close,video,discussion,wiki
1.5537631144722452,2.058816276449793,1.4355205042826666,2.088376371734507,2.0758692966977272,1.4056390622295665,0.9656361333706098
