problem,access,navigate,page_close,video,discussion,wiki
3.2339255838568763,3.3772685520982932,3.4033866753287745,3.1386752109306535,3.233336270998211,2.8553885422075336,1.584962500721156
