problem,access,navigate,page_close,video,discussion,wiki
1.5550416913014387,2.9465506681907345,1.6143308351592656,2.878828019785609,2.9397981900809884,0.9182958340544896,1.0
