problem,access,navigate,page_close,video,discussion,wiki
0,1.9437390346589716,1.8423709931771084,1.9031071683628111,1.2987949406953985,0.0,0
