problem,access,navigate,page_close,video,discussion,wiki
0,1.95006375643621,1.2516291673878228,1.6854752972273344,0.863120568566631,0.0,0.0
