problem,access,navigate,page_close,video,discussion,wiki
0.0,2.040924277228159,0.8112781244591328,2.2977186261552776,2.2611323036281186,0.0,0
