problem,access,navigate,page_close,video,discussion,wiki
1.4452458201097458,3.1853929825543412,2.584962500721156,2.9524073787627754,2.8401726013195696,0.9709505944546686,0.0
