problem,access,navigate,page_close,video,discussion,wiki
2.1219280948873624,3.4177442549841084,2.6895253832100687,3.301804026733389,2.9765166713855606,1.0,0
