problem,access,navigate,page_close,video,discussion,wiki
1.5545851693377997,1.7686211879749247,1.9182958340544896,1.6767370300521327,1.5709505944546684,0,0.0
