problem,access,navigate,page_close,video,discussion,wiki
0,1.5394847569315018,2.321928094887362,0.9182958340544896,1.0,0,0.0
