problem,access,navigate,page_close,video,discussion,wiki
0.9182958340544896,1.8442161038173164,1.7924812503605778,0.0,0,0.0,0.0
