problem,access,navigate,page_close,video,discussion,wiki
0,2.7940879961000467,2.4193819456463714,3.0269868333592873,2.8464393446710154,0.863120568566631,0
