problem,access,navigate,page_close,video,discussion,wiki
0.0,2.1607221957778115,1.9709505944546688,2.019240704636849,2.4193819456463714,0,0.0
