problem,access,navigate,page_close,video,discussion,wiki
1.4618381992568743,2.007450114482578,2.2464393446710154,1.7177602521413333,0.0,1.3968114093900867,0
