problem,access,navigate,page_close,video,discussion,wiki
0.0,0.7830031734818128,1.8732214356139143,0.2761954276479391,0.0,0.0,1.0
