problem,access,navigate,page_close,video,discussion,wiki
1.7739381182369782,2.602526740402215,1.061278124459133,2.6654287319935026,1.5545851693377997,0,0
