problem,access,navigate,page_close,video,discussion,wiki
0.0,1.5818626604619093,1.4911148500551856,2.197159723424149,1.0,0.4394969869215134,0.0
