problem,access,navigate,page_close,video,discussion,wiki
2.6820268778095624,3.06880052917032,3.3232249888229815,1.720066048330332,1.7527152789797047,2.2277110700184033,1.584962500721156
