problem,access,navigate,page_close,video,discussion,wiki
0.9182958340544896,2.498778124459133,2.5216406363433186,2.125814583693911,0.0,0,0
