problem,access,navigate,page_close,video,discussion,wiki
1.5674849873019705,2.2147903300149774,2.321928094887362,2.152214289169845,2.213660689688186,0,0
