problem,access,navigate,page_close,video,discussion,wiki
0.9852281360342516,1.5058231002082845,0.5435644431995964,1.3709505944546687,1.8423709931771084,0.0,0.0
