problem,access,navigate,page_close,video,discussion,wiki
0.7219280948873623,2.126120746842681,1.895461844238322,2.094856783548738,0.8112781244591328,0,0
