problem,access,navigate,page_close,video,discussion,wiki
2.6201421993746465,3.5822520262418758,2.9666948891817952,3.6772151131879554,3.688557265702207,0.9055872616982603,1.5219280948873621
