problem,access,navigate,page_close,video,discussion,wiki
1.8556342202627087,2.901682137109352,3.128884070537636,0.0,1.584962500721156,1.4002329916354925,0.0
