problem,access,navigate,page_close,video,discussion,wiki
1.3689955935892815,2.8242313688969114,1.811278124459133,0.9182958340544896,2.625975062670604,0,0
