problem,access,navigate,page_close,video,discussion,wiki
0.0,2.8342120304773286,2.060262039120377,3.125,2.725480556997868,0.4689955935892812,0
