problem,access,navigate,page_close,video,discussion,wiki
0.0,2.5221065590660263,1.9056390622295665,2.422579761842491,2.221251836004466,0,0
