problem,access,navigate,page_close,video,discussion,wiki
0,1.8407257708651217,2.8402239289418527,1.5,0,0.9975025463691153,0.0
