problem,access,navigate,page_close,video,discussion,wiki
0.0,1.8002787054665297,2.321928094887362,2.0132790219068077,1.75,0,0
