problem,access,navigate,page_close,video,discussion,wiki
0.9940302114769565,2.193998239928424,1.9502120649147465,2.221928094887362,1.974937501201927,1.0,0
