problem,access,navigate,page_close,video,discussion,wiki
1.1130432759912188,2.204612420236662,2.2312702546075758,2.064042639445697,2.2221915755066783,0,0.0
