problem,access,navigate,page_close,video,discussion,wiki
0.9957274520849256,3.410845106610154,3.4130884364257574,3.3848190477702937,3.052878689342031,0.0,0
