problem,access,navigate,page_close,video,discussion,wiki
0.0,1.7995908854026372,2.1577174691301484,1.674398693025764,0.8112781244591328,1.420549898347642,0.0
