problem,access,navigate,page_close,video,discussion,wiki
2.047042319866233,3.1734849039634287,2.888884070537636,2.9981640334247937,3.033794020992213,2.546157131998384,1.0
