problem,access,navigate,page_close,video,discussion,wiki
1.5273615480899143,2.2445880911314333,2.247084753917085,1.5,1.584962500721156,0.8112781244591328,0.7219280948873623
