problem,access,navigate,page_close,video,discussion,wiki
1.3787834934861753,1.9182958340544893,0.9182958340544896,0.0,0,0,0
