problem,access,navigate,page_close,video,discussion,wiki
0.9967916319816366,2.287004752706199,1.9591479170272446,0,0,0.0,0.0
