problem,access,navigate,page_close,video,discussion,wiki
2.1125699227104326,3.760428376159093,3.6295582206048564,3.8656791947938296,3.1809449491282082,2.768815391349834,0.0
