problem,access,navigate,page_close,video,discussion,wiki
1.5591202372030732,1.873566568773788,1.584962500721156,1.7924812503605778,1.4833557549816876,0,0
