problem,access,navigate,page_close,video,discussion,wiki
0,2.188721875540867,1.792481250360578,1.9182958340544896,1.584962500721156,0.9182958340544896,0.0
