problem,access,navigate,page_close,video,discussion,wiki
2.3082708345352603,2.419199654052333,2.6464393446710153,2.9140163035068447,2.2892464285091583,0,0
