problem,access,navigate,page_close,video,discussion,wiki
0,2.7388154494537034,2.960589845973749,2.607476671430861,2.2998963911678914,3.158391491454207,0.0
