problem,access,navigate,page_close,video,discussion,wiki
0.0,2.1601520795349525,2.0,2.311278124459133,2.0588138903312014,0,0
