problem,access,navigate,page_close,video,discussion,wiki
0,1.224394445405986,1.2516291673878228,1.1567796494470395,1.3709505944546687,0,0
