problem,access,navigate,page_close,video,discussion,wiki
0,1.624048183004865,2.321928094887362,1.2988311406878195,1.5,0.0,0
