problem,access,navigate,page_close,video,discussion,wiki
2.072905595320056,2.5976526836137337,1.9219280948873623,2.7037016960573483,2.287783719941071,0,0
