problem,access,navigate,page_close,video,discussion,wiki
0.0,0.8524051786494786,0.0,0.9940302114769565,0.5916727785823275,0,0.0
