problem,access,navigate,page_close,video,discussion,wiki
0,1.7989471500348593,1.75,2.126614471810182,2.2810361125534238,1.0,0.0
