problem,access,navigate,page_close,video,discussion,wiki
0.9182958340544896,2.92742132943338,2.521640636343318,1.584962500721156,0,0.0,0
