problem,access,navigate,page_close,video,discussion,wiki
2.1479578728872353,3.665168595848522,3.089929463262188,3.5592333872023842,3.2709505944546686,0.6500224216483541,0.0
