problem,access,navigate,page_close,video,discussion,wiki
2.429769878951176,3.356263591168275,3.0998625053956435,1.0,0.0,1.6096543422670693,0.9219280948873623
