problem,access,navigate,page_close,video,discussion,wiki
1.584669445574533,2.6425223883698092,2.4464393446710155,2.9727729101945686,2.5073801024236353,0.0,0
