problem,access,navigate,page_close,video,discussion,wiki
0.0,1.4170581815188794,1.6644977792004612,1.1488348542809166,0.6500224216483541,0.0,0
