problem,access,navigate,page_close,video,discussion,wiki
2.8989130505418386,3.379449731024495,2.9784820284039006,3.629979973803775,3.659676948179547,0.0,0.8112781244591328
