problem,access,navigate,page_close,video,discussion,wiki
0,2.0597049132067875,0.9182958340544896,2.3219280948873626,2.4056390622295662,0,0
