problem,access,navigate,page_close,video,discussion,wiki
1.4978637260424628,3.5126630228404268,3.299896391167891,3.502426499516141,2.019973094021975,0,0.0
