problem,access,navigate,page_close,video,discussion,wiki
1.103307408607834,3.0941922168048848,2.5,2.9139770731827523,2.2810361125534238,0.9938972639364227,0
