problem,access,navigate,page_close,video,discussion,wiki
2.197159723424149,2.4607090050518905,2.350209029099897,1.854285871987246,1.8910611120726526,2.4493118330264463,0.0
