problem,access,navigate,page_close,video,discussion,wiki
1.8424470082082745,3.1199518391409087,2.623078165016217,2.97628659667863,1.9254106352407239,2.2937121295885965,0.9182958340544896
