problem,access,navigate,page_close,video,discussion,wiki
1.4850515038011114,3.2644481936250944,2.9937124933649932,3.202024032477237,2.4210266047553035,2.584512311127266,0
