problem,access,navigate,page_close,video,discussion,wiki
2.425485539586391,3.651631761822933,3.599581770147835,3.0290748693293996,2.7855546320988784,0.9444885341662053,0.0
