problem,access,navigate,page_close,video,discussion,wiki
1.198183947911799,1.884012944736097,1.2516291673878228,2.189010909298125,1.75,0,0
