problem,access,navigate,page_close,video,discussion,wiki
3.0605571768420643,3.952258665973981,3.4572313768516527,4.065404666450816,3.8624084704990853,2.7596147362215007,0.7918722025199217
