problem,access,navigate,page_close,video,discussion,wiki
1.9747695384036021,2.2584598927441624,1.5487949406953985,1.971747257128181,1.8262452584026092,0,0
