problem,access,navigate,page_close,video,discussion,wiki
0.0,2.1420918598895944,2.4464393446710155,2.2988252450030506,0.0,0.0,0.0
