problem,access,navigate,page_close,video,discussion,wiki
3.0790657118821527,3.707222660921051,3.2913928761709625,3.4728032536964593,3.208102070191481,0.2974722489192896,1.0
