problem,access,navigate,page_close,video,discussion,wiki
1.7527152789797045,2.356116558301473,1.3787834934861753,2.5073801024236353,2.251614471810182,1.584962500721156,0
