problem,access,navigate,page_close,video,discussion,wiki
0.0,2.8952741395599855,2.503258334775646,3.00525692405516,2.7720552088742005,0.9709505944546686,0
