problem,access,navigate,page_close,video,discussion,wiki
0,1.5188455359952018,1.617189572592715,1.6118274010177127,1.5845643072238733,0.0,0
