problem,access,navigate,page_close,video,discussion,wiki
1.5219280948873621,2.9862023419008237,2.6535442970305683,2.878645699867062,2.7900712272231747,2.2343029514736243,0.0
