problem,access,navigate,page_close,video,discussion,wiki
3.4952969938901113,3.625078735104975,2.1556390622295662,3.570782286537524,3.1063568479084016,0.9182958340544896,0
