problem,access,navigate,page_close,video,discussion,wiki
3.1158776391404666,3.7095164466426382,3.583207825011492,2.8520966889958763,3.6569517684293067,3.1482597026056123,1.6688388898504305
