problem,access,navigate,page_close,video,discussion,wiki
2.9603732083342598,3.953267741010342,3.8834294231790865,3.920930039280611,3.83653573688404,3.1302796694267943,2.808694969562842
