problem,access,navigate,page_close,video,discussion,wiki
0.6609623351442084,2.7322088146046144,2.120952031026403,1.968873874720721,2.1556390622295662,0.0,0.0
