problem,access,navigate,page_close,video,discussion,wiki
0.0,2.548990931146481,2.467720100474499,2.8792196852912215,2.498077546623641,0,0
