problem,access,navigate,page_close,video,discussion,wiki
0.9990102708804813,1.9468642921079098,0.9182958340544896,1.3709505944546687,2.1492553971685,0.0,0
