problem,access,navigate,page_close,video,discussion,wiki
2.103670410574166,3.040183043982162,3.087617130863916,3.337175341123077,1.584962500721156,1.528368899209021,0.0
