problem,access,navigate,page_close,video,discussion,wiki
1.4949188482339508,1.9628980971151295,1.8412501702815547,1.548565226030918,0,1.0,0.0
