problem,access,navigate,page_close,video,discussion,wiki
3.129131810454853,3.8725323139650043,3.5084528468535217,2.9477027792200903,2.7321588913645702,1.3709505944546687,0.9182958340544896
