problem,access,navigate,page_close,video,discussion,wiki
0.934068055375491,2.856863481953512,1.5744174271404585,2.7730668060276646,2.611026860161606,1.924174352300441,0.0
