problem,access,navigate,page_close,video,discussion,wiki
1.0,1.1242592373746325,2.523231428797621,1.1974776241409462,0.9927744539878084,0.9798687566511528,0
