problem,access,navigate,page_close,video,discussion,wiki
0.9629004147713269,1.8835524586947852,2.556656707462823,1.0,1.0,0.863120568566631,0
