problem,access,navigate,page_close,video,discussion,wiki
0,3.9716111732138137,3.095795255000934,4.289717001462483,3.814371943179627,0,0
