problem,access,navigate,page_close,video,discussion,wiki
1.6879410452364207,2.556616124590541,2.6455933144511468,2.6494126225015253,2.577819531114783,0.9402859586706311,0
