problem,access,navigate,page_close,video,discussion,wiki
0,2.7918583525674836,1.4854752972273344,3.106890595608519,2.321928094887362,0.0,0
