problem,access,navigate,page_close,video,discussion,wiki
1.2418112963539676,3.9192007517297727,3.0792258015191027,0.0,3.386842188131012,0.0,0.0
