problem,access,navigate,page_close,video,discussion,wiki
0.2623112196143366,2.5831623698356783,1.0,2.465069461815837,2.459147917027245,0.9023932827949788,0
