problem,access,navigate,page_close,video,discussion,wiki
0,3.3420573485591496,2.94770277922009,3.689703732199547,3.085055102756477,0,0
