problem,access,navigate,page_close,video,discussion,wiki
0.9709505944546686,2.1745188044792805,1.75,2.0537639556051017,1.5744174271404585,0,0
