problem,access,navigate,page_close,video,discussion,wiki
0.9975025463691153,1.495538029919111,0.0,1.5219280948873621,0.9182958340544896,0,0
