problem,access,navigate,page_close,video,discussion,wiki
2.5495523585005877,2.846011563453705,2.654255313215029,2.946387519131128,2.756866543182522,1.6577427265048887,0.0
