problem,access,navigate,page_close,video,discussion,wiki
1.5461796919474975,2.4138617855255093,1.5566567074628228,2.3789361671297073,2.315738006876835,0.0,0
