problem,access,navigate,page_close,video,discussion,wiki
2.199687794731328,2.7676015240634855,2.5219280948873624,2.389898095464287,2.4587037808644108,0.0,0
