problem,access,navigate,page_close,video,discussion,wiki
0.5916727785823275,2.306745141639317,2.789898095464287,2.471251836004466,2.4130884364257574,1.4056390622295665,0.0
