problem,access,navigate,page_close,video,discussion,wiki
2.1735572622751853,3.026874190419075,1.7924812503605778,0.9182958340544896,0.9182958340544896,1.8126326720861523,0
