problem,access,navigate,page_close,video,discussion,wiki
2.397425114963349,2.584317873561621,2.762883260455799,2.132914563979398,1.8423709931771088,1.9699000226227195,1.584962500721156
