problem,access,navigate,page_close,video,discussion,wiki
0.9640787648082291,1.5304930567574824,1.0,1.8423709931771084,0.9182958340544896,0,0
