problem,access,navigate,page_close,video,discussion,wiki
1.8365916681089791,3.989443858154332,3.7125863930545138,3.9736581200931953,3.883553756307783,3.2571093053695033,2.1368637096073186
