problem,access,navigate,page_close,video,discussion,wiki
2.091545734955718,3.143193059105544,3.1639097655573916,3.207307019856503,2.990623285697322,2.2466720428510674,0.0
