problem,access,navigate,page_close,video,discussion,wiki
0.0,2.995461844238321,2.321928094887362,2.945658810177507,2.5220552088742,0,0
