problem,access,navigate,page_close,video,discussion,wiki
1.3538742995933564,1.860322417341765,2.7527152789797045,1.974937501201927,1.224394445405986,1.376441494461204,0
