problem,access,navigate,page_close,video,discussion,wiki
0,2.4188300735571118,1.4591479170272448,2.430832051224084,1.9182958340544893,0,0
