problem,access,navigate,page_close,video,discussion,wiki
1.528368899209021,2.7797577781325105,2.2516291673878226,2.874837608400521,2.244474529855453,0,0
