problem,access,navigate,page_close,video,discussion,wiki
0.0,0.9852281360342516,1.0,1.3609640474436813,0.954434002924965,0.0,0
