problem,access,navigate,page_close,video,discussion,wiki
0.0,2.2628644100868347,2.295357051617442,1.5,0.0,0.863120568566631,1.584962500721156
