problem,access,navigate,page_close,video,discussion,wiki
1.3516441151533924,3.2723729596104585,3.1363793303507563,3.0350329682904573,2.3282129458410012,1.7192158103640267,0.0
