problem,access,navigate,page_close,video,discussion,wiki
1.468090781663233,3.304251356453555,3.4423161227842436,2.8910611120726526,1.5,2.272681946287399,2.321928094887362
