problem,access,navigate,page_close,video,discussion,wiki
1.0957952550009338,3.1686591750129516,2.7860382754173485,3.3971352028310102,3.3263604079526945,0,0.0
