problem,access,navigate,page_close,video,discussion,wiki
0.0,3.383505121746911,2.049452072789394,2.9329993066372895,2.9834585933443494,0.0,0.0
