problem,access,navigate,page_close,video,discussion,wiki
1.5836297566360225,2.7509775004326937,2.3158243335257076,2.321928094887362,1.0,1.3709505944546687,1.0
