problem,access,navigate,page_close,video,discussion,wiki
0.1623261801753929,2.7207136787344055,3.2723683589017414,2.8413257742517364,1.6692462556711996,0.0,0.0
