problem,access,navigate,page_close,video,discussion,wiki
1.8522102125065079,2.9185925581700363,2.4697535340397483,1.9219280948873623,1.9219280948873623,1.3921472236645345,0.8112781244591328
