problem,access,navigate,page_close,video,discussion,wiki
3.277205476261592,3.697048777349348,2.422674866640179,3.6635162514688946,3.77002273394545,3.1571541129369223,1.5
