problem,access,navigate,page_close,video,discussion,wiki
1.9217897106839215,2.6137576782928114,1.7028195311147831,0.0,2.0,0.0,0.0
