problem,access,navigate,page_close,video,discussion,wiki
1.2957378005380122,2.25350151438202,2.3263994881697836,0.0,0.0,0.9957220057616336,1.9149950886130427
