problem,access,navigate,page_close,video,discussion,wiki
0.954434002924965,1.5922637463645593,1.781937063546704,1.0,0,0.7219280948873623,0.0
