problem,access,navigate,page_close,video,discussion,wiki
1.4056390622295665,3.7501731799334643,1.789929075309999,2.521640636343318,1.5,0.8112781244591328,0.0
