problem,access,navigate,page_close,video,discussion,wiki
1.0154312795575997,2.4864138077595483,2.435591746027931,1.584962500721156,1.584962500721156,1.6999891839365104,0.9182958340544896
