problem,access,navigate,page_close,video,discussion,wiki
0,1.383099991189334,1.5,1.3709505944546687,0.7219280948873623,0,0
