problem,access,navigate,page_close,video,discussion,wiki
0.898058793450166,2.304924076310101,2.5492553971685,1.0,0.0,1.7544061094608834,0.0
