problem,access,navigate,page_close,video,discussion,wiki
2.166100824714244,3.2845318759885815,3.0210504513668885,3.1997158749961705,3.0801531900168935,2.440960166066084,1.9219280948873623
