problem,access,navigate,page_close,video,discussion,wiki
1.878503937911601,2.246686968855872,1.7232314287976207,2.1880178972337725,2.873140679513133,0,0
