problem,access,navigate,page_close,video,discussion,wiki
3.4982965889303155,3.9371341519671357,3.341919107986414,2.9139770731827523,3.486884632505994,2.611764904417689,1.832016728189281
