problem,access,navigate,page_close,video,discussion,wiki
0.7905013842153698,2.460964047443681,1.8423709931771084,1.0,0.0,0,0
