problem,access,navigate,page_close,video,discussion,wiki
0.9798687566511528,1.7469291111749259,2.147348781633051,1.7004397181410922,0.9182958340544896,1.3221793455166666,0.9182958340544896
