problem,access,navigate,page_close,video,discussion,wiki
0.9990102708804813,2.7364405016961446,1.6858157091530304,2.706890595608519,2.481714572986073,0,0
