problem,access,navigate,page_close,video,discussion,wiki
0.863120568566631,2.1545360655058308,2.054585169337799,1.0,1.0,0,0
