problem,access,navigate,page_close,video,discussion,wiki
2.1300443390791406,3.1869966768841618,3.1755714529324948,3.2276660206706067,2.7884815659181807,0.8865408928220899,0.9709505944546686
