problem,access,navigate,page_close,video,discussion,wiki
1.9419011889093372,3.110584907192896,2.7683042056975897,2.2516291673878226,0.0,2.9045874393642044,1.0
