problem,access,navigate,page_close,video,discussion,wiki
0.0,2.226723013503342,0.8112781244591328,2.1377785457145277,1.922023142851573,0,0
