problem,access,navigate,page_close,video,discussion,wiki
2.093165418138664,3.629359503540311,2.5941178916311856,3.560543067001362,3.0755800678071776,0.9182958340544896,1.584962500721156
