problem,access,navigate,page_close,video,discussion,wiki
0.0,1.3382689280764646,2.4137995646056796,1.3567796494470397,0.6500224216483541,0,0
