problem,access,navigate,page_close,video,discussion,wiki
1.3921472236645345,3.5913284700246697,3.1748008439762243,2.584962500721156,1.584962500721156,2.488970963693317,0.6998428398862386
