problem,access,navigate,page_close,video,discussion,wiki
1.5413152774012366,2.7401160842802716,2.4771502244256167,2.8855130303998817,2.2359263506290326,2.0588138903312014,1.4591479170272448
