problem,access,navigate,page_close,video,discussion,wiki
0,1.8744444545796393,2.007856063692049,1.3709505944546687,0.0,0.0,0
