problem,access,navigate,page_close,video,discussion,wiki
0,1.6589797521242051,2.2516291673878226,1.4591479170272446,1.360964047443681,0,0
