problem,access,navigate,page_close,video,discussion,wiki
2.247927513443585,3.306072214874325,2.738552853578734,3.191320892791135,2.9189371558962733,1.26473172920365,0.0
