problem,access,navigate,page_close,video,discussion,wiki
0.0,2.7808022006455664,1.4911148500551858,3.128884070537636,2.689246428509158,0.0,0
