problem,access,navigate,page_close,video,discussion,wiki
1.9003230956285833,2.708224909364489,1.3709505944546687,2.5521796970665487,1.4949188482339508,0.0,0
