problem,access,navigate,page_close,video,discussion,wiki
1.9699740752745007,3.924762688009928,3.3996844591665942,1.584962500721156,1.0,2.435476642332659,0.9709505944546686
