problem,access,navigate,page_close,video,discussion,wiki
0,2.3942475629608078,2.4193819456463714,2.4397981900809884,2.0349409139562287,0.0,0
