problem,access,navigate,page_close,video,discussion,wiki
0.0,1.7142977509479211,1.0,2.251629167387823,0.9182958340544896,0,0
