problem,access,navigate,page_close,video,discussion,wiki
0.9852281360342516,1.4488156357251847,1.9219280948873623,1.253297578463043,1.3250112108241772,0,0
