problem,access,navigate,page_close,video,discussion,wiki
0.0,2.579175248921058,0.8112781244591328,2.833617021388387,2.4591479170272446,0.0,0
