problem,access,navigate,page_close,video,discussion,wiki
1.0,2.3919251445017014,2.054585169337799,2.6808518549795144,1.8423709931771084,0.5916727785823275,0.0
