problem,access,navigate,page_close,video,discussion,wiki
0,1.6435270140593634,1.5219280948873621,1.580000754875826,1.2516291673878228,0,0
