problem,access,navigate,page_close,video,discussion,wiki
0,2.4355205042826666,1.4591479170272448,2.1709505944546685,2.2516291673878226,0,0
