problem,access,navigate,page_close,video,discussion,wiki
2.662167008871081,4.017999589261478,3.1395722619867223,0,0,0,0
