problem,access,navigate,page_close,video,discussion,wiki
1.974937501201927,3.3932923671309587,2.9884930703645587,3.3804562105766363,2.405694015085435,2.141742150168196,1.584962500721156
