problem,access,navigate,page_close,video,discussion,wiki
0,1.456564762130954,1.5,1.8464393446710154,1.9182958340544896,0.0,0
