problem,access,navigate,page_close,video,discussion,wiki
0.0,2.670789720711593,2.197159723424149,2.4159220638351666,2.1971597234241496,0,0
