problem,access,navigate,page_close,video,discussion,wiki
0.9182958340544896,0.7345299214394703,1.1488348542809166,0.6500224216483541,0,0,0
