problem,access,navigate,page_close,video,discussion,wiki
0,2.265875009736728,2.1556390622295662,1.9655962303576022,1.7924812503605778,0.0,0
