problem,access,navigate,page_close,video,discussion,wiki
1.763911156578927,1.879957228866266,1.8496017527145812,0,0,0.0,0.9182958340544896
