problem,access,navigate,page_close,video,discussion,wiki
1.9821158083600663,2.6978907223310395,1.9219280948873623,2.6586806629422504,2.2825887305018333,0,0
