problem,access,navigate,page_close,video,discussion,wiki
1.6387586809150083,2.1722568285720234,2.8523037954930768,0.0,1.5,2.634105097391615,0.8112781244591328
