problem,access,navigate,page_close,video,discussion,wiki
0.0,1.945530556036326,1.4355205042826666,1.5,1.5219280948873621,0,0.0
