problem,access,navigate,page_close,video,discussion,wiki
2.4749337042442847,2.9183785722132876,1.2406705316766886,0.0,2.8665871058289594,2.1781239053448997,0.0
