problem,access,navigate,page_close,video,discussion,wiki
2.0890038287775923,2.364381409069665,2.0,2.6709505944546685,2.321928094887362,0,0
