problem,access,navigate,page_close,video,discussion,wiki
1.287054028118727,1.3346791410515946,0.8112781244591328,1.450467463408549,1.3274847819558417,0.0,0.0
