problem,access,navigate,page_close,video,discussion,wiki
1.7247403768883358,1.9542823944388745,1.8464393446710154,1.0,0,0,0
