problem,access,navigate,page_close,video,discussion,wiki
0,1.2475562489182659,0.6500224216483541,1.384431504340598,1.5219280948873621,0.0,0.0
