problem,access,navigate,page_close,video,discussion,wiki
1.0,2.2353362828791568,1.6854752972273344,1.5219280948873621,1.0,0.0,0.0
