problem,access,navigate,page_close,video,discussion,wiki
0.0,2.128282381065477,1.4355205042826666,1.789929075309999,1.295461844238322,1.1818189193726578,0.8256265261578954
