problem,access,navigate,page_close,video,discussion,wiki
1.3108562983864118,2.221930237407763,1.5,2.16264411804726,1.4488156357251847,0,0
