problem,access,navigate,page_close,video,discussion,wiki
0.9910760598382222,1.785227892260356,1.4949188482339508,1.954685946946356,0.0,0.5032583347756457,0.0
