problem,access,navigate,page_close,video,discussion,wiki
0.0,2.3993974703476995,1.811278124459133,2.8522170014624826,2.521640636343318,0,0
