problem,access,navigate,page_close,video,discussion,wiki
0,2.3443481425187316,1.9182958340544896,2.1180782093497093,1.9182958340544896,0,0
