problem,access,navigate,page_close,video,discussion,wiki
0.9709505944546686,2.642423961771975,1.9709505944546686,0,0.0,0.0,0
