problem,access,navigate,page_close,video,discussion,wiki
0.9975025463691153,2.1865891565462663,1.721928094887362,0,0,0.0,0.0
