problem,access,navigate,page_close,video,discussion,wiki
1.836591668108979,1.5607984010029392,2.321928094887362,2.155913095175825,0.0,0,0
