problem,access,navigate,page_close,video,discussion,wiki
0.0,2.4761546341882665,2.7107770844150676,1.0,1.584962500721156,0,0.0
