problem,access,navigate,page_close,video,discussion,wiki
0.0,2.680630667080125,2.199687794731328,2.702940087321047,1.9056390622295665,0.0,0.0
