problem,access,navigate,page_close,video,discussion,wiki
0.0,2.7590795706241744,2.0,2.4729055953200563,2.197159723424149,0,0
