problem,access,navigate,page_close,video,discussion,wiki
2.0360422621108993,2.903391324443179,1.224394445405986,1.584962500721156,2.7192945256669794,0.0,0.0
