problem,access,navigate,page_close,video,discussion,wiki
1.0,2.6636615719608354,2.6635327548042547,2.435909241665556,2.3820139422512874,0.8112781244591328,0
