problem,access,navigate,page_close,video,discussion,wiki
1.9832011271209447,3.209922570873503,3.026986833359287,3.4000104070405626,3.1018812234760182,0.0,0.0
