problem,access,navigate,page_close,video,discussion,wiki
0.0,2.769551871850005,2.5220552088742005,0,2.226120746842681,0,0
