problem,access,navigate,page_close,video,discussion,wiki
0,0.7219280948873623,1.2638091738835462,0.9182958340544896,0.0,0,0
