problem,access,navigate,page_close,video,discussion,wiki
0,1.6269380516438434,1.384431504340598,1.6688388898504305,0.0,0.0,0.0
