problem,access,navigate,page_close,video,discussion,wiki
0,2.417628649429343,2.077819531114783,2.292481250360578,1.9219280948873623,1.4488156357251847,0.0
