problem,access,navigate,page_close,video,discussion,wiki
0,1.3346791410515946,1.1216407621868583,1.1488348542809166,0.0,0,0.0
