problem,access,navigate,page_close,video,discussion,wiki
1.491429344856353,1.5559471998026146,1.0,1.5485806065228545,1.5304930567574826,0,0
