problem,access,navigate,page_close,video,discussion,wiki
1.8201119644709258,3.017106319834096,2.3623559712030135,3.0210335153230905,2.6081108934918174,0.9709505944546686,0.9182958340544896
