problem,access,navigate,page_close,video,discussion,wiki
1.4488156357251847,1.4398683625590178,1.4591479170272448,2.084962500721156,1.4345491399952024,0.9709505944546686,0.9182958340544896
