problem,access,navigate,page_close,video,discussion,wiki
0,0.6962122601251458,0.9182958340544896,1.0,0.7219280948873623,0,0
