problem,access,navigate,page_close,video,discussion,wiki
1.4620792352518805,3.7813981497507174,3.2928786893420305,1.584962500721156,1.0,0.0,1.0
