problem,access,navigate,page_close,video,discussion,wiki
0,1.4949188482339508,0.8658566174572235,1.4591479170272448,0,0.0,0.0
