problem,access,navigate,page_close,video,discussion,wiki
1.5566157528156552,2.137644850612314,1.7779849042597489,1.2987949406953985,1.584962500721156,0.2974722489192896,0.8112781244591328
