problem,access,navigate,page_close,video,discussion,wiki
0.5916727785823275,2.5840236870150894,1.3250112108241772,2.189541517339139,2.197159723424149,1.4741568618238672,1.0
