problem,access,navigate,page_close,video,discussion,wiki
1.4591479170272448,1.9691745707119033,1.5,1.9329145639793976,1.9362600275315274,0.9182958340544896,0
