problem,access,navigate,page_close,video,discussion,wiki
0.9709505944546686,2.4021275408991785,1.8423709931771086,2.9511430177077886,2.503258334775646,0,0
