problem,access,navigate,page_close,video,discussion,wiki
2.946357731581828,3.468703823177878,3.345634416880311,2.584962500721156,2.25,0.0,0.0
