problem,access,navigate,page_close,video,discussion,wiki
0.0,2.5108995654298587,1.6577427265048887,2.66122625626979,1.8423709931771084,0,0
