problem,access,navigate,page_close,video,discussion,wiki
0,2.224833025479758,1.9219280948873623,2.1258145836939115,1.0,0,0
