problem,access,navigate,page_close,video,discussion,wiki
2.2405330040422813,3.293141965670478,1.8464393446710154,2.7898966090601776,0.9709505944546686,0.9182958340544896,0.0
