problem,access,navigate,page_close,video,discussion,wiki
1.2261134199863002,2.2339972408624718,2.6635327548042547,2.5941178916311856,2.25,0.9182958340544896,0.0
