problem,access,navigate,page_close,video,discussion,wiki
0,1.2406705316766886,1.272905595320056,1.0,0.0,0.863120568566631,1.0
