problem,access,navigate,page_close,video,discussion,wiki
3.4617250747563864,3.7341026650639715,3.029452044030914,3.8854420967648933,3.810317237572777,0.9940302114769565,0.0
