problem,access,navigate,page_close,video,discussion,wiki
0,1.4607210985246075,0.9182958340544896,1.5002723456084084,1.3244602933016414,0,0
