problem,access,navigate,page_close,video,discussion,wiki
2.731515585285961,3.3623894588302545,2.2221915755066783,3.455650180579543,0,2.685967934035691,0.0
