problem,access,navigate,page_close,video,discussion,wiki
0.783776947484701,1.8163015310771051,1.6881109672887462,0,0,0.7793498372920852,1.5219280948873621
