problem,access,navigate,page_close,video,discussion,wiki
1.0,1.6937075770956362,1.9588718484453604,1.8802704430860202,1.2389012566026307,0.7219280948873623,0.0
