problem,access,navigate,page_close,video,discussion,wiki
1.4195562985716133,2.865199991232207,2.94770277922009,2.7551127631212506,2.7280258954344276,0,0
