problem,access,navigate,page_close,video,discussion,wiki
0,1.3092966682370037,1.792481250360578,0.0,0,0.74959525725948,0.0
