problem,access,navigate,page_close,video,discussion,wiki
0.996316519558962,2.4519659085476637,1.4591479170272448,0.9182958340544896,0,0,0
