problem,access,navigate,page_close,video,discussion,wiki
1.8262452584026092,1.61426340749232,1.061278124459133,1.5432473005196228,1.5954618442383217,0,0.0
