problem,access,navigate,page_close,video,discussion,wiki
0,1.3787834934861753,1.5566567074628228,1.4056390622295665,1.0,0.0,0
