problem,access,navigate,page_close,video,discussion,wiki
0.0,2.63716623671695,2.321928094887362,1.9877733714879842,0.863120568566631,0,0
