problem,access,navigate,page_close,video,discussion,wiki
1.360964047443681,2.374418313907282,1.584962500721156,2.197159723424149,2.465069461815837,0.0,0
