problem,access,navigate,page_close,video,discussion,wiki
1.4056390622295665,1.8654371053199075,1.75,1.8262452584026092,1.4056390622295665,0,0
