problem,access,navigate,page_close,video,discussion,wiki
2.202819531114783,3.783365329210801,3.551883319658997,3.7763542284564267,3.7213740612699517,1.0,1.0
