problem,access,navigate,page_close,video,discussion,wiki
2.341911149594967,2.551026636617178,0.9182958340544896,0.0,2.2810361125534238,1.9852281360342514,0
