problem,access,navigate,page_close,video,discussion,wiki
0.0,1.6668127273868607,1.0,2.197159723424149,2.2359263506290326,0.9182958340544896,0
