problem,access,navigate,page_close,video,discussion,wiki
0,2.4026330613931552,2.186704345910025,2.3787753681456,2.282588730501833,0,0
