problem,access,navigate,page_close,video,discussion,wiki
0.9978527766088782,2.1387133410013837,1.3787834934861756,1.8565647621309542,2.0274893113295236,0,0
