problem,access,navigate,page_close,video,discussion,wiki
0.9798687566511528,2.5675717584110345,3.106890595608519,2.6867877099580055,2.4688972654796584,0.8112781244591328,0
