problem,access,navigate,page_close,video,discussion,wiki
1.0,2.857096862771058,2.321928094887362,1.4056390622295665,1.0,0,0
