problem,access,navigate,page_close,video,discussion,wiki
0,3.055026315305129,1.584962500721156,3.0969694163174286,2.5046934208291405,0,0
