problem,access,navigate,page_close,video,discussion,wiki
0,1.6183941088363931,1.3250112108241772,1.6858157091530304,1.6644977792004614,0.7219280948873623,1.0
