problem,access,navigate,page_close,video,discussion,wiki
0,2.197159723424149,1.8464393446710154,2.251629167387823,1.5,0,0.0
