problem,access,navigate,page_close,video,discussion,wiki
0,2.3216534487138065,0.9182958340544896,2.6213526136130225,2.6612262562697895,0,0
