problem,access,navigate,page_close,video,discussion,wiki
2.6859679340356912,2.973082776797662,2.9735572622751856,2.8380167155215488,2.5027361715940035,1.954685946946356,0
