problem,access,navigate,page_close,video,discussion,wiki
0.0,2.841125326686764,2.5810134015775863,3.0370881202973363,2.814892751951369,0,0
