problem,access,navigate,page_close,video,discussion,wiki
0.9967916319816366,2.3016094970590273,1.3787834934861753,1.0,1.6644977792004612,0.0,0.0
