problem,access,navigate,page_close,video,discussion,wiki
1.4353713907745331,2.0271931673797607,3.2720552088742005,2.1238738112583992,1.9502120649147465,1.5219280948873621,0
