problem,access,navigate,page_close,video,discussion,wiki
0,2.063865121950854,1.3221793455166666,2.1280852788913944,2.4056390622295662,0,0
