problem,access,navigate,page_close,video,discussion,wiki
3.2494590199151654,4.235107276476182,3.988933821948122,4.0739283233392625,3.565788436950235,2.244723149910974,0.0
