problem,access,navigate,page_close,video,discussion,wiki
0,1.5566567074628228,1.295461844238322,0.9182958340544896,0.0,0.9456603046006402,0.0
