problem,access,navigate,page_close,video,discussion,wiki
1.5683164932728872,1.8983376826626697,1.6644977792004612,1.9591479170272448,1.863120568566631,0.0,0
