problem,access,navigate,page_close,video,discussion,wiki
1.54515219719895,2.340574849485262,1.9254106352407239,2.2572706334561707,2.2381505980444225,0,0
