problem,access,navigate,page_close,video,discussion,wiki
0,2.4375523580657017,0.0,2.4591479170272446,2.1556390622295662,0,0
