problem,access,navigate,page_close,video,discussion,wiki
0,1.4604846813131114,0.0,1.836591668108979,1.5566567074628228,0,0
