problem,access,navigate,page_close,video,discussion,wiki
0.0,1.481863125136114,1.561278124459133,1.3420192178195207,0.7219280948873623,0.0,0
