problem,access,navigate,page_close,video,discussion,wiki
0,1.6673395705257974,1.4056390622295665,1.9219280948873623,0.0,0,0
