problem,access,navigate,page_close,video,discussion,wiki
0.0,1.5126447478210652,1.0,1.5709505944546684,1.4955380299191112,0,0
