problem,access,navigate,page_close,video,discussion,wiki
0,0.7424875695421236,2.1556390622295662,0.9219280948873623,0.8112781244591328,0.9182958340544896,0
