problem,access,navigate,page_close,video,discussion,wiki
2.3040930366478465,3.0919179166521475,1.9591479170272446,3.292960128038767,2.7489720482748075,1.836591668108979,0
