problem,access,navigate,page_close,video,discussion,wiki
0,1.573402452417767,0.9886994082884974,1.3221793455166666,1.4591479170272448,0,0
