problem,access,navigate,page_close,video,discussion,wiki
2.2467761083517446,3.3965142411151317,3.1627651517230837,1.584962500721156,0.0,0,0
