problem,access,navigate,page_close,video,discussion,wiki
0,1.3824373408045867,1.850347023215099,1.4353713907745331,1.224394445405986,0.9182958340544896,0.9182958340544896
