problem,access,navigate,page_close,video,discussion,wiki
2.3446958733715437,3.7541292432192575,3.34107343171685,3.8051258318440375,3.852974419267672,2.7267318929209687,2.725480556997868
