problem,access,navigate,page_close,video,discussion,wiki
0.0,2.7077174691301487,2.021782221599798,2.3313247357897064,2.4012687424425176,0,0.0
