problem,access,navigate,page_close,video,discussion,wiki
3.0646964484110613,3.593204882839179,3.3680424225727155,3.6741899385868577,3.463465189601646,2.0189717469319013,0.0
