problem,access,navigate,page_close,video,discussion,wiki
1.4720166251154074,2.966648695421627,2.0588138903312014,2.833411192621123,2.321928094887362,0.0,0
