problem,access,navigate,page_close,video,discussion,wiki
0,2.2754316010011366,1.2516291673878228,2.305958492868042,2.4692407821722844,0.0,0.0
