problem,access,navigate,page_close,video,discussion,wiki
1.2674438038072335,3.5753432552811253,3.2227885811475985,3.5813936898340866,3.0874967611022144,2.7487797939535485,0.9182958340544896
