problem,access,navigate,page_close,video,discussion,wiki
0.0,2.4410685859554375,2.469670487371862,2.4464393446710155,0.9182958340544896,0.954434002924965,0.0
