problem,access,navigate,page_close,video,discussion,wiki
0.0,2.684560814286289,2.751629167387823,2.6235166412180155,2.0,0.0,0
