problem,access,navigate,page_close,video,discussion,wiki
0.0,0.21084230031853213,0.5435644431995964,0.26676498780302604,0.0,0.0,0.0
