problem,access,navigate,page_close,video,discussion,wiki
1.0,1.922023142851573,1.3709505944546687,1.8423709931771086,1.5,0.0,0
