problem,access,navigate,page_close,video,discussion,wiki
0.9182958340544896,2.5828765043125577,0.9182958340544896,2.4182958340544896,2.6635327548042547,0,0
