problem,access,navigate,page_close,video,discussion,wiki
2.054585169337799,2.828277407440089,1.7527152789797047,1.9268680175017439,1.7924812503605778,0,0
