problem,access,navigate,page_close,video,discussion,wiki
0.0,1.721905420173314,1.5304930567574826,0,0.9182958340544896,0.4394969869215134,0
