problem,access,navigate,page_close,video,discussion,wiki
0,0.908653933541588,0.9957274520849256,0.9864267287308424,1.1488348542809166,0.7553754125614287,0.9182958340544896
