problem,access,navigate,page_close,video,discussion,wiki
0,0.9402859586706311,0.8112781244591328,0.954434002924965,0.863120568566631,0.0,0.0
