problem,access,navigate,page_close,video,discussion,wiki
0.0,1.2987949406953985,2.1280852788913944,0.8112781244591328,0.9182958340544896,3.339147183689554,0.0
