problem,access,navigate,page_close,video,discussion,wiki
1.8608941290707994,3.654744685142017,3.0416256143692233,3.631388347143585,3.146286370662105,2.0,0
