problem,access,navigate,page_close,video,discussion,wiki
2.737322779818595,3.1415738176391392,2.7008257945180887,3.0848237623184094,2.9369539383861865,0.9182958340544896,0.0
