problem,access,navigate,page_close,video,discussion,wiki
0.0,2.475909377088532,2.287783719941071,1.0,1.0,1.8802408149441479,0.9182958340544896
