problem,access,navigate,page_close,video,discussion,wiki
0,0.5916727785823275,0.9709505944546686,0.41381685030363374,0.4394969869215134,0,0.0
