problem,access,navigate,page_close,video,discussion,wiki
0,1.784159127851422,1.5,2.2516291673878226,1.584962500721156,0,0
