problem,access,navigate,page_close,video,discussion,wiki
0.5916727785823275,2.412896267852968,1.6644977792004614,2.4186863124889126,2.124518654958899,0.0,0
