problem,access,navigate,page_close,video,discussion,wiki
0,0.74959525725948,0.9182958340544896,1.1488348542809166,0.9219280948873623,0,0
