problem,access,navigate,page_close,video,discussion,wiki
1.8262097813914586,2.4965769462955594,2.3685225277282065,2.378783493486176,1.9219280948873623,0.5916727785823275,0.0
