problem,access,navigate,page_close,video,discussion,wiki
0.0,0.5547781633412736,1.1216407621868583,0.5293608652873644,0.9709505944546686,0.9182958340544896,0.0
