problem,access,navigate,page_close,video,discussion,wiki
0,1.974937501201927,0.9709505944546686,1.8423709931771084,1.4591479170272446,0.0,0.0
