problem,access,navigate,page_close,video,discussion,wiki
1.0,2.492012190599707,2.2359263506290326,2.5225631916634224,0.0,0.0,0.0
