problem,access,navigate,page_close,video,discussion,wiki
2.5216406363433186,2.5682712687806144,2.465957320949175,0.9182958340544896,0,0.8812908992306927,1.0
