problem,access,navigate,page_close,video,discussion,wiki
2.1995812306460643,3.561287809969963,3.6304126608739984,3.6201229600588745,3.5983690035123788,2.1048991549664566,1.0
