problem,access,navigate,page_close,video,discussion,wiki
0.0,2.6420918598895944,2.263809173883546,2.271782221599798,0.863120568566631,0.0,0.0
