problem,access,navigate,page_close,video,discussion,wiki
0,2.1346939516467023,1.9502120649147465,2.4189611955679697,1.9502120649147465,0.0,0
