problem,access,navigate,page_close,video,discussion,wiki
0.9456603046006402,2.506103480527719,2.3219280948873626,0,0.0,0.7219280948873623,0.0
