problem,access,navigate,page_close,video,discussion,wiki
1.7232314287976207,2.6790114911644958,1.5709505944546687,2.1238738112583992,1.2987949406953985,0.0,0.0
