problem,access,navigate,page_close,video,discussion,wiki
0.8960382325345575,1.6193821946787637,2.4193819456463714,1.5,0,0,0
