problem,access,navigate,page_close,video,discussion,wiki
2.592458761787291,2.89564817623915,1.9219280948873623,3.074875775583769,2.973557262275185,0.0,0
