problem,access,navigate,page_close,video,discussion,wiki
0,1.7574839898128798,0.9219280948873623,1.384431504340598,1.4591479170272448,0.5916727785823275,0
