problem,access,navigate,page_close,video,discussion,wiki
2.0430107341495627,3.058157328518199,3.2368573034220742,1.584962500721156,2.584962500721156,0.0,0.0
