problem,access,navigate,page_close,video,discussion,wiki
0,1.750224877285235,1.0,1.8676338909712125,1.9219280948873623,0,0
