problem,access,navigate,page_close,video,discussion,wiki
2.1881065019639454,3.432167435563403,3.2888840705376357,3.4588628021696413,3.1758828865535467,0.9182958340544896,0
