problem,access,navigate,page_close,video,discussion,wiki
0.8112781244591328,0.9456603046006402,1.4355205042826666,0.975119064940866,0.9940302114769565,0.9672947789468944,1.0
