problem,access,navigate,page_close,video,discussion,wiki
2.0825291541471804,2.9701509935611017,3.0837651410695512,3.041336376912015,2.1895415173391393,3.0404332649868095,0.0
