problem,access,navigate,page_close,video,discussion,wiki
0,2.568766087739321,1.3709505944546687,2.436278124459133,2.054585169337799,0.9182958340544896,0
