problem,access,navigate,page_close,video,discussion,wiki
0.9990102708804813,1.419556298571613,0.9182958340544896,2.0588138903312014,1.9219280948873623,0,0
