problem,access,navigate,page_close,video,discussion,wiki
0,1.2957378005380122,0.863120568566631,1.3143204867061788,1.3516441151533922,0.0,0
