problem,access,navigate,page_close,video,discussion,wiki
2.0156546557441946,2.563223125245059,2.1889666101343788,2.779255376067941,2.4464393446710155,0.0,0.0
