problem,access,navigate,page_close,video,discussion,wiki
0,2.442925288086808,2.5,2.1897981900809884,1.8288713632524445,0.954434002924965,0
