problem,access,navigate,page_close,video,discussion,wiki
1.1934387451434483,2.754655611424605,1.5219280948873621,2.8659573209491747,2.495602923729013,1.780672129520887,0
