problem,access,navigate,page_close,video,discussion,wiki
0,1.7381493331928661,0.9182958340544896,1.6858157091530304,1.5709505944546687,0,0
