problem,access,navigate,page_close,video,discussion,wiki
0,0.9774178175281716,0.9709505944546686,1.2987949406953985,1.3250112108241772,0,0
