problem,access,navigate,page_close,video,discussion,wiki
0.0,0.9182958340544896,0.0,1.3516441151533922,1.4056390622295665,0.0,0.0
