problem,access,navigate,page_close,video,discussion,wiki
0.0,3.416878057169353,3.4952365449960037,3.424659836945186,2.6416041678685933,2.2896911372753768,0
