problem,access,navigate,page_close,video,discussion,wiki
0,2.1492799881316267,1.224394445405986,1.8910611120726526,2.2359263506290326,0.0,0.8112781244591328
