problem,access,navigate,page_close,video,discussion,wiki
0,1.0957952550009336,1.5219280948873621,1.2516291673878228,1.3709505944546687,0.0,0
