problem,access,navigate,page_close,video,discussion,wiki
2.6565647621309543,3.677246640655055,3.8040356032898432,2.531869256975175,2.2221915755066783,0.0,0
