problem,access,navigate,page_close,video,discussion,wiki
0,1.8638263900908156,2.1971597234241496,1.573402452417767,0.954434002924965,0,0.0
