problem,access,navigate,page_close,video,discussion,wiki
0,0.7642045065086203,0.8812908992306927,1.5,1.0,1.1216407621868583,1.0
