problem,access,navigate,page_close,video,discussion,wiki
0,1.5304930567574824,0.0,1.3709505944546687,1.8423709931771088,0,0
