problem,access,navigate,page_close,video,discussion,wiki
1.5566567074628228,2.106649141030222,0.0,1.9421567638998996,1.836591668108979,0,0
