problem,access,navigate,page_close,video,discussion,wiki
0,1.8476812444571773,1.1567796494470395,1.8879185026711327,1.827877967531032,0.0,0.0
