problem,access,navigate,page_close,video,discussion,wiki
0.7553754125614287,1.9125056054120886,2.2516291673878226,1.0,0.0,0,0
