problem,access,navigate,page_close,video,discussion,wiki
0,2.5437621626224822,2.2221915755066783,2.6153196182512763,2.1556390622295662,0,0
