problem,access,navigate,page_close,video,discussion,wiki
1.5566567074628228,1.6735821837382223,2.186704345910025,1.6904726977121665,0.8658566174572235,1.0701171824542437,1.0
