problem,access,navigate,page_close,video,discussion,wiki
0,0.74959525725948,0.41381685030363374,0.9182958340544896,0.9182958340544896,0.0,0.0
