problem,access,navigate,page_close,video,discussion,wiki
1.4420138671108238,2.7213995818655903,2.188721875540867,0,0,0,0
