problem,access,navigate,page_close,video,discussion,wiki
0.8112781244591328,1.633551333777253,1.224394445405986,0,0,0.0,0
