problem,access,navigate,page_close,video,discussion,wiki
3.0907403472721064,4.066237994470671,3.5559767456888376,3.7907211019909166,4.01773265260133,2.1836670779209113,0.0
