problem,access,navigate,page_close,video,discussion,wiki
1.274790066617014,2.800294879680217,2.688721875540867,2.9151959937952423,1.9182958340544896,1.2866926683547546,0.0
