problem,access,navigate,page_close,video,discussion,wiki
2.728696009082692,2.9301809182382272,2.2841837197791888,2.6294817080809567,2.873977389243609,0,0
