problem,access,navigate,page_close,video,discussion,wiki
1.870155642266076,2.2697862280049863,2.4056390622295662,2.5281053717749518,2.235614855844976,1.6305914641842123,0.0
