problem,access,navigate,page_close,video,discussion,wiki
1.360964047443681,1.4836591643979626,1.5219280948873621,1.3709505944546687,0.9182958340544896,1.3485878960124222,0
