problem,access,navigate,page_close,video,discussion,wiki
1.3553885665886953,1.9570153625403182,1.5219280948873621,2.0132790219068077,1.9182958340544893,0.9980008838722996,0
