problem,access,navigate,page_close,video,discussion,wiki
0.0,1.9261207468426806,1.5487949406953985,1.789929075309999,1.4591479170272448,1.4353713907745331,0.0
