problem,access,navigate,page_close,video,discussion,wiki
0.0,1.5306189948485174,0.8112781244591328,1.061278124459133,1.1674367232867007,0.0,0
