problem,access,navigate,page_close,video,discussion,wiki
0.0,2.037543818915049,1.584962500721156,1.2987949406953985,1.7924812503605778,0,0
