problem,access,navigate,page_close,video,discussion,wiki
0.9709505944546686,2.88933489076714,2.4863286677871854,2.940676218814983,2.4961268547517808,1.352030101757953,1.0
