problem,access,navigate,page_close,video,discussion,wiki
0.0,2.21163018107546,2.3395722619867225,1.584962500721156,0.9182958340544896,1.1050139971135322,0.0
