problem,access,navigate,page_close,video,discussion,wiki
1.4854752972273344,2.3723340295057684,1.7924812503605778,2.1556390622295662,1.9219280948873623,0,0
