problem,access,navigate,page_close,video,discussion,wiki
0,2.2988252450030506,1.0,1.6577427265048887,1.2987949406953985,0,0
