problem,access,navigate,page_close,video,discussion,wiki
1.565596230357602,3.3237192375638167,3.1240924804297174,3.247742678581274,2.905764584655453,0.0,0.0
