problem,access,navigate,page_close,video,discussion,wiki
0.0,2.368478371430503,2.1556390622295662,1.9502120649147465,0.0,0.0,0
