problem,access,navigate,page_close,video,discussion,wiki
0,1.5954618442383217,1.6691803368667308,1.6858157091530304,0.0,0.0,0
