problem,access,navigate,page_close,video,discussion,wiki
0.0,2.1211274733371868,2.931208948910323,1.0,1.0,2.8949614069761007,0
