problem,access,navigate,page_close,video,discussion,wiki
0.0,2.3547213575823873,1.5219280948873621,2.155968102145908,1.9219280948873623,0.0,0
