problem,access,navigate,page_close,video,discussion,wiki
1.3709505944546687,3.2507976320803467,2.702819531114783,2.521640636343318,2.721928094887362,2.2432576001511415,0.0
