problem,access,navigate,page_close,video,discussion,wiki
0.0,2.4464393446710155,1.402081402756032,1.9502120649147465,1.9182958340544893,0.0,0.0
