problem,access,navigate,page_close,video,discussion,wiki
0.0,3.038970473846087,2.197159723424149,3.186494994012813,3.0697251603588867,0.37123232664087563,0.0
