problem,access,navigate,page_close,video,discussion,wiki
0.0,2.7345123817507715,2.9468374992530824,2.807354922057604,2.9477027792200903,0,0
