problem,access,navigate,page_close,video,discussion,wiki
0,2.3248629576173565,2.5,1.584962500721156,1.3709505944546687,0,0.0
