problem,access,navigate,page_close,video,discussion,wiki
0.0,2.7601029958115846,1.7709505944546688,1.9219280948873623,1.5,0.0,0.0
