problem,access,navigate,page_close,video,discussion,wiki
0,2.788320189106,2.688721875540867,2.654255313215029,1.8585552118703144,0,0
