problem,access,navigate,page_close,video,discussion,wiki
0.9922666387194963,1.481863125136114,1.3092966682370037,1.402993418443045,1.5,0,0
