problem,access,navigate,page_close,video,discussion,wiki
1.4353713907745331,1.6210644440972075,1.5,1.4464393446710155,1.1216407621868583,0,0
