problem,access,navigate,page_close,video,discussion,wiki
0,1.5262349099495227,1.584962500721156,1.4488156357251847,1.5219280948873621,0,0
