problem,access,navigate,page_close,video,discussion,wiki
1.690933805959686,2.5413625835040445,2.1968403362256756,2.5929786596998916,2.5274955437916096,0.954434002924965,0.0
