problem,access,navigate,page_close,video,discussion,wiki
0.9466474387740497,3.1439841834927225,2.421825553483072,3.162860890966044,3.040775452263538,0.0,1.0
