problem,access,navigate,page_close,video,discussion,wiki
0.9992492479956565,2.070356063692049,1.8810947601100747,0,0,1.224394445405986,0.0
