problem,access,navigate,page_close,video,discussion,wiki
1.9544340029249652,3.3245172912566305,3.2134552619472223,3.05701448917184,2.584962500721156,0.0,0
