problem,access,navigate,page_close,video,discussion,wiki
0.0,0.9930999387910294,2.4193819456463714,1.3294340029249652,1.224394445405986,0.0,0
