problem,access,navigate,page_close,video,discussion,wiki
0,1.5304930567574824,0.5916727785823275,0.9852281360342516,0.9709505944546686,0,0.0
