problem,access,navigate,page_close,video,discussion,wiki
0,1.7290603955812955,2.6105184777961434,1.9182958340544893,1.5,0.6962122601251458,0.8112781244591328
