problem,access,navigate,page_close,video,discussion,wiki
0.7642045065086203,0.9182958340544896,2.2312702546075758,1.0,0.0,1.3787834934861756,0
