problem,access,navigate,page_close,video,discussion,wiki
0,2.992856050160461,1.2776134368191154,1.584962500721156,0.0,0.0,0
