problem,access,navigate,page_close,video,discussion,wiki
1.918525073316966,2.9514390565959325,2.725480556997868,2.9486815285684083,2.3716535224393334,0,0
