problem,access,navigate,page_close,video,discussion,wiki
0,1.974937501201927,2.263809173883546,2.321928094887362,1.0,0.0,0.0
