problem,access,navigate,page_close,video,discussion,wiki
0,1.5709505944546684,0.6500224216483541,1.4591479170272448,0.9182958340544896,0.0,0.0
