problem,access,navigate,page_close,video,discussion,wiki
0,1.5304930567574826,0.9852281360342516,1.3787834934861756,1.3709505944546687,0,0
