problem,access,navigate,page_close,video,discussion,wiki
1.5726236638951638,3.2681769890054193,3.0507661742775687,3.4080873513025356,3.033794020992213,1.9679966205123147,1.0
