problem,access,navigate,page_close,video,discussion,wiki
2.126808597764898,2.920868728465109,2.865576855207248,3.1718083133946418,2.8869625712533518,0.35335933502142136,0.0
