problem,access,navigate,page_close,video,discussion,wiki
1.5,1.8464393446710154,1.7399546474223633,2.168232893338811,1.9609640474436814,0.0,0.9852281360342516
