problem,access,navigate,page_close,video,discussion,wiki
3.203172987888943,3.937598771834014,2.760964047443681,3.897299717551716,3.208809506736716,2.8044732156148062,1.0
