problem,access,navigate,page_close,video,discussion,wiki
2.888531432916285,4.6201790722722444,3.561096840836648,4.558235827730016,4.4308167315624996,1.9877733714879842,0.8112781244591328
