problem,access,navigate,page_close,video,discussion,wiki
0.9182958340544896,3.074900820954567,2.5219280948873624,0.0,0,0,0
