problem,access,navigate,page_close,video,discussion,wiki
1.7854270878760312,2.6833007497628385,2.792586226369731,2.9818444477432293,2.654255313215029,1.8250112108241772,0
