problem,access,navigate,page_close,video,discussion,wiki
2.055967858362697,3.0762892026336486,3.0220552088742005,3.0042806843804497,2.6755957776053108,0,0
