problem,access,navigate,page_close,video,discussion,wiki
0.9392547207311598,2.112197222702993,2.6282129458410015,2.2841837197791888,2.2516291673878226,1.5816190528451362,0.0
