problem,access,navigate,page_close,video,discussion,wiki
0,1.53012496531497,2.054585169337799,1.5304930567574824,0.0,0,0
