problem,access,navigate,page_close,video,discussion,wiki
0.9967916319816366,1.5219280948873621,1.061278124459133,1.584962500721156,1.0,0.0,0.0
