problem,access,navigate,page_close,video,discussion,wiki
2.468249932718526,3.072195942021955,3.024614780389335,3.122239693433338,2.9297804760508073,2.8918395048362666,0
