problem,access,navigate,page_close,video,discussion,wiki
1.8464393446710154,3.1195683134268415,2.951143017707788,2.2516291673878226,1.0,1.7082544804339788,0
