problem,access,navigate,page_close,video,discussion,wiki
1.7814164026211206,3.4781870440997302,2.461263296132468,2.7928377974034158,2.808694969562842,0.5665095065529053,0.0
