problem,access,navigate,page_close,video,discussion,wiki
1.9710703742615956,2.769170489919386,2.7187891297819293,2.964436775663897,2.592850131858461,0.0,0.0
