problem,access,navigate,page_close,video,discussion,wiki
3.0048861640918427,3.210114283798591,2.7199643047423914,2.8345573759877944,2.155968102145908,0,0
