problem,access,navigate,page_close,video,discussion,wiki
3.6046265849090404,4.388662865694709,3.721928094887362,4.2560638504651935,4.37271493956499,3.5063798846956176,0.7219280948873623
