problem,access,navigate,page_close,video,discussion,wiki
0,2.4988707156154826,1.7924812503605778,2.5266329043292153,0,0.8112781244591328,0
