problem,access,navigate,page_close,video,discussion,wiki
1.561278124459133,2.3661631583414704,2.311278124459133,2.3830453685994852,1.640223928941852,0.8112781244591328,0.0
