problem,access,navigate,page_close,video,discussion,wiki
1.5413152774012366,3.3867463797507416,3.202819531114783,3.333121052518207,2.7152088061657307,0.863120568566631,0.0
