problem,access,navigate,page_close,video,discussion,wiki
0.0,3.270045329689064,3.189898095464287,2.5032583347756456,2.038159681645953,0.0,0
