problem,access,navigate,page_close,video,discussion,wiki
3.9250648633872625,4.3785478492874805,3.6074753914554885,4.251716096874001,3.9579305299233862,3.5002546450329755,0
