problem,access,navigate,page_close,video,discussion,wiki
1.4833557549816876,2.9647216804769174,2.625,2.732914563979398,1.8423709931771084,0.9293550115186284,0.0
