problem,access,navigate,page_close,video,discussion,wiki
0.0,2.0874628412503395,1.3709505944546687,2.1219280948873624,1.584962500721156,0.8112781244591328,0
