problem,access,navigate,page_close,video,discussion,wiki
1.6811733504977273,2.247472790010664,2.2605038327557683,2.279811708574444,2.271160508189932,1.384431504340598,1.0
