problem,access,navigate,page_close,video,discussion,wiki
0.9852281360342516,1.8744444545796393,1.851226815897192,1.4926140680171258,1.3516441151533924,1.2516291673878228,0.9182958340544896
