problem,access,navigate,page_close,video,discussion,wiki
1.3096910973393818,1.669180336866731,0.8112781244591328,0.0,0.0,0,0.0
