problem,access,navigate,page_close,video,discussion,wiki
3.0092323069439177,3.782519956407003,2.5297257989969673,3.6067526975480235,3.5602454301084347,0.0,0.0
