problem,access,navigate,page_close,video,discussion,wiki
0.9910760598382222,3.273998382656867,2.53933812206437,2.952256596124317,1.0,1.4926140680171256,1.0
