problem,access,navigate,page_close,video,discussion,wiki
2.1251916859008166,2.9580132412389517,2.927451224964519,2.789865782092892,1.6258145836939115,0,0
