problem,access,navigate,page_close,video,discussion,wiki
0,2.4155815962845733,1.4591479170272448,2.098579861712074,1.906890595608519,0.5032583347756457,0.0
