problem,access,navigate,page_close,video,discussion,wiki
2.1159889779043453,3.4088531436158886,3.6648713489889877,3.4134578983323736,3.274362744717651,2.5044611766665485,0.9182958340544896
