problem,access,navigate,page_close,video,discussion,wiki
1.1488348542809166,1.3067765894062977,1.6644977792004614,1.3885308110207435,0.9910760598382222,0.0,0.0
