problem,access,navigate,page_close,video,discussion,wiki
0.9940302114769565,2.2104834990408713,1.9219280948873623,1.4353713907745331,2.287783719941071,1.198183947911799,0
