problem,access,navigate,page_close,video,discussion,wiki
0.9456603046006402,2.2961399650265077,1.1488348542809166,2.1219280948873624,1.9261207468426806,0.0,0
