problem,access,navigate,page_close,video,discussion,wiki
3.2337799504431497,3.827100856125864,3.212414584697267,2.8993974703476995,0.5916727785823275,0.0,0.0
