problem,access,navigate,page_close,video,discussion,wiki
0.9940302114769565,1.851226815897192,2.113283334294875,0.9182958340544896,0.0,0,0
