problem,access,navigate,page_close,video,discussion,wiki
2.48345859334435,4.257172172708838,3.935968980793615,4.170279811999872,1.9182958340544893,2.5730235145750684,1.8423709931771086
