problem,access,navigate,page_close,video,discussion,wiki
1.8754880490393084,2.623956828238607,1.4591479170272446,2.2516291673878226,2.596791091080666,0.0,0
