problem,access,navigate,page_close,video,discussion,wiki
0.8453509366224365,2.8323957367005503,1.969389419529156,2.5016094970590275,1.5487949406953985,0.7219280948873623,0.0
