problem,access,navigate,page_close,video,discussion,wiki
2.8795064608120065,2.558087995383366,2.607861226141998,2.7925969757347047,2.5274955437916096,0.0,0.0
