problem,access,navigate,page_close,video,discussion,wiki
0.0,2.0741647430225756,1.5219280948873621,1.584962500721156,1.5219280948873621,0,0
