problem,access,navigate,page_close,video,discussion,wiki
0,2.6253779109283273,2.424835634986198,2.610577243331642,2.4591479170272446,0,0
