problem,access,navigate,page_close,video,discussion,wiki
0,2.6047213575823878,1.5465935642949382,2.872905595320056,1.5219280948873621,1.5889537646623484,0
