problem,access,navigate,page_close,video,discussion,wiki
0,1.8337480427828443,1.8412501702815547,1.7883763717345071,1.561278124459133,0.0,0.9709505944546686
