problem,access,navigate,page_close,video,discussion,wiki
0.9182958340544896,3.000963238985293,3.1630741894285697,2.4130884364257574,1.9182958340544896,0,0
