problem,access,navigate,page_close,video,discussion,wiki
2.2464393446710154,3.2750207206551702,2.98345859334435,3.4495701653254027,3.076103170996722,2.2404967094706785,1.3516441151533924
