problem,access,navigate,page_close,video,discussion,wiki
2.568921862639939,3.132677413813423,2.353533948577482,2.146465798504072,1.75,0.0,0.0
