problem,access,navigate,page_close,video,discussion,wiki
3.3858363564700342,3.88904690758622,3.4464393446710155,3.842514183464533,3.4783459677250406,2.774693951646702,0
