problem,access,navigate,page_close,video,discussion,wiki
0,1.6854752972273346,0.0,1.360964047443681,0.9910760598382222,0,0
