problem,access,navigate,page_close,video,discussion,wiki
0.0,2.063865121950854,1.764097655573916,1.924174352300441,1.6854752972273346,0.0,0.0
