problem,access,navigate,page_close,video,discussion,wiki
1.8423709931771086,2.663992963905492,1.9219280948873623,2.6229007784871112,2.5701906367554077,0,0
