problem,access,navigate,page_close,video,discussion,wiki
2.566563285428633,4.524597390405617,4.189785399549413,4.4261916539617,4.329252346223362,0.0,0
