problem,access,navigate,page_close,video,discussion,wiki
0,3.6185401080711577,2.6565647621309543,3.6181576393101342,3.604023645937704,2.725480556997868,0.0
