problem,access,navigate,page_close,video,discussion,wiki
1.2475562489182659,2.424165173738152,2.4387439204017474,1.9197367178034823,2.418295834054489,0.0,1.0
