problem,access,navigate,page_close,video,discussion,wiki
0,1.3235315761100483,1.0,0.863120568566631,1.5566567074628228,0,0
