problem,access,navigate,page_close,video,discussion,wiki
0,0.5916727785823275,2.873140679513133,0.5435644431995964,0.6500224216483541,0.0,0
