problem,access,navigate,page_close,video,discussion,wiki
0.0,1.614218341086506,1.6203352658383443,1.8716022614097978,1.9219280948873623,0.0,0.9852281360342516
