problem,access,navigate,page_close,video,discussion,wiki
0.0,1.4788979029874791,1.3709505944546687,1.4056390622295665,0.8812908992306927,0,0
