problem,access,navigate,page_close,video,discussion,wiki
0.8112781244591328,1.2309595631140104,1.5,1.4056390622295665,0.8112781244591328,1.4591479170272446,0
