problem,access,navigate,page_close,video,discussion,wiki
1.561278124459133,3.1083441172006894,1.6143308351592656,3.218281141617545,3.0790795706241743,0.0,0.0
