problem,access,navigate,page_close,video,discussion,wiki
1.9448600505845675,2.406257391535532,1.9609640474436814,2.208196592277087,1.669180336866731,0,0
