problem,access,navigate,page_close,video,discussion,wiki
0,2.7037016960573483,2.75,2.6258145836939115,0.9182958340544896,0,0
