problem,access,navigate,page_close,video,discussion,wiki
1.4949188482339508,3.284751250210697,2.725480556997868,3.3302757923047204,3.142064672977998,0,0
