problem,access,navigate,page_close,video,discussion,wiki
1.2516291673878228,3.069924577992812,2.505977711423774,3.177747162910945,1.0,1.3787834934861756,0.0
