problem,access,navigate,page_close,video,discussion,wiki
2.2073640489164155,2.7872755944502807,1.9877733714879842,2.321928094887362,1.0,0,0.0
