problem,access,navigate,page_close,video,discussion,wiki
1.3787834934861753,3.2539717698492403,2.841869559407793,3.292481250360578,2.75,2.5708809711114484,0.0
