problem,access,navigate,page_close,video,discussion,wiki
1.0,2.4472875620890813,2.624680346973648,2.570974129714066,2.3457192839305274,1.789929075309999,0.0
