problem,access,navigate,page_close,video,discussion,wiki
0,2.649794462043571,1.3787834934861756,0.0,0.0,0.6840384356390417,0.0
