problem,access,navigate,page_close,video,discussion,wiki
2.7154535460473688,3.162824318744959,2.245024044901939,1.584962500721156,2.8464393446710154,2.239097917988786,0.0
