problem,access,navigate,page_close,video,discussion,wiki
0.0,2.004901337783313,2.1280852788913944,2.60845859334435,2.0464393446710156,0,0.0
