problem,access,navigate,page_close,video,discussion,wiki
0.9784493292686189,2.6675298174353945,2.585475297227334,1.5,1.0,0,0
