problem,access,navigate,page_close,video,discussion,wiki
2.299896391167891,2.9083798078907606,2.5995812306460646,2.904067294283569,2.8638263900908156,0.0,0.0
