problem,access,navigate,page_close,video,discussion,wiki
0,2.4676013115120567,2.610577243331642,2.072905595320056,0.9182958340544896,0.0,0.0
