problem,access,navigate,page_close,video,discussion,wiki
0.9852281360342516,1.280672129520887,1.7609640474436812,0,0,0,0
