problem,access,navigate,page_close,video,discussion,wiki
0.9852281360342516,2.0182155146751497,2.113283334294875,1.5709505944546684,0.9182958340544896,0.0,0
