problem,access,navigate,page_close,video,discussion,wiki
0,1.5485806065228545,2.0,2.197159723424149,0.8112781244591328,0,0
