problem,access,navigate,page_close,video,discussion,wiki
1.456564762130954,1.5147239826031003,1.0,1.3346791410515948,1.0,0,0
