problem,access,navigate,page_close,video,discussion,wiki
0.9910760598382222,0.6840384356390417,0.0,0.954434002924965,1.0,0.0,0.0
