problem,access,navigate,page_close,video,discussion,wiki
0.0,2.3464393446710154,1.6577427265048887,2.606238928653389,1.9749375012019272,1.6858157091530304,0.0
