problem,access,navigate,page_close,video,discussion,wiki
0.0,2.608062835027826,0.6500224216483541,2.8697379727293746,2.504693420829141,0,0
