problem,access,navigate,page_close,video,discussion,wiki
1.4308354978311992,1.9405114235032845,1.879964948727111,1.9966675519380226,0.0,0.8453509366224365,0.0
