problem,access,navigate,page_close,video,discussion,wiki
2.279720852464461,3.5544065803571163,2.873269689515108,3.6420289492961326,3.624518654958899,0,0
