problem,access,navigate,page_close,video,discussion,wiki
1.3346791410515946,2.2724994555866935,2.2577560641285177,1.8423709931771086,0.0,0,0
