problem,access,navigate,page_close,video,discussion,wiki
2.767958277719178,3.0871343264689575,2.550821761262471,2.707230795423782,2.528204346529737,1.6894822670191827,1.8423709931771084
