problem,access,navigate,page_close,video,discussion,wiki
0.9886994082884974,3.3797877924812694,1.8464393446710154,0.9182958340544896,0.0,1.2738722345110536,0
