problem,access,navigate,page_close,video,discussion,wiki
2.463366342754057,3.836419842772602,3.0,3.826026530101166,3.654702353863262,0.4689955935892812,0.0
