problem,access,navigate,page_close,video,discussion,wiki
0,1.598816797162542,1.0,1.3609640474436813,1.295461844238322,0,0
