problem,access,navigate,page_close,video,discussion,wiki
1.7746660722807177,3.006246237134753,3.2727698920347947,2.8593407582869146,2.75,2.202819531114783,0
