problem,access,navigate,page_close,video,discussion,wiki
0,2.0872103113389797,0.6500224216483541,2.1824562508413488,2.0225797618424917,0.0,0.0
