problem,access,navigate,page_close,video,discussion,wiki
2.2186937531452875,2.6334574699757995,1.9852281360342516,0.0,0,0.9709505944546686,0.0
