problem,access,navigate,page_close,video,discussion,wiki
0,1.7273966735744795,1.0,1.789929075309999,1.867633890971212,0,0
