problem,access,navigate,page_close,video,discussion,wiki
0.0,2.3240785269521322,1.792481250360578,2.139112208152059,1.75,1.2319817814011405,0
