problem,access,navigate,page_close,video,discussion,wiki
0,0.4689955935892812,0.8112781244591328,0.8453509366224365,0.863120568566631,0.0,0
