problem,access,navigate,page_close,video,discussion,wiki
1.0379870687018353,3.9598123232305604,2.942367363290268,4.095832712109891,3.8989847150327814,2.413704909869563,0
