problem,access,navigate,page_close,video,discussion,wiki
1.5707113784408682,3.423543057850422,3.0792258015191027,3.4411888527606758,3.1676516844843348,2.5422733756882714,0.9182958340544896
