problem,access,navigate,page_close,video,discussion,wiki
1.5644050517413437,1.5394847569315018,1.4591479170272446,1.4466166676282082,1.5,0.5293608652873644,0.0
