problem,access,navigate,page_close,video,discussion,wiki
1.4613005461074873,3.1826411920971793,3.087496761102214,2.0,0,1.4056390622295665,0.9182958340544896
