problem,access,navigate,page_close,video,discussion,wiki
0,2.4833830982290137,2.413088436425758,2.2062389286533897,1.792481250360578,0,0
