problem,access,navigate,page_close,video,discussion,wiki
3.129945315131965,3.6184990686593728,2.1887870678023824,0.0,0.0,0,0
