problem,access,navigate,page_close,video,discussion,wiki
1.5109278423831778,2.3182524028361806,1.4591479170272448,1.7295739585136223,2.1728786893420313,2.2883201891060003,0
