problem,access,navigate,page_close,video,discussion,wiki
0.5032583347756457,2.1668588342048865,1.4591479170272448,1.8927713036507443,1.4329831210560051,0.0,0.0
