problem,access,navigate,page_close,video,discussion,wiki
0.0,1.750224877285235,1.188721875540867,1.3485878960124222,1.1488348542809166,0.0,0
