problem,access,navigate,page_close,video,discussion,wiki
1.884242711608303,3.563726780333902,3.334962500721156,2.94770277922009,2.521640636343318,0.9470622432515329,0.9182958340544896
