problem,access,navigate,page_close,video,discussion,wiki
2.6428581021803197,2.8639260075850603,1.4815101887362598,2.9481696660233623,3.057425813763051,0.8112781244591328,0.0
