problem,access,navigate,page_close,video,discussion,wiki
0,2.9043593132095284,3.085055102756477,2.7070465182299706,1.9528195311147831,0,0
