problem,access,navigate,page_close,video,discussion,wiki
0.8812908992306927,2.1144112430814612,3.327819531114783,2.2359263506290326,1.9508257945180887,2.4920161839451933,0
