problem,access,navigate,page_close,video,discussion,wiki
0,1.8464393446710154,1.5,1.5766212201074912,1.5709505944546684,0,0.0
