problem,access,navigate,page_close,video,discussion,wiki
0.6292492238560345,1.8828560636920493,0.8112781244591328,0.0,0,0.0,0
