problem,access,navigate,page_close,video,discussion,wiki
2.2464393446710154,1.8423709931771088,0.9182958340544896,1.9219280948873623,2.1556390622295662,0,0
