problem,access,navigate,page_close,video,discussion,wiki
3.312047603508577,3.7457406266500115,3.4825871924169105,2.9182958340544896,3.4203343957102654,0.0,0.0
