problem,access,navigate,page_close,video,discussion,wiki
0.0,3.1149664586896044,2.913977073182752,3.170950594454669,2.0,0,0
