problem,access,navigate,page_close,video,discussion,wiki
1.8072829153884522,2.659658798780213,1.811278124459133,1.0,1.584962500721156,0.0,0
