problem,access,navigate,page_close,video,discussion,wiki
0.0,1.8921530325775926,2.0,1.7295739585136223,1.9056390622295665,0,0
