problem,access,navigate,page_close,video,discussion,wiki
0.0,2.2251852797155727,2.41896119556797,1.6894822670191822,0.9709505944546686,1.1941737342569119,0.0
