problem,access,navigate,page_close,video,discussion,wiki
0.7642045065086203,1.7815094042416941,2.224601752714581,1.0,0.9182958340544896,0.9852281360342516,1.0
