problem,access,navigate,page_close,video,discussion,wiki
1.6785492347633757,2.0664733753504785,1.6729330318733675,2.018310781820059,0.9910760598382222,0,0
