problem,access,navigate,page_close,video,discussion,wiki
2.0729055953200564,2.9039479416502942,2.8530534745879312,2.5589703195125826,2.8257855129374607,1.7210714399939113,1.584962500721156
