problem,access,navigate,page_close,video,discussion,wiki
2.412136045375241,2.5420366072165606,2.3337998701178706,2.5528988360612543,2.4276308349969846,0.7228578977329687,0.9182958340544896
