problem,access,navigate,page_close,video,discussion,wiki
2.295465679180292,3.0396993623801873,2.5,3.294336065750452,2.9852281360342525,0,0
