problem,access,navigate,page_close,video,discussion,wiki
2.367331859790725,3.31756299397386,2.8955456035911364,3.0637537072848318,2.996222929742579,2.626741758106722,1.9609640474436814
