problem,access,navigate,page_close,video,discussion,wiki
0.0,1.0230370655328809,0.0,0.5916727785823275,0.5665095065529053,0.4689955935892812,0
