problem,access,navigate,page_close,video,discussion,wiki
0.9957274520849256,0.9161182137782959,0.8112781244591328,1.2389012566026307,0.9852281360342516,0,0
