problem,access,navigate,page_close,video,discussion,wiki
1.5669357022012522,2.2575290786806455,2.2516291673878226,0.0,0.0,0.0,0
