problem,access,navigate,page_close,video,discussion,wiki
0.5916727785823275,2.377443751081734,1.7924812503605778,2.4193819456463714,2.0,0.0,0
