problem,access,navigate,page_close,video,discussion,wiki
0.3860189005698934,2.663210703676166,2.390805482076982,0,1.0,0.863120568566631,0.9182958340544896
