problem,access,navigate,page_close,video,discussion,wiki
0.9709505944546686,0.9182958340544896,0.6500224216483541,0,0,0.0,0.0
