problem,access,navigate,page_close,video,discussion,wiki
2.881400468770369,3.564977882644215,3.3630624994989375,3.673484846024228,3.4326747937225774,2.8804888167868814,1.584962500721156
