problem,access,navigate,page_close,video,discussion,wiki
1.1154827328716903,2.1797523141402944,2.0940001605649314,2.27943592422268,2.260774742030677,0.0,0
