problem,access,navigate,page_close,video,discussion,wiki
0,1.3421389558735093,1.061278124459133,0.9709505944546686,0.9852281360342516,0.0,0.0
