problem,access,navigate,page_close,video,discussion,wiki
2.368977441243178,3.076391159493451,2.796217602590056,1.871602261409798,1.867633890971212,2.477605266909163,0.0
