problem,access,navigate,page_close,video,discussion,wiki
2.251614471810182,3.3403176926955966,2.321928094887362,2.7251850026580353,3.3340603033529574,0.0,0.0
