problem,access,navigate,page_close,video,discussion,wiki
0.0,1.1226079684006318,0.8904916402194913,1.4355205042826666,0,0.0,0
