problem,access,navigate,page_close,video,discussion,wiki
2.014415465298801,3.0860164326155055,3.6360069453309545,1.188721875540867,0.9182958340544896,0.8755273352678351,0.0
