problem,access,navigate,page_close,video,discussion,wiki
0.4689955935892812,2.5264034679014298,3.257756064128518,1.584962500721156,1.9479827112048862,0,0
