problem,access,navigate,page_close,video,discussion,wiki
0.8112781244591328,2.422031394220544,2.277964543372467,2.2359263506290326,0.9182958340544896,0,0.0
