problem,access,navigate,page_close,video,discussion,wiki
0.0,1.5485652260309177,1.5487949406953985,2.2877837199410704,2.2359263506290326,0,0.0
