problem,access,navigate,page_close,video,discussion,wiki
1.1254908068679137,2.2558269522460908,1.4911148500551856,0,0.0,0.0,0
