problem,access,navigate,page_close,video,discussion,wiki
1.1401156785146092,0.9967916319816366,1.9056390622295665,1.3787834934861753,0.0,0.0,0.0
