problem,access,navigate,page_close,video,discussion,wiki
0.3095434291503252,1.8765975550731941,3.045301086491796,0.8112781244591328,1.584962500721156,0.0,0.0
