problem,access,navigate,page_close,video,discussion,wiki
0.5349436990971066,1.6858157091530304,1.7924812503605778,1.0,0,0.0,0
