problem,access,navigate,page_close,video,discussion,wiki
1.7128876215181605,4.135550870586872,2.871388043013535,4.055062514104387,3.70203613560686,1.3122643070969313,0.0
