problem,access,navigate,page_close,video,discussion,wiki
0.954434002924965,3.401402756100987,3.3564924137968237,3.507378995638872,3.240528260216712,0.0,0.0
