problem,access,navigate,page_close,video,discussion,wiki
0.8886466698980793,3.091496227556236,3.346439344671015,2.997097894880605,2.4798493211279533,1.7305693057297304,0.0
