problem,access,navigate,page_close,video,discussion,wiki
2.644413829577611,2.763061541513522,2.4248356349861977,1.5,1.0,0.0,0.0
