problem,access,navigate,page_close,video,discussion,wiki
2.44363835460555,3.7060603522931306,3.5848855957046735,3.636549735359312,3.231673461384923,2.7108943215562538,1.0
