problem,access,navigate,page_close,video,discussion,wiki
1.0775223153938258,3.140005788421583,2.3787834934861753,3.253441988658826,2.9513101799829657,0.954434002924965,0
