problem,access,navigate,page_close,video,discussion,wiki
2.5974584231298516,3.1440476360185383,2.8319237316184602,0.4394969869215134,0.0,1.3787834934861753,1.0
