problem,access,navigate,page_close,video,discussion,wiki
1.0,1.4303294345512483,2.4854752972273344,1.8389205950315934,1.0,1.0,1.0
