problem,access,navigate,page_close,video,discussion,wiki
2.256104916617213,3.5826296949189285,2.900051698999542,2.637026622304763,2.128085278891394,2.2577560641285177,0.0
