problem,access,navigate,page_close,video,discussion,wiki
0,1.0,2.584962500721156,1.4591479170272446,1.5,0.8453509366224365,0
