problem,access,navigate,page_close,video,discussion,wiki
3.0161022173045584,3.7344712811403573,3.217021885879718,3.6037177820320574,3.378639128770102,0.0,0
