problem,access,navigate,page_close,video,discussion,wiki
2.8453509366224368,3.1577137885126216,2.7559113286549373,3.20362015505971,2.824647522289988,0.0,0.7219280948873623
