problem,access,navigate,page_close,video,discussion,wiki
1.9219280948873623,2.406310255339082,1.9182958340544896,2.2286404177453063,2.1938311332103213,0,0
