problem,access,navigate,page_close,video,discussion,wiki
0.863120568566631,2.5162078143430775,1.0,2.1638651219508542,2.1815525171888464,0.0,0
