problem,access,navigate,page_close,video,discussion,wiki
2.812201931401005,3.4692694957144514,2.5654483718208256,3.4009135083740585,2.2221915755066783,0.0,0
