problem,access,navigate,page_close,video,discussion,wiki
0.0,1.4353713907745331,0.5916727785823275,1.4056390622295665,1.5219280948873621,0.0,0.0
