problem,access,navigate,page_close,video,discussion,wiki
2.7124735392008485,3.0322362096377558,2.8559049224696933,2.9099855169441633,2.6734164456390324,1.383912263055303,0.8658566174572235
