problem,access,navigate,page_close,video,discussion,wiki
0,1.6409959783120958,1.5219280948873621,1.5693078231812958,1.0,0,0
