problem,access,navigate,page_close,video,discussion,wiki
0,2.4049073493961193,1.950212064914747,2.6292492238560348,2.396240625180289,0.0,0
