problem,access,navigate,page_close,video,discussion,wiki
2.1829316468984663,2.767298304116068,2.777776811456786,2.847944951654621,1.51241284143745,0.9456603046006402,0
