problem,access,navigate,page_close,video,discussion,wiki
2.8225797618424915,3.7235998212597523,3.2390979179887864,3.8082031673117,2.8962915290459277,2.170876174047757,0.0
