problem,access,navigate,page_close,video,discussion,wiki
2.560354034867284,3.0306390622295662,1.4949188482339508,2.8553885422075336,2.197159723424149,0,0
