problem,access,navigate,page_close,video,discussion,wiki
3.082364587771778,3.7209614784292393,3.186035498760508,3.5428940732792036,3.344384169714531,0.7804828278806267,0.0
