problem,access,navigate,page_close,video,discussion,wiki
1.5690255736436507,2.849776410644205,2.680112832582691,2.7332062193464948,2.355388542207534,0,1.584962500721156
