problem,access,navigate,page_close,video,discussion,wiki
0.8166890883150209,2.886913742888894,3.3898191426459237,2.906141318426667,1.3709505944546687,1.2304244196889746,1.5
