problem,access,navigate,page_close,video,discussion,wiki
2.8460683548050167,3.7971379583252576,3.7024715122197467,3.8106491838945953,3.326727451309857,2.5351670023154025,0.0
