problem,access,navigate,page_close,video,discussion,wiki
3.2947074062906943,3.8477754134821636,3.3913864699857186,2.6621655220146576,3.1542965298511905,0.6840384356390417,0.0
