problem,access,navigate,page_close,video,discussion,wiki
1.0,1.9206734909195053,1.0,1.7822287189138017,1.295461844238322,0,0
