problem,access,navigate,page_close,video,discussion,wiki
1.5645247207974509,3.2120947270791778,2.913977073182752,3.414441303694973,2.0,2.0,0
