problem,access,navigate,page_close,video,discussion,wiki
1.5347890105350321,2.7291116817062075,2.918295834054489,2.8826633221915623,2.270942421748537,0.0,0
