problem,access,navigate,page_close,video,discussion,wiki
0,2.498768892911335,2.270942421748537,2.584262225315332,2.4193819456463714,0,0
