problem,access,navigate,page_close,video,discussion,wiki
0.6500224216483541,1.9017032636186308,1.4488156357251847,1.9219280948873623,1.0,0.0,0
