problem,access,navigate,page_close,video,discussion,wiki
0,2.207418619506455,1.8464393446710154,1.584962500721156,1.584962500721156,0,0
