problem,access,navigate,page_close,video,discussion,wiki
0.8112781244591328,2.401609497059028,3.1808329872054415,1.965596230357602,1.4056390622295665,0,0
