problem,access,navigate,page_close,video,discussion,wiki
1.8892464285091581,2.2578713360504605,2.4650694618158373,1.5301404544057031,1.0957952550009336,1.4591479170272448,0
