problem,access,navigate,page_close,video,discussion,wiki
1.4591479170272446,1.752664572199357,1.5566567074628228,1.903967813087766,1.0,0,0
