problem,access,navigate,page_close,video,discussion,wiki
1.584962500721156,2.0300985114819134,2.3522170014624826,2.071111001423678,1.8464393446710154,0.9910760598382222,0.9182958340544896
