problem,access,navigate,page_close,video,discussion,wiki
2.804687094819108,2.5095239594751635,2.7216227854342443,2.807354922057604,0,1.9817789744377787,0.0
