problem,access,navigate,page_close,video,discussion,wiki
2.5039975273348487,3.6316602406101492,3.0882802196451835,2.4464393446710155,2.2516291673878226,1.5219280948873621,1.584962500721156
