problem,access,navigate,page_close,video,discussion,wiki
2.2689832251722186,3.012978540678084,2.064042639445697,3.1412379598267526,3.1902386511068723,0.0,0.0
