problem,access,navigate,page_close,video,discussion,wiki
0.0,3.224024259326456,2.807354922057604,3.3898191426459237,3.049452072789394,0,0
