problem,access,navigate,page_close,video,discussion,wiki
1.334599425999111,3.029136834312515,2.214812224859865,1.5,2.0,0.8314743880097293,1.8919954870390203
