problem,access,navigate,page_close,video,discussion,wiki
2.504017632824543,3.6092994774795653,3.0773238024297194,3.157607821138954,2.811111256717454,2.2641386032118294,1.0
