problem,access,navigate,page_close,video,discussion,wiki
1.224394445405986,3.3655405505349583,2.8731406795131336,3.3452716762274033,2.7944684148604475,0,0
