problem,access,navigate,page_close,video,discussion,wiki
2.5304930567574826,3.913013829545252,3.3308381614319846,3.6850987769659747,3.381620107948735,1.014097655573916,0.0
