problem,access,navigate,page_close,video,discussion,wiki
1.3987153592677852,2.1836670779209113,0.0,1.0,2.251629167387823,0,0
