problem,access,navigate,page_close,video,discussion,wiki
0,1.2448406699719212,1.9609640474436814,0.0,0.0,0.37123232664087563,0.863120568566631
