problem,access,navigate,page_close,video,discussion,wiki
0.9182958340544896,0.9402859586706311,1.2419460322060458,0.0,0,0.0,0.9182958340544896
