problem,access,navigate,page_close,video,discussion,wiki
0,1.6854752972273346,1.4182958340544896,1.75,0.9182958340544896,1.3709505944546687,0.0
