problem,access,navigate,page_close,video,discussion,wiki
0,1.5545851693377997,1.584962500721156,1.8423709931771084,1.7924812503605778,0,0
