problem,access,navigate,page_close,video,discussion,wiki
2.9913708374641415,3.349002888606575,2.9959065984842455,2.995777045998101,2.6895805715782166,2.2562438445844766,0.0
