problem,access,navigate,page_close,video,discussion,wiki
0.0,2.5049178586611065,2.0694285316579797,2.9638096525384383,2.555913095175825,1.988581765972752,1.5
