problem,access,navigate,page_close,video,discussion,wiki
1.5294283316328894,2.3882356581699424,2.4588718484453604,2.338020961225611,2.4130884364257574,1.6107537435883441,1.0
