problem,access,navigate,page_close,video,discussion,wiki
1.0,3.368929765173678,3.4273334938982645,3.278819440094053,3.0536096717263708,0.8112781244591328,0
