problem,access,navigate,page_close,video,discussion,wiki
0.0,1.0408520829727552,1.5,1.4466166676282082,0.8112781244591328,0.0,0
