problem,access,navigate,page_close,video,discussion,wiki
0.0,1.681803524959381,1.6899461611103166,2.0728655871151584,2.418295834054489,0.9182958340544896,1.0
