problem,access,navigate,page_close,video,discussion,wiki
0.0,2.6074908561620043,2.4508459973898566,0.0,1.0,1.8924071185928766,1.584962500721156
