problem,access,navigate,page_close,video,discussion,wiki
0.8739810481273578,2.732878689342031,1.5219280948873621,2.7199643047423914,2.5941178916311856,0,0
