problem,access,navigate,page_close,video,discussion,wiki
0.8112781244591328,2.1439311799614913,2.133937566094917,2.5256733260273823,2.41379956460568,0.9182958340544896,0.0
