problem,access,navigate,page_close,video,discussion,wiki
1.4591479170272446,2.2384959654169796,1.7527152789797045,2.048680608917954,0.0,0.6500224216483541,0.0
