problem,access,navigate,page_close,video,discussion,wiki
0,1.936278124459133,1.3516441151533922,1.8423709931771084,0.9182958340544896,0,0.0
