problem,access,navigate,page_close,video,discussion,wiki
1.8067313687857833,1.8766140455780977,2.3993974703476995,1.5103893948045581,1.3294340029249652,0.0,0
