problem,access,navigate,page_close,video,discussion,wiki
0.5349547231656377,3.451940114374236,2.777743789522205,3.6960819003170866,3.541160137972703,1.2069147065402306,1.3709505944546687
