problem,access,navigate,page_close,video,discussion,wiki
1.7527152789797045,3.9646956251663625,3.418147780426906,3.327484781955842,3.2359263506290326,2.0781758650865774,1.9219280948873623
