problem,access,navigate,page_close,video,discussion,wiki
0.8812908992306927,2.5265066018003792,1.5487949406953985,1.5709505944546684,0.9910760598382222,0.0,0.0
