problem,access,navigate,page_close,video,discussion,wiki
2.0275568044375447,2.354177613944336,2.609850166028943,2.3910826557953984,1.990825863194365,0.0,0.0
