problem,access,navigate,page_close,video,discussion,wiki
1.0,1.7161182137782958,0.9055872616982603,2.0729055953200564,0,0,0.0
