problem,access,navigate,page_close,video,discussion,wiki
0,2.739353872167201,0.0,2.584962500721156,2.6416041678685933,0,0
