problem,access,navigate,page_close,video,discussion,wiki
1.53012496531497,2.4058093371262066,1.2987949406953985,1.0,0.0,0.0,0
