problem,access,navigate,page_close,video,discussion,wiki
0,0.9940302114769565,1.4618381992568745,0.0,0.0,1.2896085583481507,0.41381685030363374
