problem,access,navigate,page_close,video,discussion,wiki
0.0,2.259846209267468,1.7527152789797045,2.3598063039211006,2.197159723424149,0.0,0
