problem,access,navigate,page_close,video,discussion,wiki
0.0,1.8192407046368488,2.199687794731328,1.9877733714879842,1.3787834934861753,0.0,0.0
