problem,access,navigate,page_close,video,discussion,wiki
1.0,2.1042929895909244,1.2987949406953985,2.188721875540867,0.9182958340544896,0.0,0
