problem,access,navigate,page_close,video,discussion,wiki
2.253650601212831,3.354675700357586,2.7192945256669794,3.385277459458363,2.3718956694089637,1.6258145836939115,0.0
