problem,access,navigate,page_close,video,discussion,wiki
0,3.4811315289318543,3.0,3.657289952363989,3.3519530742463757,0,0
