problem,access,navigate,page_close,video,discussion,wiki
1.5656531116458186,1.9546859469463558,1.3787834934861753,0,0,0.0,0.0
