problem,access,navigate,page_close,video,discussion,wiki
1.2677702161044204,2.43012332660786,2.584962500721156,2.577819531114783,1.7735572622751856,0,0
