problem,access,navigate,page_close,video,discussion,wiki
0,1.7464657985040721,2.4575940664411084,1.789929075309999,1.4315602842833155,1.584962500721156,1.584962500721156
