problem,access,navigate,page_close,video,discussion,wiki
0.0,3.124518654958899,2.8716535224393334,1.9219280948873623,2.321928094887362,0,0
