problem,access,navigate,page_close,video,discussion,wiki
0,2.3721916797093936,1.9877733714879842,2.4385691294036405,2.466052868455254,0,0
