problem,access,navigate,page_close,video,discussion,wiki
3.153571738477581,3.993386840019806,4.0667842134731025,3.725160983119634,3.2536606896881852,2.6679714384998134,0.0
