problem,access,navigate,page_close,video,discussion,wiki
0.0,2.1684656711105887,2.058813890331201,1.8423709931771084,1.836591668108979,0,0
