problem,access,navigate,page_close,video,discussion,wiki
1.5478976275004668,2.8150035230299792,2.0464393446710156,2.8193172912590114,3.001205059304602,0.8112781244591328,0
