problem,access,navigate,page_close,video,discussion,wiki
1.432901126956553,3.5896837396760506,3.322005852969633,3.886525208044576,3.824252831282987,3.3148541920359493,0.9182958340544896
