problem,access,navigate,page_close,video,discussion,wiki
0.9182958340544896,2.783588005712163,2.4956029237290123,3.1002885002963083,2.75,0,0
