problem,access,navigate,page_close,video,discussion,wiki
0.0,3.561985966736035,3.303465189601647,3.7580753242271774,3.604031754555149,0,0.0
