problem,access,navigate,page_close,video,discussion,wiki
2.1610072790013106,3.7063341529500056,3.9538130814673087,2.3399233604012175,2.521640636343318,1.4056390622295665,1.584962500721156
