problem,access,navigate,page_close,video,discussion,wiki
0.0,3.7875362712963487,2.9852281360342516,3.855388542207534,2.4464393446710155,2.689246428509158,0
