problem,access,navigate,page_close,video,discussion,wiki
2.3399554830541516,4.030753852477226,3.916126946588284,2.6464393446710157,3.6423714487439023,2.99894621977465,0
