problem,access,navigate,page_close,video,discussion,wiki
2.007450114482578,2.5055993219352466,2.538688570451097,2.4308320512240846,2.1709666395412928,0,0
