problem,access,navigate,page_close,video,discussion,wiki
2.260992390087111,3.7194993065201563,3.6685587652592817,3.6730675802817925,3.1097541684195997,2.6286548388782887,0
