problem,access,navigate,page_close,video,discussion,wiki
1.8566532127809316,3.8471702920906536,1.811278124459133,3.7826932604441077,3.3106832318428734,0.0,0
