problem,access,navigate,page_close,video,discussion,wiki
1.5731108167694583,2.4938211222499884,2.3598063039211,2.526562127938021,1.1401156785146092,1.0,0.0
