problem,access,navigate,page_close,video,discussion,wiki
1.5803369961443985,3.6944917197348675,3.6363982332107976,3.572165705015603,3.4239609385107785,1.8751310486364097,1.8423709931771084
