problem,access,navigate,page_close,video,discussion,wiki
1.8473623250611313,3.0569793101633955,3.309685696912064,2.982334543043674,1.584962500721156,2.8095656204392756,0.0
