problem,access,navigate,page_close,video,discussion,wiki
0.0,1.4495291103776626,1.7273966735744792,1.5683182557028439,1.3787834934861756,0.0,0.0
