problem,access,navigate,page_close,video,discussion,wiki
2.3644312877800133,2.7111313664605596,2.7505155442393208,2.065689969525019,2.4225797618424916,2.7268808298722322,1.584962500721156
