problem,access,navigate,page_close,video,discussion,wiki
0,1.9894369902067064,1.5219280948873621,2.383593219149464,1.0,1.7458272644543356,0
