problem,access,navigate,page_close,video,discussion,wiki
0.9917601481809734,2.202819531114783,2.1800365325772657,1.9386245385594778,1.7640976555739163,0.5916727785823275,0.0
