problem,access,navigate,page_close,video,discussion,wiki
1.3534485046116533,3.6372409124521585,3.4138338639736006,2.5032583347756456,2.2516291673878226,0.0,0.0
