problem,access,navigate,page_close,video,discussion,wiki
0.0,2.320423374953668,1.8464393446710154,1.6644977792004612,2.4116022179746714,0.9182958340544896,0
