problem,access,navigate,page_close,video,discussion,wiki
1.4892537547108733,2.0548984704854902,2.2140333517732076,1.2309595631140104,0.9182958340544896,1.456149137877256,1.2285763800288914
