problem,access,navigate,page_close,video,discussion,wiki
0.9709505944546686,3.5263039714678293,2.4996981431844145,3.653756708287001,2.8453509366224368,0.0,0
