problem,access,navigate,page_close,video,discussion,wiki
2.535709665282943,3.3321401353634417,2.793345194191516,3.512688012941411,3.1451144356937126,1.2516291673878228,0.0
