problem,access,navigate,page_close,video,discussion,wiki
0.0,1.792481250360578,1.7924812503605778,2.0464393446710156,1.8423709931771084,0,0
