problem,access,navigate,page_close,video,discussion,wiki
3.05370033222137,3.4474242686360452,3.3307095825937485,2.8258459340407502,2.4956029237290123,1.198183947911799,0.4689955935892812
