problem,access,navigate,page_close,video,discussion,wiki
3.4177480644071707,4.293746134579202,4.0495787774674685,4.384614194215695,4.080804258178621,3.3423877849880474,2.0758692966977272
