problem,access,navigate,page_close,video,discussion,wiki
0.8997437586982626,0.9895875212220557,1.5,1.360964047443681,0,0.0,0
