problem,access,navigate,page_close,video,discussion,wiki
0,2.062683189255492,2.0985798617120746,2.3158243335257076,1.0,2.8885172028937363,1.792481250360578
