problem,access,navigate,page_close,video,discussion,wiki
0.0,1.6874548350088159,1.570950594454669,1.8464393446710154,0,0,0.0
