problem,access,navigate,page_close,video,discussion,wiki
1.5683182557028439,2.7564919821547655,3.100911710933712,2.781984511178708,2.071179362845803,0.9182958340544896,1.3709505944546687
