problem,access,navigate,page_close,video,discussion,wiki
1.8464393446710154,2.3787753681456,1.9609640474436814,2.1836670779209113,2.2295739585136225,0.0,0.0
