problem,access,navigate,page_close,video,discussion,wiki
0.0,1.784926908535473,1.9086126988727123,1.6978343465937675,1.4936606896881859,0.0,0.9182958340544896
