problem,access,navigate,page_close,video,discussion,wiki
1.9329931420869773,2.1492553971685,1.4591479170272446,2.295465679180292,2.197159723424149,0.8904916402194913,0.0
