problem,access,navigate,page_close,video,discussion,wiki
0,3.8986813615864073,2.8920795639257113,3.704302931775617,2.1556390622295662,2.4569772926248614,1.0
