problem,access,navigate,page_close,video,discussion,wiki
0.0,0.9819407868640977,0.0,1.3516441151533922,1.1488348542809166,0,0
