problem,access,navigate,page_close,video,discussion,wiki
1.038106747375295,3.1084293794846496,2.5480070239146446,3.05476406399831,3.0681819469841796,2.1382689280764646,1.5219280948873621
