problem,access,navigate,page_close,video,discussion,wiki
0.0,1.8464393446710154,1.2987949406953985,1.7924812503605778,1.5,0.0,0.0
