problem,access,navigate,page_close,video,discussion,wiki
0.9182958340544896,1.7169171866886992,0.0,1.3250112108241772,1.360964047443681,0,0
