problem,access,navigate,page_close,video,discussion,wiki
1.5333966306896163,3.0705890541382375,1.9942994759573032,3.0590686100890583,2.671259013490034,0,0.0
