problem,access,navigate,page_close,video,discussion,wiki
2.978311996737691,3.080517924275218,2.263809173883546,3.1553922639475878,2.7283501251178386,2.6902675703607017,0
