problem,access,navigate,page_close,video,discussion,wiki
0.8112781244591328,1.654648334118502,1.3787834934861756,1.2987949406953985,1.4195562985716133,0,0
