problem,access,navigate,page_close,video,discussion,wiki
1.8077635764171944,2.6086949695628423,1.584962500721156,1.0,0.0,0,0
