problem,access,navigate,page_close,video,discussion,wiki
2.4047933024618025,2.9683033079372745,2.25,3.041738427435948,3.005678590456677,0.0,0.9182958340544896
