problem,access,navigate,page_close,video,discussion,wiki
1.8496017527145812,1.9892936331613535,1.5628066316931741,2.161978179679554,1.721928094887362,0.9182958340544896,0.0
