problem,access,navigate,page_close,video,discussion,wiki
0.9182958340544896,2.6854688732402385,2.4193819456463714,2.8152023999804867,2.8150724101159437,0.9967916319816366,0
