problem,access,navigate,page_close,video,discussion,wiki
3.106890595608519,3.8921666623732163,3.854163288856661,3.965142250383774,3.957295873840569,0.8658566174572235,0
