problem,access,navigate,page_close,video,discussion,wiki
0.6840384356390417,1.2987949406953985,2.2810361125534238,1.3787834934861756,1.4591479170272448,0,0
