problem,access,navigate,page_close,video,discussion,wiki
1.7232314287976207,2.188060646580804,2.2312702546075758,0,1.4056390622295665,0.0,0.0
