problem,access,navigate,page_close,video,discussion,wiki
0.8739810481273578,1.913478803379695,1.7924812503605778,0,0,0.0,0
