problem,access,navigate,page_close,video,discussion,wiki
0.0,0.8904916402194913,0.8812908992306927,1.061278124459133,1.1488348542809166,0.0,0.0
