problem,access,navigate,page_close,video,discussion,wiki
0.9774178175281716,0.9798687566511528,1.224394445405986,0.9940302114769565,0.954434002924965,0.0,0.0
