problem,access,navigate,page_close,video,discussion,wiki
0.0,2.8103898895526758,2.5220552088742005,2.7744019192887706,2.25,0,0
