problem,access,navigate,page_close,video,discussion,wiki
0,1.7498677622562893,2.1055872616982603,1.9301249653149701,0.8112781244591328,0.0,0
