problem,access,navigate,page_close,video,discussion,wiki
2.2131886582727818,3.1791663779334507,2.8845381413930626,0.9182958340544896,0.0,2.5974745898909894,1.5
