problem,access,navigate,page_close,video,discussion,wiki
0.0,0.6962122601251458,1.2516291673878228,0.5032583347756457,0.6500224216483541,0.0,0
