problem,access,navigate,page_close,video,discussion,wiki
2.665428731993503,3.1699250014423126,3.012479890745558,3.087693889615063,2.7966138511441443,2.782978725880994,0.0
