problem,access,navigate,page_close,video,discussion,wiki
1.6644977792004614,3.2819618701549995,2.4410685859554375,3.324218084161687,2.7534343861887844,0.0,0.0
