problem,access,navigate,page_close,video,discussion,wiki
0.9182958340544896,0.8812908992306927,1.5566567074628228,1.158938532350277,1.224394445405986,0.0,0
