problem,access,navigate,page_close,video,discussion,wiki
1.3787834934861753,1.5996275363413568,1.4911148500551858,0.0,0,0,0
