problem,access,navigate,page_close,video,discussion,wiki
2.3345584154893637,3.097495548668671,3.0930692077718898,3.188610096798806,2.8451000659284964,1.9280640176739117,0.7219280948873623
