problem,access,navigate,page_close,video,discussion,wiki
0.0,1.4073420793296316,1.061278124459133,1.5417137728650303,1.8288713632524445,0.0,0
