problem,access,navigate,page_close,video,discussion,wiki
0,2.19848905221419,1.4056390622295665,2.3820139422512874,0,1.365810898502716,0.0
