problem,access,navigate,page_close,video,discussion,wiki
2.295357051617442,3.3208746968251246,2.3898980954642877,2.321928094887362,0,0.9596868937742169,0.0
