problem,access,navigate,page_close,video,discussion,wiki
0.8453509366224365,2.5932383178449396,1.75,2.950212064914747,1.8423709931771084,0,0
