problem,access,navigate,page_close,video,discussion,wiki
1.5709505944546684,1.922023142851573,0.863120568566631,1.9875168162362657,1.6804820237218405,0,0
