problem,access,navigate,page_close,video,discussion,wiki
1.9514737975237701,2.8323417864531777,2.9086949695628417,2.7781891533906222,2.5781557368570747,1.4056390622295665,0.0
