problem,access,navigate,page_close,video,discussion,wiki
0.954434002924965,1.8609603293568517,1.2957378005380122,0.8112781244591328,0.9182958340544896,0.0,0.0
