problem,access,navigate,page_close,video,discussion,wiki
0.9852281360342516,1.9918642483937374,1.5304930567574824,1.0,1.0,0.0,0.0
