problem,access,navigate,page_close,video,discussion,wiki
1.834831413155757,1.7005820084462417,1.6729330318733675,1.6858157091530304,0.0,0,0
