problem,access,navigate,page_close,video,discussion,wiki
1.7894957834244818,2.397004452643579,2.0,1.0,1.4488156357251847,1.4591479170272448,0
