problem,access,navigate,page_close,video,discussion,wiki
1.4294732983598406,1.676737030052133,1.5304930567574824,1.823067982273661,1.7527152789797045,0.0,0.0
