problem,access,navigate,page_close,video,discussion,wiki
0,1.6697367178034823,1.8423709931771084,1.584962500721156,1.0,0.0,0
