problem,access,navigate,page_close,video,discussion,wiki
0,2.774000707520356,2.321928094887362,2.3898980954642877,1.9709505944546686,1.4488156357251847,0
