problem,access,navigate,page_close,video,discussion,wiki
0,1.81294527625988,1.6577427265048887,1.4056390622295665,0.9182958340544896,0.0,0.0
