problem,access,navigate,page_close,video,discussion,wiki
0,2.90110050152766,2.452819531114783,3.09960445433752,3.0294068342469087,0.0,0
