problem,access,navigate,page_close,video,discussion,wiki
0,1.9772170014624826,1.2776134368191154,2.446439344671015,2.25,0.8453509366224365,0.0
