problem,access,navigate,page_close,video,discussion,wiki
0,2.1112090048501657,1.9056390622295665,2.01809878625526,1.8073549220576042,0,0
