problem,access,navigate,page_close,video,discussion,wiki
1.8045851693377997,2.452819531114783,0.9182958340544896,2.523231428797621,2.469670487371862,0,0
