problem,access,navigate,page_close,video,discussion,wiki
0.0,2.7193041502695228,2.0225797618424917,2.6774058114255177,2.5,0.0,0.0
