problem,access,navigate,page_close,video,discussion,wiki
0.0,1.2586632995971399,1.6258145836939115,1.3995812306460647,1.4591479170272448,1.360964047443681,1.0
